<?xml version="1.0" encoding="UTF-8"?><gpx creator="Wikiloc - http://www.wikiloc.com" version="1.1" xmlns="http://www.topografix.com/GPX/1/1" xmlns:xsi="http://www.w3.org/2001/XMLSchema-instance" xsi:schemaLocation="http://www.topografix.com/GPX/1/1 http://www.topografix.com/GPX/1/1/gpx.xsd"><metadata><name><![CDATA[Karageçit Trail 17 K parkur]]></name><author><name><![CDATA[dnzbirgul]]></name><link href="https://www.wikiloc.com/wikiloc/user.do?id=14870172"><text><![CDATA[dnzbirgul on Wikiloc]]></text></link></author><link href="https://www.wikiloc.com/wikiloc/view.do?id=217940113"><text><![CDATA[Karageçit Trail 17 K parkur on Wikiloc]]></text></link><time>2025-06-14T05:37:43Z</time></metadata><trk><name><![CDATA[Karageçit Trail 17 K parkur]]></name><cmt><![CDATA[Darıpınarı]]></cmt><desc><![CDATA[Darıpınarı]]></desc><trkseg><trkpt lat="37.1475" lon="34.742213"><ele>416.837</ele><time>2025-06-14T05:37:43Z</time></trkpt><trkpt lat="37.147519" lon="34.742276"><ele>406.049</ele><time>2025-06-14T05:37:47Z</time></trkpt><trkpt lat="37.147474" lon="34.742304999999995"><ele>395.213</ele><time>2025-06-14T05:37:51Z</time></trkpt><trkpt lat="37.147397000000005" lon="34.742284999999995"><ele>395.209</ele><time>2025-06-14T05:37:53Z</time></trkpt><trkpt lat="37.14731400000001" lon="34.74225799999999"><ele>395.245</ele><time>2025-06-14T05:37:55Z</time></trkpt><trkpt lat="37.14725700000001" lon="34.74223899999999"><ele>395.234</ele><time>2025-06-14T05:37:56Z</time></trkpt><trkpt lat="37.14718900000001" lon="34.74220999999999"><ele>395.380</ele><time>2025-06-14T05:37:57Z</time></trkpt><trkpt lat="37.14712500000001" lon="34.74217999999999"><ele>395.482</ele><time>2025-06-14T05:37:58Z</time></trkpt><trkpt lat="37.14705200000001" lon="34.74214999999999"><ele>395.577</ele><time>2025-06-14T05:37:59Z</time></trkpt><trkpt lat="37.14697700000001" lon="34.74211899999999"><ele>395.663</ele><time>2025-06-14T05:38:00Z</time></trkpt><trkpt lat="37.14689400000001" lon="34.742085999999986"><ele>395.864</ele><time>2025-06-14T05:38:01Z</time></trkpt><trkpt lat="37.14681300000001" lon="34.74205199999999"><ele>396.034</ele><time>2025-06-14T05:38:02Z</time></trkpt><trkpt lat="37.14673400000001" lon="34.74202399999999"><ele>396.286</ele><time>2025-06-14T05:38:03Z</time></trkpt><trkpt lat="37.14665200000001" lon="34.74198999999999"><ele>396.463</ele><time>2025-06-14T05:38:04Z</time></trkpt><trkpt lat="37.14657200000001" lon="34.74195799999999"><ele>396.644</ele><time>2025-06-14T05:38:05Z</time></trkpt><trkpt lat="37.146495000000016" lon="34.74192799999999"><ele>396.818</ele><time>2025-06-14T05:38:06Z</time></trkpt><trkpt lat="37.146417000000014" lon="34.74189399999999"><ele>397.009</ele><time>2025-06-14T05:38:07Z</time></trkpt><trkpt lat="37.146340000000016" lon="34.74186299999999"><ele>397.158</ele><time>2025-06-14T05:38:08Z</time></trkpt><trkpt lat="37.146267000000016" lon="34.74183799999999"><ele>397.377</ele><time>2025-06-14T05:38:09Z</time></trkpt><trkpt lat="37.14619800000001" lon="34.74181199999999"><ele>397.553</ele><time>2025-06-14T05:38:10Z</time></trkpt><trkpt lat="37.14613300000001" lon="34.741798999999986"><ele>397.875</ele><time>2025-06-14T05:38:11Z</time></trkpt><trkpt lat="37.14606100000001" lon="34.741787999999985"><ele>398.390</ele><time>2025-06-14T05:38:12Z</time></trkpt><trkpt lat="37.14598700000001" lon="34.74177799999998"><ele>398.976</ele><time>2025-06-14T05:38:13Z</time></trkpt><trkpt lat="37.145893000000015" lon="34.74176199999998"><ele>399.627</ele><time>2025-06-14T05:38:14Z</time></trkpt><trkpt lat="37.145811000000016" lon="34.74175699999998"><ele>400.047</ele><time>2025-06-14T05:38:15Z</time></trkpt><trkpt lat="37.14574000000002" lon="34.74177099999998"><ele>400.499</ele><time>2025-06-14T05:38:16Z</time></trkpt><trkpt lat="37.14566000000002" lon="34.74178699999998"><ele>401.119</ele><time>2025-06-14T05:38:17Z</time></trkpt><trkpt lat="37.14557900000002" lon="34.74180199999998"><ele>401.909</ele><time>2025-06-14T05:38:18Z</time></trkpt><trkpt lat="37.14550200000002" lon="34.741788999999976"><ele>402.719</ele><time>2025-06-14T05:38:19Z</time></trkpt><trkpt lat="37.14542600000002" lon="34.74179899999998"><ele>403.509</ele><time>2025-06-14T05:38:20Z</time></trkpt><trkpt lat="37.14535100000002" lon="34.74176799999998"><ele>404.363</ele><time>2025-06-14T05:38:21Z</time></trkpt><trkpt lat="37.145279000000016" lon="34.741726999999976"><ele>405.142</ele><time>2025-06-14T05:38:22Z</time></trkpt><trkpt lat="37.14520700000001" lon="34.741679999999974"><ele>405.958</ele><time>2025-06-14T05:38:23Z</time></trkpt><trkpt lat="37.14516800000001" lon="34.74158299999998"><ele>406.760</ele><time>2025-06-14T05:38:24Z</time></trkpt><trkpt lat="37.14516600000001" lon="34.74150399999998"><ele>407.555</ele><time>2025-06-14T05:38:25Z</time></trkpt><trkpt lat="37.14514200000001" lon="34.74140999999998"><ele>408.321</ele><time>2025-06-14T05:38:26Z</time></trkpt><trkpt lat="37.14518300000001" lon="34.74134799999998"><ele>409.142</ele><time>2025-06-14T05:38:27Z</time></trkpt><trkpt lat="37.14519700000001" lon="34.741250999999984"><ele>409.952</ele><time>2025-06-14T05:38:28Z</time></trkpt><trkpt lat="37.14521100000001" lon="34.741151999999985"><ele>410.764</ele><time>2025-06-14T05:38:29Z</time></trkpt><trkpt lat="37.14522700000001" lon="34.74104099999999"><ele>411.555</ele><time>2025-06-14T05:38:30Z</time></trkpt><trkpt lat="37.14524400000001" lon="34.74092199999999"><ele>411.907</ele><time>2025-06-14T05:38:31Z</time></trkpt><trkpt lat="37.14527500000001" lon="34.74080399999999"><ele>412.717</ele><time>2025-06-14T05:38:32Z</time></trkpt><trkpt lat="37.145299000000016" lon="34.74068199999999"><ele>413.509</ele><time>2025-06-14T05:38:33Z</time></trkpt><trkpt lat="37.145324000000016" lon="34.74054799999999"><ele>414.327</ele><time>2025-06-14T05:38:34Z</time></trkpt><trkpt lat="37.14532600000002" lon="34.74042499999999"><ele>415.276</ele><time>2025-06-14T05:38:35Z</time></trkpt><trkpt lat="37.14533200000002" lon="34.740301999999986"><ele>416.322</ele><time>2025-06-14T05:38:36Z</time></trkpt><trkpt lat="37.14533700000002" lon="34.740183999999985"><ele>417.414</ele><time>2025-06-14T05:38:37Z</time></trkpt><trkpt lat="37.14534600000002" lon="34.740071999999984"><ele>418.569</ele><time>2025-06-14T05:38:38Z</time></trkpt><trkpt lat="37.14538700000002" lon="34.73997999999998"><ele>419.085</ele><time>2025-06-14T05:38:39Z</time></trkpt><trkpt lat="37.14540900000002" lon="34.73987899999998"><ele>420.086</ele><time>2025-06-14T05:38:40Z</time></trkpt><trkpt lat="37.14549400000002" lon="34.739857999999984"><ele>420.966</ele><time>2025-06-14T05:38:41Z</time></trkpt><trkpt lat="37.14556200000002" lon="34.73980799999998"><ele>421.788</ele><time>2025-06-14T05:38:42Z</time></trkpt><trkpt lat="37.145628000000016" lon="34.739798999999984"><ele>422.489</ele><time>2025-06-14T05:38:43Z</time></trkpt><trkpt lat="37.14568900000002" lon="34.739879999999985"><ele>423.106</ele><time>2025-06-14T05:38:44Z</time></trkpt><trkpt lat="37.14575800000002" lon="34.73990399999999"><ele>423.826</ele><time>2025-06-14T05:38:45Z</time></trkpt><trkpt lat="37.145802000000025" lon="34.73997299999999"><ele>424.509</ele><time>2025-06-14T05:38:46Z</time></trkpt><trkpt lat="37.14585600000002" lon="34.740019999999994"><ele>424.960</ele><time>2025-06-14T05:38:47Z</time></trkpt><trkpt lat="37.14591800000002" lon="34.740072999999995"><ele>425.389</ele><time>2025-06-14T05:38:48Z</time></trkpt><trkpt lat="37.145985000000024" lon="34.74012"><ele>426.185</ele><time>2025-06-14T05:38:49Z</time></trkpt><trkpt lat="37.146044000000025" lon="34.740151999999995"><ele>427.017</ele><time>2025-06-14T05:38:50Z</time></trkpt><trkpt lat="37.14608500000003" lon="34.74017799999999"><ele>427.512</ele><time>2025-06-14T05:38:51Z</time></trkpt><trkpt lat="37.146111000000026" lon="34.740224999999995"><ele>428.598</ele><time>2025-06-14T05:39:38Z</time></trkpt><trkpt lat="37.146086000000025" lon="34.740171999999994"><ele>429.319</ele><time>2025-06-14T05:40:01Z</time></trkpt><trkpt lat="37.146103000000025" lon="34.74011699999999"><ele>430.069</ele><time>2025-06-14T05:40:12Z</time></trkpt><trkpt lat="37.146092000000024" lon="34.74017799999999"><ele>430.741</ele><time>2025-06-14T05:43:29Z</time></trkpt><trkpt lat="37.146052000000026" lon="34.74014999999999"><ele>430.719</ele><time>2025-06-14T05:43:36Z</time></trkpt><trkpt lat="37.14599800000003" lon="34.74014799999999"><ele>430.709</ele><time>2025-06-14T05:43:57Z</time></trkpt><trkpt lat="37.146035000000026" lon="34.74019299999999"><ele>430.619</ele><time>2025-06-14T05:44:13Z</time></trkpt><trkpt lat="37.14608500000003" lon="34.74018299999999"><ele>430.109</ele><time>2025-06-14T05:44:45Z</time></trkpt><trkpt lat="37.14613200000003" lon="34.740214999999985"><ele>429.793</ele><time>2025-06-14T05:44:49Z</time></trkpt><trkpt lat="37.14617000000003" lon="34.74025899999999"><ele>429.652</ele><time>2025-06-14T05:44:53Z</time></trkpt><trkpt lat="37.146214000000036" lon="34.740326999999986"><ele>429.398</ele><time>2025-06-14T05:44:57Z</time></trkpt><trkpt lat="37.14624600000003" lon="34.74036899999999"><ele>428.590</ele><time>2025-06-14T05:44:59Z</time></trkpt><trkpt lat="37.14628300000003" lon="34.740422999999986"><ele>427.515</ele><time>2025-06-14T05:45:02Z</time></trkpt><trkpt lat="37.14632200000003" lon="34.740464999999986"><ele>427.181</ele><time>2025-06-14T05:45:05Z</time></trkpt><trkpt lat="37.14636800000003" lon="34.74048099999999"><ele>426.362</ele><time>2025-06-14T05:45:07Z</time></trkpt><trkpt lat="37.14643000000003" lon="34.740467999999986"><ele>425.812</ele><time>2025-06-14T05:45:10Z</time></trkpt><trkpt lat="37.14647400000003" lon="34.740453999999986"><ele>425.274</ele><time>2025-06-14T05:45:12Z</time></trkpt><trkpt lat="37.146524000000035" lon="34.74042499999999"><ele>424.659</ele><time>2025-06-14T05:45:14Z</time></trkpt><trkpt lat="37.146563000000036" lon="34.74039599999999"><ele>423.803</ele><time>2025-06-14T05:45:16Z</time></trkpt><trkpt lat="37.14660200000004" lon="34.74035899999999"><ele>423.123</ele><time>2025-06-14T05:45:18Z</time></trkpt><trkpt lat="37.146645000000035" lon="34.74029999999999"><ele>422.409</ele><time>2025-06-14T05:45:21Z</time></trkpt><trkpt lat="37.14668000000003" lon="34.74024699999999"><ele>421.717</ele><time>2025-06-14T05:45:24Z</time></trkpt><trkpt lat="37.14672000000003" lon="34.74019699999999"><ele>420.826</ele><time>2025-06-14T05:45:28Z</time></trkpt><trkpt lat="37.14676600000003" lon="34.74017399999999"><ele>419.362</ele><time>2025-06-14T05:46:00Z</time></trkpt><trkpt lat="37.14681000000003" lon="34.74014399999999"><ele>417.794</ele><time>2025-06-14T05:46:06Z</time></trkpt><trkpt lat="37.14687300000003" lon="34.740129999999986"><ele>416.969</ele><time>2025-06-14T05:46:09Z</time></trkpt><trkpt lat="37.14692700000003" lon="34.740104999999986"><ele>415.565</ele><time>2025-06-14T05:46:11Z</time></trkpt><trkpt lat="37.146970000000024" lon="34.74007499999998"><ele>414.746</ele><time>2025-06-14T05:46:13Z</time></trkpt><trkpt lat="37.147035000000024" lon="34.74004199999998"><ele>414.456</ele><time>2025-06-14T05:46:16Z</time></trkpt><trkpt lat="37.147085000000025" lon="34.74001099999998"><ele>413.638</ele><time>2025-06-14T05:46:18Z</time></trkpt><trkpt lat="37.14713500000003" lon="34.73997299999998"><ele>412.197</ele><time>2025-06-14T05:46:20Z</time></trkpt><trkpt lat="37.147172000000026" lon="34.739934999999974"><ele>411.123</ele><time>2025-06-14T05:46:22Z</time></trkpt><trkpt lat="37.14722200000003" lon="34.739875999999974"><ele>410.225</ele><time>2025-06-14T05:46:24Z</time></trkpt><trkpt lat="37.14727000000003" lon="34.73980599999997"><ele>409.209</ele><time>2025-06-14T05:46:26Z</time></trkpt><trkpt lat="37.14730900000003" lon="34.73976999999997"><ele>408.381</ele><time>2025-06-14T05:46:28Z</time></trkpt><trkpt lat="37.14735100000003" lon="34.73971699999997"><ele>407.860</ele><time>2025-06-14T05:46:30Z</time></trkpt><trkpt lat="37.14739600000003" lon="34.73967599999997"><ele>407.026</ele><time>2025-06-14T05:46:32Z</time></trkpt><trkpt lat="37.14743800000003" lon="34.739625999999966"><ele>406.228</ele><time>2025-06-14T05:46:34Z</time></trkpt><trkpt lat="37.14746500000003" lon="34.73956799999996"><ele>405.663</ele><time>2025-06-14T05:46:36Z</time></trkpt><trkpt lat="37.14749400000003" lon="34.739507999999965"><ele>405.119</ele><time>2025-06-14T05:46:38Z</time></trkpt><trkpt lat="37.14752600000003" lon="34.73945799999996"><ele>404.730</ele><time>2025-06-14T05:46:40Z</time></trkpt><trkpt lat="37.14757300000003" lon="34.73940599999997"><ele>404.320</ele><time>2025-06-14T05:46:42Z</time></trkpt><trkpt lat="37.147594000000026" lon="34.739349999999966"><ele>403.922</ele><time>2025-06-14T05:46:44Z</time></trkpt><trkpt lat="37.14761500000002" lon="34.739285999999964"><ele>403.735</ele><time>2025-06-14T05:46:46Z</time></trkpt><trkpt lat="37.147642000000026" lon="34.739223999999965"><ele>403.386</ele><time>2025-06-14T05:46:48Z</time></trkpt><trkpt lat="37.147673000000026" lon="34.73917399999996"><ele>403.014</ele><time>2025-06-14T05:46:50Z</time></trkpt><trkpt lat="37.147716000000024" lon="34.73911599999996"><ele>402.809</ele><time>2025-06-14T05:46:52Z</time></trkpt><trkpt lat="37.14776700000002" lon="34.73906799999996"><ele>402.495</ele><time>2025-06-14T05:46:54Z</time></trkpt><trkpt lat="37.14781300000002" lon="34.73902999999996"><ele>402.224</ele><time>2025-06-14T05:46:56Z</time></trkpt><trkpt lat="37.14786600000002" lon="34.739024999999955"><ele>402.110</ele><time>2025-06-14T05:46:58Z</time></trkpt><trkpt lat="37.147910000000024" lon="34.73897599999996"><ele>402.092</ele><time>2025-06-14T05:47:00Z</time></trkpt><trkpt lat="37.14796200000002" lon="34.738906999999955"><ele>401.997</ele><time>2025-06-14T05:47:02Z</time></trkpt><trkpt lat="37.14799100000002" lon="34.73885999999995"><ele>401.683</ele><time>2025-06-14T05:47:04Z</time></trkpt><trkpt lat="37.14801300000002" lon="34.73880399999995"><ele>401.354</ele><time>2025-06-14T05:47:06Z</time></trkpt><trkpt lat="37.14802400000002" lon="34.738732999999954"><ele>401.124</ele><time>2025-06-14T05:47:08Z</time></trkpt><trkpt lat="37.14803000000002" lon="34.73864899999995"><ele>401.186</ele><time>2025-06-14T05:47:10Z</time></trkpt><trkpt lat="37.14803400000002" lon="34.73858999999995"><ele>401.193</ele><time>2025-06-14T05:47:13Z</time></trkpt><trkpt lat="37.148055000000014" lon="34.73853999999995"><ele>401.265</ele><time>2025-06-14T05:47:17Z</time></trkpt><trkpt lat="37.14807500000001" lon="34.738487999999954"><ele>401.421</ele><time>2025-06-14T05:47:21Z</time></trkpt><trkpt lat="37.14807600000001" lon="34.73842199999996"><ele>401.909</ele><time>2025-06-14T05:47:26Z</time></trkpt><trkpt lat="37.14811000000001" lon="34.73836299999996"><ele>402.441</ele><time>2025-06-14T05:47:33Z</time></trkpt><trkpt lat="37.14810100000001" lon="34.738292999999956"><ele>403.010</ele><time>2025-06-14T05:47:38Z</time></trkpt><trkpt lat="37.14810600000001" lon="34.738230999999956"><ele>404.036</ele><time>2025-06-14T05:47:42Z</time></trkpt><trkpt lat="37.148100000000014" lon="34.738163999999955"><ele>405.458</ele><time>2025-06-14T05:47:46Z</time></trkpt><trkpt lat="37.14809600000002" lon="34.73809999999995"><ele>406.483</ele><time>2025-06-14T05:47:51Z</time></trkpt><trkpt lat="37.148102000000016" lon="34.73803599999995"><ele>406.799</ele><time>2025-06-14T05:47:54Z</time></trkpt><trkpt lat="37.148088000000016" lon="34.73797399999995"><ele>407.520</ele><time>2025-06-14T05:47:58Z</time></trkpt><trkpt lat="37.14808700000002" lon="34.737913999999954"><ele>408.250</ele><time>2025-06-14T05:48:02Z</time></trkpt><trkpt lat="37.14809200000002" lon="34.73785799999995"><ele>408.722</ele><time>2025-06-14T05:48:06Z</time></trkpt><trkpt lat="37.14807500000002" lon="34.73779999999995"><ele>409.161</ele><time>2025-06-14T05:48:10Z</time></trkpt><trkpt lat="37.14806200000002" lon="34.73774199999995"><ele>409.121</ele><time>2025-06-14T05:48:15Z</time></trkpt><trkpt lat="37.14805100000002" lon="34.73768199999995"><ele>409.113</ele><time>2025-06-14T05:48:26Z</time></trkpt><trkpt lat="37.14805900000002" lon="34.73762499999995"><ele>408.909</ele><time>2025-06-14T05:48:30Z</time></trkpt><trkpt lat="37.14805800000002" lon="34.737564999999954"><ele>408.128</ele><time>2025-06-14T05:48:34Z</time></trkpt><trkpt lat="37.14805200000002" lon="34.737496999999955"><ele>407.367</ele><time>2025-06-14T05:48:38Z</time></trkpt><trkpt lat="37.14804000000002" lon="34.737431999999956"><ele>406.743</ele><time>2025-06-14T05:48:42Z</time></trkpt><trkpt lat="37.14804600000002" lon="34.73736599999996"><ele>405.915</ele><time>2025-06-14T05:48:45Z</time></trkpt><trkpt lat="37.14804700000002" lon="34.73730299999996"><ele>405.040</ele><time>2025-06-14T05:48:48Z</time></trkpt><trkpt lat="37.14802500000002" lon="34.73724499999996"><ele>404.276</ele><time>2025-06-14T05:48:50Z</time></trkpt><trkpt lat="37.147998000000015" lon="34.73717399999996"><ele>403.127</ele><time>2025-06-14T05:48:52Z</time></trkpt><trkpt lat="37.14795800000002" lon="34.73710499999996"><ele>402.887</ele><time>2025-06-14T05:48:55Z</time></trkpt><trkpt lat="37.147936000000016" lon="34.737029999999955"><ele>402.129</ele><time>2025-06-14T05:48:57Z</time></trkpt><trkpt lat="37.14792300000001" lon="34.736939999999954"><ele>401.051</ele><time>2025-06-14T05:49:00Z</time></trkpt><trkpt lat="37.14789900000001" lon="34.736874999999955"><ele>400.301</ele><time>2025-06-14T05:49:02Z</time></trkpt><trkpt lat="37.14787800000001" lon="34.736815999999955"><ele>399.311</ele><time>2025-06-14T05:49:04Z</time></trkpt><trkpt lat="37.14786200000001" lon="34.73675499999995"><ele>398.709</ele><time>2025-06-14T05:49:06Z</time></trkpt><trkpt lat="37.14785600000001" lon="34.73668199999995"><ele>397.917</ele><time>2025-06-14T05:49:08Z</time></trkpt><trkpt lat="37.14785600000001" lon="34.73661299999995"><ele>397.576</ele><time>2025-06-14T05:49:10Z</time></trkpt><trkpt lat="37.14787000000001" lon="34.73653999999995"><ele>396.662</ele><time>2025-06-14T05:49:13Z</time></trkpt><trkpt lat="37.14790100000001" lon="34.73647799999995"><ele>395.744</ele><time>2025-06-14T05:49:16Z</time></trkpt><trkpt lat="37.14793600000001" lon="34.73651399999995"><ele>394.369</ele><time>2025-06-14T05:49:33Z</time></trkpt><trkpt lat="37.14789600000001" lon="34.73648499999995"><ele>394.095</ele><time>2025-06-14T05:49:46Z</time></trkpt><trkpt lat="37.14787200000001" lon="34.73643099999995"><ele>393.646</ele><time>2025-06-14T05:49:50Z</time></trkpt><trkpt lat="37.147875000000006" lon="34.73636999999995"><ele>393.426</ele><time>2025-06-14T05:49:54Z</time></trkpt><trkpt lat="37.147918000000004" lon="34.73632899999995"><ele>393.418</ele><time>2025-06-14T05:50:00Z</time></trkpt><trkpt lat="37.14788300000001" lon="34.73639699999995"><ele>393.428</ele><time>2025-06-14T05:50:18Z</time></trkpt><trkpt lat="37.14784600000001" lon="34.73636299999995"><ele>393.589</ele><time>2025-06-14T05:50:28Z</time></trkpt><trkpt lat="37.147799000000006" lon="34.736363999999945"><ele>393.517</ele><time>2025-06-14T05:50:48Z</time></trkpt><trkpt lat="37.14779000000001" lon="34.736304999999945"><ele>393.609</ele><time>2025-06-14T05:51:08Z</time></trkpt><trkpt lat="37.14783800000001" lon="34.736287999999945"><ele>393.764</ele><time>2025-06-14T05:51:16Z</time></trkpt><trkpt lat="37.147853000000005" lon="34.73623299999994"><ele>393.783</ele><time>2025-06-14T05:51:20Z</time></trkpt><trkpt lat="37.14786300000001" lon="34.73617499999994"><ele>394.829</ele><time>2025-06-14T05:51:41Z</time></trkpt><trkpt lat="37.147839000000005" lon="34.73622499999994"><ele>396.921</ele><time>2025-06-14T05:52:20Z</time></trkpt><trkpt lat="37.14780400000001" lon="34.73626699999994"><ele>396.966</ele><time>2025-06-14T05:52:26Z</time></trkpt><trkpt lat="37.14782600000001" lon="34.73632699999994"><ele>396.962</ele><time>2025-06-14T05:52:28Z</time></trkpt><trkpt lat="37.14785700000001" lon="34.73637199999994"><ele>396.893</ele><time>2025-06-14T05:52:37Z</time></trkpt><trkpt lat="37.14780800000001" lon="34.73638799999994"><ele>395.053</ele><time>2025-06-14T05:53:16Z</time></trkpt><trkpt lat="37.147807000000014" lon="34.73632599999994"><ele>393.915</ele><time>2025-06-14T05:53:34Z</time></trkpt><trkpt lat="37.147821000000015" lon="34.736259999999945"><ele>393.963</ele><time>2025-06-14T05:53:50Z</time></trkpt><trkpt lat="37.147796000000014" lon="34.736208999999945"><ele>393.944</ele><time>2025-06-14T05:54:03Z</time></trkpt><trkpt lat="37.14779400000001" lon="34.736143999999946"><ele>395.418</ele><time>2025-06-14T05:54:18Z</time></trkpt><trkpt lat="37.14779500000001" lon="34.736084999999946"><ele>398.509</ele><time>2025-06-14T05:54:39Z</time></trkpt><trkpt lat="37.14777400000001" lon="34.73601999999995"><ele>400.178</ele><time>2025-06-14T05:54:42Z</time></trkpt><trkpt lat="37.14777200000001" lon="34.735946999999946"><ele>401.147</ele><time>2025-06-14T05:54:45Z</time></trkpt><trkpt lat="37.14780200000001" lon="34.73589899999995"><ele>401.873</ele><time>2025-06-14T05:54:56Z</time></trkpt><trkpt lat="37.14777200000001" lon="34.73595499999995"><ele>402.425</ele><time>2025-06-14T05:55:10Z</time></trkpt><trkpt lat="37.14775400000001" lon="34.73590099999995"><ele>403.780</ele><time>2025-06-14T05:55:23Z</time></trkpt><trkpt lat="37.14771600000001" lon="34.73585799999995"><ele>404.856</ele><time>2025-06-14T05:55:27Z</time></trkpt><trkpt lat="37.14766600000001" lon="34.73584099999995"><ele>405.267</ele><time>2025-06-14T05:56:12Z</time></trkpt><trkpt lat="37.14762600000001" lon="34.73581399999995"><ele>405.267</ele><time>2025-06-14T05:56:29Z</time></trkpt><trkpt lat="37.14758400000001" lon="34.73585799999995"><ele>405.649</ele><time>2025-06-14T05:57:33Z</time></trkpt><trkpt lat="37.14752200000001" lon="34.73586999999995"><ele>406.216</ele><time>2025-06-14T05:57:36Z</time></trkpt><trkpt lat="37.14747600000001" lon="34.73586999999995"><ele>406.576</ele><time>2025-06-14T05:57:39Z</time></trkpt><trkpt lat="37.14743500000001" lon="34.73583499999995"><ele>406.713</ele><time>2025-06-14T05:57:46Z</time></trkpt><trkpt lat="37.14743700000001" lon="34.73576599999995"><ele>407.209</ele><time>2025-06-14T05:57:53Z</time></trkpt><trkpt lat="37.14746300000001" lon="34.73571199999995"><ele>408.123</ele><time>2025-06-14T05:57:56Z</time></trkpt><trkpt lat="37.14748300000001" lon="34.73565599999995"><ele>409.362</ele><time>2025-06-14T05:57:58Z</time></trkpt><trkpt lat="37.14750800000001" lon="34.73559399999995"><ele>410.218</ele><time>2025-06-14T05:58:01Z</time></trkpt><trkpt lat="37.147526000000006" lon="34.73552599999995"><ele>410.650</ele><time>2025-06-14T05:58:04Z</time></trkpt><trkpt lat="37.14752300000001" lon="34.73546999999995"><ele>411.575</ele><time>2025-06-14T05:58:07Z</time></trkpt><trkpt lat="37.147518000000005" lon="34.73540799999995"><ele>412.731</ele><time>2025-06-14T05:58:11Z</time></trkpt><trkpt lat="37.147527000000004" lon="34.73534799999995"><ele>413.912</ele><time>2025-06-14T05:58:16Z</time></trkpt><trkpt lat="37.147519" lon="34.735287999999954"><ele>415.372</ele><time>2025-06-14T05:58:23Z</time></trkpt><trkpt lat="37.147516" lon="34.73522999999995"><ele>416.324</ele><time>2025-06-14T05:58:27Z</time></trkpt><trkpt lat="37.147525" lon="34.73517299999995"><ele>416.984</ele><time>2025-06-14T05:58:32Z</time></trkpt><trkpt lat="37.147504000000005" lon="34.735121999999954"><ele>417.607</ele><time>2025-06-14T05:58:37Z</time></trkpt><trkpt lat="37.14749200000001" lon="34.73506199999996"><ele>418.417</ele><time>2025-06-14T05:58:44Z</time></trkpt><trkpt lat="37.14749200000001" lon="34.735005999999956"><ele>419.209</ele><time>2025-06-14T05:58:56Z</time></trkpt><trkpt lat="37.14745500000001" lon="34.73496599999996"><ele>420.170</ele><time>2025-06-14T05:59:07Z</time></trkpt><trkpt lat="37.14741600000001" lon="34.73492899999996"><ele>421.479</ele><time>2025-06-14T05:59:14Z</time></trkpt><trkpt lat="37.147375000000004" lon="34.73489599999996"><ele>422.365</ele><time>2025-06-14T05:59:19Z</time></trkpt><trkpt lat="37.147363000000006" lon="34.73484099999995"><ele>423.297</ele><time>2025-06-14T05:59:23Z</time></trkpt><trkpt lat="37.147335000000005" lon="34.73478899999996"><ele>424.362</ele><time>2025-06-14T05:59:29Z</time></trkpt><trkpt lat="37.147291" lon="34.73476599999996"><ele>424.918</ele><time>2025-06-14T05:59:34Z</time></trkpt><trkpt lat="37.147253" lon="34.73472899999996"><ele>425.859</ele><time>2025-06-14T05:59:39Z</time></trkpt><trkpt lat="37.147206" lon="34.73468299999996"><ele>426.899</ele><time>2025-06-14T06:00:04Z</time></trkpt><trkpt lat="37.147194999999996" lon="34.734619999999964"><ele>427.561</ele><time>2025-06-14T06:00:09Z</time></trkpt><trkpt lat="37.147178999999994" lon="34.73455699999997"><ele>428.316</ele><time>2025-06-14T06:00:15Z</time></trkpt><trkpt lat="37.147189999999995" lon="34.73448899999997"><ele>428.876</ele><time>2025-06-14T06:00:20Z</time></trkpt><trkpt lat="37.147189" lon="34.73442599999997"><ele>430.113</ele><time>2025-06-14T06:00:25Z</time></trkpt><trkpt lat="37.147186" lon="34.73433899999997"><ele>431.409</ele><time>2025-06-14T06:00:31Z</time></trkpt><trkpt lat="37.147194" lon="34.73427699999997"><ele>432.583</ele><time>2025-06-14T06:00:36Z</time></trkpt><trkpt lat="37.147149999999996" lon="34.73425299999997"><ele>434.152</ele><time>2025-06-14T06:00:39Z</time></trkpt><trkpt lat="37.147113" lon="34.73421599999997"><ele>434.548</ele><time>2025-06-14T06:00:45Z</time></trkpt><trkpt lat="37.147062999999996" lon="34.73419599999997"><ele>435.010</ele><time>2025-06-14T06:00:53Z</time></trkpt><trkpt lat="37.147000999999996" lon="34.73417899999997"><ele>435.435</ele><time>2025-06-14T06:00:58Z</time></trkpt><trkpt lat="37.146952" lon="34.734165999999966"><ele>436.091</ele><time>2025-06-14T06:01:02Z</time></trkpt><trkpt lat="37.146909" lon="34.73414199999996"><ele>436.882</ele><time>2025-06-14T06:01:06Z</time></trkpt><trkpt lat="37.146855" lon="34.734129999999965"><ele>437.832</ele><time>2025-06-14T06:01:10Z</time></trkpt><trkpt lat="37.146805" lon="34.73411799999997"><ele>438.774</ele><time>2025-06-14T06:01:14Z</time></trkpt><trkpt lat="37.146761" lon="34.73410099999997"><ele>439.449</ele><time>2025-06-14T06:01:17Z</time></trkpt><trkpt lat="37.146708" lon="34.734092999999966"><ele>439.902</ele><time>2025-06-14T06:01:24Z</time></trkpt><trkpt lat="37.146665" lon="34.734064999999966"><ele>440.222</ele><time>2025-06-14T06:01:28Z</time></trkpt><trkpt lat="37.146692" lon="34.734000999999964"><ele>440.309</ele><time>2025-06-14T06:02:04Z</time></trkpt><trkpt lat="37.146729" lon="34.73396199999996"><ele>440.376</ele><time>2025-06-14T06:02:20Z</time></trkpt><trkpt lat="37.146765" lon="34.73392599999996"><ele>440.375</ele><time>2025-06-14T06:02:23Z</time></trkpt><trkpt lat="37.146815000000004" lon="34.73384999999996"><ele>439.331</ele><time>2025-06-14T06:02:25Z</time></trkpt><trkpt lat="37.146855" lon="34.73378899999996"><ele>439.253</ele><time>2025-06-14T06:02:27Z</time></trkpt><trkpt lat="37.146896000000005" lon="34.733719999999956"><ele>438.938</ele><time>2025-06-14T06:02:29Z</time></trkpt><trkpt lat="37.146925" lon="34.73365199999996"><ele>437.944</ele><time>2025-06-14T06:02:31Z</time></trkpt><trkpt lat="37.146944000000005" lon="34.73359499999996"><ele>437.585</ele><time>2025-06-14T06:02:36Z</time></trkpt><trkpt lat="37.14698200000001" lon="34.733536999999956"><ele>436.615</ele><time>2025-06-14T06:02:40Z</time></trkpt><trkpt lat="37.14703000000001" lon="34.733494999999955"><ele>435.267</ele><time>2025-06-14T06:02:42Z</time></trkpt><trkpt lat="37.14707500000001" lon="34.73346799999995"><ele>434.994</ele><time>2025-06-14T06:02:44Z</time></trkpt><trkpt lat="37.14713300000001" lon="34.73344299999995"><ele>434.957</ele><time>2025-06-14T06:02:46Z</time></trkpt><trkpt lat="37.14718900000001" lon="34.73341799999995"><ele>434.922</ele><time>2025-06-14T06:02:48Z</time></trkpt><trkpt lat="37.147236000000014" lon="34.73340499999995"><ele>435.209</ele><time>2025-06-14T06:02:50Z</time></trkpt><trkpt lat="37.14729000000001" lon="34.73338399999995"><ele>435.451</ele><time>2025-06-14T06:02:52Z</time></trkpt><trkpt lat="37.14733500000001" lon="34.73335299999995"><ele>435.890</ele><time>2025-06-14T06:02:54Z</time></trkpt><trkpt lat="37.14739200000001" lon="34.73333899999995"><ele>436.016</ele><time>2025-06-14T06:02:56Z</time></trkpt><trkpt lat="37.14745100000001" lon="34.73332699999995"><ele>436.078</ele><time>2025-06-14T06:02:58Z</time></trkpt><trkpt lat="37.14750800000001" lon="34.733311999999955"><ele>436.063</ele><time>2025-06-14T06:03:00Z</time></trkpt><trkpt lat="37.147557000000006" lon="34.733277999999956"><ele>435.549</ele><time>2025-06-14T06:03:02Z</time></trkpt><trkpt lat="37.14759300000001" lon="34.73322399999996"><ele>434.830</ele><time>2025-06-14T06:03:04Z</time></trkpt><trkpt lat="37.147625000000005" lon="34.733173999999956"><ele>434.070</ele><time>2025-06-14T06:03:06Z</time></trkpt><trkpt lat="37.147665" lon="34.73311599999995"><ele>433.782</ele><time>2025-06-14T06:03:08Z</time></trkpt><trkpt lat="37.147708" lon="34.73305199999995"><ele>433.197</ele><time>2025-06-14T06:03:10Z</time></trkpt><trkpt lat="37.147739" lon="34.73299199999995"><ele>432.423</ele><time>2025-06-14T06:03:12Z</time></trkpt><trkpt lat="37.147771" lon="34.732928999999956"><ele>431.725</ele><time>2025-06-14T06:03:14Z</time></trkpt><trkpt lat="37.147793" lon="34.732872999999955"><ele>431.109</ele><time>2025-06-14T06:03:16Z</time></trkpt><trkpt lat="37.147802" lon="34.732799999999955"><ele>430.791</ele><time>2025-06-14T06:03:18Z</time></trkpt><trkpt lat="37.147808999999995" lon="34.73273999999996"><ele>430.420</ele><time>2025-06-14T06:03:20Z</time></trkpt><trkpt lat="37.14782399999999" lon="34.73267999999996"><ele>430.226</ele><time>2025-06-14T06:03:22Z</time></trkpt><trkpt lat="37.147836999999996" lon="34.73259999999996"><ele>429.818</ele><time>2025-06-14T06:03:24Z</time></trkpt><trkpt lat="37.14785799999999" lon="34.73253899999996"><ele>429.253</ele><time>2025-06-14T06:03:26Z</time></trkpt><trkpt lat="37.147884999999995" lon="34.73246299999996"><ele>428.449</ele><time>2025-06-14T06:03:28Z</time></trkpt><trkpt lat="37.147907999999994" lon="34.73239699999996"><ele>427.470</ele><time>2025-06-14T06:03:30Z</time></trkpt><trkpt lat="37.14794199999999" lon="34.73233899999996"><ele>426.420</ele><time>2025-06-14T06:03:32Z</time></trkpt><trkpt lat="37.147974999999995" lon="34.73227599999996"><ele>425.422</ele><time>2025-06-14T06:03:34Z</time></trkpt><trkpt lat="37.14802099999999" lon="34.73219299999997"><ele>424.413</ele><time>2025-06-14T06:03:37Z</time></trkpt><trkpt lat="37.14805299999999" lon="34.73214399999997"><ele>423.543</ele><time>2025-06-14T06:03:39Z</time></trkpt><trkpt lat="37.14808899999999" lon="34.73208099999997"><ele>422.807</ele><time>2025-06-14T06:03:41Z</time></trkpt><trkpt lat="37.148121999999994" lon="34.732026999999974"><ele>422.109</ele><time>2025-06-14T06:03:43Z</time></trkpt><trkpt lat="37.14816" lon="34.73197499999998"><ele>421.383</ele><time>2025-06-14T06:03:45Z</time></trkpt><trkpt lat="37.148210999999996" lon="34.731919999999974"><ele>420.412</ele><time>2025-06-14T06:03:47Z</time></trkpt><trkpt lat="37.148272999999996" lon="34.73187799999997"><ele>419.548</ele><time>2025-06-14T06:03:49Z</time></trkpt><trkpt lat="37.14832499999999" lon="34.731831999999976"><ele>418.650</ele><time>2025-06-14T06:03:51Z</time></trkpt><trkpt lat="37.14836799999999" lon="34.731783999999976"><ele>417.595</ele><time>2025-06-14T06:03:53Z</time></trkpt><trkpt lat="37.14840399999999" lon="34.73172099999998"><ele>417.051</ele><time>2025-06-14T06:03:55Z</time></trkpt><trkpt lat="37.148444999999995" lon="34.73165699999998"><ele>415.992</ele><time>2025-06-14T06:03:57Z</time></trkpt><trkpt lat="37.148481999999994" lon="34.73158899999998"><ele>415.062</ele><time>2025-06-14T06:03:59Z</time></trkpt><trkpt lat="37.14852799999999" lon="34.73153699999998"><ele>414.364</ele><time>2025-06-14T06:04:01Z</time></trkpt><trkpt lat="37.148574999999994" lon="34.731476999999984"><ele>413.878</ele><time>2025-06-14T06:04:03Z</time></trkpt><trkpt lat="37.148627999999995" lon="34.73145199999998"><ele>413.633</ele><time>2025-06-14T06:04:05Z</time></trkpt><trkpt lat="37.14867699999999" lon="34.731417999999984"><ele>413.626</ele><time>2025-06-14T06:04:07Z</time></trkpt><trkpt lat="37.14874499999999" lon="34.73139299999998"><ele>413.509</ele><time>2025-06-14T06:04:09Z</time></trkpt><trkpt lat="37.148785999999994" lon="34.731326999999986"><ele>413.389</ele><time>2025-06-14T06:04:11Z</time></trkpt><trkpt lat="37.14883999999999" lon="34.731245999999985"><ele>412.328</ele><time>2025-06-14T06:04:13Z</time></trkpt><trkpt lat="37.14888499999999" lon="34.73120199999998"><ele>411.644</ele><time>2025-06-14T06:04:15Z</time></trkpt><trkpt lat="37.14892199999999" lon="34.73115199999998"><ele>411.326</ele><time>2025-06-14T06:04:17Z</time></trkpt><trkpt lat="37.14896399999999" lon="34.73109799999998"><ele>410.931</ele><time>2025-06-14T06:04:19Z</time></trkpt><trkpt lat="37.14898999999999" lon="34.73104299999998"><ele>410.657</ele><time>2025-06-14T06:04:21Z</time></trkpt><trkpt lat="37.149013999999994" lon="34.730987999999975"><ele>410.348</ele><time>2025-06-14T06:04:23Z</time></trkpt><trkpt lat="37.14901799999999" lon="34.730922999999976"><ele>410.338</ele><time>2025-06-14T06:04:25Z</time></trkpt><trkpt lat="37.14901299999999" lon="34.73085699999998"><ele>410.320</ele><time>2025-06-14T06:04:27Z</time></trkpt><trkpt lat="37.14901199999999" lon="34.73080099999998"><ele>410.359</ele><time>2025-06-14T06:04:29Z</time></trkpt><trkpt lat="37.14899899999999" lon="34.73071599999998"><ele>410.403</ele><time>2025-06-14T06:04:32Z</time></trkpt><trkpt lat="37.149005999999986" lon="34.73063399999998"><ele>411.123</ele><time>2025-06-14T06:04:35Z</time></trkpt><trkpt lat="37.14901299999998" lon="34.73057499999998"><ele>412.309</ele><time>2025-06-14T06:04:37Z</time></trkpt><trkpt lat="37.14902799999998" lon="34.73051899999998"><ele>413.277</ele><time>2025-06-14T06:04:39Z</time></trkpt><trkpt lat="37.14905099999998" lon="34.730449999999976"><ele>413.966</ele><time>2025-06-14T06:04:42Z</time></trkpt><trkpt lat="37.14908499999998" lon="34.73038999999998"><ele>414.342</ele><time>2025-06-14T06:04:45Z</time></trkpt><trkpt lat="37.14913599999998" lon="34.730342999999976"><ele>415.374</ele><time>2025-06-14T06:04:48Z</time></trkpt><trkpt lat="37.14919199999998" lon="34.730317999999976"><ele>416.179</ele><time>2025-06-14T06:04:51Z</time></trkpt><trkpt lat="37.149243999999975" lon="34.73031699999998"><ele>416.615</ele><time>2025-06-14T06:04:53Z</time></trkpt><trkpt lat="37.14929099999998" lon="34.73034099999998"><ele>416.626</ele><time>2025-06-14T06:04:55Z</time></trkpt><trkpt lat="37.149338999999976" lon="34.73036899999998"><ele>416.686</ele><time>2025-06-14T06:04:57Z</time></trkpt><trkpt lat="37.149389999999975" lon="34.73039399999998"><ele>416.648</ele><time>2025-06-14T06:04:59Z</time></trkpt><trkpt lat="37.149437999999975" lon="34.73040299999998"><ele>416.489</ele><time>2025-06-14T06:05:01Z</time></trkpt><trkpt lat="37.14949599999998" lon="34.73041099999998"><ele>415.906</ele><time>2025-06-14T06:05:03Z</time></trkpt><trkpt lat="37.14956499999998" lon="34.73041799999998"><ele>414.726</ele><time>2025-06-14T06:05:05Z</time></trkpt><trkpt lat="37.14962399999998" lon="34.73038499999998"><ele>413.709</ele><time>2025-06-14T06:05:07Z</time></trkpt><trkpt lat="37.14968399999998" lon="34.730357999999974"><ele>412.850</ele><time>2025-06-14T06:05:09Z</time></trkpt><trkpt lat="37.14972999999998" lon="34.730317999999976"><ele>412.099</ele><time>2025-06-14T06:05:11Z</time></trkpt><trkpt lat="37.149778999999974" lon="34.730272999999976"><ele>411.355</ele><time>2025-06-14T06:05:13Z</time></trkpt><trkpt lat="37.14982699999997" lon="34.730247999999975"><ele>411.087</ele><time>2025-06-14T06:05:15Z</time></trkpt><trkpt lat="37.149871999999974" lon="34.73021499999997"><ele>410.682</ele><time>2025-06-14T06:05:17Z</time></trkpt><trkpt lat="37.149918999999976" lon="34.73017899999997"><ele>410.498</ele><time>2025-06-14T06:05:19Z</time></trkpt><trkpt lat="37.14996799999997" lon="34.73013799999997"><ele>410.489</ele><time>2025-06-14T06:05:21Z</time></trkpt><trkpt lat="37.150011999999975" lon="34.73010699999997"><ele>410.489</ele><time>2025-06-14T06:05:23Z</time></trkpt><trkpt lat="37.150059999999975" lon="34.730065999999965"><ele>410.461</ele><time>2025-06-14T06:05:25Z</time></trkpt><trkpt lat="37.15010299999997" lon="34.730020999999965"><ele>410.265</ele><time>2025-06-14T06:05:27Z</time></trkpt><trkpt lat="37.150152999999975" lon="34.72998599999997"><ele>410.168</ele><time>2025-06-14T06:05:29Z</time></trkpt><trkpt lat="37.15019399999998" lon="34.729941999999966"><ele>409.914</ele><time>2025-06-14T06:05:31Z</time></trkpt><trkpt lat="37.15023599999998" lon="34.72989499999996"><ele>409.909</ele><time>2025-06-14T06:05:33Z</time></trkpt><trkpt lat="37.15030099999998" lon="34.729860999999964"><ele>409.918</ele><time>2025-06-14T06:05:36Z</time></trkpt><trkpt lat="37.150346999999975" lon="34.729834999999966"><ele>409.967</ele><time>2025-06-14T06:05:38Z</time></trkpt><trkpt lat="37.150394999999975" lon="34.729812999999965"><ele>409.933</ele><time>2025-06-14T06:05:40Z</time></trkpt><trkpt lat="37.15043499999997" lon="34.72977799999997"><ele>409.975</ele><time>2025-06-14T06:05:42Z</time></trkpt><trkpt lat="37.150504999999974" lon="34.72976899999997"><ele>409.740</ele><time>2025-06-14T06:05:44Z</time></trkpt><trkpt lat="37.150552999999974" lon="34.72972999999997"><ele>409.656</ele><time>2025-06-14T06:05:46Z</time></trkpt><trkpt lat="37.15060099999997" lon="34.729705999999965"><ele>409.257</ele><time>2025-06-14T06:05:48Z</time></trkpt><trkpt lat="37.15066599999997" lon="34.72967699999997"><ele>408.797</ele><time>2025-06-14T06:05:51Z</time></trkpt><trkpt lat="37.15071199999997" lon="34.72966999999997"><ele>408.279</ele><time>2025-06-14T06:05:54Z</time></trkpt><trkpt lat="37.15075699999997" lon="34.72967699999997"><ele>407.948</ele><time>2025-06-14T06:06:32Z</time></trkpt><trkpt lat="37.15071099999997" lon="34.729694999999964"><ele>407.461</ele><time>2025-06-14T06:08:07Z</time></trkpt><trkpt lat="37.150732999999974" lon="34.729640999999965"><ele>407.017</ele><time>2025-06-14T06:08:28Z</time></trkpt><trkpt lat="37.15077099999998" lon="34.72957699999996"><ele>406.709</ele><time>2025-06-14T06:08:33Z</time></trkpt><trkpt lat="37.15080799999998" lon="34.72954099999996"><ele>406.526</ele><time>2025-06-14T06:08:35Z</time></trkpt><trkpt lat="37.15084899999998" lon="34.72947699999996"><ele>406.445</ele><time>2025-06-14T06:08:37Z</time></trkpt><trkpt lat="37.15091099999998" lon="34.72947099999996"><ele>406.461</ele><time>2025-06-14T06:08:40Z</time></trkpt><trkpt lat="37.15096899999998" lon="34.72944399999996"><ele>406.613</ele><time>2025-06-14T06:08:42Z</time></trkpt><trkpt lat="37.15101399999998" lon="34.72942299999996"><ele>407.248</ele><time>2025-06-14T06:08:44Z</time></trkpt><trkpt lat="37.15108199999998" lon="34.72940299999996"><ele>407.644</ele><time>2025-06-14T06:08:46Z</time></trkpt><trkpt lat="37.15113599999998" lon="34.72939699999996"><ele>408.035</ele><time>2025-06-14T06:08:48Z</time></trkpt><trkpt lat="37.15119599999998" lon="34.729393999999964"><ele>408.555</ele><time>2025-06-14T06:08:50Z</time></trkpt><trkpt lat="37.15128799999998" lon="34.72937499999996"><ele>409.247</ele><time>2025-06-14T06:08:52Z</time></trkpt><trkpt lat="37.15133799999998" lon="34.72935799999996"><ele>409.354</ele><time>2025-06-14T06:08:53Z</time></trkpt><trkpt lat="37.15140599999998" lon="34.72934499999996"><ele>410.056</ele><time>2025-06-14T06:08:55Z</time></trkpt><trkpt lat="37.15147099999998" lon="34.72934599999996"><ele>410.311</ele><time>2025-06-14T06:08:57Z</time></trkpt><trkpt lat="37.15152999999998" lon="34.729332999999954"><ele>410.509</ele><time>2025-06-14T06:08:59Z</time></trkpt><trkpt lat="37.15160999999998" lon="34.72931499999996"><ele>410.967</ele><time>2025-06-14T06:09:01Z</time></trkpt><trkpt lat="37.151652999999975" lon="34.72929699999996"><ele>411.046</ele><time>2025-06-14T06:09:02Z</time></trkpt><trkpt lat="37.15172499999998" lon="34.72926599999996"><ele>411.322</ele><time>2025-06-14T06:09:04Z</time></trkpt><trkpt lat="37.151798999999976" lon="34.72924099999996"><ele>411.694</ele><time>2025-06-14T06:09:06Z</time></trkpt><trkpt lat="37.151860999999975" lon="34.72920599999996"><ele>411.799</ele><time>2025-06-14T06:09:08Z</time></trkpt><trkpt lat="37.15192999999998" lon="34.72917899999996"><ele>411.825</ele><time>2025-06-14T06:09:10Z</time></trkpt><trkpt lat="37.15198999999998" lon="34.72913499999996"><ele>411.996</ele><time>2025-06-14T06:09:12Z</time></trkpt><trkpt lat="37.15206199999998" lon="34.729064999999956"><ele>412.036</ele><time>2025-06-14T06:09:14Z</time></trkpt><trkpt lat="37.15211999999998" lon="34.729000999999954"><ele>412.238</ele><time>2025-06-14T06:09:16Z</time></trkpt><trkpt lat="37.15217599999998" lon="34.72894499999995"><ele>412.349</ele><time>2025-06-14T06:09:18Z</time></trkpt><trkpt lat="37.15223799999998" lon="34.72889499999995"><ele>412.302</ele><time>2025-06-14T06:09:20Z</time></trkpt><trkpt lat="37.15229399999998" lon="34.72885799999995"><ele>412.322</ele><time>2025-06-14T06:09:22Z</time></trkpt><trkpt lat="37.152337999999986" lon="34.72881599999995"><ele>412.209</ele><time>2025-06-14T06:09:24Z</time></trkpt><trkpt lat="37.152380999999984" lon="34.728794999999955"><ele>412.176</ele><time>2025-06-14T06:09:25Z</time></trkpt><trkpt lat="37.15242399999998" lon="34.72875199999996"><ele>411.985</ele><time>2025-06-14T06:09:26Z</time></trkpt><trkpt lat="37.15248299999998" lon="34.72867899999996"><ele>411.861</ele><time>2025-06-14T06:09:28Z</time></trkpt><trkpt lat="37.15252599999998" lon="34.72861299999996"><ele>411.713</ele><time>2025-06-14T06:09:30Z</time></trkpt><trkpt lat="37.15255099999998" lon="34.72854399999996"><ele>411.248</ele><time>2025-06-14T06:09:32Z</time></trkpt><trkpt lat="37.15257899999998" lon="34.72845599999996"><ele>410.224</ele><time>2025-06-14T06:09:34Z</time></trkpt><trkpt lat="37.15259799999998" lon="34.72835499999996"><ele>409.555</ele><time>2025-06-14T06:09:36Z</time></trkpt><trkpt lat="37.152605999999984" lon="34.728245999999956"><ele>409.015</ele><time>2025-06-14T06:09:38Z</time></trkpt><trkpt lat="37.15261499999998" lon="34.72813799999996"><ele>408.847</ele><time>2025-06-14T06:09:40Z</time></trkpt><trkpt lat="37.15262199999998" lon="34.72805299999996"><ele>408.884</ele><time>2025-06-14T06:09:42Z</time></trkpt><trkpt lat="37.15262299999998" lon="34.72798999999996"><ele>408.907</ele><time>2025-06-14T06:09:44Z</time></trkpt><trkpt lat="37.15260899999998" lon="34.727909999999966"><ele>409.317</ele><time>2025-06-14T06:09:47Z</time></trkpt><trkpt lat="37.15259499999998" lon="34.727825999999965"><ele>409.509</ele><time>2025-06-14T06:09:49Z</time></trkpt><trkpt lat="37.152595999999974" lon="34.72772299999996"><ele>410.590</ele><time>2025-06-14T06:09:51Z</time></trkpt><trkpt lat="37.15263099999997" lon="34.72765899999996"><ele>411.539</ele><time>2025-06-14T06:09:53Z</time></trkpt><trkpt lat="37.15267999999997" lon="34.72765499999996"><ele>411.835</ele><time>2025-06-14T06:09:56Z</time></trkpt><trkpt lat="37.15272999999997" lon="34.727684999999965"><ele>412.067</ele><time>2025-06-14T06:11:37Z</time></trkpt><trkpt lat="37.15277299999997" lon="34.727743999999966"><ele>412.082</ele><time>2025-06-14T06:11:40Z</time></trkpt><trkpt lat="37.152793999999965" lon="34.727819999999966"><ele>412.068</ele><time>2025-06-14T06:11:43Z</time></trkpt><trkpt lat="37.152821999999965" lon="34.727890999999964"><ele>412.069</ele><time>2025-06-14T06:11:46Z</time></trkpt><trkpt lat="37.15285499999997" lon="34.72793099999996"><ele>411.789</ele><time>2025-06-14T06:11:48Z</time></trkpt><trkpt lat="37.15289399999997" lon="34.727960999999965"><ele>411.231</ele><time>2025-06-14T06:11:50Z</time></trkpt><trkpt lat="37.152939999999965" lon="34.727969999999964"><ele>410.933</ele><time>2025-06-14T06:11:52Z</time></trkpt><trkpt lat="37.152990999999965" lon="34.72797399999996"><ele>410.223</ele><time>2025-06-14T06:11:54Z</time></trkpt><trkpt lat="37.153052999999964" lon="34.72794899999996"><ele>409.515</ele><time>2025-06-14T06:11:57Z</time></trkpt><trkpt lat="37.153108999999965" lon="34.72792199999996"><ele>408.809</ele><time>2025-06-14T06:12:00Z</time></trkpt><trkpt lat="37.15315599999997" lon="34.727910999999956"><ele>408.055</ele><time>2025-06-14T06:12:02Z</time></trkpt><trkpt lat="37.15320399999997" lon="34.727911999999954"><ele>407.044</ele><time>2025-06-14T06:12:04Z</time></trkpt><trkpt lat="37.153257999999965" lon="34.72790099999995"><ele>406.460</ele><time>2025-06-14T06:12:07Z</time></trkpt><trkpt lat="37.153305999999965" lon="34.72788499999995"><ele>406.132</ele><time>2025-06-14T06:12:09Z</time></trkpt><trkpt lat="37.15334999999997" lon="34.72786899999995"><ele>405.587</ele><time>2025-06-14T06:12:11Z</time></trkpt><trkpt lat="37.15338799999997" lon="34.727838999999946"><ele>405.013</ele><time>2025-06-14T06:12:13Z</time></trkpt><trkpt lat="37.153417999999974" lon="34.72777899999995"><ele>404.654</ele><time>2025-06-14T06:12:15Z</time></trkpt><trkpt lat="37.153439999999975" lon="34.72769699999995"><ele>404.044</ele><time>2025-06-14T06:12:17Z</time></trkpt><trkpt lat="37.153445999999974" lon="34.72760999999995"><ele>403.476</ele><time>2025-06-14T06:12:19Z</time></trkpt><trkpt lat="37.153442999999974" lon="34.727540999999945"><ele>402.815</ele><time>2025-06-14T06:12:23Z</time></trkpt><trkpt lat="37.15344499999998" lon="34.727481999999945"><ele>402.365</ele><time>2025-06-14T06:14:12Z</time></trkpt><trkpt lat="37.15348599999998" lon="34.727442999999944"><ele>401.511</ele><time>2025-06-14T06:14:20Z</time></trkpt><trkpt lat="37.15354599999998" lon="34.727433999999946"><ele>401.409</ele><time>2025-06-14T06:14:25Z</time></trkpt><trkpt lat="37.15360399999998" lon="34.727433999999946"><ele>401.443</ele><time>2025-06-14T06:15:10Z</time></trkpt><trkpt lat="37.15365599999998" lon="34.72742699999995"><ele>401.492</ele><time>2025-06-14T06:15:13Z</time></trkpt><trkpt lat="37.15369499999998" lon="34.72739099999995"><ele>401.528</ele><time>2025-06-14T06:15:17Z</time></trkpt><trkpt lat="37.15373399999998" lon="34.72735899999995"><ele>401.610</ele><time>2025-06-14T06:15:19Z</time></trkpt><trkpt lat="37.15378799999998" lon="34.72732299999995"><ele>402.145</ele><time>2025-06-14T06:15:21Z</time></trkpt><trkpt lat="37.15384899999998" lon="34.72728399999995"><ele>403.031</ele><time>2025-06-14T06:15:23Z</time></trkpt><trkpt lat="37.15391099999998" lon="34.727239999999945"><ele>403.582</ele><time>2025-06-14T06:15:25Z</time></trkpt><trkpt lat="37.15397499999998" lon="34.72719399999995"><ele>404.052</ele><time>2025-06-14T06:15:27Z</time></trkpt><trkpt lat="37.15403399999998" lon="34.72715699999995"><ele>404.274</ele><time>2025-06-14T06:15:29Z</time></trkpt><trkpt lat="37.15409899999998" lon="34.72712199999995"><ele>404.339</ele><time>2025-06-14T06:15:31Z</time></trkpt><trkpt lat="37.15415599999998" lon="34.727100999999955"><ele>404.301</ele><time>2025-06-14T06:15:33Z</time></trkpt><trkpt lat="37.15419899999998" lon="34.727072999999955"><ele>404.321</ele><time>2025-06-14T06:15:35Z</time></trkpt><trkpt lat="37.154263999999976" lon="34.727047999999954"><ele>404.209</ele><time>2025-06-14T06:15:37Z</time></trkpt><trkpt lat="37.154323999999974" lon="34.72702299999995"><ele>404.125</ele><time>2025-06-14T06:15:39Z</time></trkpt><trkpt lat="37.15438099999997" lon="34.72700899999995"><ele>404.144</ele><time>2025-06-14T06:15:41Z</time></trkpt><trkpt lat="37.154424999999975" lon="34.72698899999995"><ele>404.190</ele><time>2025-06-14T06:16:00Z</time></trkpt><trkpt lat="37.154469999999975" lon="34.72699599999995"><ele>404.142</ele><time>2025-06-14T06:17:00Z</time></trkpt><trkpt lat="37.15451899999997" lon="34.72697699999995"><ele>404.197</ele><time>2025-06-14T06:17:02Z</time></trkpt><trkpt lat="37.15458199999997" lon="34.72695799999995"><ele>404.123</ele><time>2025-06-14T06:17:04Z</time></trkpt><trkpt lat="37.15465199999997" lon="34.72693999999995"><ele>404.254</ele><time>2025-06-14T06:17:06Z</time></trkpt><trkpt lat="37.15470999999997" lon="34.72692699999995"><ele>404.344</ele><time>2025-06-14T06:17:08Z</time></trkpt><trkpt lat="37.154756999999975" lon="34.72692099999995"><ele>404.466</ele><time>2025-06-14T06:17:10Z</time></trkpt><trkpt lat="37.154810999999974" lon="34.72691399999995"><ele>404.554</ele><time>2025-06-14T06:17:12Z</time></trkpt><trkpt lat="37.154880999999975" lon="34.726906999999954"><ele>404.656</ele><time>2025-06-14T06:17:14Z</time></trkpt><trkpt lat="37.15494199999998" lon="34.726895999999954"><ele>404.811</ele><time>2025-06-14T06:17:16Z</time></trkpt><trkpt lat="37.15501399999998" lon="34.72689199999996"><ele>405.109</ele><time>2025-06-14T06:17:18Z</time></trkpt><trkpt lat="37.15508699999998" lon="34.726880999999956"><ele>405.287</ele><time>2025-06-14T06:17:20Z</time></trkpt><trkpt lat="37.15513799999998" lon="34.726875999999955"><ele>405.266</ele><time>2025-06-14T06:17:22Z</time></trkpt><trkpt lat="37.15519799999998" lon="34.726863999999956"><ele>405.222</ele><time>2025-06-14T06:17:24Z</time></trkpt><trkpt lat="37.15526199999998" lon="34.72686299999996"><ele>405.214</ele><time>2025-06-14T06:17:26Z</time></trkpt><trkpt lat="37.15533399999998" lon="34.72685199999996"><ele>405.269</ele><time>2025-06-14T06:17:28Z</time></trkpt><trkpt lat="37.155408999999985" lon="34.72683699999996"><ele>405.155</ele><time>2025-06-14T06:17:30Z</time></trkpt><trkpt lat="37.15546299999998" lon="34.72682199999996"><ele>405.026</ele><time>2025-06-14T06:17:32Z</time></trkpt><trkpt lat="37.155509999999985" lon="34.72680299999996"><ele>405.046</ele><time>2025-06-14T06:17:34Z</time></trkpt><trkpt lat="37.15555599999998" lon="34.72679099999996"><ele>405.048</ele><time>2025-06-14T06:17:36Z</time></trkpt><trkpt lat="37.15560999999998" lon="34.726755999999966"><ele>405.052</ele><time>2025-06-14T06:17:43Z</time></trkpt><trkpt lat="37.155656999999984" lon="34.726727999999966"><ele>405.153</ele><time>2025-06-14T06:18:16Z</time></trkpt><trkpt lat="37.15570299999998" lon="34.72668999999996"><ele>405.608</ele><time>2025-06-14T06:19:21Z</time></trkpt><trkpt lat="37.15576799999998" lon="34.72666699999996"><ele>406.209</ele><time>2025-06-14T06:19:24Z</time></trkpt><trkpt lat="37.155822999999984" lon="34.72663699999996"><ele>406.617</ele><time>2025-06-14T06:19:27Z</time></trkpt><trkpt lat="37.155861999999985" lon="34.72659399999996"><ele>407.036</ele><time>2025-06-14T06:19:30Z</time></trkpt><trkpt lat="37.15590199999998" lon="34.72656299999996"><ele>408.142</ele><time>2025-06-14T06:19:35Z</time></trkpt><trkpt lat="37.15594999999998" lon="34.726527999999966"><ele>409.584</ele><time>2025-06-14T06:19:38Z</time></trkpt><trkpt lat="37.15599599999998" lon="34.72652099999997"><ele>410.479</ele><time>2025-06-14T06:19:40Z</time></trkpt><trkpt lat="37.15605599999998" lon="34.72651899999997"><ele>411.635</ele><time>2025-06-14T06:19:43Z</time></trkpt><trkpt lat="37.15611999999998" lon="34.72649599999997"><ele>412.676</ele><time>2025-06-14T06:19:46Z</time></trkpt><trkpt lat="37.15616899999998" lon="34.72648699999997"><ele>413.816</ele><time>2025-06-14T06:19:48Z</time></trkpt><trkpt lat="37.15621599999998" lon="34.72649199999997"><ele>415.028</ele><time>2025-06-14T06:19:50Z</time></trkpt><trkpt lat="37.15626999999998" lon="34.72648599999997"><ele>415.887</ele><time>2025-06-14T06:19:52Z</time></trkpt><trkpt lat="37.156332999999975" lon="34.726478999999976"><ele>416.742</ele><time>2025-06-14T06:19:54Z</time></trkpt><trkpt lat="37.15639699999998" lon="34.726478999999976"><ele>417.126</ele><time>2025-06-14T06:19:56Z</time></trkpt><trkpt lat="37.15645299999998" lon="34.726476999999974"><ele>418.009</ele><time>2025-06-14T06:19:58Z</time></trkpt><trkpt lat="37.156498999999975" lon="34.726479999999974"><ele>418.870</ele><time>2025-06-14T06:20:00Z</time></trkpt><trkpt lat="37.15655399999998" lon="34.726462999999974"><ele>419.529</ele><time>2025-06-14T06:20:03Z</time></trkpt><trkpt lat="37.15659899999998" lon="34.72644199999998"><ele>420.345</ele><time>2025-06-14T06:20:07Z</time></trkpt><trkpt lat="37.15665399999998" lon="34.72641899999998"><ele>420.997</ele><time>2025-06-14T06:20:10Z</time></trkpt><trkpt lat="37.15670299999998" lon="34.72641299999998"><ele>422.232</ele><time>2025-06-14T06:20:12Z</time></trkpt><trkpt lat="37.15676299999998" lon="34.726419999999976"><ele>423.628</ele><time>2025-06-14T06:20:14Z</time></trkpt><trkpt lat="37.156827999999976" lon="34.726417999999974"><ele>424.319</ele><time>2025-06-14T06:20:16Z</time></trkpt><trkpt lat="37.156898999999974" lon="34.72639899999997"><ele>425.229</ele><time>2025-06-14T06:20:18Z</time></trkpt><trkpt lat="37.15697299999997" lon="34.72638899999997"><ele>426.891</ele><time>2025-06-14T06:20:20Z</time></trkpt><trkpt lat="37.15705499999997" lon="34.726378999999966"><ele>427.949</ele><time>2025-06-14T06:20:22Z</time></trkpt><trkpt lat="37.157129999999974" lon="34.72636399999997"><ele>429.002</ele><time>2025-06-14T06:20:24Z</time></trkpt><trkpt lat="37.157199999999975" lon="34.72634499999997"><ele>429.822</ele><time>2025-06-14T06:20:26Z</time></trkpt><trkpt lat="37.157264999999974" lon="34.72630799999997"><ele>430.609</ele><time>2025-06-14T06:20:28Z</time></trkpt><trkpt lat="37.157340999999974" lon="34.72627599999997"><ele>431.796</ele><time>2025-06-14T06:20:30Z</time></trkpt><trkpt lat="37.15741199999997" lon="34.72626999999997"><ele>432.775</ele><time>2025-06-14T06:20:32Z</time></trkpt><trkpt lat="37.157483999999975" lon="34.72627499999997"><ele>433.561</ele><time>2025-06-14T06:20:34Z</time></trkpt><trkpt lat="37.15755899999998" lon="34.726273999999975"><ele>434.173</ele><time>2025-06-14T06:20:36Z</time></trkpt><trkpt lat="37.15763699999998" lon="34.72624999999997"><ele>434.688</ele><time>2025-06-14T06:20:38Z</time></trkpt><trkpt lat="37.157688999999976" lon="34.72623699999997"><ele>435.164</ele><time>2025-06-14T06:20:40Z</time></trkpt><trkpt lat="37.15773599999998" lon="34.72622399999997"><ele>435.355</ele><time>2025-06-14T06:20:43Z</time></trkpt><trkpt lat="37.15781199999998" lon="34.72620099999997"><ele>435.475</ele><time>2025-06-14T06:20:45Z</time></trkpt><trkpt lat="37.15788799999998" lon="34.72616699999997"><ele>435.577</ele><time>2025-06-14T06:20:47Z</time></trkpt><trkpt lat="37.15794199999998" lon="34.72610999999997"><ele>435.996</ele><time>2025-06-14T06:20:49Z</time></trkpt><trkpt lat="37.15800099999998" lon="34.72606999999997"><ele>436.331</ele><time>2025-06-14T06:20:51Z</time></trkpt><trkpt lat="37.158080999999974" lon="34.72604399999997"><ele>436.924</ele><time>2025-06-14T06:20:53Z</time></trkpt><trkpt lat="37.15814899999997" lon="34.72601899999997"><ele>437.609</ele><time>2025-06-14T06:20:55Z</time></trkpt><trkpt lat="37.15821499999997" lon="34.725983999999976"><ele>438.021</ele><time>2025-06-14T06:20:57Z</time></trkpt><trkpt lat="37.15827399999997" lon="34.72592699999998"><ele>438.330</ele><time>2025-06-14T06:20:59Z</time></trkpt><trkpt lat="37.15830099999997" lon="34.72584699999998"><ele>438.566</ele><time>2025-06-14T06:21:02Z</time></trkpt><trkpt lat="37.158294999999974" lon="34.72575899999998"><ele>438.598</ele><time>2025-06-14T06:21:04Z</time></trkpt><trkpt lat="37.158277999999974" lon="34.72567299999998"><ele>438.683</ele><time>2025-06-14T06:21:06Z</time></trkpt><trkpt lat="37.15827699999998" lon="34.72560299999998"><ele>438.659</ele><time>2025-06-14T06:21:08Z</time></trkpt><trkpt lat="37.15832699999998" lon="34.72556799999998"><ele>438.790</ele><time>2025-06-14T06:21:13Z</time></trkpt><trkpt lat="37.15838299999998" lon="34.72557299999998"><ele>439.020</ele><time>2025-06-14T06:21:16Z</time></trkpt><trkpt lat="37.15843599999998" lon="34.72560999999998"><ele>439.462</ele><time>2025-06-14T06:21:56Z</time></trkpt><trkpt lat="37.15850299999998" lon="34.72561899999998"><ele>439.598</ele><time>2025-06-14T06:21:58Z</time></trkpt><trkpt lat="37.15856999999998" lon="34.72559099999998"><ele>439.515</ele><time>2025-06-14T06:22:00Z</time></trkpt><trkpt lat="37.15864399999998" lon="34.72552899999998"><ele>439.626</ele><time>2025-06-14T06:22:02Z</time></trkpt><trkpt lat="37.15870699999998" lon="34.72544499999998"><ele>439.909</ele><time>2025-06-14T06:22:04Z</time></trkpt><trkpt lat="37.158738999999976" lon="34.72540199999998"><ele>440.381</ele><time>2025-06-14T06:22:05Z</time></trkpt><trkpt lat="37.15878499999997" lon="34.725318999999985"><ele>440.660</ele><time>2025-06-14T06:22:07Z</time></trkpt><trkpt lat="37.15881099999997" lon="34.72526199999999"><ele>440.976</ele><time>2025-06-14T06:22:09Z</time></trkpt><trkpt lat="37.15883599999997" lon="34.725211999999985"><ele>441.158</ele><time>2025-06-14T06:22:55Z</time></trkpt><trkpt lat="37.15886399999997" lon="34.725160999999986"><ele>441.453</ele><time>2025-06-14T06:23:05Z</time></trkpt><trkpt lat="37.15884499999997" lon="34.72521699999999"><ele>441.789</ele><time>2025-06-14T06:23:15Z</time></trkpt><trkpt lat="37.15887899999997" lon="34.725155999999984"><ele>441.640</ele><time>2025-06-14T06:23:31Z</time></trkpt><trkpt lat="37.15893499999997" lon="34.72508099999998"><ele>441.780</ele><time>2025-06-14T06:23:33Z</time></trkpt><trkpt lat="37.158972999999975" lon="34.725028999999985"><ele>441.762</ele><time>2025-06-14T06:23:35Z</time></trkpt><trkpt lat="37.15899699999998" lon="34.72497099999998"><ele>441.688</ele><time>2025-06-14T06:23:38Z</time></trkpt><trkpt lat="37.159017999999975" lon="34.72492099999998"><ele>441.624</ele><time>2025-06-14T06:24:01Z</time></trkpt><trkpt lat="37.15903699999998" lon="34.72484899999998"><ele>441.626</ele><time>2025-06-14T06:24:03Z</time></trkpt><trkpt lat="37.15904799999998" lon="34.72476699999998"><ele>441.409</ele><time>2025-06-14T06:24:05Z</time></trkpt><trkpt lat="37.159054999999974" lon="34.72470499999998"><ele>441.450</ele><time>2025-06-14T06:24:08Z</time></trkpt><trkpt lat="37.159053999999976" lon="34.72461499999998"><ele>441.489</ele><time>2025-06-14T06:24:12Z</time></trkpt><trkpt lat="37.159054999999974" lon="34.724514999999975"><ele>441.855</ele><time>2025-06-14T06:24:14Z</time></trkpt><trkpt lat="37.159054999999974" lon="34.724402999999974"><ele>442.667</ele><time>2025-06-14T06:24:16Z</time></trkpt><trkpt lat="37.159065999999974" lon="34.72430199999997"><ele>443.192</ele><time>2025-06-14T06:24:18Z</time></trkpt><trkpt lat="37.15908899999997" lon="34.724216999999975"><ele>443.748</ele><time>2025-06-14T06:24:20Z</time></trkpt><trkpt lat="37.15912099999997" lon="34.72413899999997"><ele>444.179</ele><time>2025-06-14T06:24:22Z</time></trkpt><trkpt lat="37.15915699999997" lon="34.72409399999997"><ele>444.419</ele><time>2025-06-14T06:24:24Z</time></trkpt><trkpt lat="37.15920799999997" lon="34.724061999999975"><ele>444.621</ele><time>2025-06-14T06:24:27Z</time></trkpt><trkpt lat="37.15923999999997" lon="34.724013999999976"><ele>445.089</ele><time>2025-06-14T06:24:29Z</time></trkpt><trkpt lat="37.15927699999997" lon="34.72396499999998"><ele>445.606</ele><time>2025-06-14T06:24:31Z</time></trkpt><trkpt lat="37.15930799999997" lon="34.72391499999998"><ele>445.826</ele><time>2025-06-14T06:24:33Z</time></trkpt><trkpt lat="37.159336999999965" lon="34.723864999999975"><ele>446.209</ele><time>2025-06-14T06:24:35Z</time></trkpt><trkpt lat="37.15937499999997" lon="34.723830999999976"><ele>446.770</ele><time>2025-06-14T06:24:37Z</time></trkpt><trkpt lat="37.15941099999997" lon="34.723788999999975"><ele>447.319</ele><time>2025-06-14T06:24:39Z</time></trkpt><trkpt lat="37.15943299999997" lon="34.72372799999997"><ele>447.885</ele><time>2025-06-14T06:24:41Z</time></trkpt><trkpt lat="37.159428999999975" lon="34.723647999999976"><ele>448.317</ele><time>2025-06-14T06:24:43Z</time></trkpt><trkpt lat="37.15938999999997" lon="34.723568999999976"><ele>449.382</ele><time>2025-06-14T06:24:45Z</time></trkpt><trkpt lat="37.159357999999976" lon="34.72352599999998"><ele>450.028</ele><time>2025-06-14T06:24:46Z</time></trkpt><trkpt lat="37.15930599999998" lon="34.72346199999998"><ele>450.759</ele><time>2025-06-14T06:24:48Z</time></trkpt><trkpt lat="37.15927299999998" lon="34.723389999999974"><ele>451.069</ele><time>2025-06-14T06:24:50Z</time></trkpt><trkpt lat="37.159234999999974" lon="34.72330299999997"><ele>451.511</ele><time>2025-06-14T06:24:52Z</time></trkpt><trkpt lat="37.159205999999976" lon="34.72321299999997"><ele>451.944</ele><time>2025-06-14T06:24:54Z</time></trkpt><trkpt lat="37.15917699999998" lon="34.72310999999997"><ele>452.105</ele><time>2025-06-14T06:24:56Z</time></trkpt><trkpt lat="37.15915199999998" lon="34.72300999999997"><ele>452.515</ele><time>2025-06-14T06:24:58Z</time></trkpt><trkpt lat="37.159132999999976" lon="34.722922999999966"><ele>452.909</ele><time>2025-06-14T06:25:00Z</time></trkpt><trkpt lat="37.15911999999997" lon="34.72284099999997"><ele>453.536</ele><time>2025-06-14T06:25:02Z</time></trkpt><trkpt lat="37.15910899999997" lon="34.72278399999997"><ele>453.815</ele><time>2025-06-14T06:25:04Z</time></trkpt><trkpt lat="37.15910999999997" lon="34.722725999999966"><ele>454.641</ele><time>2025-06-14T06:25:11Z</time></trkpt><trkpt lat="37.15910599999997" lon="34.72266799999996"><ele>455.493</ele><time>2025-06-14T06:26:16Z</time></trkpt><trkpt lat="37.15911799999997" lon="34.72259899999996"><ele>455.888</ele><time>2025-06-14T06:26:20Z</time></trkpt><trkpt lat="37.15913399999997" lon="34.72252099999996"><ele>456.284</ele><time>2025-06-14T06:26:40Z</time></trkpt><trkpt lat="37.15913799999997" lon="34.72242999999996"><ele>456.515</ele><time>2025-06-14T06:26:42Z</time></trkpt><trkpt lat="37.15913799999997" lon="34.72233299999996"><ele>457.045</ele><time>2025-06-14T06:26:44Z</time></trkpt><trkpt lat="37.15914299999997" lon="34.72224599999996"><ele>457.387</ele><time>2025-06-14T06:26:46Z</time></trkpt><trkpt lat="37.15914599999997" lon="34.722162999999966"><ele>457.922</ele><time>2025-06-14T06:26:48Z</time></trkpt><trkpt lat="37.15914799999997" lon="34.72208399999997"><ele>458.762</ele><time>2025-06-14T06:26:50Z</time></trkpt><trkpt lat="37.15914599999997" lon="34.72200199999997"><ele>459.108</ele><time>2025-06-14T06:26:52Z</time></trkpt><trkpt lat="37.15913799999997" lon="34.721923999999966"><ele>459.909</ele><time>2025-06-14T06:26:54Z</time></trkpt><trkpt lat="37.15912699999997" lon="34.72185899999997"><ele>460.774</ele><time>2025-06-14T06:26:56Z</time></trkpt><trkpt lat="37.15910799999997" lon="34.72179699999997"><ele>461.573</ele><time>2025-06-14T06:26:58Z</time></trkpt><trkpt lat="37.159091999999966" lon="34.721738999999964"><ele>462.279</ele><time>2025-06-14T06:27:00Z</time></trkpt><trkpt lat="37.15908499999997" lon="34.721678999999966"><ele>462.421</ele><time>2025-06-14T06:27:02Z</time></trkpt><trkpt lat="37.15907399999997" lon="34.72162399999996"><ele>463.086</ele><time>2025-06-14T06:27:04Z</time></trkpt><trkpt lat="37.15906299999997" lon="34.72154799999996"><ele>463.852</ele><time>2025-06-14T06:27:07Z</time></trkpt><trkpt lat="37.15904899999997" lon="34.72146999999996"><ele>464.653</ele><time>2025-06-14T06:27:10Z</time></trkpt><trkpt lat="37.159035999999965" lon="34.721386999999964"><ele>466.213</ele><time>2025-06-14T06:27:13Z</time></trkpt><trkpt lat="37.15902899999997" lon="34.721329999999966"><ele>467.485</ele><time>2025-06-14T06:27:15Z</time></trkpt><trkpt lat="37.15900999999997" lon="34.721251999999964"><ele>468.266</ele><time>2025-06-14T06:27:18Z</time></trkpt><trkpt lat="37.15899499999997" lon="34.72119899999996"><ele>469.129</ele><time>2025-06-14T06:27:20Z</time></trkpt><trkpt lat="37.158967999999966" lon="34.721130999999964"><ele>470.521</ele><time>2025-06-14T06:27:23Z</time></trkpt><trkpt lat="37.158925999999965" lon="34.721065999999965"><ele>471.509</ele><time>2025-06-14T06:27:26Z</time></trkpt><trkpt lat="37.15889699999997" lon="34.720980999999966"><ele>472.948</ele><time>2025-06-14T06:27:29Z</time></trkpt><trkpt lat="37.158866999999965" lon="34.72092599999996"><ele>474.227</ele><time>2025-06-14T06:27:31Z</time></trkpt><trkpt lat="37.15884299999996" lon="34.720871999999964"><ele>475.113</ele><time>2025-06-14T06:27:33Z</time></trkpt><trkpt lat="37.15880899999996" lon="34.720798999999964"><ele>476.085</ele><time>2025-06-14T06:27:36Z</time></trkpt><trkpt lat="37.15877799999996" lon="34.72074299999996"><ele>476.910</ele><time>2025-06-14T06:27:38Z</time></trkpt><trkpt lat="37.15875099999996" lon="34.72068499999996"><ele>478.346</ele><time>2025-06-14T06:27:40Z</time></trkpt><trkpt lat="37.15871499999996" lon="34.72062699999996"><ele>479.317</ele><time>2025-06-14T06:27:42Z</time></trkpt><trkpt lat="37.15868599999996" lon="34.72055299999996"><ele>480.387</ele><time>2025-06-14T06:27:44Z</time></trkpt><trkpt lat="37.15867199999996" lon="34.72046499999996"><ele>481.179</ele><time>2025-06-14T06:27:46Z</time></trkpt><trkpt lat="37.15870499999996" lon="34.72039599999996"><ele>481.864</ele><time>2025-06-14T06:27:48Z</time></trkpt><trkpt lat="37.15876499999996" lon="34.720368999999955"><ele>482.206</ele><time>2025-06-14T06:27:50Z</time></trkpt><trkpt lat="37.15881999999996" lon="34.72038199999996"><ele>482.916</ele><time>2025-06-14T06:27:52Z</time></trkpt><trkpt lat="37.158883999999965" lon="34.72039099999996"><ele>483.709</ele><time>2025-06-14T06:27:54Z</time></trkpt><trkpt lat="37.158945999999965" lon="34.72037299999996"><ele>484.718</ele><time>2025-06-14T06:27:56Z</time></trkpt><trkpt lat="37.159004999999965" lon="34.72034499999996"><ele>485.757</ele><time>2025-06-14T06:27:58Z</time></trkpt><trkpt lat="37.159021999999965" lon="34.72026099999996"><ele>486.783</ele><time>2025-06-14T06:28:00Z</time></trkpt><trkpt lat="37.159004999999965" lon="34.720168999999956"><ele>488.055</ele><time>2025-06-14T06:28:02Z</time></trkpt><trkpt lat="37.15899999999996" lon="34.72008599999996"><ele>488.640</ele><time>2025-06-14T06:28:04Z</time></trkpt><trkpt lat="37.158993999999964" lon="34.719999999999956"><ele>489.176</ele><time>2025-06-14T06:28:06Z</time></trkpt><trkpt lat="37.15897899999997" lon="34.719910999999954"><ele>489.977</ele><time>2025-06-14T06:28:08Z</time></trkpt><trkpt lat="37.158995999999966" lon="34.719842999999955"><ele>490.497</ele><time>2025-06-14T06:28:10Z</time></trkpt><trkpt lat="37.15905699999997" lon="34.71980499999995"><ele>491.649</ele><time>2025-06-14T06:28:12Z</time></trkpt><trkpt lat="37.15910099999997" lon="34.71981699999995"><ele>493.085</ele><time>2025-06-14T06:28:13Z</time></trkpt><trkpt lat="37.15917399999997" lon="34.71986799999995"><ele>494.389</ele><time>2025-06-14T06:28:15Z</time></trkpt><trkpt lat="37.15925599999997" lon="34.71986799999995"><ele>495.317</ele><time>2025-06-14T06:28:17Z</time></trkpt><trkpt lat="37.15933199999997" lon="34.719826999999945"><ele>496.009</ele><time>2025-06-14T06:28:19Z</time></trkpt><trkpt lat="37.159369999999974" lon="34.719792999999946"><ele>496.680</ele><time>2025-06-14T06:28:20Z</time></trkpt><trkpt lat="37.15943599999997" lon="34.719728999999944"><ele>497.389</ele><time>2025-06-14T06:28:22Z</time></trkpt><trkpt lat="37.15946699999997" lon="34.71968199999994"><ele>497.575</ele><time>2025-06-14T06:28:37Z</time></trkpt><trkpt lat="37.15951299999997" lon="34.719624999999944"><ele>498.617</ele><time>2025-06-14T06:28:42Z</time></trkpt><trkpt lat="37.15955099999997" lon="34.71958899999994"><ele>501.252</ele><time>2025-06-14T06:28:44Z</time></trkpt><trkpt lat="37.159605999999975" lon="34.71955799999994"><ele>501.428</ele><time>2025-06-14T06:28:46Z</time></trkpt><trkpt lat="37.159653999999975" lon="34.71954399999994"><ele>501.629</ele><time>2025-06-14T06:29:45Z</time></trkpt><trkpt lat="37.15970299999997" lon="34.719517999999944"><ele>502.529</ele><time>2025-06-14T06:29:47Z</time></trkpt><trkpt lat="37.15974499999997" lon="34.71948299999995"><ele>503.221</ele><time>2025-06-14T06:29:48Z</time></trkpt><trkpt lat="37.15978799999997" lon="34.71944599999995"><ele>504.125</ele><time>2025-06-14T06:29:49Z</time></trkpt><trkpt lat="37.15986099999997" lon="34.719432999999945"><ele>504.626</ele><time>2025-06-14T06:29:51Z</time></trkpt><trkpt lat="37.15994099999997" lon="34.719458999999944"><ele>505.008</ele><time>2025-06-14T06:29:53Z</time></trkpt><trkpt lat="37.16001099999997" lon="34.71946799999994"><ele>506.109</ele><time>2025-06-14T06:29:55Z</time></trkpt><trkpt lat="37.16007099999997" lon="34.71941699999994"><ele>507.394</ele><time>2025-06-14T06:29:57Z</time></trkpt><trkpt lat="37.16007299999997" lon="34.71931099999994"><ele>508.473</ele><time>2025-06-14T06:29:59Z</time></trkpt><trkpt lat="37.16004199999997" lon="34.71925799999994"><ele>509.559</ele><time>2025-06-14T06:30:00Z</time></trkpt><trkpt lat="37.16000599999997" lon="34.719219999999936"><ele>510.041</ele><time>2025-06-14T06:30:01Z</time></trkpt><trkpt lat="37.159972999999965" lon="34.719146999999936"><ele>510.596</ele><time>2025-06-14T06:30:03Z</time></trkpt><trkpt lat="37.15997999999996" lon="34.719082999999934"><ele>511.022</ele><time>2025-06-14T06:30:04Z</time></trkpt><trkpt lat="37.16002799999996" lon="34.719020999999934"><ele>512.343</ele><time>2025-06-14T06:30:06Z</time></trkpt><trkpt lat="37.16011099999996" lon="34.71897099999993"><ele>513.653</ele><time>2025-06-14T06:30:08Z</time></trkpt><trkpt lat="37.16015199999996" lon="34.71894699999993"><ele>514.295</ele><time>2025-06-14T06:30:09Z</time></trkpt><trkpt lat="37.16018899999996" lon="34.71891199999993"><ele>514.742</ele><time>2025-06-14T06:30:10Z</time></trkpt><trkpt lat="37.16021799999996" lon="34.718868999999934"><ele>515.122</ele><time>2025-06-14T06:30:11Z</time></trkpt><trkpt lat="37.16024899999996" lon="34.71882699999993"><ele>515.414</ele><time>2025-06-14T06:30:12Z</time></trkpt><trkpt lat="37.16028199999996" lon="34.71877999999993"><ele>515.609</ele><time>2025-06-14T06:30:13Z</time></trkpt><trkpt lat="37.16032299999996" lon="34.71868099999993"><ele>516.116</ele><time>2025-06-14T06:30:15Z</time></trkpt><trkpt lat="37.16035099999996" lon="34.718572999999935"><ele>516.925</ele><time>2025-06-14T06:30:17Z</time></trkpt><trkpt lat="37.16035699999996" lon="34.71851599999994"><ele>517.871</ele><time>2025-06-14T06:30:18Z</time></trkpt><trkpt lat="37.16036299999996" lon="34.718454999999935"><ele>518.523</ele><time>2025-06-14T06:30:19Z</time></trkpt><trkpt lat="37.160372999999964" lon="34.718358999999936"><ele>518.748</ele><time>2025-06-14T06:30:21Z</time></trkpt><trkpt lat="37.16035799999997" lon="34.71828799999994"><ele>519.144</ele><time>2025-06-14T06:30:23Z</time></trkpt><trkpt lat="37.16030399999997" lon="34.718277999999934"><ele>519.785</ele><time>2025-06-14T06:30:25Z</time></trkpt><trkpt lat="37.16026199999997" lon="34.71832399999993"><ele>519.915</ele><time>2025-06-14T06:30:27Z</time></trkpt><trkpt lat="37.16024099999997" lon="34.718409999999935"><ele>520.437</ele><time>2025-06-14T06:30:29Z</time></trkpt><trkpt lat="37.16023599999997" lon="34.71847399999994"><ele>521.213</ele><time>2025-06-14T06:31:34Z</time></trkpt><trkpt lat="37.16022099999997" lon="34.71852999999994"><ele>522.143</ele><time>2025-06-14T06:31:36Z</time></trkpt><trkpt lat="37.16019299999997" lon="34.71859699999994"><ele>523.307</ele><time>2025-06-14T06:31:38Z</time></trkpt><trkpt lat="37.160146999999974" lon="34.71864799999994"><ele>523.609</ele><time>2025-06-14T06:31:40Z</time></trkpt><trkpt lat="37.160070999999974" lon="34.71868599999994"><ele>524.163</ele><time>2025-06-14T06:31:42Z</time></trkpt><trkpt lat="37.16000099999997" lon="34.71867499999994"><ele>525.252</ele><time>2025-06-14T06:31:44Z</time></trkpt><trkpt lat="37.159957999999975" lon="34.71862799999994"><ele>525.998</ele><time>2025-06-14T06:31:46Z</time></trkpt><trkpt lat="37.15995899999997" lon="34.71857199999994"><ele>526.440</ele><time>2025-06-14T06:31:48Z</time></trkpt><trkpt lat="37.15995999999997" lon="34.718628999999936"><ele>527.325</ele><time>2025-06-14T06:33:54Z</time></trkpt><trkpt lat="37.15991599999997" lon="34.718654999999934"><ele>527.771</ele><time>2025-06-14T06:34:17Z</time></trkpt><trkpt lat="37.159862999999966" lon="34.71862799999993"><ele>528.782</ele><time>2025-06-14T06:34:31Z</time></trkpt><trkpt lat="37.159814999999966" lon="34.71862899999993"><ele>529.462</ele><time>2025-06-14T06:34:33Z</time></trkpt><trkpt lat="37.15976099999997" lon="34.71862199999993"><ele>529.564</ele><time>2025-06-14T06:34:35Z</time></trkpt><trkpt lat="37.15969899999997" lon="34.71861999999993"><ele>529.663</ele><time>2025-06-14T06:34:38Z</time></trkpt><trkpt lat="37.159651999999966" lon="34.71862999999993"><ele>529.744</ele><time>2025-06-14T06:34:40Z</time></trkpt><trkpt lat="37.15959999999997" lon="34.71866099999993"><ele>530.018</ele><time>2025-06-14T06:34:43Z</time></trkpt><trkpt lat="37.159541999999966" lon="34.718707999999936"><ele>530.809</ele><time>2025-06-14T06:34:46Z</time></trkpt><trkpt lat="37.15949099999997" lon="34.71874899999994"><ele>531.678</ele><time>2025-06-14T06:34:48Z</time></trkpt><trkpt lat="37.159435999999964" lon="34.718769999999935"><ele>532.337</ele><time>2025-06-14T06:34:50Z</time></trkpt><trkpt lat="37.15938399999997" lon="34.71879699999994"><ele>532.663</ele><time>2025-06-14T06:34:52Z</time></trkpt><trkpt lat="37.159328999999964" lon="34.71882699999994"><ele>532.875</ele><time>2025-06-14T06:34:54Z</time></trkpt><trkpt lat="37.15927999999997" lon="34.71882599999994"><ele>532.980</ele><time>2025-06-14T06:34:56Z</time></trkpt><trkpt lat="37.159226999999966" lon="34.71882999999994"><ele>533.166</ele><time>2025-06-14T06:34:58Z</time></trkpt><trkpt lat="37.15917599999997" lon="34.71882699999994"><ele>533.227</ele><time>2025-06-14T06:35:00Z</time></trkpt><trkpt lat="37.15912199999997" lon="34.71882799999994"><ele>533.567</ele><time>2025-06-14T06:35:02Z</time></trkpt><trkpt lat="37.15906799999997" lon="34.71881899999994"><ele>533.969</ele><time>2025-06-14T06:35:04Z</time></trkpt><trkpt lat="37.15901599999997" lon="34.71880199999994"><ele>534.367</ele><time>2025-06-14T06:35:06Z</time></trkpt><trkpt lat="37.158969999999975" lon="34.71879799999994"><ele>534.681</ele><time>2025-06-14T06:35:08Z</time></trkpt><trkpt lat="37.158921999999976" lon="34.718796999999945"><ele>534.919</ele><time>2025-06-14T06:35:10Z</time></trkpt><trkpt lat="37.15886999999998" lon="34.71878199999995"><ele>535.109</ele><time>2025-06-14T06:35:12Z</time></trkpt><trkpt lat="37.15881699999998" lon="34.71876499999995"><ele>535.318</ele><time>2025-06-14T06:35:15Z</time></trkpt><trkpt lat="37.15877099999998" lon="34.71874799999995"><ele>535.517</ele><time>2025-06-14T06:35:19Z</time></trkpt><trkpt lat="37.15872599999998" lon="34.718737999999945"><ele>535.723</ele><time>2025-06-14T06:35:27Z</time></trkpt><trkpt lat="37.15872099999998" lon="34.71880099999994"><ele>535.795</ele><time>2025-06-14T06:35:52Z</time></trkpt><trkpt lat="37.15865599999998" lon="34.71878099999994"><ele>535.790</ele><time>2025-06-14T06:36:49Z</time></trkpt><trkpt lat="37.158600999999976" lon="34.718791999999944"><ele>535.756</ele><time>2025-06-14T06:36:51Z</time></trkpt><trkpt lat="37.158555999999976" lon="34.718816999999945"><ele>535.327</ele><time>2025-06-14T06:36:53Z</time></trkpt><trkpt lat="37.158508999999974" lon="34.718844999999945"><ele>534.237</ele><time>2025-06-14T06:36:55Z</time></trkpt><trkpt lat="37.158443999999974" lon="34.718852999999946"><ele>533.099</ele><time>2025-06-14T06:37:07Z</time></trkpt><trkpt lat="37.158387999999974" lon="34.71887399999994"><ele>532.015</ele><time>2025-06-14T06:37:09Z</time></trkpt><trkpt lat="37.15832999999997" lon="34.718881999999944"><ele>531.465</ele><time>2025-06-14T06:37:11Z</time></trkpt><trkpt lat="37.15825499999997" lon="34.71888899999994"><ele>531.211</ele><time>2025-06-14T06:37:13Z</time></trkpt><trkpt lat="37.15820899999997" lon="34.71889199999994"><ele>530.909</ele><time>2025-06-14T06:37:14Z</time></trkpt><trkpt lat="37.15816099999997" lon="34.71889299999994"><ele>530.613</ele><time>2025-06-14T06:37:16Z</time></trkpt><trkpt lat="37.15811599999997" lon="34.71890599999994"><ele>530.662</ele><time>2025-06-14T06:37:19Z</time></trkpt><trkpt lat="37.15805899999997" lon="34.71893499999994"><ele>530.538</ele><time>2025-06-14T06:37:21Z</time></trkpt><trkpt lat="37.15801399999997" lon="34.718969999999935"><ele>530.510</ele><time>2025-06-14T06:37:23Z</time></trkpt><trkpt lat="37.15796099999997" lon="34.719005999999936"><ele>530.545</ele><time>2025-06-14T06:37:25Z</time></trkpt><trkpt lat="37.15791299999997" lon="34.719056999999935"><ele>530.941</ele><time>2025-06-14T06:37:27Z</time></trkpt><trkpt lat="37.157849999999975" lon="34.71906699999994"><ele>531.372</ele><time>2025-06-14T06:37:29Z</time></trkpt><trkpt lat="37.15780099999998" lon="34.71908099999994"><ele>531.432</ele><time>2025-06-14T06:37:31Z</time></trkpt><trkpt lat="37.15774699999998" lon="34.71909599999994"><ele>531.474</ele><time>2025-06-14T06:37:33Z</time></trkpt><trkpt lat="37.15768199999998" lon="34.719098999999936"><ele>531.454</ele><time>2025-06-14T06:37:35Z</time></trkpt><trkpt lat="37.15762499999998" lon="34.71910299999993"><ele>531.356</ele><time>2025-06-14T06:37:37Z</time></trkpt><trkpt lat="37.15756799999998" lon="34.71910299999993"><ele>531.211</ele><time>2025-06-14T06:37:39Z</time></trkpt><trkpt lat="37.15752699999998" lon="34.71913199999993"><ele>531.209</ele><time>2025-06-14T06:37:41Z</time></trkpt><trkpt lat="37.15753499999998" lon="34.71920299999993"><ele>531.277</ele><time>2025-06-14T06:37:43Z</time></trkpt><trkpt lat="37.15754899999998" lon="34.71925799999993"><ele>531.276</ele><time>2025-06-14T06:37:44Z</time></trkpt><trkpt lat="37.15757699999998" lon="34.71933799999993"><ele>531.222</ele><time>2025-06-14T06:37:46Z</time></trkpt><trkpt lat="37.157564999999984" lon="34.71939399999993"><ele>531.294</ele><time>2025-06-14T06:37:48Z</time></trkpt><trkpt lat="37.15757499999999" lon="34.71947199999993"><ele>531.319</ele><time>2025-06-14T06:37:50Z</time></trkpt><trkpt lat="37.157561999999984" lon="34.719543999999935"><ele>531.715</ele><time>2025-06-14T06:37:52Z</time></trkpt><trkpt lat="37.157544999999985" lon="34.719616999999936"><ele>532.266</ele><time>2025-06-14T06:37:54Z</time></trkpt><trkpt lat="37.15753499999998" lon="34.71967499999994"><ele>532.726</ele><time>2025-06-14T06:37:56Z</time></trkpt><trkpt lat="37.15752999999998" lon="34.71973899999994"><ele>533.278</ele><time>2025-06-14T06:37:58Z</time></trkpt><trkpt lat="37.15751199999998" lon="34.71979599999994"><ele>533.459</ele><time>2025-06-14T06:38:00Z</time></trkpt><trkpt lat="37.15749599999998" lon="34.71986799999994"><ele>533.803</ele><time>2025-06-14T06:38:03Z</time></trkpt><trkpt lat="37.15746699999998" lon="34.71993199999994"><ele>534.223</ele><time>2025-06-14T06:38:05Z</time></trkpt><trkpt lat="37.157431999999986" lon="34.719987999999944"><ele>535.009</ele><time>2025-06-14T06:38:07Z</time></trkpt><trkpt lat="37.15737799999999" lon="34.72002299999994"><ele>535.577</ele><time>2025-06-14T06:38:09Z</time></trkpt><trkpt lat="37.157339999999984" lon="34.72009399999994"><ele>535.766</ele><time>2025-06-14T06:38:12Z</time></trkpt><trkpt lat="37.157291999999984" lon="34.72012099999994"><ele>535.782</ele><time>2025-06-14T06:38:14Z</time></trkpt><trkpt lat="37.157246999999984" lon="34.72017199999994"><ele>535.984</ele><time>2025-06-14T06:38:20Z</time></trkpt><trkpt lat="37.157215999999984" lon="34.72021699999994"><ele>536.369</ele><time>2025-06-14T06:38:23Z</time></trkpt><trkpt lat="37.15718099999999" lon="34.720257999999944"><ele>537.685</ele><time>2025-06-14T06:38:28Z</time></trkpt><trkpt lat="37.157141999999986" lon="34.720291999999944"><ele>538.046</ele><time>2025-06-14T06:38:32Z</time></trkpt><trkpt lat="37.157096999999986" lon="34.720307999999946"><ele>538.956</ele><time>2025-06-14T06:38:36Z</time></trkpt><trkpt lat="37.15705099999999" lon="34.72031899999995"><ele>539.838</ele><time>2025-06-14T06:38:40Z</time></trkpt><trkpt lat="37.157006999999986" lon="34.72029799999995"><ele>540.457</ele><time>2025-06-14T06:38:53Z</time></trkpt><trkpt lat="37.156961999999986" lon="34.72026599999995"><ele>541.000</ele><time>2025-06-14T06:38:57Z</time></trkpt><trkpt lat="37.156914999999984" lon="34.72025199999995"><ele>542.020</ele><time>2025-06-14T06:39:01Z</time></trkpt><trkpt lat="37.15686499999998" lon="34.72022699999995"><ele>542.809</ele><time>2025-06-14T06:39:05Z</time></trkpt><trkpt lat="37.15682099999998" lon="34.72019899999995"><ele>543.587</ele><time>2025-06-14T06:39:09Z</time></trkpt><trkpt lat="37.15677599999998" lon="34.72017399999995"><ele>544.246</ele><time>2025-06-14T06:39:13Z</time></trkpt><trkpt lat="37.15672699999998" lon="34.72015499999995"><ele>544.952</ele><time>2025-06-14T06:39:18Z</time></trkpt><trkpt lat="37.156683999999984" lon="34.72013199999995"><ele>545.734</ele><time>2025-06-14T06:39:22Z</time></trkpt><trkpt lat="37.156640999999986" lon="34.72011499999995"><ele>546.639</ele><time>2025-06-14T06:39:27Z</time></trkpt><trkpt lat="37.15659799999999" lon="34.72008299999995"><ele>547.435</ele><time>2025-06-14T06:39:42Z</time></trkpt><trkpt lat="37.156542999999985" lon="34.72006699999995"><ele>548.316</ele><time>2025-06-14T06:39:46Z</time></trkpt><trkpt lat="37.15649399999999" lon="34.72004399999995"><ele>549.666</ele><time>2025-06-14T06:39:50Z</time></trkpt><trkpt lat="37.15644799999999" lon="34.72003099999995"><ele>550.548</ele><time>2025-06-14T06:39:54Z</time></trkpt><trkpt lat="37.15640299999999" lon="34.72000199999995"><ele>551.279</ele><time>2025-06-14T06:39:59Z</time></trkpt><trkpt lat="37.15635899999999" lon="34.71997899999995"><ele>552.105</ele><time>2025-06-14T06:40:06Z</time></trkpt><trkpt lat="37.15631299999999" lon="34.719955999999954"><ele>553.125</ele><time>2025-06-14T06:40:11Z</time></trkpt><trkpt lat="37.15626799999999" lon="34.71993099999995"><ele>554.309</ele><time>2025-06-14T06:40:16Z</time></trkpt><trkpt lat="37.15621699999999" lon="34.719909999999956"><ele>555.319</ele><time>2025-06-14T06:40:28Z</time></trkpt><trkpt lat="37.15616199999999" lon="34.71988999999996"><ele>556.248</ele><time>2025-06-14T06:40:31Z</time></trkpt><trkpt lat="37.15610499999999" lon="34.719873999999955"><ele>557.774</ele><time>2025-06-14T06:40:34Z</time></trkpt><trkpt lat="37.15606099999999" lon="34.71986399999995"><ele>558.746</ele><time>2025-06-14T06:40:41Z</time></trkpt><trkpt lat="37.15600699999999" lon="34.71985299999995"><ele>559.271</ele><time>2025-06-14T06:40:44Z</time></trkpt><trkpt lat="37.15595699999999" lon="34.71984999999995"><ele>560.277</ele><time>2025-06-14T06:40:47Z</time></trkpt><trkpt lat="37.15590199999998" lon="34.71983599999995"><ele>560.998</ele><time>2025-06-14T06:40:50Z</time></trkpt><trkpt lat="37.15584299999998" lon="34.71982399999995"><ele>561.318</ele><time>2025-06-14T06:40:53Z</time></trkpt><trkpt lat="37.15578099999998" lon="34.71980999999995"><ele>562.430</ele><time>2025-06-14T06:40:56Z</time></trkpt><trkpt lat="37.15571899999998" lon="34.71979599999995"><ele>562.953</ele><time>2025-06-14T06:40:59Z</time></trkpt><trkpt lat="37.155661999999985" lon="34.71976899999995"><ele>563.104</ele><time>2025-06-14T06:41:02Z</time></trkpt><trkpt lat="37.15560399999998" lon="34.71974999999995"><ele>563.414</ele><time>2025-06-14T06:41:05Z</time></trkpt><trkpt lat="37.155549999999984" lon="34.71974399999995"><ele>563.809</ele><time>2025-06-14T06:41:08Z</time></trkpt><trkpt lat="37.15549199999998" lon="34.71974999999995"><ele>564.427</ele><time>2025-06-14T06:41:11Z</time></trkpt><trkpt lat="37.15545099999998" lon="34.719775999999946"><ele>565.116</ele><time>2025-06-14T06:41:13Z</time></trkpt><trkpt lat="37.15540499999998" lon="34.71978099999995"><ele>565.432</ele><time>2025-06-14T06:41:15Z</time></trkpt><trkpt lat="37.15536299999998" lon="34.71980599999995"><ele>565.754</ele><time>2025-06-14T06:41:17Z</time></trkpt><trkpt lat="37.15530199999998" lon="34.71982499999995"><ele>565.829</ele><time>2025-06-14T06:41:20Z</time></trkpt><trkpt lat="37.155248999999976" lon="34.71984399999995"><ele>565.985</ele><time>2025-06-14T06:41:23Z</time></trkpt><trkpt lat="37.155204999999974" lon="34.71985599999995"><ele>566.316</ele><time>2025-06-14T06:41:27Z</time></trkpt><trkpt lat="37.155161999999976" lon="34.71987699999995"><ele>567.186</ele><time>2025-06-14T06:41:30Z</time></trkpt><trkpt lat="37.15510999999998" lon="34.71990099999995"><ele>568.168</ele><time>2025-06-14T06:41:34Z</time></trkpt><trkpt lat="37.15506599999998" lon="34.71992299999995"><ele>568.966</ele><time>2025-06-14T06:41:38Z</time></trkpt><trkpt lat="37.15501099999997" lon="34.71994499999995"><ele>569.529</ele><time>2025-06-14T06:41:42Z</time></trkpt><trkpt lat="37.15495599999997" lon="34.71996199999995"><ele>570.321</ele><time>2025-06-14T06:41:46Z</time></trkpt><trkpt lat="37.15490199999997" lon="34.71998299999995"><ele>571.409</ele><time>2025-06-14T06:41:50Z</time></trkpt><trkpt lat="37.15487199999997" lon="34.72003099999995"><ele>571.578</ele><time>2025-06-14T06:41:54Z</time></trkpt><trkpt lat="37.15483599999997" lon="34.720065999999946"><ele>571.967</ele><time>2025-06-14T06:41:59Z</time></trkpt><trkpt lat="37.15478699999997" lon="34.72005999999995"><ele>572.683</ele><time>2025-06-14T06:42:22Z</time></trkpt><trkpt lat="37.15479399999997" lon="34.720003999999946"><ele>573.715</ele><time>2025-06-14T06:42:25Z</time></trkpt><trkpt lat="37.15481099999997" lon="34.71994899999994"><ele>575.160</ele><time>2025-06-14T06:42:29Z</time></trkpt><trkpt lat="37.15481799999996" lon="34.71988999999994"><ele>576.066</ele><time>2025-06-14T06:42:35Z</time></trkpt><trkpt lat="37.154828999999964" lon="34.71982799999994"><ele>576.527</ele><time>2025-06-14T06:42:53Z</time></trkpt><trkpt lat="37.154811999999964" lon="34.71977299999994"><ele>577.627</ele><time>2025-06-14T06:42:59Z</time></trkpt><trkpt lat="37.15476599999997" lon="34.71978099999994"><ele>579.019</ele><time>2025-06-14T06:43:07Z</time></trkpt><trkpt lat="37.15471999999997" lon="34.71981499999994"><ele>580.394</ele><time>2025-06-14T06:43:33Z</time></trkpt><trkpt lat="37.15467599999997" lon="34.71985199999994"><ele>581.657</ele><time>2025-06-14T06:43:38Z</time></trkpt><trkpt lat="37.154630999999966" lon="34.71987799999994"><ele>582.822</ele><time>2025-06-14T06:43:57Z</time></trkpt><trkpt lat="37.15459999999997" lon="34.71993399999994"><ele>583.709</ele><time>2025-06-14T06:44:01Z</time></trkpt><trkpt lat="37.15457899999997" lon="34.71998699999994"><ele>584.761</ele><time>2025-06-14T06:44:05Z</time></trkpt><trkpt lat="37.15455199999997" lon="34.72003799999994"><ele>585.730</ele><time>2025-06-14T06:44:09Z</time></trkpt><trkpt lat="37.15450699999997" lon="34.72007599999994"><ele>586.396</ele><time>2025-06-14T06:44:14Z</time></trkpt><trkpt lat="37.154473999999965" lon="34.72012399999994"><ele>587.038</ele><time>2025-06-14T06:44:19Z</time></trkpt><trkpt lat="37.154425999999965" lon="34.72016699999994"><ele>587.883</ele><time>2025-06-14T06:44:24Z</time></trkpt><trkpt lat="37.154389999999964" lon="34.72020899999994"><ele>588.859</ele><time>2025-06-14T06:44:31Z</time></trkpt><trkpt lat="37.15435799999997" lon="34.72026399999994"><ele>589.760</ele><time>2025-06-14T06:44:35Z</time></trkpt><trkpt lat="37.15432599999997" lon="34.72031599999994"><ele>590.520</ele><time>2025-06-14T06:44:39Z</time></trkpt><trkpt lat="37.15430499999997" lon="34.72036699999994"><ele>591.232</ele><time>2025-06-14T06:44:43Z</time></trkpt><trkpt lat="37.154275999999975" lon="34.72042099999994"><ele>591.869</ele><time>2025-06-14T06:44:47Z</time></trkpt><trkpt lat="37.154241999999975" lon="34.72047699999994"><ele>592.504</ele><time>2025-06-14T06:44:51Z</time></trkpt><trkpt lat="37.15421799999997" lon="34.72053799999994"><ele>593.424</ele><time>2025-06-14T06:44:57Z</time></trkpt><trkpt lat="37.154185999999974" lon="34.72058699999994"><ele>594.509</ele><time>2025-06-14T06:45:01Z</time></trkpt><trkpt lat="37.15414699999997" lon="34.72062299999994"><ele>595.438</ele><time>2025-06-14T06:45:05Z</time></trkpt><trkpt lat="37.15410499999997" lon="34.72065099999994"><ele>596.197</ele><time>2025-06-14T06:45:08Z</time></trkpt><trkpt lat="37.15406699999997" lon="34.72070399999994"><ele>597.093</ele><time>2025-06-14T06:45:12Z</time></trkpt><trkpt lat="37.15402099999997" lon="34.720744999999944"><ele>598.045</ele><time>2025-06-14T06:45:16Z</time></trkpt><trkpt lat="37.15398299999997" lon="34.72077899999994"><ele>598.770</ele><time>2025-06-14T06:45:20Z</time></trkpt><trkpt lat="37.153938999999966" lon="34.72080299999995"><ele>599.276</ele><time>2025-06-14T06:45:24Z</time></trkpt><trkpt lat="37.15389299999997" lon="34.72082199999995"><ele>599.647</ele><time>2025-06-14T06:45:28Z</time></trkpt><trkpt lat="37.153848999999965" lon="34.72086599999995"><ele>600.267</ele><time>2025-06-14T06:45:32Z</time></trkpt><trkpt lat="37.153814999999966" lon="34.72091299999995"><ele>601.099</ele><time>2025-06-14T06:45:35Z</time></trkpt><trkpt lat="37.153778999999965" lon="34.72095299999995"><ele>601.989</ele><time>2025-06-14T06:45:39Z</time></trkpt><trkpt lat="37.153741999999966" lon="34.72100999999995"><ele>602.806</ele><time>2025-06-14T06:45:43Z</time></trkpt><trkpt lat="37.15371299999997" lon="34.72105599999995"><ele>603.526</ele><time>2025-06-14T06:45:46Z</time></trkpt><trkpt lat="37.15368399999997" lon="34.721098999999946"><ele>604.109</ele><time>2025-06-14T06:45:51Z</time></trkpt><trkpt lat="37.15364699999997" lon="34.72114299999995"><ele>604.610</ele><time>2025-06-14T06:45:55Z</time></trkpt><trkpt lat="37.15362699999997" lon="34.72121399999995"><ele>605.419</ele><time>2025-06-14T06:46:02Z</time></trkpt><trkpt lat="37.15360999999997" lon="34.72114499999994"><ele>606.445</ele><time>2025-06-14T06:46:17Z</time></trkpt><trkpt lat="37.153633999999975" lon="34.72109199999994"><ele>607.487</ele><time>2025-06-14T06:46:21Z</time></trkpt><trkpt lat="37.15360399999997" lon="34.72102299999994"><ele>608.632</ele><time>2025-06-14T06:46:41Z</time></trkpt><trkpt lat="37.153582999999976" lon="34.72095899999994"><ele>608.718</ele><time>2025-06-14T06:46:46Z</time></trkpt><trkpt lat="37.15354499999997" lon="34.720908999999935"><ele>610.129</ele><time>2025-06-14T06:46:53Z</time></trkpt><trkpt lat="37.15350299999997" lon="34.720877999999935"><ele>610.939</ele><time>2025-06-14T06:46:58Z</time></trkpt><trkpt lat="37.153450999999976" lon="34.720855999999934"><ele>612.481</ele><time>2025-06-14T06:47:03Z</time></trkpt><trkpt lat="37.15340499999998" lon="34.72082599999993"><ele>612.729</ele><time>2025-06-14T06:47:14Z</time></trkpt><trkpt lat="37.15336199999998" lon="34.72079699999993"><ele>613.300</ele><time>2025-06-14T06:47:18Z</time></trkpt><trkpt lat="37.15331699999998" lon="34.72075499999993"><ele>614.320</ele><time>2025-06-14T06:47:22Z</time></trkpt><trkpt lat="37.15327499999998" lon="34.72071299999993"><ele>615.209</ele><time>2025-06-14T06:47:26Z</time></trkpt><trkpt lat="37.15324399999998" lon="34.72065099999993"><ele>615.924</ele><time>2025-06-14T06:47:30Z</time></trkpt><trkpt lat="37.15321899999998" lon="34.72059299999993"><ele>617.143</ele><time>2025-06-14T06:47:34Z</time></trkpt><trkpt lat="37.15319699999998" lon="34.72053699999993"><ele>617.739</ele><time>2025-06-14T06:47:38Z</time></trkpt><trkpt lat="37.15316899999998" lon="34.720478999999926"><ele>617.921</ele><time>2025-06-14T06:47:42Z</time></trkpt><trkpt lat="37.15313399999998" lon="34.72042699999993"><ele>618.666</ele><time>2025-06-14T06:47:46Z</time></trkpt><trkpt lat="37.15313299999998" lon="34.72036499999993"><ele>618.932</ele><time>2025-06-14T06:47:50Z</time></trkpt><trkpt lat="37.15311699999998" lon="34.72030899999993"><ele>619.373</ele><time>2025-06-14T06:47:55Z</time></trkpt><trkpt lat="37.15315199999998" lon="34.72035099999993"><ele>619.593</ele><time>2025-06-14T06:47:59Z</time></trkpt><trkpt lat="37.15311199999998" lon="34.72031099999993"><ele>619.915</ele><time>2025-06-14T06:48:03Z</time></trkpt><trkpt lat="37.15314599999998" lon="34.72026899999993"><ele>620.618</ele><time>2025-06-14T06:48:30Z</time></trkpt><trkpt lat="37.15314499999998" lon="34.72020399999993"><ele>621.198</ele><time>2025-06-14T06:48:41Z</time></trkpt><trkpt lat="37.15315199999998" lon="34.72014499999993"><ele>622.017</ele><time>2025-06-14T06:48:43Z</time></trkpt><trkpt lat="37.15316899999998" lon="34.72007999999993"><ele>623.309</ele><time>2025-06-14T06:48:46Z</time></trkpt><trkpt lat="37.15316199999998" lon="34.72002399999993"><ele>624.063</ele><time>2025-06-14T06:48:54Z</time></trkpt><trkpt lat="37.15319499999998" lon="34.71998499999993"><ele>624.762</ele><time>2025-06-14T06:49:12Z</time></trkpt><trkpt lat="37.15317599999998" lon="34.71992599999993"><ele>626.438</ele><time>2025-06-14T06:49:34Z</time></trkpt><trkpt lat="37.15316499999998" lon="34.71986299999993"><ele>628.360</ele><time>2025-06-14T06:49:38Z</time></trkpt><trkpt lat="37.15316499999998" lon="34.71979099999993"><ele>629.245</ele><time>2025-06-14T06:49:43Z</time></trkpt><trkpt lat="37.15318399999998" lon="34.71973499999993"><ele>629.561</ele><time>2025-06-14T06:49:48Z</time></trkpt><trkpt lat="37.15319199999998" lon="34.719665999999926"><ele>630.292</ele><time>2025-06-14T06:49:54Z</time></trkpt><trkpt lat="37.15320299999998" lon="34.719606999999925"><ele>631.282</ele><time>2025-06-14T06:50:00Z</time></trkpt><trkpt lat="37.15321299999999" lon="34.71954999999993"><ele>632.364</ele><time>2025-06-14T06:50:07Z</time></trkpt><trkpt lat="37.15325699999999" lon="34.719533999999925"><ele>633.453</ele><time>2025-06-14T06:50:24Z</time></trkpt><trkpt lat="37.15330399999999" lon="34.71953299999993"><ele>634.804</ele><time>2025-06-14T06:50:31Z</time></trkpt><trkpt lat="37.15333699999999" lon="34.71957699999993"><ele>636.714</ele><time>2025-06-14T06:50:37Z</time></trkpt><trkpt lat="37.15337199999999" lon="34.71962599999993"><ele>638.109</ele><time>2025-06-14T06:50:54Z</time></trkpt><trkpt lat="37.15342099999999" lon="34.71963599999993"><ele>639.277</ele><time>2025-06-14T06:51:01Z</time></trkpt><trkpt lat="37.153469999999984" lon="34.71964499999993"><ele>640.876</ele><time>2025-06-14T06:51:07Z</time></trkpt><trkpt lat="37.153497999999985" lon="34.71959599999993"><ele>642.262</ele><time>2025-06-14T06:51:31Z</time></trkpt><trkpt lat="37.15347699999999" lon="34.71954199999993"><ele>643.394</ele><time>2025-06-14T06:51:40Z</time></trkpt><trkpt lat="37.15346899999999" lon="34.71947999999993"><ele>644.879</ele><time>2025-06-14T06:51:49Z</time></trkpt><trkpt lat="37.15348499999999" lon="34.719419999999936"><ele>646.335</ele><time>2025-06-14T06:51:55Z</time></trkpt><trkpt lat="37.15351899999999" lon="34.71936799999994"><ele>646.976</ele><time>2025-06-14T06:52:08Z</time></trkpt><trkpt lat="37.15355699999999" lon="34.71931799999994"><ele>647.216</ele><time>2025-06-14T06:52:16Z</time></trkpt><trkpt lat="37.15358499999999" lon="34.71926699999994"><ele>649.058</ele><time>2025-06-14T06:52:24Z</time></trkpt><trkpt lat="37.15361999999999" lon="34.71922999999994"><ele>651.211</ele><time>2025-06-14T06:52:31Z</time></trkpt><trkpt lat="37.15364899999999" lon="34.71917799999994"><ele>652.921</ele><time>2025-06-14T06:52:40Z</time></trkpt><trkpt lat="37.15368299999999" lon="34.719134999999945"><ele>654.803</ele><time>2025-06-14T06:52:46Z</time></trkpt><trkpt lat="37.15372699999999" lon="34.719106999999944"><ele>656.509</ele><time>2025-06-14T06:52:51Z</time></trkpt><trkpt lat="37.153702999999986" lon="34.719162999999945"><ele>658.093</ele><time>2025-06-14T06:53:06Z</time></trkpt><trkpt lat="37.153700999999984" lon="34.71910199999994"><ele>658.632</ele><time>2025-06-14T06:53:25Z</time></trkpt><trkpt lat="37.153731999999984" lon="34.719055999999945"><ele>658.868</ele><time>2025-06-14T06:53:29Z</time></trkpt><trkpt lat="37.153753999999985" lon="34.71899299999995"><ele>659.110</ele><time>2025-06-14T06:53:33Z</time></trkpt><trkpt lat="37.153776999999984" lon="34.71893599999995"><ele>659.355</ele><time>2025-06-14T06:53:36Z</time></trkpt><trkpt lat="37.15379499999998" lon="34.71887699999995"><ele>659.461</ele><time>2025-06-14T06:53:40Z</time></trkpt><trkpt lat="37.15380699999998" lon="34.71880399999995"><ele>659.562</ele><time>2025-06-14T06:53:45Z</time></trkpt><trkpt lat="37.15384299999998" lon="34.71875199999995"><ele>660.432</ele><time>2025-06-14T06:53:49Z</time></trkpt><trkpt lat="37.15385899999998" lon="34.71869299999995"><ele>661.234</ele><time>2025-06-14T06:53:53Z</time></trkpt><trkpt lat="37.153874999999985" lon="34.71863499999995"><ele>662.231</ele><time>2025-06-14T06:53:57Z</time></trkpt><trkpt lat="37.153871999999986" lon="34.71856799999995"><ele>662.661</ele><time>2025-06-14T06:54:10Z</time></trkpt><trkpt lat="37.15389099999999" lon="34.71851499999995"><ele>662.907</ele><time>2025-06-14T06:54:15Z</time></trkpt><trkpt lat="37.15391799999999" lon="34.718458999999946"><ele>663.809</ele><time>2025-06-14T06:54:21Z</time></trkpt><trkpt lat="37.15393799999999" lon="34.71840399999994"><ele>664.975</ele><time>2025-06-14T06:54:27Z</time></trkpt><trkpt lat="37.15397199999999" lon="34.71836799999994"><ele>665.814</ele><time>2025-06-14T06:54:34Z</time></trkpt><trkpt lat="37.15404299999999" lon="34.71835499999994"><ele>666.430</ele><time>2025-06-14T06:57:08Z</time></trkpt><trkpt lat="37.154091999999984" lon="34.71833999999994"><ele>666.552</ele><time>2025-06-14T06:57:10Z</time></trkpt><trkpt lat="37.15413299999999" lon="34.718304999999944"><ele>666.597</ele><time>2025-06-14T06:57:12Z</time></trkpt><trkpt lat="37.15416599999999" lon="34.71826599999994"><ele>666.513</ele><time>2025-06-14T06:57:14Z</time></trkpt><trkpt lat="37.15421699999999" lon="34.71822099999994"><ele>666.054</ele><time>2025-06-14T06:57:16Z</time></trkpt><trkpt lat="37.15427799999999" lon="34.71818499999994"><ele>665.224</ele><time>2025-06-14T06:57:18Z</time></trkpt><trkpt lat="37.15432599999999" lon="34.71818699999994"><ele>664.396</ele><time>2025-06-14T06:57:21Z</time></trkpt><trkpt lat="37.15437799999999" lon="34.718188999999946"><ele>663.891</ele><time>2025-06-14T06:58:05Z</time></trkpt><trkpt lat="37.15442799999999" lon="34.71817899999994"><ele>662.381</ele><time>2025-06-14T06:58:07Z</time></trkpt><trkpt lat="37.15447499999999" lon="34.718180999999944"><ele>661.519</ele><time>2025-06-14T06:58:09Z</time></trkpt><trkpt lat="37.15451999999999" lon="34.71819099999995"><ele>660.709</ele><time>2025-06-14T06:58:11Z</time></trkpt><trkpt lat="37.15456599999999" lon="34.71820199999995"><ele>660.671</ele><time>2025-06-14T06:58:13Z</time></trkpt><trkpt lat="37.15463299999999" lon="34.718208999999945"><ele>660.320</ele><time>2025-06-14T06:58:15Z</time></trkpt><trkpt lat="37.15469699999999" lon="34.718208999999945"><ele>659.536</ele><time>2025-06-14T06:58:17Z</time></trkpt><trkpt lat="37.15476299999999" lon="34.718183999999944"><ele>659.018</ele><time>2025-06-14T06:58:19Z</time></trkpt><trkpt lat="37.15482699999999" lon="34.718157999999946"><ele>658.563</ele><time>2025-06-14T06:58:21Z</time></trkpt><trkpt lat="37.15488699999999" lon="34.71812799999994"><ele>658.299</ele><time>2025-06-14T06:58:23Z</time></trkpt><trkpt lat="37.154929999999986" lon="34.718107999999944"><ele>657.590</ele><time>2025-06-14T06:58:25Z</time></trkpt><trkpt lat="37.15498299999999" lon="34.718070999999945"><ele>656.720</ele><time>2025-06-14T07:00:00Z</time></trkpt><trkpt lat="37.155031999999984" lon="34.71804399999994"><ele>656.362</ele><time>2025-06-14T07:00:02Z</time></trkpt><trkpt lat="37.15508599999998" lon="34.71801299999994"><ele>653.945</ele><time>2025-06-14T07:00:04Z</time></trkpt><trkpt lat="37.15514499999998" lon="34.71797599999994"><ele>653.247</ele><time>2025-06-14T07:00:06Z</time></trkpt><trkpt lat="37.155208999999985" lon="34.717926999999946"><ele>652.811</ele><time>2025-06-14T07:00:08Z</time></trkpt><trkpt lat="37.15526399999999" lon="34.71786199999995"><ele>652.309</ele><time>2025-06-14T07:00:10Z</time></trkpt><trkpt lat="37.155306999999986" lon="34.717789999999944"><ele>652.166</ele><time>2025-06-14T07:00:12Z</time></trkpt><trkpt lat="37.15534499999999" lon="34.717707999999945"><ele>651.945</ele><time>2025-06-14T07:00:14Z</time></trkpt><trkpt lat="37.15536999999999" lon="34.71762999999994"><ele>651.881</ele><time>2025-06-14T07:00:16Z</time></trkpt><trkpt lat="37.15538699999999" lon="34.717563999999946"><ele>651.873</ele><time>2025-06-14T07:00:18Z</time></trkpt><trkpt lat="37.15541499999999" lon="34.71747099999995"><ele>651.818</ele><time>2025-06-14T07:00:20Z</time></trkpt><trkpt lat="37.15545199999999" lon="34.717367999999944"><ele>651.834</ele><time>2025-06-14T07:00:22Z</time></trkpt><trkpt lat="37.155472999999986" lon="34.717313999999945"><ele>651.635</ele><time>2025-06-14T07:00:23Z</time></trkpt><trkpt lat="37.155495999999985" lon="34.717262999999946"><ele>651.435</ele><time>2025-06-14T07:00:24Z</time></trkpt><trkpt lat="37.155535999999984" lon="34.71716699999995"><ele>651.167</ele><time>2025-06-14T07:00:26Z</time></trkpt><trkpt lat="37.155577999999984" lon="34.717065999999946"><ele>650.694</ele><time>2025-06-14T07:00:28Z</time></trkpt><trkpt lat="37.155599999999986" lon="34.717012999999945"><ele>649.757</ele><time>2025-06-14T07:00:29Z</time></trkpt><trkpt lat="37.15562199999999" lon="34.71696099999995"><ele>648.922</ele><time>2025-06-14T07:00:30Z</time></trkpt><trkpt lat="37.155644999999986" lon="34.716910999999946"><ele>648.509</ele><time>2025-06-14T07:00:31Z</time></trkpt><trkpt lat="37.155669999999986" lon="34.71686199999995"><ele>647.691</ele><time>2025-06-14T07:00:32Z</time></trkpt><trkpt lat="37.155695999999985" lon="34.71681199999995"><ele>647.120</ele><time>2025-06-14T07:00:33Z</time></trkpt><trkpt lat="37.15572599999999" lon="34.71676299999995"><ele>646.656</ele><time>2025-06-14T07:00:34Z</time></trkpt><trkpt lat="37.155793999999986" lon="34.71668199999995"><ele>645.588</ele><time>2025-06-14T07:00:36Z</time></trkpt><trkpt lat="37.15583799999999" lon="34.71664699999995"><ele>644.523</ele><time>2025-06-14T07:00:37Z</time></trkpt><trkpt lat="37.15588799999999" lon="34.716620999999954"><ele>643.549</ele><time>2025-06-14T07:00:38Z</time></trkpt><trkpt lat="37.15594399999999" lon="34.71660299999996"><ele>642.590</ele><time>2025-06-14T07:00:39Z</time></trkpt><trkpt lat="37.15600399999999" lon="34.71659299999995"><ele>641.620</ele><time>2025-06-14T07:00:40Z</time></trkpt><trkpt lat="37.15606299999999" lon="34.716589999999954"><ele>640.852</ele><time>2025-06-14T07:00:41Z</time></trkpt><trkpt lat="37.15611699999999" lon="34.71658799999995"><ele>640.859</ele><time>2025-06-14T07:00:42Z</time></trkpt><trkpt lat="37.156170999999986" lon="34.71658899999995"><ele>640.003</ele><time>2025-06-14T07:00:43Z</time></trkpt><trkpt lat="37.15621999999998" lon="34.71660499999995"><ele>639.123</ele><time>2025-06-14T07:00:44Z</time></trkpt><trkpt lat="37.15626899999998" lon="34.716614999999955"><ele>638.709</ele><time>2025-06-14T07:00:45Z</time></trkpt><trkpt lat="37.15631399999998" lon="34.71662699999995"><ele>638.387</ele><time>2025-06-14T07:00:46Z</time></trkpt><trkpt lat="37.15636199999998" lon="34.71663799999995"><ele>637.986</ele><time>2025-06-14T07:00:47Z</time></trkpt><trkpt lat="37.15640899999998" lon="34.71664999999995"><ele>637.252</ele><time>2025-06-14T07:00:48Z</time></trkpt><trkpt lat="37.15645399999998" lon="34.71665799999995"><ele>636.614</ele><time>2025-06-14T07:00:49Z</time></trkpt><trkpt lat="37.15650299999998" lon="34.71666499999995"><ele>636.349</ele><time>2025-06-14T07:00:50Z</time></trkpt><trkpt lat="37.15655099999998" lon="34.71668199999995"><ele>636.125</ele><time>2025-06-14T07:00:51Z</time></trkpt><trkpt lat="37.15659699999998" lon="34.716688999999946"><ele>635.646</ele><time>2025-06-14T07:00:52Z</time></trkpt><trkpt lat="37.15664199999998" lon="34.71670199999995"><ele>635.116</ele><time>2025-06-14T07:00:53Z</time></trkpt><trkpt lat="37.15673099999998" lon="34.71672899999995"><ele>634.848</ele><time>2025-06-14T07:00:55Z</time></trkpt><trkpt lat="37.15677599999998" lon="34.716741999999954"><ele>634.148</ele><time>2025-06-14T07:00:56Z</time></trkpt><trkpt lat="37.15682699999998" lon="34.71674899999995"><ele>632.661</ele><time>2025-06-14T07:00:57Z</time></trkpt><trkpt lat="37.156875999999976" lon="34.71675599999995"><ele>632.617</ele><time>2025-06-14T07:00:58Z</time></trkpt><trkpt lat="37.15692299999998" lon="34.716761999999946"><ele>631.809</ele><time>2025-06-14T07:00:59Z</time></trkpt><trkpt lat="37.15687799999998" lon="34.71676299999994"><ele>631.476</ele><time>2025-06-14T07:02:43Z</time></trkpt><trkpt lat="37.15693899999998" lon="34.71674699999994"><ele>630.725</ele><time>2025-06-14T07:02:50Z</time></trkpt><trkpt lat="37.15698099999998" lon="34.71672299999994"><ele>629.441</ele><time>2025-06-14T07:02:52Z</time></trkpt><trkpt lat="37.15702499999998" lon="34.71670499999994"><ele>628.573</ele><time>2025-06-14T07:02:54Z</time></trkpt><trkpt lat="37.15707599999998" lon="34.71667999999994"><ele>628.528</ele><time>2025-06-14T07:02:56Z</time></trkpt><trkpt lat="37.15712099999998" lon="34.71665899999994"><ele>628.544</ele><time>2025-06-14T07:02:58Z</time></trkpt><trkpt lat="37.157175999999986" lon="34.71662099999994"><ele>628.855</ele><time>2025-06-14T07:04:06Z</time></trkpt><trkpt lat="37.15722899999999" lon="34.71658799999994"><ele>629.735</ele><time>2025-06-14T07:04:08Z</time></trkpt><trkpt lat="37.15728799999999" lon="34.71654899999994"><ele>631.867</ele><time>2025-06-14T07:04:10Z</time></trkpt><trkpt lat="37.15732999999999" lon="34.716501999999934"><ele>632.118</ele><time>2025-06-14T07:04:12Z</time></trkpt><trkpt lat="37.15737199999999" lon="34.71645599999994"><ele>632.598</ele><time>2025-06-14T07:04:14Z</time></trkpt><trkpt lat="37.15741299999999" lon="34.716402999999936"><ele>632.817</ele><time>2025-06-14T07:04:16Z</time></trkpt><trkpt lat="37.15745799999999" lon="34.71635899999993"><ele>633.209</ele><time>2025-06-14T07:04:18Z</time></trkpt><trkpt lat="37.15751099999999" lon="34.716309999999936"><ele>633.843</ele><time>2025-06-14T07:04:20Z</time></trkpt><trkpt lat="37.15755099999999" lon="34.716278999999936"><ele>634.512</ele><time>2025-06-14T07:04:22Z</time></trkpt><trkpt lat="37.15759599999999" lon="34.716248999999934"><ele>634.928</ele><time>2025-06-14T07:04:24Z</time></trkpt><trkpt lat="37.15764399999999" lon="34.71621599999993"><ele>635.440</ele><time>2025-06-14T07:04:25Z</time></trkpt><trkpt lat="37.15770699999999" lon="34.716180999999935"><ele>635.875</ele><time>2025-06-14T07:04:27Z</time></trkpt><trkpt lat="37.15775999999999" lon="34.716152999999935"><ele>636.021</ele><time>2025-06-14T07:04:29Z</time></trkpt><trkpt lat="37.15781499999999" lon="34.716115999999936"><ele>636.562</ele><time>2025-06-14T07:04:31Z</time></trkpt><trkpt lat="37.15787399999999" lon="34.716065999999934"><ele>636.972</ele><time>2025-06-14T07:04:33Z</time></trkpt><trkpt lat="37.15792599999999" lon="34.71600299999994"><ele>637.244</ele><time>2025-06-14T07:04:35Z</time></trkpt><trkpt lat="37.15797899999999" lon="34.71593499999994"><ele>637.753</ele><time>2025-06-14T07:04:37Z</time></trkpt><trkpt lat="37.15802599999999" lon="34.715870999999936"><ele>638.104</ele><time>2025-06-14T07:04:39Z</time></trkpt><trkpt lat="37.15808599999999" lon="34.71580199999993"><ele>638.614</ele><time>2025-06-14T07:04:41Z</time></trkpt><trkpt lat="37.15814699999999" lon="34.71575199999993"><ele>639.009</ele><time>2025-06-14T07:04:43Z</time></trkpt><trkpt lat="37.158213999999994" lon="34.71569599999993"><ele>639.487</ele><time>2025-06-14T07:04:45Z</time></trkpt><trkpt lat="37.158283999999995" lon="34.71566899999993"><ele>639.856</ele><time>2025-06-14T07:04:47Z</time></trkpt><trkpt lat="37.158348" lon="34.71563699999993"><ele>640.392</ele><time>2025-06-14T07:04:49Z</time></trkpt><trkpt lat="37.158409999999996" lon="34.71559399999993"><ele>640.944</ele><time>2025-06-14T07:04:51Z</time></trkpt><trkpt lat="37.158469999999994" lon="34.71554099999993"><ele>641.599</ele><time>2025-06-14T07:04:53Z</time></trkpt><trkpt lat="37.158528999999994" lon="34.71549599999993"><ele>642.255</ele><time>2025-06-14T07:04:55Z</time></trkpt><trkpt lat="37.158587999999995" lon="34.71544899999993"><ele>643.286</ele><time>2025-06-14T07:04:57Z</time></trkpt><trkpt lat="37.158637999999996" lon="34.71540399999993"><ele>644.386</ele><time>2025-06-14T07:04:59Z</time></trkpt><trkpt lat="37.158685" lon="34.71535899999993"><ele>644.878</ele><time>2025-06-14T07:05:01Z</time></trkpt><trkpt lat="37.158733" lon="34.71531999999993"><ele>646.035</ele><time>2025-06-14T07:05:03Z</time></trkpt><trkpt lat="37.158777" lon="34.71526799999993"><ele>647.286</ele><time>2025-06-14T07:05:05Z</time></trkpt><trkpt lat="37.15881" lon="34.71520699999993"><ele>648.514</ele><time>2025-06-14T07:05:07Z</time></trkpt><trkpt lat="37.158861" lon="34.71512499999993"><ele>649.609</ele><time>2025-06-14T07:05:09Z</time></trkpt><trkpt lat="37.158876" lon="34.71506799999993"><ele>650.195</ele><time>2025-06-14T07:05:13Z</time></trkpt><trkpt lat="37.158891" lon="34.714987999999934"><ele>650.934</ele><time>2025-06-14T07:05:16Z</time></trkpt><trkpt lat="37.158896999999996" lon="34.714900999999934"><ele>652.090</ele><time>2025-06-14T07:05:18Z</time></trkpt><trkpt lat="37.15889799999999" lon="34.71481399999993"><ele>652.752</ele><time>2025-06-14T07:05:20Z</time></trkpt><trkpt lat="37.15889799999999" lon="34.71471899999993"><ele>653.687</ele><time>2025-06-14T07:05:22Z</time></trkpt><trkpt lat="37.15886999999999" lon="34.71462999999993"><ele>654.163</ele><time>2025-06-14T07:05:24Z</time></trkpt><trkpt lat="37.158877999999994" lon="34.71455099999993"><ele>654.634</ele><time>2025-06-14T07:05:26Z</time></trkpt><trkpt lat="37.158899999999996" lon="34.71446399999993"><ele>655.294</ele><time>2025-06-14T07:05:28Z</time></trkpt><trkpt lat="37.158947999999995" lon="34.71438499999993"><ele>655.636</ele><time>2025-06-14T07:05:30Z</time></trkpt><trkpt lat="37.159020999999996" lon="34.71433399999993"><ele>655.859</ele><time>2025-06-14T07:05:32Z</time></trkpt><trkpt lat="37.159085999999995" lon="34.71428499999993"><ele>655.903</ele><time>2025-06-14T07:05:34Z</time></trkpt><trkpt lat="37.15911499999999" lon="34.71423699999993"><ele>656.023</ele><time>2025-06-14T07:05:36Z</time></trkpt><trkpt lat="37.159169999999996" lon="34.714204999999936"><ele>656.109</ele><time>2025-06-14T07:05:38Z</time></trkpt><trkpt lat="37.159223" lon="34.71413699999994"><ele>656.137</ele><time>2025-06-14T07:05:41Z</time></trkpt><trkpt lat="37.159285" lon="34.714089999999935"><ele>656.116</ele><time>2025-06-14T07:05:43Z</time></trkpt><trkpt lat="37.159316999999994" lon="34.71404299999993"><ele>656.152</ele><time>2025-06-14T07:05:45Z</time></trkpt><trkpt lat="37.159372" lon="34.71400399999993"><ele>656.254</ele><time>2025-06-14T07:05:47Z</time></trkpt><trkpt lat="37.159425999999996" lon="34.71393899999993"><ele>656.329</ele><time>2025-06-14T07:05:49Z</time></trkpt><trkpt lat="37.159485999999994" lon="34.71387099999993"><ele>656.325</ele><time>2025-06-14T07:05:51Z</time></trkpt><trkpt lat="37.159521999999996" lon="34.71383499999993"><ele>656.356</ele><time>2025-06-14T07:05:52Z</time></trkpt><trkpt lat="37.159583999999995" lon="34.71375899999993"><ele>656.326</ele><time>2025-06-14T07:05:54Z</time></trkpt><trkpt lat="37.159648" lon="34.71368999999993"><ele>656.388</ele><time>2025-06-14T07:05:56Z</time></trkpt><trkpt lat="37.159699999999994" lon="34.71364099999993"><ele>656.322</ele><time>2025-06-14T07:05:58Z</time></trkpt><trkpt lat="37.15976299999999" lon="34.71358799999993"><ele>656.362</ele><time>2025-06-14T07:06:00Z</time></trkpt><trkpt lat="37.15983399999999" lon="34.71353199999993"><ele>656.208</ele><time>2025-06-14T07:06:02Z</time></trkpt><trkpt lat="37.15990699999999" lon="34.71348899999993"><ele>655.909</ele><time>2025-06-14T07:06:04Z</time></trkpt><trkpt lat="37.15996699999999" lon="34.71344499999993"><ele>655.424</ele><time>2025-06-14T07:06:06Z</time></trkpt><trkpt lat="37.16001199999999" lon="34.71340999999993"><ele>654.833</ele><time>2025-06-14T07:06:08Z</time></trkpt><trkpt lat="37.160065999999986" lon="34.713357999999936"><ele>654.219</ele><time>2025-06-14T07:06:10Z</time></trkpt><trkpt lat="37.16012999999999" lon="34.713298999999935"><ele>653.961</ele><time>2025-06-14T07:06:12Z</time></trkpt><trkpt lat="37.16017199999999" lon="34.71325599999994"><ele>653.796</ele><time>2025-06-14T07:06:14Z</time></trkpt><trkpt lat="37.16023099999999" lon="34.71321099999994"><ele>653.542</ele><time>2025-06-14T07:06:17Z</time></trkpt><trkpt lat="37.16027699999999" lon="34.713160999999936"><ele>653.553</ele><time>2025-06-14T07:06:19Z</time></trkpt><trkpt lat="37.16033499999999" lon="34.71310899999994"><ele>653.543</ele><time>2025-06-14T07:06:21Z</time></trkpt><trkpt lat="37.16039199999999" lon="34.713064999999936"><ele>653.635</ele><time>2025-06-14T07:06:23Z</time></trkpt><trkpt lat="37.16044299999999" lon="34.71302199999994"><ele>653.979</ele><time>2025-06-14T07:06:25Z</time></trkpt><trkpt lat="37.16049599999999" lon="34.71296999999994"><ele>654.205</ele><time>2025-06-14T07:06:27Z</time></trkpt><trkpt lat="37.16056099999999" lon="34.71291099999994"><ele>654.625</ele><time>2025-06-14T07:06:29Z</time></trkpt><trkpt lat="37.16062799999999" lon="34.71285599999994"><ele>655.009</ele><time>2025-06-14T07:06:31Z</time></trkpt><trkpt lat="37.160687999999986" lon="34.71279599999994"><ele>655.339</ele><time>2025-06-14T07:06:33Z</time></trkpt><trkpt lat="37.160747999999984" lon="34.71273199999994"><ele>655.418</ele><time>2025-06-14T07:06:35Z</time></trkpt><trkpt lat="37.160811999999986" lon="34.71266799999994"><ele>655.444</ele><time>2025-06-14T07:06:37Z</time></trkpt><trkpt lat="37.16087299999999" lon="34.71259999999994"><ele>655.326</ele><time>2025-06-14T07:06:39Z</time></trkpt><trkpt lat="37.16093099999999" lon="34.712530999999935"><ele>655.371</ele><time>2025-06-14T07:06:41Z</time></trkpt><trkpt lat="37.16097899999999" lon="34.71245399999994"><ele>655.317</ele><time>2025-06-14T07:06:43Z</time></trkpt><trkpt lat="37.16102399999999" lon="34.712369999999936"><ele>655.438</ele><time>2025-06-14T07:06:45Z</time></trkpt><trkpt lat="37.16107599999999" lon="34.71228399999993"><ele>655.628</ele><time>2025-06-14T07:06:47Z</time></trkpt><trkpt lat="37.16111399999999" lon="34.712215999999934"><ele>655.880</ele><time>2025-06-14T07:06:49Z</time></trkpt><trkpt lat="37.16116199999999" lon="34.71216299999993"><ele>656.033</ele><time>2025-06-14T07:06:51Z</time></trkpt><trkpt lat="37.16121199999999" lon="34.71210699999993"><ele>656.223</ele><time>2025-06-14T07:06:53Z</time></trkpt><trkpt lat="37.16125999999999" lon="34.71204899999993"><ele>656.315</ele><time>2025-06-14T07:06:55Z</time></trkpt><trkpt lat="37.16131399999999" lon="34.71198999999993"><ele>656.609</ele><time>2025-06-14T07:06:57Z</time></trkpt><trkpt lat="37.16137399999999" lon="34.71192599999993"><ele>656.995</ele><time>2025-06-14T07:06:59Z</time></trkpt><trkpt lat="37.161436999999985" lon="34.71186999999993"><ele>657.164</ele><time>2025-06-14T07:07:01Z</time></trkpt><trkpt lat="37.161507999999984" lon="34.71181899999993"><ele>657.550</ele><time>2025-06-14T07:07:03Z</time></trkpt><trkpt lat="37.161552999999984" lon="34.711779999999926"><ele>657.912</ele><time>2025-06-14T07:07:05Z</time></trkpt><trkpt lat="37.16161899999998" lon="34.71175099999993"><ele>658.247</ele><time>2025-06-14T07:07:08Z</time></trkpt><trkpt lat="37.16170299999998" lon="34.71170499999993"><ele>658.693</ele><time>2025-06-14T07:07:10Z</time></trkpt><trkpt lat="37.161757999999985" lon="34.71166099999993"><ele>658.954</ele><time>2025-06-14T07:07:12Z</time></trkpt><trkpt lat="37.16181599999999" lon="34.711616999999926"><ele>659.094</ele><time>2025-06-14T07:07:14Z</time></trkpt><trkpt lat="37.16186599999999" lon="34.711552999999924"><ele>659.066</ele><time>2025-06-14T07:07:16Z</time></trkpt><trkpt lat="37.16189399999999" lon="34.71149699999992"><ele>659.123</ele><time>2025-06-14T07:07:19Z</time></trkpt><trkpt lat="37.16193899999999" lon="34.71142999999992"><ele>659.183</ele><time>2025-06-14T07:07:23Z</time></trkpt><trkpt lat="37.16198899999999" lon="34.711355999999924"><ele>659.611</ele><time>2025-06-14T07:07:25Z</time></trkpt><trkpt lat="37.16204799999999" lon="34.71128299999992"><ele>660.109</ele><time>2025-06-14T07:07:27Z</time></trkpt><trkpt lat="37.16209899999999" lon="34.711219999999926"><ele>660.664</ele><time>2025-06-14T07:07:29Z</time></trkpt><trkpt lat="37.16214599999999" lon="34.711169999999925"><ele>661.173</ele><time>2025-06-14T07:07:31Z</time></trkpt><trkpt lat="37.16218799999999" lon="34.71112699999993"><ele>661.649</ele><time>2025-06-14T07:07:33Z</time></trkpt><trkpt lat="37.16223099999999" lon="34.711084999999926"><ele>662.011</ele><time>2025-06-14T07:07:35Z</time></trkpt><trkpt lat="37.16226999999999" lon="34.71105099999993"><ele>662.776</ele><time>2025-06-14T07:07:36Z</time></trkpt><trkpt lat="37.162313999999995" lon="34.71099699999993"><ele>663.562</ele><time>2025-06-14T07:07:38Z</time></trkpt><trkpt lat="37.16234599999999" lon="34.710932999999926"><ele>663.913</ele><time>2025-06-14T07:07:40Z</time></trkpt><trkpt lat="37.162364999999994" lon="34.71087499999992"><ele>664.853</ele><time>2025-06-14T07:07:42Z</time></trkpt><trkpt lat="37.16238799999999" lon="34.710803999999925"><ele>665.825</ele><time>2025-06-14T07:07:45Z</time></trkpt><trkpt lat="37.16239699999999" lon="34.71073199999992"><ele>666.829</ele><time>2025-06-14T07:07:48Z</time></trkpt><trkpt lat="37.16240399999999" lon="34.710629999999924"><ele>667.800</ele><time>2025-06-14T07:07:51Z</time></trkpt><trkpt lat="37.16241799999999" lon="34.71051299999992"><ele>669.720</ele><time>2025-06-14T07:07:54Z</time></trkpt><trkpt lat="37.16243099999999" lon="34.710429999999924"><ele>670.909</ele><time>2025-06-14T07:07:56Z</time></trkpt><trkpt lat="37.162443999999994" lon="34.71036099999992"><ele>671.974</ele><time>2025-06-14T07:07:58Z</time></trkpt><trkpt lat="37.162431999999995" lon="34.71043399999992"><ele>672.763</ele><time>2025-06-14T07:09:32Z</time></trkpt><trkpt lat="37.162443999999994" lon="34.710370999999924"><ele>673.179</ele><time>2025-06-14T07:09:43Z</time></trkpt><trkpt lat="37.16246199999999" lon="34.71028199999992"><ele>673.891</ele><time>2025-06-14T07:09:45Z</time></trkpt><trkpt lat="37.16248699999999" lon="34.71023099999992"><ele>674.196</ele><time>2025-06-14T07:09:47Z</time></trkpt><trkpt lat="37.16252099999999" lon="34.71019299999992"><ele>674.292</ele><time>2025-06-14T07:09:49Z</time></trkpt><trkpt lat="37.16256799999999" lon="34.71019199999992"><ele>674.573</ele><time>2025-06-14T07:09:52Z</time></trkpt><trkpt lat="37.16259599999999" lon="34.71024499999992"><ele>675.073</ele><time>2025-06-14T07:09:57Z</time></trkpt><trkpt lat="37.162611999999996" lon="34.71030199999992"><ele>675.815</ele><time>2025-06-14T07:10:58Z</time></trkpt><trkpt lat="37.162659" lon="34.71032899999992"><ele>676.854</ele><time>2025-06-14T07:11:03Z</time></trkpt><trkpt lat="37.162647" lon="34.710263999999924"><ele>677.256</ele><time>2025-06-14T07:11:15Z</time></trkpt><trkpt lat="37.162617" lon="34.71022199999992"><ele>677.211</ele><time>2025-06-14T07:11:18Z</time></trkpt><trkpt lat="37.162594" lon="34.710173999999924"><ele>677.309</ele><time>2025-06-14T07:11:22Z</time></trkpt><trkpt lat="37.162594999999996" lon="34.710114999999924"><ele>677.417</ele><time>2025-06-14T07:11:27Z</time></trkpt><trkpt lat="37.162617999999995" lon="34.71005699999992"><ele>677.546</ele><time>2025-06-14T07:11:43Z</time></trkpt><trkpt lat="37.162665999999994" lon="34.71004699999992"><ele>677.882</ele><time>2025-06-14T07:11:50Z</time></trkpt><trkpt lat="37.162699999999994" lon="34.710008999999914"><ele>678.114</ele><time>2025-06-14T07:11:54Z</time></trkpt><trkpt lat="37.16274599999999" lon="34.709982999999916"><ele>678.639</ele><time>2025-06-14T07:11:58Z</time></trkpt><trkpt lat="37.16278499999999" lon="34.70994199999991"><ele>679.085</ele><time>2025-06-14T07:12:03Z</time></trkpt><trkpt lat="37.16281999999999" lon="34.70990599999991"><ele>679.266</ele><time>2025-06-14T07:12:08Z</time></trkpt><trkpt lat="37.16285699999999" lon="34.709870999999914"><ele>679.876</ele><time>2025-06-14T07:12:22Z</time></trkpt><trkpt lat="37.162905999999985" lon="34.70986999999992"><ele>680.618</ele><time>2025-06-14T07:12:25Z</time></trkpt><trkpt lat="37.16295199999998" lon="34.70985299999992"><ele>681.126</ele><time>2025-06-14T07:12:28Z</time></trkpt><trkpt lat="37.16300599999998" lon="34.70982999999992"><ele>681.447</ele><time>2025-06-14T07:12:32Z</time></trkpt><trkpt lat="37.163049999999984" lon="34.70979599999992"><ele>681.611</ele><time>2025-06-14T07:12:41Z</time></trkpt><trkpt lat="37.163099999999986" lon="34.70977399999992"><ele>682.009</ele><time>2025-06-14T07:12:45Z</time></trkpt><trkpt lat="37.16314599999998" lon="34.70975299999992"><ele>682.744</ele><time>2025-06-14T07:12:49Z</time></trkpt><trkpt lat="37.163184999999984" lon="34.70972299999992"><ele>683.333</ele><time>2025-06-14T07:12:52Z</time></trkpt><trkpt lat="37.16323399999998" lon="34.70968599999992"><ele>683.739</ele><time>2025-06-14T07:12:56Z</time></trkpt><trkpt lat="37.16327599999998" lon="34.70965399999992"><ele>684.271</ele><time>2025-06-14T07:13:01Z</time></trkpt><trkpt lat="37.16331899999998" lon="34.709621999999925"><ele>684.726</ele><time>2025-06-14T07:13:05Z</time></trkpt><trkpt lat="37.16337299999998" lon="34.70961999999992"><ele>685.122</ele><time>2025-06-14T07:13:09Z</time></trkpt><trkpt lat="37.16342799999998" lon="34.70962099999992"><ele>685.493</ele><time>2025-06-14T07:13:19Z</time></trkpt><trkpt lat="37.16347899999998" lon="34.70964099999992"><ele>685.513</ele><time>2025-06-14T07:13:26Z</time></trkpt><trkpt lat="37.16351299999998" lon="34.70968699999992"><ele>685.555</ele><time>2025-06-14T07:13:35Z</time></trkpt><trkpt lat="37.16355699999998" lon="34.709735999999914"><ele>685.515</ele><time>2025-06-14T07:14:01Z</time></trkpt><trkpt lat="37.16359999999998" lon="34.709785999999916"><ele>684.365</ele><time>2025-06-14T07:14:05Z</time></trkpt><trkpt lat="37.163643999999984" lon="34.709828999999914"><ele>683.111</ele><time>2025-06-14T07:14:16Z</time></trkpt><trkpt lat="37.16365099999998" lon="34.70989199999991"><ele>681.609</ele><time>2025-06-14T07:14:33Z</time></trkpt><trkpt lat="37.16364899999998" lon="34.70995299999991"><ele>679.973</ele><time>2025-06-14T07:15:02Z</time></trkpt><trkpt lat="37.16359699999998" lon="34.709932999999914"><ele>679.142</ele><time>2025-06-14T07:15:40Z</time></trkpt><trkpt lat="37.16355199999998" lon="34.709929999999915"><ele>677.098</ele><time>2025-06-14T07:16:28Z</time></trkpt><trkpt lat="37.16351299999998" lon="34.70997599999991"><ele>675.470</ele><time>2025-06-14T07:17:11Z</time></trkpt><trkpt lat="37.16349499999998" lon="34.71003299999991"><ele>674.575</ele><time>2025-06-14T07:17:23Z</time></trkpt><trkpt lat="37.16345299999998" lon="34.71006299999991"><ele>673.461</ele><time>2025-06-14T07:17:39Z</time></trkpt><trkpt lat="37.163468999999985" lon="34.710131999999916"><ele>671.872</ele><time>2025-06-14T07:18:01Z</time></trkpt><trkpt lat="37.163482999999985" lon="34.710185999999915"><ele>669.712</ele><time>2025-06-14T07:18:26Z</time></trkpt><trkpt lat="37.16351299999999" lon="34.71024099999992"><ele>668.144</ele><time>2025-06-14T07:18:37Z</time></trkpt><trkpt lat="37.16355199999999" lon="34.710283999999916"><ele>666.249</ele><time>2025-06-14T07:19:01Z</time></trkpt><trkpt lat="37.16358799999999" lon="34.71032199999992"><ele>664.402</ele><time>2025-06-14T07:19:12Z</time></trkpt><trkpt lat="37.16356099999999" lon="34.71036999999992"><ele>662.122</ele><time>2025-06-14T07:19:17Z</time></trkpt><trkpt lat="37.163550999999984" lon="34.71042599999992"><ele>660.009</ele><time>2025-06-14T07:19:33Z</time></trkpt><trkpt lat="37.16354299999998" lon="34.71049499999992"><ele>659.046</ele><time>2025-06-14T07:19:47Z</time></trkpt><trkpt lat="37.163578999999984" lon="34.71053299999993"><ele>657.455</ele><time>2025-06-14T07:20:07Z</time></trkpt><trkpt lat="37.163626999999984" lon="34.71056399999993"><ele>655.581</ele><time>2025-06-14T07:20:15Z</time></trkpt><trkpt lat="37.16367099999999" lon="34.71057999999993"><ele>653.243</ele><time>2025-06-14T07:20:25Z</time></trkpt><trkpt lat="37.16372299999998" lon="34.71059299999993"><ele>650.998</ele><time>2025-06-14T07:20:29Z</time></trkpt><trkpt lat="37.163741999999985" lon="34.71064399999993"><ele>649.124</ele><time>2025-06-14T07:20:39Z</time></trkpt><trkpt lat="37.16375499999999" lon="34.710698999999934"><ele>647.925</ele><time>2025-06-14T07:20:49Z</time></trkpt><trkpt lat="37.16375799999999" lon="34.71076499999993"><ele>646.975</ele><time>2025-06-14T07:21:06Z</time></trkpt><trkpt lat="37.16375699999999" lon="34.71082899999993"><ele>645.077</ele><time>2025-06-14T07:21:09Z</time></trkpt><trkpt lat="37.16377699999999" lon="34.710886999999936"><ele>643.172</ele><time>2025-06-14T07:21:13Z</time></trkpt><trkpt lat="37.16380299999999" lon="34.71093599999993"><ele>642.013</ele><time>2025-06-14T07:21:22Z</time></trkpt><trkpt lat="37.163808999999986" lon="34.71099599999993"><ele>640.714</ele><time>2025-06-14T07:21:36Z</time></trkpt><trkpt lat="37.163820999999984" lon="34.71107999999993"><ele>638.409</ele><time>2025-06-14T07:21:38Z</time></trkpt><trkpt lat="37.163853999999986" lon="34.71116499999993"><ele>635.829</ele><time>2025-06-14T07:21:40Z</time></trkpt><trkpt lat="37.163854999999984" lon="34.71123199999993"><ele>635.348</ele><time>2025-06-14T07:21:42Z</time></trkpt><trkpt lat="37.163859999999985" lon="34.71130999999993"><ele>634.974</ele><time>2025-06-14T07:21:44Z</time></trkpt><trkpt lat="37.163873999999986" lon="34.711373999999935"><ele>633.856</ele><time>2025-06-14T07:21:47Z</time></trkpt><trkpt lat="37.16388399999999" lon="34.71143099999993"><ele>632.711</ele><time>2025-06-14T07:21:59Z</time></trkpt><trkpt lat="37.16388999999999" lon="34.711489999999934"><ele>632.167</ele><time>2025-06-14T07:22:02Z</time></trkpt><trkpt lat="37.16385599999999" lon="34.71155299999993"><ele>630.778</ele><time>2025-06-14T07:22:06Z</time></trkpt><trkpt lat="37.16380199999999" lon="34.71159499999993"><ele>630.548</ele><time>2025-06-14T07:22:15Z</time></trkpt><trkpt lat="37.16373699999999" lon="34.71165799999993"><ele>629.730</ele><time>2025-06-14T07:22:17Z</time></trkpt><trkpt lat="37.16369199999999" lon="34.71168099999993"><ele>629.153</ele><time>2025-06-14T07:22:19Z</time></trkpt><trkpt lat="37.16364999999999" lon="34.71172799999993"><ele>628.804</ele><time>2025-06-14T07:22:22Z</time></trkpt><trkpt lat="37.16361899999999" lon="34.71178499999993"><ele>628.214</ele><time>2025-06-14T07:22:45Z</time></trkpt><trkpt lat="37.16360299999999" lon="34.711867999999924"><ele>627.309</ele><time>2025-06-14T07:22:47Z</time></trkpt><trkpt lat="37.16356799999999" lon="34.71195599999992"><ele>626.897</ele><time>2025-06-14T07:22:49Z</time></trkpt><trkpt lat="37.163532999999994" lon="34.71200699999992"><ele>626.676</ele><time>2025-06-14T07:22:51Z</time></trkpt><trkpt lat="37.163495999999995" lon="34.71205299999992"><ele>626.242</ele><time>2025-06-14T07:23:10Z</time></trkpt><trkpt lat="37.163464999999995" lon="34.71210799999992"><ele>625.574</ele><time>2025-06-14T07:23:14Z</time></trkpt><trkpt lat="37.163439" lon="34.71215399999992"><ele>624.989</ele><time>2025-06-14T07:23:17Z</time></trkpt><trkpt lat="37.163396" lon="34.71219799999992"><ele>624.455</ele><time>2025-06-14T07:23:20Z</time></trkpt><trkpt lat="37.163340999999996" lon="34.71223199999992"><ele>623.776</ele><time>2025-06-14T07:23:24Z</time></trkpt><trkpt lat="37.16327999999999" lon="34.71225999999992"><ele>622.616</ele><time>2025-06-14T07:23:27Z</time></trkpt><trkpt lat="37.163230999999996" lon="34.71229099999992"><ele>621.758</ele><time>2025-06-14T07:23:29Z</time></trkpt><trkpt lat="37.16318699999999" lon="34.71231699999992"><ele>621.464</ele><time>2025-06-14T07:23:31Z</time></trkpt><trkpt lat="37.163154999999996" lon="34.71235899999992"><ele>621.106</ele><time>2025-06-14T07:23:34Z</time></trkpt><trkpt lat="37.163107999999994" lon="34.71239499999992"><ele>620.916</ele><time>2025-06-14T07:23:43Z</time></trkpt><trkpt lat="37.163050999999996" lon="34.71245099999992"><ele>620.009</ele><time>2025-06-14T07:23:45Z</time></trkpt><trkpt lat="37.162994" lon="34.712503999999925"><ele>619.538</ele><time>2025-06-14T07:23:47Z</time></trkpt><trkpt lat="37.16294" lon="34.712562999999925"><ele>619.167</ele><time>2025-06-14T07:23:49Z</time></trkpt><trkpt lat="37.162907" lon="34.71263499999993"><ele>618.583</ele><time>2025-06-14T07:23:52Z</time></trkpt><trkpt lat="37.162851999999994" lon="34.712666999999925"><ele>618.025</ele><time>2025-06-14T07:23:54Z</time></trkpt><trkpt lat="37.16281099999999" lon="34.71273299999992"><ele>617.160</ele><time>2025-06-14T07:23:56Z</time></trkpt><trkpt lat="37.16275699999999" lon="34.71280299999992"><ele>616.886</ele><time>2025-06-14T07:23:58Z</time></trkpt><trkpt lat="37.162713999999994" lon="34.71287899999992"><ele>616.337</ele><time>2025-06-14T07:24:00Z</time></trkpt><trkpt lat="37.16268099999999" lon="34.71296999999992"><ele>615.667</ele><time>2025-06-14T07:24:02Z</time></trkpt><trkpt lat="37.16264399999999" lon="34.71303199999992"><ele>615.059</ele><time>2025-06-14T07:24:04Z</time></trkpt><trkpt lat="37.16260599999999" lon="34.71308299999992"><ele>614.579</ele><time>2025-06-14T07:24:07Z</time></trkpt><trkpt lat="37.16256199999999" lon="34.713131999999916"><ele>614.205</ele><time>2025-06-14T07:24:11Z</time></trkpt><trkpt lat="37.16252399999998" lon="34.71317299999992"><ele>613.725</ele><time>2025-06-14T07:24:14Z</time></trkpt><trkpt lat="37.16248599999998" lon="34.71321899999992"><ele>613.509</ele><time>2025-06-14T07:24:18Z</time></trkpt><trkpt lat="37.16244899999998" lon="34.713264999999915"><ele>613.449</ele><time>2025-06-14T07:24:22Z</time></trkpt><trkpt lat="37.16240599999998" lon="34.71330299999992"><ele>613.458</ele><time>2025-06-14T07:24:36Z</time></trkpt><trkpt lat="37.162370999999986" lon="34.713354999999915"><ele>613.464</ele><time>2025-06-14T07:24:38Z</time></trkpt><trkpt lat="37.162323999999984" lon="34.71340899999991"><ele>613.666</ele><time>2025-06-14T07:24:40Z</time></trkpt><trkpt lat="37.16228499999998" lon="34.71346299999991"><ele>613.661</ele><time>2025-06-14T07:24:42Z</time></trkpt><trkpt lat="37.16225199999998" lon="34.71351999999991"><ele>613.757</ele><time>2025-06-14T07:24:44Z</time></trkpt><trkpt lat="37.16221499999998" lon="34.71355299999991"><ele>613.788</ele><time>2025-06-14T07:24:46Z</time></trkpt><trkpt lat="37.16217599999998" lon="34.71360199999991"><ele>613.868</ele><time>2025-06-14T07:24:48Z</time></trkpt><trkpt lat="37.16213099999998" lon="34.71363799999991"><ele>613.980</ele><time>2025-06-14T07:24:50Z</time></trkpt><trkpt lat="37.16208599999998" lon="34.71368599999991"><ele>613.916</ele><time>2025-06-14T07:24:52Z</time></trkpt><trkpt lat="37.16203899999998" lon="34.71372799999991"><ele>614.076</ele><time>2025-06-14T07:24:54Z</time></trkpt><trkpt lat="37.16199399999998" lon="34.71377599999991"><ele>613.613</ele><time>2025-06-14T07:24:56Z</time></trkpt><trkpt lat="37.16195399999998" lon="34.71381199999991"><ele>613.309</ele><time>2025-06-14T07:24:58Z</time></trkpt><trkpt lat="37.16191199999998" lon="34.713852999999915"><ele>613.353</ele><time>2025-06-14T07:25:00Z</time></trkpt><trkpt lat="37.16186899999998" lon="34.71391299999991"><ele>613.352</ele><time>2025-06-14T07:25:02Z</time></trkpt><trkpt lat="37.16183499999998" lon="34.713976999999915"><ele>613.398</ele><time>2025-06-14T07:25:04Z</time></trkpt><trkpt lat="37.161794999999984" lon="34.714018999999915"><ele>613.320</ele><time>2025-06-14T07:25:06Z</time></trkpt><trkpt lat="37.16176699999998" lon="34.714077999999915"><ele>613.045</ele><time>2025-06-14T07:25:08Z</time></trkpt><trkpt lat="37.16174299999998" lon="34.71415599999992"><ele>613.061</ele><time>2025-06-14T07:25:10Z</time></trkpt><trkpt lat="37.16171899999998" lon="34.71422499999992"><ele>612.912</ele><time>2025-06-14T07:25:12Z</time></trkpt><trkpt lat="37.16168999999998" lon="34.71429899999992"><ele>612.492</ele><time>2025-06-14T07:25:14Z</time></trkpt><trkpt lat="37.16165099999998" lon="34.71436699999992"><ele>611.764</ele><time>2025-06-14T07:25:16Z</time></trkpt><trkpt lat="37.16159199999998" lon="34.71438399999992"><ele>611.138</ele><time>2025-06-14T07:25:18Z</time></trkpt><trkpt lat="37.16153599999998" lon="34.71439199999992"><ele>610.470</ele><time>2025-06-14T07:25:20Z</time></trkpt><trkpt lat="37.16148499999998" lon="34.71442799999992"><ele>610.217</ele><time>2025-06-14T07:25:22Z</time></trkpt><trkpt lat="37.161437999999976" lon="34.71443899999992"><ele>610.209</ele><time>2025-06-14T07:25:24Z</time></trkpt><trkpt lat="37.161392999999975" lon="34.71446899999992"><ele>610.155</ele><time>2025-06-14T07:25:26Z</time></trkpt><trkpt lat="37.16133299999998" lon="34.71449799999992"><ele>610.074</ele><time>2025-06-14T07:25:29Z</time></trkpt><trkpt lat="37.16128799999998" lon="34.71453999999992"><ele>609.970</ele><time>2025-06-14T07:25:32Z</time></trkpt><trkpt lat="37.16124599999998" lon="34.71456599999992"><ele>609.772</ele><time>2025-06-14T07:25:35Z</time></trkpt><trkpt lat="37.16121399999998" lon="34.71461199999992"><ele>609.197</ele><time>2025-06-14T07:25:38Z</time></trkpt><trkpt lat="37.16126299999998" lon="34.71461499999992"><ele>608.553</ele><time>2025-06-14T07:26:51Z</time></trkpt><trkpt lat="37.16132399999998" lon="34.71461199999992"><ele>608.134</ele><time>2025-06-14T07:28:06Z</time></trkpt><trkpt lat="37.16137699999998" lon="34.71460499999992"><ele>607.284</ele><time>2025-06-14T07:28:22Z</time></trkpt><trkpt lat="37.16142299999998" lon="34.71458799999992"><ele>606.116</ele><time>2025-06-14T07:28:33Z</time></trkpt><trkpt lat="37.161471999999975" lon="34.71462199999992"><ele>605.342</ele><time>2025-06-14T07:28:55Z</time></trkpt><trkpt lat="37.16152399999997" lon="34.71465299999992"><ele>603.522</ele><time>2025-06-14T07:28:59Z</time></trkpt><trkpt lat="37.161474999999975" lon="34.71464399999992"><ele>602.614</ele><time>2025-06-14T07:29:11Z</time></trkpt><trkpt lat="37.16152099999997" lon="34.71467499999992"><ele>601.109</ele><time>2025-06-14T07:29:18Z</time></trkpt><trkpt lat="37.16156299999997" lon="34.71470799999992"><ele>600.196</ele><time>2025-06-14T07:29:27Z</time></trkpt><trkpt lat="37.161603999999976" lon="34.714732999999924"><ele>599.695</ele><time>2025-06-14T07:29:48Z</time></trkpt><trkpt lat="37.16165699999998" lon="34.714754999999926"><ele>598.611</ele><time>2025-06-14T07:30:03Z</time></trkpt><trkpt lat="37.16170499999998" lon="34.71476199999992"><ele>596.943</ele><time>2025-06-14T07:30:06Z</time></trkpt><trkpt lat="37.16174099999998" lon="34.71479699999992"><ele>595.358</ele><time>2025-06-14T07:30:16Z</time></trkpt><trkpt lat="37.161783999999976" lon="34.71477799999992"><ele>594.564</ele><time>2025-06-14T07:30:23Z</time></trkpt><trkpt lat="37.16183299999997" lon="34.714784999999914"><ele>594.485</ele><time>2025-06-14T07:30:31Z</time></trkpt><trkpt lat="37.16187899999997" lon="34.714809999999915"><ele>594.315</ele><time>2025-06-14T07:30:34Z</time></trkpt><trkpt lat="37.16193199999997" lon="34.714820999999915"><ele>594.317</ele><time>2025-06-14T07:30:38Z</time></trkpt><trkpt lat="37.161975999999974" lon="34.714834999999916"><ele>594.233</ele><time>2025-06-14T07:30:41Z</time></trkpt><trkpt lat="37.162028999999976" lon="34.71483299999991"><ele>594.023</ele><time>2025-06-14T07:30:45Z</time></trkpt><trkpt lat="37.162076999999975" lon="34.71482199999991"><ele>593.815</ele><time>2025-06-14T07:30:48Z</time></trkpt><trkpt lat="37.16214299999997" lon="34.71479399999991"><ele>593.409</ele><time>2025-06-14T07:30:51Z</time></trkpt><trkpt lat="37.162189999999974" lon="34.71476099999991"><ele>593.295</ele><time>2025-06-14T07:30:53Z</time></trkpt><trkpt lat="37.162242999999975" lon="34.71473399999991"><ele>593.024</ele><time>2025-06-14T07:30:55Z</time></trkpt><trkpt lat="37.16229599999998" lon="34.71472599999991"><ele>592.840</ele><time>2025-06-14T07:30:56Z</time></trkpt><trkpt lat="37.16234499999997" lon="34.714714999999906"><ele>592.342</ele><time>2025-06-14T07:30:57Z</time></trkpt><trkpt lat="37.16239099999997" lon="34.714692999999905"><ele>592.127</ele><time>2025-06-14T07:30:58Z</time></trkpt><trkpt lat="37.162459999999975" lon="34.7146629999999"><ele>591.573</ele><time>2025-06-14T07:31:00Z</time></trkpt><trkpt lat="37.162501999999975" lon="34.7146239999999"><ele>591.154</ele><time>2025-06-14T07:31:01Z</time></trkpt><trkpt lat="37.16256799999997" lon="34.7145799999999"><ele>590.194</ele><time>2025-06-14T07:31:03Z</time></trkpt><trkpt lat="37.16260999999997" lon="34.7145519999999"><ele>589.726</ele><time>2025-06-14T07:31:04Z</time></trkpt><trkpt lat="37.16267799999997" lon="34.7145059999999"><ele>588.788</ele><time>2025-06-14T07:31:06Z</time></trkpt><trkpt lat="37.162735999999974" lon="34.714484999999904"><ele>588.124</ele><time>2025-06-14T07:31:08Z</time></trkpt><trkpt lat="37.16281299999997" lon="34.7144549999999"><ele>587.326</ele><time>2025-06-14T07:31:10Z</time></trkpt><trkpt lat="37.16287299999997" lon="34.7144469999999"><ele>586.409</ele><time>2025-06-14T07:31:12Z</time></trkpt><trkpt lat="37.16295199999997" lon="34.7144489999999"><ele>585.710</ele><time>2025-06-14T07:31:14Z</time></trkpt><trkpt lat="37.163017999999965" lon="34.714433999999905"><ele>584.839</ele><time>2025-06-14T07:31:16Z</time></trkpt><trkpt lat="37.16306199999997" lon="34.71442199999991"><ele>584.465</ele><time>2025-06-14T07:31:18Z</time></trkpt><trkpt lat="37.16310899999997" lon="34.714430999999905"><ele>583.557</ele><time>2025-06-14T07:31:21Z</time></trkpt><trkpt lat="37.16318299999997" lon="34.71442699999991"><ele>582.692</ele><time>2025-06-14T07:31:35Z</time></trkpt><trkpt lat="37.16323599999997" lon="34.714430999999905"><ele>581.538</ele><time>2025-06-14T07:31:36Z</time></trkpt><trkpt lat="37.16335899999997" lon="34.71434799999991"><ele>580.649</ele><time>2025-06-14T07:31:40Z</time></trkpt><trkpt lat="37.16342499999997" lon="34.71435099999991"><ele>580.029</ele><time>2025-06-14T07:31:42Z</time></trkpt><trkpt lat="37.163484999999966" lon="34.714371999999905"><ele>579.051</ele><time>2025-06-14T07:31:44Z</time></trkpt><trkpt lat="37.16354599999997" lon="34.7144489999999"><ele>578.035</ele><time>2025-06-14T07:31:46Z</time></trkpt><trkpt lat="37.163591999999966" lon="34.714509999999905"><ele>577.186</ele><time>2025-06-14T07:31:48Z</time></trkpt><trkpt lat="37.163642999999965" lon="34.714557999999904"><ele>576.414</ele><time>2025-06-14T07:31:50Z</time></trkpt><trkpt lat="37.16371799999997" lon="34.71459899999991"><ele>575.709</ele><time>2025-06-14T07:31:52Z</time></trkpt><trkpt lat="37.163783999999964" lon="34.71462999999991"><ele>574.945</ele><time>2025-06-14T07:31:54Z</time></trkpt><trkpt lat="37.16384199999997" lon="34.71464299999991"><ele>574.074</ele><time>2025-06-14T07:31:56Z</time></trkpt><trkpt lat="37.163907999999964" lon="34.71465899999991"><ele>573.420</ele><time>2025-06-14T07:31:58Z</time></trkpt><trkpt lat="37.16395599999996" lon="34.71467099999991"><ele>573.242</ele><time>2025-06-14T07:32:00Z</time></trkpt><trkpt lat="37.16400099999996" lon="34.714663999999914"><ele>572.377</ele><time>2025-06-14T07:32:01Z</time></trkpt><trkpt lat="37.164056999999964" lon="34.714660999999914"><ele>571.273</ele><time>2025-06-14T07:32:03Z</time></trkpt><trkpt lat="37.164126999999965" lon="34.71465099999991"><ele>570.744</ele><time>2025-06-14T07:32:05Z</time></trkpt><trkpt lat="37.16417699999997" lon="34.71468499999991"><ele>569.934</ele><time>2025-06-14T07:32:07Z</time></trkpt><trkpt lat="37.16423299999997" lon="34.71468299999991"><ele>569.336</ele><time>2025-06-14T07:32:09Z</time></trkpt><trkpt lat="37.164286999999966" lon="34.71470499999991"><ele>568.789</ele><time>2025-06-14T07:32:11Z</time></trkpt><trkpt lat="37.16433899999996" lon="34.71476699999991"><ele>567.906</ele><time>2025-06-14T07:32:13Z</time></trkpt><trkpt lat="37.164374999999964" lon="34.71480999999991"><ele>567.026</ele><time>2025-06-14T07:32:15Z</time></trkpt><trkpt lat="37.164390999999966" lon="34.71488199999991"><ele>566.509</ele><time>2025-06-14T07:32:17Z</time></trkpt><trkpt lat="37.16441299999997" lon="34.71494399999991"><ele>565.670</ele><time>2025-06-14T07:32:19Z</time></trkpt><trkpt lat="37.16444599999997" lon="34.71502499999991"><ele>564.749</ele><time>2025-06-14T07:32:21Z</time></trkpt><trkpt lat="37.16444399999997" lon="34.71511299999991"><ele>563.875</ele><time>2025-06-14T07:32:24Z</time></trkpt><trkpt lat="37.164393999999966" lon="34.71514099999991"><ele>562.997</ele><time>2025-06-14T07:32:27Z</time></trkpt><trkpt lat="37.16443499999997" lon="34.71517799999991"><ele>561.432</ele><time>2025-06-14T07:32:34Z</time></trkpt><trkpt lat="37.16445099999997" lon="34.71523299999991"><ele>560.078</ele><time>2025-06-14T07:32:35Z</time></trkpt><trkpt lat="37.16449699999997" lon="34.71520899999991"><ele>558.689</ele><time>2025-06-14T07:32:40Z</time></trkpt><trkpt lat="37.16453899999997" lon="34.71523799999991"><ele>558.629</ele><time>2025-06-14T07:32:44Z</time></trkpt><trkpt lat="37.16449199999997" lon="34.71525099999991"><ele>558.691</ele><time>2025-06-14T07:39:15Z</time></trkpt><trkpt lat="37.16444299999997" lon="34.71522599999991"><ele>558.696</ele><time>2025-06-14T07:39:23Z</time></trkpt><trkpt lat="37.16440099999997" lon="34.715198999999906"><ele>558.631</ele><time>2025-06-14T07:39:30Z</time></trkpt><trkpt lat="37.16434699999997" lon="34.715215999999906"><ele>558.624</ele><time>2025-06-14T07:40:51Z</time></trkpt><trkpt lat="37.16428999999997" lon="34.715258999999904"><ele>558.609</ele><time>2025-06-14T07:40:54Z</time></trkpt><trkpt lat="37.16423199999997" lon="34.7152959999999"><ele>556.371</ele><time>2025-06-14T07:40:56Z</time></trkpt><trkpt lat="37.16415899999997" lon="34.7153379999999"><ele>556.170</ele><time>2025-06-14T07:40:59Z</time></trkpt><trkpt lat="37.16410299999997" lon="34.715367999999906"><ele>555.196</ele><time>2025-06-14T07:41:01Z</time></trkpt><trkpt lat="37.16403799999997" lon="34.715398999999906"><ele>554.588</ele><time>2025-06-14T07:41:34Z</time></trkpt><trkpt lat="37.16397799999997" lon="34.715429999999905"><ele>553.673</ele><time>2025-06-14T07:41:36Z</time></trkpt><trkpt lat="37.16390299999997" lon="34.715474999999905"><ele>552.669</ele><time>2025-06-14T07:41:38Z</time></trkpt><trkpt lat="37.16382499999997" lon="34.7155179999999"><ele>552.230</ele><time>2025-06-14T07:41:40Z</time></trkpt><trkpt lat="37.163749999999965" lon="34.71555899999991"><ele>552.170</ele><time>2025-06-14T07:41:42Z</time></trkpt><trkpt lat="37.16368599999996" lon="34.71558399999991"><ele>552.032</ele><time>2025-06-14T07:41:44Z</time></trkpt><trkpt lat="37.163617999999964" lon="34.715601999999905"><ele>552.044</ele><time>2025-06-14T07:41:46Z</time></trkpt><trkpt lat="37.163552999999965" lon="34.71561499999991"><ele>552.005</ele><time>2025-06-14T07:41:49Z</time></trkpt><trkpt lat="37.16350699999997" lon="34.71561499999991"><ele>552.015</ele><time>2025-06-14T07:41:51Z</time></trkpt><trkpt lat="37.16346699999997" lon="34.715654999999906"><ele>551.509</ele><time>2025-06-14T07:44:58Z</time></trkpt><trkpt lat="37.16346499999997" lon="34.7157179999999"><ele>550.986</ele><time>2025-06-14T07:45:27Z</time></trkpt><trkpt lat="37.163493999999965" lon="34.7157699999999"><ele>550.195</ele><time>2025-06-14T07:45:32Z</time></trkpt><trkpt lat="37.16351199999996" lon="34.7158459999999"><ele>548.631</ele><time>2025-06-14T07:45:41Z</time></trkpt><trkpt lat="37.16352299999996" lon="34.7159159999999"><ele>547.223</ele><time>2025-06-14T07:45:43Z</time></trkpt><trkpt lat="37.16352299999996" lon="34.7159789999999"><ele>545.598</ele><time>2025-06-14T07:45:45Z</time></trkpt><trkpt lat="37.16354899999996" lon="34.7160549999999"><ele>545.444</ele><time>2025-06-14T07:45:47Z</time></trkpt><trkpt lat="37.16355399999996" lon="34.7161339999999"><ele>544.915</ele><time>2025-06-14T07:45:49Z</time></trkpt><trkpt lat="37.163546999999966" lon="34.7162039999999"><ele>544.015</ele><time>2025-06-14T07:45:51Z</time></trkpt><trkpt lat="37.16353199999997" lon="34.7162719999999"><ele>543.017</ele><time>2025-06-14T07:45:53Z</time></trkpt><trkpt lat="37.16350899999997" lon="34.716328999999895"><ele>542.287</ele><time>2025-06-14T07:45:55Z</time></trkpt><trkpt lat="37.163484999999966" lon="34.716396999999894"><ele>541.842</ele><time>2025-06-14T07:45:58Z</time></trkpt><trkpt lat="37.16347199999996" lon="34.71647699999989"><ele>541.026</ele><time>2025-06-14T07:46:06Z</time></trkpt><trkpt lat="37.163456999999966" lon="34.71655099999989"><ele>539.809</ele><time>2025-06-14T07:46:09Z</time></trkpt><trkpt lat="37.163436999999966" lon="34.71660199999989"><ele>537.930</ele><time>2025-06-14T07:46:19Z</time></trkpt><trkpt lat="37.16341399999997" lon="34.716653999999885"><ele>537.599</ele><time>2025-06-14T07:46:21Z</time></trkpt><trkpt lat="37.16342199999997" lon="34.71672799999988"><ele>535.365</ele><time>2025-06-14T07:46:23Z</time></trkpt><trkpt lat="37.16344199999997" lon="34.71679899999988"><ele>534.997</ele><time>2025-06-14T07:46:25Z</time></trkpt><trkpt lat="37.16344199999997" lon="34.71686399999988"><ele>534.862</ele><time>2025-06-14T07:46:27Z</time></trkpt><trkpt lat="37.163439999999966" lon="34.71692999999988"><ele>533.958</ele><time>2025-06-14T07:46:29Z</time></trkpt><trkpt lat="37.16344199999997" lon="34.716986999999875"><ele>533.489</ele><time>2025-06-14T07:46:31Z</time></trkpt><trkpt lat="37.16344999999997" lon="34.717051999999875"><ele>532.449</ele><time>2025-06-14T07:46:33Z</time></trkpt><trkpt lat="37.163453999999966" lon="34.71711799999987"><ele>531.381</ele><time>2025-06-14T07:46:35Z</time></trkpt><trkpt lat="37.16343299999997" lon="34.71719399999987"><ele>530.176</ele><time>2025-06-14T07:46:37Z</time></trkpt><trkpt lat="37.16341899999997" lon="34.717254999999874"><ele>528.890</ele><time>2025-06-14T07:46:39Z</time></trkpt><trkpt lat="37.16341899999997" lon="34.71732299999987"><ele>526.819</ele><time>2025-06-14T07:46:41Z</time></trkpt><trkpt lat="37.16343299999997" lon="34.71739899999987"><ele>526.209</ele><time>2025-06-14T07:46:43Z</time></trkpt><trkpt lat="37.16346599999997" lon="34.71745799999987"><ele>524.949</ele><time>2025-06-14T07:46:45Z</time></trkpt><trkpt lat="37.16349399999997" lon="34.71751699999987"><ele>523.518</ele><time>2025-06-14T07:46:47Z</time></trkpt><trkpt lat="37.163537999999974" lon="34.71755999999987"><ele>522.344</ele><time>2025-06-14T07:46:49Z</time></trkpt><trkpt lat="37.163565999999975" lon="34.71761599999987"><ele>521.446</ele><time>2025-06-14T07:46:51Z</time></trkpt><trkpt lat="37.16360899999997" lon="34.71766099999987"><ele>520.681</ele><time>2025-06-14T07:46:53Z</time></trkpt><trkpt lat="37.16365499999997" lon="34.717701999999875"><ele>519.777</ele><time>2025-06-14T07:46:55Z</time></trkpt><trkpt lat="37.16368699999997" lon="34.717752999999874"><ele>518.958</ele><time>2025-06-14T07:46:57Z</time></trkpt><trkpt lat="37.16373199999997" lon="34.71778999999987"><ele>518.568</ele><time>2025-06-14T07:46:59Z</time></trkpt><trkpt lat="37.163780999999965" lon="34.71782499999987"><ele>517.750</ele><time>2025-06-14T07:47:01Z</time></trkpt><trkpt lat="37.163828999999964" lon="34.71784899999987"><ele>516.853</ele><time>2025-06-14T07:47:03Z</time></trkpt><trkpt lat="37.16389499999996" lon="34.717847999999876"><ele>516.004</ele><time>2025-06-14T07:47:06Z</time></trkpt><trkpt lat="37.16394099999996" lon="34.71786299999987"><ele>515.114</ele><time>2025-06-14T07:47:08Z</time></trkpt><trkpt lat="37.16399799999996" lon="34.71786999999987"><ele>514.109</ele><time>2025-06-14T07:47:10Z</time></trkpt><trkpt lat="37.16405899999996" lon="34.71785299999987"><ele>513.447</ele><time>2025-06-14T07:47:12Z</time></trkpt><trkpt lat="37.164110999999956" lon="34.71784099999987"><ele>513.046</ele><time>2025-06-14T07:47:14Z</time></trkpt><trkpt lat="37.16417099999995" lon="34.71782099999987"><ele>512.052</ele><time>2025-06-14T07:47:17Z</time></trkpt><trkpt lat="37.16422299999995" lon="34.71779399999987"><ele>511.164</ele><time>2025-06-14T07:47:19Z</time></trkpt><trkpt lat="37.16426999999995" lon="34.71777599999987"><ele>510.229</ele><time>2025-06-14T07:47:21Z</time></trkpt><trkpt lat="37.16431299999995" lon="34.717729999999875"><ele>509.845</ele><time>2025-06-14T07:47:25Z</time></trkpt><trkpt lat="37.16435199999995" lon="34.71768899999987"><ele>509.616</ele><time>2025-06-14T07:47:29Z</time></trkpt><trkpt lat="37.16439499999995" lon="34.71764199999987"><ele>509.576</ele><time>2025-06-14T07:47:33Z</time></trkpt><trkpt lat="37.16444099999995" lon="34.71760499999987"><ele>509.348</ele><time>2025-06-14T07:47:37Z</time></trkpt><trkpt lat="37.16447699999995" lon="34.71755699999987"><ele>509.293</ele><time>2025-06-14T07:47:41Z</time></trkpt><trkpt lat="37.164522999999946" lon="34.71751599999987"><ele>509.165</ele><time>2025-06-14T07:47:45Z</time></trkpt><trkpt lat="37.16456399999995" lon="34.71746599999987"><ele>508.821</ele><time>2025-06-14T07:47:49Z</time></trkpt><trkpt lat="37.16459499999995" lon="34.71741099999986"><ele>508.409</ele><time>2025-06-14T07:47:53Z</time></trkpt><trkpt lat="37.164626999999946" lon="34.717362999999864"><ele>507.711</ele><time>2025-06-14T07:47:57Z</time></trkpt><trkpt lat="37.16465499999995" lon="34.71730999999986"><ele>507.380</ele><time>2025-06-14T07:48:01Z</time></trkpt><trkpt lat="37.164691999999945" lon="34.71726899999986"><ele>506.566</ele><time>2025-06-14T07:49:25Z</time></trkpt><trkpt lat="37.16470999999994" lon="34.71721699999986"><ele>506.178</ele><time>2025-06-14T07:49:27Z</time></trkpt><trkpt lat="37.16474999999994" lon="34.71715599999986"><ele>505.463</ele><time>2025-06-14T07:49:29Z</time></trkpt><trkpt lat="37.16478299999994" lon="34.71711299999986"><ele>504.899</ele><time>2025-06-14T07:49:40Z</time></trkpt><trkpt lat="37.164829999999945" lon="34.71706299999986"><ele>504.560</ele><time>2025-06-14T07:49:42Z</time></trkpt><trkpt lat="37.16490399999994" lon="34.71702299999986"><ele>502.930</ele><time>2025-06-14T07:49:44Z</time></trkpt><trkpt lat="37.164953999999945" lon="34.717004999999865"><ele>502.712</ele><time>2025-06-14T07:49:47Z</time></trkpt><trkpt lat="37.16500799999994" lon="34.716999999999864"><ele>502.226</ele><time>2025-06-14T07:49:51Z</time></trkpt><trkpt lat="37.165049999999944" lon="34.71696999999986"><ele>501.847</ele><time>2025-06-14T07:50:01Z</time></trkpt><trkpt lat="37.165125999999944" lon="34.71697399999986"><ele>501.411</ele><time>2025-06-14T07:50:05Z</time></trkpt><trkpt lat="37.16517199999994" lon="34.716963999999855"><ele>500.509</ele><time>2025-06-14T07:50:07Z</time></trkpt><trkpt lat="37.165232999999944" lon="34.716994999999855"><ele>500.474</ele><time>2025-06-14T07:50:10Z</time></trkpt><trkpt lat="37.165276999999946" lon="34.717017999999854"><ele>500.083</ele><time>2025-06-14T07:50:12Z</time></trkpt><trkpt lat="37.165324999999946" lon="34.71703899999985"><ele>498.629</ele><time>2025-06-14T07:50:14Z</time></trkpt><trkpt lat="37.16539399999995" lon="34.717079999999854"><ele>497.471</ele><time>2025-06-14T07:50:16Z</time></trkpt><trkpt lat="37.16544199999995" lon="34.71710099999985"><ele>496.256</ele><time>2025-06-14T07:50:18Z</time></trkpt><trkpt lat="37.16548499999995" lon="34.71711899999985"><ele>495.292</ele><time>2025-06-14T07:50:21Z</time></trkpt><trkpt lat="37.16553299999995" lon="34.71712899999985"><ele>495.283</ele><time>2025-06-14T07:50:38Z</time></trkpt><trkpt lat="37.16558599999995" lon="34.717152999999854"><ele>495.233</ele><time>2025-06-14T07:50:56Z</time></trkpt><trkpt lat="37.16562999999995" lon="34.71717299999985"><ele>495.455</ele><time>2025-06-14T07:51:09Z</time></trkpt><trkpt lat="37.16567699999995" lon="34.71717699999985"><ele>495.745</ele><time>2025-06-14T07:51:13Z</time></trkpt><trkpt lat="37.16572599999995" lon="34.71715499999985"><ele>496.247</ele><time>2025-06-14T07:51:17Z</time></trkpt><trkpt lat="37.16574499999995" lon="34.71710199999985"><ele>496.611</ele><time>2025-06-14T07:51:23Z</time></trkpt><trkpt lat="37.16574299999995" lon="34.71704199999985"><ele>496.909</ele><time>2025-06-14T07:51:30Z</time></trkpt><trkpt lat="37.16573899999995" lon="34.71698199999985"><ele>497.036</ele><time>2025-06-14T07:51:34Z</time></trkpt><trkpt lat="37.165726999999954" lon="34.71691499999985"><ele>497.075</ele><time>2025-06-14T07:51:38Z</time></trkpt><trkpt lat="37.165715999999954" lon="34.71684999999985"><ele>497.011</ele><time>2025-06-14T07:52:01Z</time></trkpt><trkpt lat="37.16571699999995" lon="34.71678199999985"><ele>496.883</ele><time>2025-06-14T07:52:05Z</time></trkpt><trkpt lat="37.165698999999954" lon="34.71672699999985"><ele>496.868</ele><time>2025-06-14T07:52:08Z</time></trkpt><trkpt lat="37.165689999999955" lon="34.71666499999985"><ele>496.814</ele><time>2025-06-14T07:52:13Z</time></trkpt><trkpt lat="37.16565499999996" lon="34.71661299999985"><ele>496.855</ele><time>2025-06-14T07:52:23Z</time></trkpt><trkpt lat="37.16560499999996" lon="34.71658499999985"><ele>496.985</ele><time>2025-06-14T07:52:25Z</time></trkpt><trkpt lat="37.16556699999995" lon="34.71652699999985"><ele>496.917</ele><time>2025-06-14T07:52:27Z</time></trkpt><trkpt lat="37.165551999999956" lon="34.71644699999985"><ele>496.918</ele><time>2025-06-14T07:52:29Z</time></trkpt><trkpt lat="37.16552599999996" lon="34.71639399999985"><ele>496.998</ele><time>2025-06-14T07:52:31Z</time></trkpt><trkpt lat="37.16551199999996" lon="34.71633899999985"><ele>496.517</ele><time>2025-06-14T07:52:33Z</time></trkpt><trkpt lat="37.165500999999956" lon="34.71628199999985"><ele>496.509</ele><time>2025-06-14T07:52:58Z</time></trkpt><trkpt lat="37.16547999999996" lon="34.71622299999985"><ele>496.593</ele><time>2025-06-14T07:53:02Z</time></trkpt><trkpt lat="37.16547599999996" lon="34.71615199999985"><ele>496.532</ele><time>2025-06-14T07:53:21Z</time></trkpt><trkpt lat="37.16546499999996" lon="34.71609599999985"><ele>496.578</ele><time>2025-06-14T07:53:24Z</time></trkpt><trkpt lat="37.16545699999996" lon="34.71603799999985"><ele>496.670</ele><time>2025-06-14T07:53:38Z</time></trkpt><trkpt lat="37.16544499999996" lon="34.715982999999845"><ele>496.775</ele><time>2025-06-14T07:53:43Z</time></trkpt><trkpt lat="37.16541699999996" lon="34.715928999999846"><ele>496.741</ele><time>2025-06-14T07:53:56Z</time></trkpt><trkpt lat="37.165401999999965" lon="34.715861999999845"><ele>496.972</ele><time>2025-06-14T07:54:01Z</time></trkpt><trkpt lat="37.165390999999964" lon="34.71579299999984"><ele>497.462</ele><time>2025-06-14T07:54:05Z</time></trkpt><trkpt lat="37.165390999999964" lon="34.71571799999984"><ele>497.734</ele><time>2025-06-14T07:54:08Z</time></trkpt><trkpt lat="37.165395999999966" lon="34.71565099999984"><ele>497.914</ele><time>2025-06-14T07:54:10Z</time></trkpt><trkpt lat="37.16541399999996" lon="34.715572999999836"><ele>498.254</ele><time>2025-06-14T07:54:13Z</time></trkpt><trkpt lat="37.165412999999965" lon="34.71550999999984"><ele>498.509</ele><time>2025-06-14T07:54:15Z</time></trkpt><trkpt lat="37.16542599999997" lon="34.71545099999984"><ele>499.109</ele><time>2025-06-14T07:54:17Z</time></trkpt><trkpt lat="37.16543499999997" lon="34.715392999999835"><ele>499.233</ele><time>2025-06-14T07:54:19Z</time></trkpt><trkpt lat="37.165454999999966" lon="34.715339999999834"><ele>499.782</ele><time>2025-06-14T07:54:21Z</time></trkpt><trkpt lat="37.16545999999997" lon="34.71526299999984"><ele>500.458</ele><time>2025-06-14T07:54:24Z</time></trkpt><trkpt lat="37.16545899999997" lon="34.71520099999984"><ele>501.280</ele><time>2025-06-14T07:54:27Z</time></trkpt><trkpt lat="37.16543499999997" lon="34.71514899999984"><ele>502.255</ele><time>2025-06-14T07:54:34Z</time></trkpt><trkpt lat="37.16544899999997" lon="34.71507799999984"><ele>503.291</ele><time>2025-06-14T07:54:37Z</time></trkpt><trkpt lat="37.165435999999964" lon="34.714994999999846"><ele>504.352</ele><time>2025-06-14T07:54:40Z</time></trkpt><trkpt lat="37.16542499999996" lon="34.71492699999985"><ele>504.512</ele><time>2025-06-14T07:54:43Z</time></trkpt><trkpt lat="37.16542299999996" lon="34.714870999999846"><ele>504.874</ele><time>2025-06-14T07:54:45Z</time></trkpt><trkpt lat="37.165401999999965" lon="34.71479699999985"><ele>505.292</ele><time>2025-06-14T07:54:48Z</time></trkpt><trkpt lat="37.16541699999996" lon="34.71472599999985"><ele>505.673</ele><time>2025-06-14T07:54:51Z</time></trkpt><trkpt lat="37.165418999999964" lon="34.71465899999985"><ele>505.920</ele><time>2025-06-14T07:54:54Z</time></trkpt><trkpt lat="37.165443999999965" lon="34.71459899999985"><ele>506.109</ele><time>2025-06-14T07:54:58Z</time></trkpt><trkpt lat="37.16545999999997" lon="34.71454299999985"><ele>506.551</ele><time>2025-06-14T07:55:02Z</time></trkpt><trkpt lat="37.16546499999997" lon="34.71447599999985"><ele>506.990</ele><time>2025-06-14T07:55:07Z</time></trkpt><trkpt lat="37.16546699999997" lon="34.71440199999985"><ele>507.676</ele><time>2025-06-14T07:56:10Z</time></trkpt><trkpt lat="37.165459999999975" lon="34.71432899999985"><ele>508.678</ele><time>2025-06-14T07:56:14Z</time></trkpt><trkpt lat="37.16548599999997" lon="34.71426799999985"><ele>509.453</ele><time>2025-06-14T07:56:19Z</time></trkpt><trkpt lat="37.16552099999997" lon="34.71423099999985"><ele>509.429</ele><time>2025-06-14T07:56:22Z</time></trkpt><trkpt lat="37.16556099999997" lon="34.71420199999985"><ele>509.670</ele><time>2025-06-14T07:56:25Z</time></trkpt><trkpt lat="37.165603999999966" lon="34.71415499999985"><ele>509.620</ele><time>2025-06-14T07:56:28Z</time></trkpt><trkpt lat="37.16564299999997" lon="34.71410899999985"><ele>509.652</ele><time>2025-06-14T07:56:32Z</time></trkpt><trkpt lat="37.165665999999966" lon="34.71405599999985"><ele>509.662</ele><time>2025-06-14T07:56:35Z</time></trkpt><trkpt lat="37.16567599999997" lon="34.71399599999985"><ele>509.183</ele><time>2025-06-14T07:56:39Z</time></trkpt><trkpt lat="37.16569499999997" lon="34.71393099999985"><ele>508.511</ele><time>2025-06-14T07:56:42Z</time></trkpt><trkpt lat="37.16572899999997" lon="34.71386199999985"><ele>508.209</ele><time>2025-06-14T07:56:45Z</time></trkpt><trkpt lat="37.16575799999997" lon="34.71381899999985"><ele>508.288</ele><time>2025-06-14T07:56:47Z</time></trkpt><trkpt lat="37.165786999999966" lon="34.71376599999985"><ele>508.267</ele><time>2025-06-14T07:56:49Z</time></trkpt><trkpt lat="37.16582599999997" lon="34.71371699999985"><ele>508.183</ele><time>2025-06-14T07:56:51Z</time></trkpt><trkpt lat="37.165885999999965" lon="34.713614999999855"><ele>507.755</ele><time>2025-06-14T07:56:53Z</time></trkpt><trkpt lat="37.16591599999997" lon="34.713552999999855"><ele>507.470</ele><time>2025-06-14T07:56:55Z</time></trkpt><trkpt lat="37.16593799999997" lon="34.71348099999985"><ele>507.136</ele><time>2025-06-14T07:56:57Z</time></trkpt><trkpt lat="37.165969999999966" lon="34.71340299999985"><ele>507.167</ele><time>2025-06-14T07:56:59Z</time></trkpt><trkpt lat="37.16600199999996" lon="34.71333099999985"><ele>507.297</ele><time>2025-06-14T07:57:01Z</time></trkpt><trkpt lat="37.166020999999965" lon="34.71327099999985"><ele>507.699</ele><time>2025-06-14T07:57:03Z</time></trkpt><trkpt lat="37.166040999999964" lon="34.713201999999846"><ele>507.838</ele><time>2025-06-14T07:57:05Z</time></trkpt><trkpt lat="37.16607299999996" lon="34.713126999999844"><ele>508.070</ele><time>2025-06-14T07:57:07Z</time></trkpt><trkpt lat="37.16609899999996" lon="34.713064999999844"><ele>508.217</ele><time>2025-06-14T07:57:09Z</time></trkpt><trkpt lat="37.16612299999996" lon="34.71298399999984"><ele>508.309</ele><time>2025-06-14T07:57:11Z</time></trkpt><trkpt lat="37.16613799999996" lon="34.712906999999845"><ele>508.395</ele><time>2025-06-14T07:57:13Z</time></trkpt><trkpt lat="37.16615299999996" lon="34.71284599999984"><ele>508.334</ele><time>2025-06-14T07:57:15Z</time></trkpt><trkpt lat="37.16616299999996" lon="34.71275399999984"><ele>508.250</ele><time>2025-06-14T07:57:17Z</time></trkpt><trkpt lat="37.16615199999996" lon="34.71268399999984"><ele>508.192</ele><time>2025-06-14T07:57:19Z</time></trkpt><trkpt lat="37.16614299999996" lon="34.71261999999984"><ele>508.057</ele><time>2025-06-14T07:57:21Z</time></trkpt><trkpt lat="37.166130999999965" lon="34.71255699999984"><ele>507.913</ele><time>2025-06-14T07:57:23Z</time></trkpt><trkpt lat="37.166110999999965" lon="34.71250399999984"><ele>507.734</ele><time>2025-06-14T07:57:25Z</time></trkpt><trkpt lat="37.166099999999965" lon="34.71244399999984"><ele>507.734</ele><time>2025-06-14T07:57:28Z</time></trkpt><trkpt lat="37.166096999999965" lon="34.71237599999984"><ele>507.666</ele><time>2025-06-14T07:57:32Z</time></trkpt><trkpt lat="37.16612999999997" lon="34.71233199999984"><ele>507.566</ele><time>2025-06-14T07:57:35Z</time></trkpt><trkpt lat="37.166180999999966" lon="34.71230799999984"><ele>507.329</ele><time>2025-06-14T07:57:39Z</time></trkpt><trkpt lat="37.16623099999997" lon="34.71231599999984"><ele>507.021</ele><time>2025-06-14T07:57:48Z</time></trkpt><trkpt lat="37.16628399999997" lon="34.71230799999984"><ele>506.709</ele><time>2025-06-14T07:58:08Z</time></trkpt><trkpt lat="37.16632999999997" lon="34.71232099999984"><ele>506.558</ele><time>2025-06-14T07:58:18Z</time></trkpt><trkpt lat="37.16637999999997" lon="34.71232499999984"><ele>506.557</ele><time>2025-06-14T07:58:52Z</time></trkpt><trkpt lat="37.16642499999997" lon="34.71233599999984"><ele>506.573</ele><time>2025-06-14T07:59:04Z</time></trkpt><trkpt lat="37.16647199999997" lon="34.712311999999834"><ele>506.675</ele><time>2025-06-14T07:59:39Z</time></trkpt><trkpt lat="37.16652199999997" lon="34.712308999999834"><ele>506.810</ele><time>2025-06-14T07:59:44Z</time></trkpt><trkpt lat="37.16656099999997" lon="34.712277999999834"><ele>507.156</ele><time>2025-06-14T07:59:48Z</time></trkpt><trkpt lat="37.166599999999974" lon="34.712316999999835"><ele>507.387</ele><time>2025-06-14T08:00:08Z</time></trkpt><trkpt lat="37.16664599999997" lon="34.71235799999984"><ele>507.427</ele><time>2025-06-14T08:00:11Z</time></trkpt><trkpt lat="37.16668299999997" lon="34.71239099999984"><ele>507.599</ele><time>2025-06-14T08:00:13Z</time></trkpt><trkpt lat="37.16674599999997" lon="34.71242399999984"><ele>507.628</ele><time>2025-06-14T08:00:15Z</time></trkpt><trkpt lat="37.16681399999997" lon="34.71245599999984"><ele>507.689</ele><time>2025-06-14T08:00:17Z</time></trkpt><trkpt lat="37.166876999999964" lon="34.71244599999984"><ele>507.617</ele><time>2025-06-14T08:00:19Z</time></trkpt><trkpt lat="37.16694899999997" lon="34.71246999999984"><ele>507.609</ele><time>2025-06-14T08:00:22Z</time></trkpt><trkpt lat="37.166999999999966" lon="34.71246999999984"><ele>507.674</ele><time>2025-06-14T08:00:24Z</time></trkpt><trkpt lat="37.16704999999997" lon="34.71248299999984"><ele>507.683</ele><time>2025-06-14T08:00:26Z</time></trkpt><trkpt lat="37.167106999999966" lon="34.712495999999845"><ele>507.679</ele><time>2025-06-14T08:00:28Z</time></trkpt><trkpt lat="37.167160999999965" lon="34.712532999999844"><ele>507.651</ele><time>2025-06-14T08:00:30Z</time></trkpt><trkpt lat="37.16721299999996" lon="34.71257699999985"><ele>507.486</ele><time>2025-06-14T08:00:32Z</time></trkpt><trkpt lat="37.16725999999996" lon="34.71261499999985"><ele>507.342</ele><time>2025-06-14T08:00:34Z</time></trkpt><trkpt lat="37.167303999999966" lon="34.71263599999985"><ele>507.363</ele><time>2025-06-14T08:00:36Z</time></trkpt><trkpt lat="37.16734999999996" lon="34.71267699999985"><ele>507.373</ele><time>2025-06-14T08:00:39Z</time></trkpt><trkpt lat="37.16740099999996" lon="34.71270499999985"><ele>507.645</ele><time>2025-06-14T08:00:41Z</time></trkpt><trkpt lat="37.16744999999996" lon="34.71275499999985"><ele>508.262</ele><time>2025-06-14T08:00:44Z</time></trkpt><trkpt lat="37.16749299999996" lon="34.712784999999855"><ele>508.583</ele><time>2025-06-14T08:00:46Z</time></trkpt><trkpt lat="37.16752399999996" lon="34.71282899999986"><ele>508.711</ele><time>2025-06-14T08:00:48Z</time></trkpt><trkpt lat="37.16757099999996" lon="34.71289099999986"><ele>508.909</ele><time>2025-06-14T08:00:51Z</time></trkpt><trkpt lat="37.16757999999996" lon="34.712953999999854"><ele>509.168</ele><time>2025-06-14T08:00:53Z</time></trkpt><trkpt lat="37.16761099999996" lon="34.71300799999985"><ele>509.277</ele><time>2025-06-14T08:00:56Z</time></trkpt><trkpt lat="37.16761099999996" lon="34.71306499999985"><ele>509.573</ele><time>2025-06-14T08:01:00Z</time></trkpt><trkpt lat="37.16762999999996" lon="34.713122999999854"><ele>509.915</ele><time>2025-06-14T08:01:08Z</time></trkpt><trkpt lat="37.16764599999996" lon="34.713192999999855"><ele>510.580</ele><time>2025-06-14T08:01:12Z</time></trkpt><trkpt lat="37.16765799999996" lon="34.71325399999986"><ele>511.286</ele><time>2025-06-14T08:01:16Z</time></trkpt><trkpt lat="37.16766299999996" lon="34.713310999999855"><ele>511.877</ele><time>2025-06-14T08:01:19Z</time></trkpt><trkpt lat="37.16765399999996" lon="34.71337199999986"><ele>512.417</ele><time>2025-06-14T08:01:24Z</time></trkpt><trkpt lat="37.167621999999966" lon="34.71332999999986"><ele>512.959</ele><time>2025-06-14T08:01:50Z</time></trkpt><trkpt lat="37.167599999999965" lon="34.713386999999855"><ele>512.918</ele><time>2025-06-14T08:02:14Z</time></trkpt><trkpt lat="37.16760099999996" lon="34.713310999999855"><ele>512.998</ele><time>2025-06-14T08:02:37Z</time></trkpt><trkpt lat="37.167616999999964" lon="34.713251999999855"><ele>512.717</ele><time>2025-06-14T08:02:42Z</time></trkpt><trkpt lat="37.16760199999997" lon="34.71318299999985"><ele>512.009</ele><time>2025-06-14T08:02:46Z</time></trkpt><trkpt lat="37.16761199999997" lon="34.71311299999985"><ele>511.663</ele><time>2025-06-14T08:02:57Z</time></trkpt><trkpt lat="37.16758199999997" lon="34.71304199999985"><ele>511.532</ele><time>2025-06-14T08:02:59Z</time></trkpt><trkpt lat="37.167540999999964" lon="34.71301199999985"><ele>510.378</ele><time>2025-06-14T08:03:01Z</time></trkpt><trkpt lat="37.167492999999965" lon="34.71293699999985"><ele>510.220</ele><time>2025-06-14T08:03:03Z</time></trkpt><trkpt lat="37.16743299999997" lon="34.71289499999985"><ele>509.845</ele><time>2025-06-14T08:03:06Z</time></trkpt><trkpt lat="37.16735599999997" lon="34.712867999999844"><ele>508.081</ele><time>2025-06-14T08:03:08Z</time></trkpt><trkpt lat="37.16729799999997" lon="34.712836999999844"><ele>506.322</ele><time>2025-06-14T08:03:10Z</time></trkpt><trkpt lat="37.16724099999997" lon="34.71281899999985"><ele>504.742</ele><time>2025-06-14T08:03:12Z</time></trkpt><trkpt lat="37.16719399999997" lon="34.71278999999985"><ele>503.874</ele><time>2025-06-14T08:03:14Z</time></trkpt><trkpt lat="37.167137999999966" lon="34.71275599999985"><ele>502.866</ele><time>2025-06-14T08:03:17Z</time></trkpt><trkpt lat="37.16708699999997" lon="34.71273899999985"><ele>501.029</ele><time>2025-06-14T08:03:19Z</time></trkpt><trkpt lat="37.16703899999997" lon="34.71271399999985"><ele>499.021</ele><time>2025-06-14T08:03:21Z</time></trkpt><trkpt lat="37.16698999999997" lon="34.71270599999985"><ele>498.409</ele><time>2025-06-14T08:03:23Z</time></trkpt><trkpt lat="37.16693999999997" lon="34.71266699999985"><ele>496.818</ele><time>2025-06-14T08:03:26Z</time></trkpt><trkpt lat="37.16688399999997" lon="34.71266899999985"><ele>496.497</ele><time>2025-06-14T08:03:28Z</time></trkpt><trkpt lat="37.16682699999997" lon="34.71267199999985"><ele>495.063</ele><time>2025-06-14T08:03:30Z</time></trkpt><trkpt lat="37.16677099999997" lon="34.71266399999985"><ele>494.765</ele><time>2025-06-14T08:03:32Z</time></trkpt><trkpt lat="37.16671899999997" lon="34.712653999999844"><ele>494.150</ele><time>2025-06-14T08:03:34Z</time></trkpt><trkpt lat="37.16667399999997" lon="34.71265799999984"><ele>493.866</ele><time>2025-06-14T08:03:36Z</time></trkpt><trkpt lat="37.16662299999997" lon="34.71269699999984"><ele>493.297</ele><time>2025-06-14T08:03:39Z</time></trkpt><trkpt lat="37.16658199999997" lon="34.71272599999984"><ele>493.057</ele><time>2025-06-14T08:03:42Z</time></trkpt><trkpt lat="37.16653899999997" lon="34.71274999999984"><ele>492.699</ele><time>2025-06-14T08:03:46Z</time></trkpt><trkpt lat="37.16650199999997" lon="34.71278499999984"><ele>492.065</ele><time>2025-06-14T08:03:49Z</time></trkpt><trkpt lat="37.16647799999997" lon="34.71283499999984"><ele>491.368</ele><time>2025-06-14T08:03:52Z</time></trkpt><trkpt lat="37.16644999999997" lon="34.71287999999984"><ele>490.614</ele><time>2025-06-14T08:03:55Z</time></trkpt><trkpt lat="37.16644799999997" lon="34.71293699999984"><ele>489.909</ele><time>2025-06-14T08:04:46Z</time></trkpt><trkpt lat="37.166448999999965" lon="34.71299499999984"><ele>489.368</ele><time>2025-06-14T08:04:49Z</time></trkpt><trkpt lat="37.16644199999997" lon="34.71307499999984"><ele>488.827</ele><time>2025-06-14T08:04:52Z</time></trkpt><trkpt lat="37.166445999999965" lon="34.71314299999984"><ele>488.543</ele><time>2025-06-14T08:04:54Z</time></trkpt><trkpt lat="37.166454999999964" lon="34.71322499999984"><ele>488.335</ele><time>2025-06-14T08:04:58Z</time></trkpt><trkpt lat="37.16644099999996" lon="34.71328599999984"><ele>488.020</ele><time>2025-06-14T08:05:01Z</time></trkpt><trkpt lat="37.166406999999964" lon="34.71333599999984"><ele>488.016</ele><time>2025-06-14T08:05:05Z</time></trkpt><trkpt lat="37.166369999999965" lon="34.71338799999984"><ele>487.917</ele><time>2025-06-14T08:05:10Z</time></trkpt><trkpt lat="37.166338999999965" lon="34.71344099999984"><ele>487.677</ele><time>2025-06-14T08:05:14Z</time></trkpt><trkpt lat="37.16630699999997" lon="34.71350699999984"><ele>487.089</ele><time>2025-06-14T08:05:19Z</time></trkpt><trkpt lat="37.166270999999966" lon="34.71356599999984"><ele>486.233</ele><time>2025-06-14T08:05:22Z</time></trkpt><trkpt lat="37.166259999999966" lon="34.71363199999983"><ele>485.523</ele><time>2025-06-14T08:05:27Z</time></trkpt><trkpt lat="37.166307999999965" lon="34.713647999999836"><ele>485.115</ele><time>2025-06-14T08:05:33Z</time></trkpt><trkpt lat="37.16635199999997" lon="34.71362199999984"><ele>484.309</ele><time>2025-06-14T08:05:42Z</time></trkpt><trkpt lat="37.16637899999997" lon="34.713560999999835"><ele>484.115</ele><time>2025-06-14T08:05:46Z</time></trkpt><trkpt lat="37.16642999999997" lon="34.713512999999836"><ele>483.314</ele><time>2025-06-14T08:05:49Z</time></trkpt><trkpt lat="37.16646399999997" lon="34.71346999999984"><ele>483.230</ele><time>2025-06-14T08:05:52Z</time></trkpt><trkpt lat="37.16652399999997" lon="34.713431999999834"><ele>482.852</ele><time>2025-06-14T08:05:55Z</time></trkpt><trkpt lat="37.16656899999997" lon="34.713383999999834"><ele>482.157</ele><time>2025-06-14T08:05:58Z</time></trkpt><trkpt lat="37.166588999999966" lon="34.71333199999984"><ele>481.643</ele><time>2025-06-14T08:06:01Z</time></trkpt><trkpt lat="37.166617999999964" lon="34.71327299999984"><ele>481.194</ele><time>2025-06-14T08:06:04Z</time></trkpt><trkpt lat="37.166651999999964" lon="34.71323399999984"><ele>479.954</ele><time>2025-06-14T08:06:06Z</time></trkpt><trkpt lat="37.16669499999996" lon="34.71320999999983"><ele>478.946</ele><time>2025-06-14T08:06:08Z</time></trkpt><trkpt lat="37.16673199999996" lon="34.71324999999983"><ele>477.623</ele><time>2025-06-14T08:06:11Z</time></trkpt><trkpt lat="37.16677899999996" lon="34.713290999999835"><ele>476.483</ele><time>2025-06-14T08:06:15Z</time></trkpt><trkpt lat="37.16683099999996" lon="34.71332399999984"><ele>474.611</ele><time>2025-06-14T08:06:17Z</time></trkpt><trkpt lat="37.16684999999996" lon="34.713377999999835"><ele>472.609</ele><time>2025-06-14T08:06:22Z</time></trkpt><trkpt lat="37.16688999999996" lon="34.71340799999984"><ele>471.314</ele><time>2025-06-14T08:06:29Z</time></trkpt><trkpt lat="37.16687299999996" lon="34.71346099999984"><ele>470.593</ele><time>2025-06-14T08:06:41Z</time></trkpt><trkpt lat="37.16689999999996" lon="34.71351099999984"><ele>469.799</ele><time>2025-06-14T08:06:48Z</time></trkpt><trkpt lat="37.16692299999996" lon="34.71357099999984"><ele>468.821</ele><time>2025-06-14T08:07:03Z</time></trkpt><trkpt lat="37.16694799999996" lon="34.71361899999984"><ele>467.996</ele><time>2025-06-14T08:07:07Z</time></trkpt><trkpt lat="37.16697899999996" lon="34.71366399999984"><ele>465.982</ele><time>2025-06-14T08:07:12Z</time></trkpt><trkpt lat="37.16698999999996" lon="34.71373299999984"><ele>463.963</ele><time>2025-06-14T08:07:16Z</time></trkpt><trkpt lat="37.166985999999966" lon="34.71378999999984"><ele>462.493</ele><time>2025-06-14T08:07:18Z</time></trkpt><trkpt lat="37.167005999999965" lon="34.71385299999984"><ele>460.725</ele><time>2025-06-14T08:07:22Z</time></trkpt><trkpt lat="37.167019999999965" lon="34.71391099999984"><ele>459.815</ele><time>2025-06-14T08:07:26Z</time></trkpt><trkpt lat="37.16704199999997" lon="34.71397399999984"><ele>459.065</ele><time>2025-06-14T08:07:31Z</time></trkpt><trkpt lat="37.167067999999965" lon="34.71402399999984"><ele>458.111</ele><time>2025-06-14T08:07:35Z</time></trkpt><trkpt lat="37.16709699999996" lon="34.71408499999984"><ele>457.009</ele><time>2025-06-14T08:07:39Z</time></trkpt><trkpt lat="37.167135999999964" lon="34.71412399999984"><ele>455.723</ele><time>2025-06-14T08:07:43Z</time></trkpt><trkpt lat="37.16714599999997" lon="34.71417999999984"><ele>454.852</ele><time>2025-06-14T08:07:48Z</time></trkpt><trkpt lat="37.16711399999997" lon="34.714229999999844"><ele>453.838</ele><time>2025-06-14T08:07:54Z</time></trkpt><trkpt lat="37.16706499999997" lon="34.71418399999985"><ele>452.520</ele><time>2025-06-14T08:07:58Z</time></trkpt><trkpt lat="37.16702799999997" lon="34.714133999999845"><ele>451.235</ele><time>2025-06-14T08:08:02Z</time></trkpt><trkpt lat="37.166976999999974" lon="34.71412499999985"><ele>450.471</ele><time>2025-06-14T08:08:09Z</time></trkpt><trkpt lat="37.16692999999997" lon="34.71413199999984"><ele>450.072</ele><time>2025-06-14T08:08:13Z</time></trkpt><trkpt lat="37.166875999999974" lon="34.71413299999984"><ele>449.632</ele><time>2025-06-14T08:08:16Z</time></trkpt><trkpt lat="37.16681499999997" lon="34.71414199999984"><ele>449.024</ele><time>2025-06-14T08:08:21Z</time></trkpt><trkpt lat="37.16675799999997" lon="34.714128999999836"><ele>447.891</ele><time>2025-06-14T08:08:24Z</time></trkpt><trkpt lat="37.16671399999997" lon="34.71415099999984"><ele>447.381</ele><time>2025-06-14T08:08:28Z</time></trkpt><trkpt lat="37.16667399999997" lon="34.714185999999835"><ele>446.319</ele><time>2025-06-14T08:08:31Z</time></trkpt><trkpt lat="37.16665399999997" lon="34.714235999999836"><ele>446.009</ele><time>2025-06-14T08:08:33Z</time></trkpt><trkpt lat="37.166638999999975" lon="34.71429099999984"><ele>445.591</ele><time>2025-06-14T08:08:35Z</time></trkpt><trkpt lat="37.166624999999975" lon="34.71435899999984"><ele>445.020</ele><time>2025-06-14T08:08:37Z</time></trkpt><trkpt lat="37.16659899999998" lon="34.714438999999835"><ele>444.326</ele><time>2025-06-14T08:08:40Z</time></trkpt><trkpt lat="37.16657899999998" lon="34.71451299999983"><ele>443.198</ele><time>2025-06-14T08:08:44Z</time></trkpt><trkpt lat="37.16657899999998" lon="34.71456999999983"><ele>441.843</ele><time>2025-06-14T08:08:47Z</time></trkpt><trkpt lat="37.166584999999976" lon="34.714638999999835"><ele>440.349</ele><time>2025-06-14T08:08:50Z</time></trkpt><trkpt lat="37.16660599999997" lon="34.71468899999984"><ele>438.790</ele><time>2025-06-14T08:09:02Z</time></trkpt><trkpt lat="37.16665399999997" lon="34.71473299999984"><ele>437.840</ele><time>2025-06-14T08:09:17Z</time></trkpt><trkpt lat="37.16668199999997" lon="34.71480699999984"><ele>434.542</ele><time>2025-06-14T08:09:20Z</time></trkpt><trkpt lat="37.166717999999975" lon="34.71486799999984"><ele>432.453</ele><time>2025-06-14T08:09:24Z</time></trkpt><trkpt lat="37.16673399999998" lon="34.71494399999984"><ele>430.604</ele><time>2025-06-14T08:09:29Z</time></trkpt><trkpt lat="37.166754999999974" lon="34.71500099999984"><ele>427.714</ele><time>2025-06-14T08:09:32Z</time></trkpt><trkpt lat="37.16675799999997" lon="34.71506599999984"><ele>425.309</ele><time>2025-06-14T08:09:34Z</time></trkpt><trkpt lat="37.16671399999997" lon="34.71510199999984"><ele>424.657</ele><time>2025-06-14T08:09:42Z</time></trkpt><trkpt lat="37.16670999999997" lon="34.71516099999984"><ele>424.636</ele><time>2025-06-14T08:09:48Z</time></trkpt><trkpt lat="37.166660999999976" lon="34.71519399999984"><ele>424.642</ele><time>2025-06-14T08:09:53Z</time></trkpt><trkpt lat="37.16661799999998" lon="34.71522299999984"><ele>424.574</ele><time>2025-06-14T08:09:58Z</time></trkpt><trkpt lat="37.16658299999998" lon="34.71526499999984"><ele>424.579</ele><time>2025-06-14T08:10:02Z</time></trkpt><trkpt lat="37.16654699999998" lon="34.71530399999984"><ele>424.565</ele><time>2025-06-14T08:10:05Z</time></trkpt><trkpt lat="37.16650899999998" lon="34.71534999999984"><ele>424.426</ele><time>2025-06-14T08:10:09Z</time></trkpt><trkpt lat="37.16647499999998" lon="34.71540299999984"><ele>424.416</ele><time>2025-06-14T08:10:13Z</time></trkpt><trkpt lat="37.16642399999998" lon="34.71542499999984"><ele>424.428</ele><time>2025-06-14T08:10:17Z</time></trkpt><trkpt lat="37.16640899999998" lon="34.71548099999984"><ele>424.455</ele><time>2025-06-14T08:10:21Z</time></trkpt><trkpt lat="37.16638099999998" lon="34.71554099999984"><ele>424.407</ele><time>2025-06-14T08:10:27Z</time></trkpt><trkpt lat="37.166342999999976" lon="34.715589999999835"><ele>424.417</ele><time>2025-06-14T08:10:31Z</time></trkpt><trkpt lat="37.166303999999975" lon="34.71562799999984"><ele>424.409</ele><time>2025-06-14T08:10:59Z</time></trkpt><trkpt lat="37.166255999999976" lon="34.71563699999984"><ele>424.317</ele><time>2025-06-14T08:11:03Z</time></trkpt><trkpt lat="37.16621299999998" lon="34.71565599999984"><ele>424.266</ele><time>2025-06-14T08:11:09Z</time></trkpt><trkpt lat="37.16616699999998" lon="34.71564999999984"><ele>424.122</ele><time>2025-06-14T08:11:33Z</time></trkpt><trkpt lat="37.16613999999998" lon="34.71569499999984"><ele>424.144</ele><time>2025-06-14T08:11:42Z</time></trkpt><trkpt lat="37.16611199999998" lon="34.71574499999984"><ele>424.169</ele><time>2025-06-14T08:12:16Z</time></trkpt><trkpt lat="37.16612599999998" lon="34.71579899999984"><ele>424.855</ele><time>2025-06-14T08:12:22Z</time></trkpt><trkpt lat="37.16610799999998" lon="34.71585099999984"><ele>426.596</ele><time>2025-06-14T08:12:35Z</time></trkpt><trkpt lat="37.16610699999998" lon="34.71591599999984"><ele>427.716</ele><time>2025-06-14T08:13:03Z</time></trkpt><trkpt lat="37.166142999999984" lon="34.715952999999836"><ele>429.078</ele><time>2025-06-14T08:13:06Z</time></trkpt><trkpt lat="37.16615299999999" lon="34.716008999999836"><ele>430.596</ele><time>2025-06-14T08:13:12Z</time></trkpt><trkpt lat="37.16616299999999" lon="34.71608099999984"><ele>431.231</ele><time>2025-06-14T08:13:17Z</time></trkpt><trkpt lat="37.16616699999999" lon="34.71613899999984"><ele>431.524</ele><time>2025-06-14T08:13:21Z</time></trkpt><trkpt lat="37.16619999999999" lon="34.71618099999984"><ele>431.509</ele><time>2025-06-14T08:13:26Z</time></trkpt><trkpt lat="37.166234999999986" lon="34.71622899999984"><ele>431.481</ele><time>2025-06-14T08:13:29Z</time></trkpt><trkpt lat="37.16627299999999" lon="34.71626799999984"><ele>431.210</ele><time>2025-06-14T08:13:45Z</time></trkpt><trkpt lat="37.16630799999999" lon="34.71632499999984"><ele>431.056</ele><time>2025-06-14T08:13:58Z</time></trkpt><trkpt lat="37.166336999999984" lon="34.71636999999984"><ele>430.578</ele><time>2025-06-14T08:14:02Z</time></trkpt><trkpt lat="37.16634299999998" lon="34.71643199999984"><ele>430.563</ele><time>2025-06-14T08:14:14Z</time></trkpt><trkpt lat="37.166355999999986" lon="34.71648799999984"><ele>430.589</ele><time>2025-06-14T08:14:37Z</time></trkpt><trkpt lat="37.16635999999998" lon="34.716548999999844"><ele>431.010</ele><time>2025-06-14T08:14:46Z</time></trkpt><trkpt lat="37.16638799999998" lon="34.71659799999984"><ele>430.870</ele><time>2025-06-14T08:14:58Z</time></trkpt><trkpt lat="37.16642299999998" lon="34.716638999999844"><ele>430.642</ele><time>2025-06-14T08:15:14Z</time></trkpt><trkpt lat="37.16646799999998" lon="34.716657999999846"><ele>430.665</ele><time>2025-06-14T08:15:39Z</time></trkpt><trkpt lat="37.16648999999998" lon="34.71671099999985"><ele>429.268</ele><time>2025-06-14T08:15:45Z</time></trkpt><trkpt lat="37.16651899999998" lon="34.71676699999985"><ele>428.414</ele><time>2025-06-14T08:15:50Z</time></trkpt><trkpt lat="37.16655599999998" lon="34.71681099999985"><ele>428.109</ele><time>2025-06-14T08:15:59Z</time></trkpt><trkpt lat="37.16659199999998" lon="34.71684599999985"><ele>427.818</ele><time>2025-06-14T08:16:05Z</time></trkpt><trkpt lat="37.16659999999998" lon="34.71690199999985"><ele>427.877</ele><time>2025-06-14T08:16:26Z</time></trkpt><trkpt lat="37.166550999999984" lon="34.71690499999985"><ele>427.853</ele><time>2025-06-14T08:18:52Z</time></trkpt><trkpt lat="37.166547999999985" lon="34.71696699999985"><ele>428.275</ele><time>2025-06-14T08:19:01Z</time></trkpt><trkpt lat="37.16656099999999" lon="34.71702599999985"><ele>430.230</ele><time>2025-06-14T08:19:18Z</time></trkpt><trkpt lat="37.16655699999999" lon="34.71708199999985"><ele>432.586</ele><time>2025-06-14T08:19:27Z</time></trkpt><trkpt lat="37.16652899999999" lon="34.717127999999846"><ele>433.517</ele><time>2025-06-14T08:19:54Z</time></trkpt><trkpt lat="37.16652799999999" lon="34.71718599999985"><ele>433.627</ele><time>2025-06-14T08:20:05Z</time></trkpt><trkpt lat="37.166532999999994" lon="34.71725099999985"><ele>434.579</ele><time>2025-06-14T08:20:14Z</time></trkpt><trkpt lat="37.166529999999995" lon="34.71731499999985"><ele>436.261</ele><time>2025-06-14T08:20:26Z</time></trkpt><trkpt lat="37.166537999999996" lon="34.71737399999985"><ele>437.421</ele><time>2025-06-14T08:20:33Z</time></trkpt><trkpt lat="37.166554999999995" lon="34.71742799999985"><ele>438.513</ele><time>2025-06-14T08:20:40Z</time></trkpt><trkpt lat="37.166537999999996" lon="34.71748499999985"><ele>440.109</ele><time>2025-06-14T08:21:04Z</time></trkpt><trkpt lat="37.166501" lon="34.717530999999845"><ele>442.038</ele><time>2025-06-14T08:21:12Z</time></trkpt><trkpt lat="37.166478" lon="34.71757999999984"><ele>443.667</ele><time>2025-06-14T08:21:24Z</time></trkpt><trkpt lat="37.16643" lon="34.717575999999845"><ele>445.083</ele><time>2025-06-14T08:21:51Z</time></trkpt><trkpt lat="37.166394" lon="34.717623999999844"><ele>446.395</ele><time>2025-06-14T08:21:57Z</time></trkpt><trkpt lat="37.166354999999996" lon="34.717662999999845"><ele>448.130</ele><time>2025-06-14T08:22:02Z</time></trkpt><trkpt lat="37.16632" lon="34.71770099999985"><ele>449.816</ele><time>2025-06-14T08:22:23Z</time></trkpt><trkpt lat="37.166278" lon="34.71774599999985"><ele>450.817</ele><time>2025-06-14T08:22:34Z</time></trkpt><trkpt lat="37.166228" lon="34.71777299999985"><ele>452.627</ele><time>2025-06-14T08:22:47Z</time></trkpt><trkpt lat="37.166183999999994" lon="34.71775299999985"><ele>455.289</ele><time>2025-06-14T08:22:55Z</time></trkpt><trkpt lat="37.166138999999994" lon="34.717762999999856"><ele>457.685</ele><time>2025-06-14T08:23:02Z</time></trkpt><trkpt lat="37.16609199999999" lon="34.717799999999855"><ele>459.289</ele><time>2025-06-14T08:23:24Z</time></trkpt><trkpt lat="37.16605599999999" lon="34.71784699999986"><ele>460.617</ele><time>2025-06-14T08:23:30Z</time></trkpt><trkpt lat="37.16601399999999" lon="34.717872999999855"><ele>462.509</ele><time>2025-06-14T08:23:37Z</time></trkpt><trkpt lat="37.16598299999999" lon="34.717914999999856"><ele>464.190</ele><time>2025-06-14T08:23:53Z</time></trkpt><trkpt lat="37.16594299999999" lon="34.71795299999986"><ele>465.039</ele><time>2025-06-14T08:23:58Z</time></trkpt><trkpt lat="37.16589999999999" lon="34.71798699999986"><ele>466.125</ele><time>2025-06-14T08:24:12Z</time></trkpt><trkpt lat="37.16585299999999" lon="34.71801599999986"><ele>467.287</ele><time>2025-06-14T08:24:21Z</time></trkpt><trkpt lat="37.16581299999999" lon="34.718044999999854"><ele>468.312</ele><time>2025-06-14T08:24:35Z</time></trkpt><trkpt lat="37.16576299999999" lon="34.718035999999856"><ele>469.628</ele><time>2025-06-14T08:24:40Z</time></trkpt><trkpt lat="37.165716999999994" lon="34.71802599999985"><ele>470.539</ele><time>2025-06-14T08:24:48Z</time></trkpt><trkpt lat="37.165670999999996" lon="34.71802899999985"><ele>471.069</ele><time>2025-06-14T08:25:14Z</time></trkpt><trkpt lat="37.165625999999996" lon="34.71801499999985"><ele>471.031</ele><time>2025-06-14T08:25:21Z</time></trkpt><trkpt lat="37.165578999999994" lon="34.71803699999985"><ele>471.086</ele><time>2025-06-14T08:25:31Z</time></trkpt><trkpt lat="37.165533999999994" lon="34.718066999999856"><ele>471.060</ele><time>2025-06-14T08:25:55Z</time></trkpt><trkpt lat="37.16548699999999" lon="34.718069999999855"><ele>470.426</ele><time>2025-06-14T08:26:03Z</time></trkpt><trkpt lat="37.16545099999999" lon="34.71811599999985"><ele>468.909</ele><time>2025-06-14T08:26:10Z</time></trkpt><trkpt lat="37.16547899999999" lon="34.71817299999985"><ele>467.490</ele><time>2025-06-14T08:26:25Z</time></trkpt><trkpt lat="37.16552599999999" lon="34.71820799999985"><ele>466.619</ele><time>2025-06-14T08:26:28Z</time></trkpt><trkpt lat="37.16557499999999" lon="34.718205999999846"><ele>465.975</ele><time>2025-06-14T08:26:34Z</time></trkpt><trkpt lat="37.16562199999999" lon="34.718202999999846"><ele>465.057</ele><time>2025-06-14T08:27:32Z</time></trkpt><trkpt lat="37.16565299999999" lon="34.718157999999846"><ele>465.022</ele><time>2025-06-14T08:27:56Z</time></trkpt><trkpt lat="37.16570299999999" lon="34.71814899999985"><ele>465.028</ele><time>2025-06-14T08:28:23Z</time></trkpt><trkpt lat="37.16569299999999" lon="34.71820499999985"><ele>464.979</ele><time>2025-06-14T08:29:01Z</time></trkpt><trkpt lat="37.16566299999999" lon="34.71825299999985"><ele>464.979</ele><time>2025-06-14T08:29:30Z</time></trkpt><trkpt lat="37.16562299999999" lon="34.71828599999985"><ele>464.971</ele><time>2025-06-14T08:29:50Z</time></trkpt><trkpt lat="37.16566199999999" lon="34.71831599999985"><ele>464.234</ele><time>2025-06-14T08:30:03Z</time></trkpt><trkpt lat="37.16561199999999" lon="34.718311999999855"><ele>462.655</ele><time>2025-06-14T08:30:49Z</time></trkpt><trkpt lat="37.165615999999986" lon="34.71837799999985"><ele>461.210</ele><time>2025-06-14T08:30:55Z</time></trkpt><trkpt lat="37.165641999999984" lon="34.718427999999854"><ele>460.209</ele><time>2025-06-14T08:31:18Z</time></trkpt><trkpt lat="37.165632999999985" lon="34.71848499999985"><ele>459.525</ele><time>2025-06-14T08:31:33Z</time></trkpt><trkpt lat="37.16564599999999" lon="34.718542999999855"><ele>457.984</ele><time>2025-06-14T08:31:58Z</time></trkpt><trkpt lat="37.16564099999999" lon="34.71860099999986"><ele>455.640</ele><time>2025-06-14T08:32:32Z</time></trkpt><trkpt lat="37.165686999999984" lon="34.71858899999986"><ele>452.872</ele><time>2025-06-14T08:32:51Z</time></trkpt><trkpt lat="37.16573899999998" lon="34.71857399999986"><ele>450.037</ele><time>2025-06-14T08:32:56Z</time></trkpt><trkpt lat="37.16578799999998" lon="34.71857199999986"><ele>448.353</ele><time>2025-06-14T08:33:17Z</time></trkpt><trkpt lat="37.165827999999976" lon="34.71854599999986"><ele>447.474</ele><time>2025-06-14T08:39:44Z</time></trkpt><trkpt lat="37.16585499999998" lon="34.71848999999986"><ele>446.484</ele><time>2025-06-14T08:40:02Z</time></trkpt><trkpt lat="37.16588899999998" lon="34.71844799999986"><ele>445.736</ele><time>2025-06-14T08:40:46Z</time></trkpt><trkpt lat="37.165934999999976" lon="34.71844199999986"><ele>445.737</ele><time>2025-06-14T08:40:52Z</time></trkpt><trkpt lat="37.16597599999998" lon="34.71841799999986"><ele>445.649</ele><time>2025-06-14T08:40:56Z</time></trkpt><trkpt lat="37.16602099999998" lon="34.71839999999986"><ele>445.513</ele><time>2025-06-14T08:41:00Z</time></trkpt><trkpt lat="37.16605999999998" lon="34.71835499999986"><ele>445.509</ele><time>2025-06-14T08:41:07Z</time></trkpt><trkpt lat="37.16608999999998" lon="34.71831199999986"><ele>445.435</ele><time>2025-06-14T08:41:13Z</time></trkpt><trkpt lat="37.166128999999984" lon="34.71827499999986"><ele>445.454</ele><time>2025-06-14T08:41:17Z</time></trkpt><trkpt lat="37.166170999999984" lon="34.718251999999865"><ele>445.260</ele><time>2025-06-14T08:41:23Z</time></trkpt><trkpt lat="37.16620799999998" lon="34.71821699999987"><ele>445.082</ele><time>2025-06-14T08:41:28Z</time></trkpt><trkpt lat="37.16623699999998" lon="34.71816899999987"><ele>444.937</ele><time>2025-06-14T08:41:34Z</time></trkpt><trkpt lat="37.16627099999998" lon="34.718110999999865"><ele>444.313</ele><time>2025-06-14T08:41:44Z</time></trkpt><trkpt lat="37.16630999999998" lon="34.71807899999987"><ele>443.494</ele><time>2025-06-14T08:41:53Z</time></trkpt><trkpt lat="37.166356999999984" lon="34.71806199999987"><ele>442.924</ele><time>2025-06-14T08:41:58Z</time></trkpt><trkpt lat="37.16640499999998" lon="34.71805499999987"><ele>442.266</ele><time>2025-06-14T08:42:07Z</time></trkpt><trkpt lat="37.166401999999984" lon="34.71811099999987"><ele>440.977</ele><time>2025-06-14T08:42:23Z</time></trkpt><trkpt lat="37.166367999999984" lon="34.71814999999987"><ele>439.561</ele><time>2025-06-14T08:42:41Z</time></trkpt><trkpt lat="37.166325999999984" lon="34.71818199999987"><ele>437.927</ele><time>2025-06-14T08:42:45Z</time></trkpt><trkpt lat="37.166302999999985" lon="34.71823499999987"><ele>436.209</ele><time>2025-06-14T08:43:00Z</time></trkpt><trkpt lat="37.16631499999998" lon="34.71829499999987"><ele>435.389</ele><time>2025-06-14T08:43:18Z</time></trkpt><trkpt lat="37.166308999999984" lon="34.71835599999987"><ele>434.518</ele><time>2025-06-14T08:43:26Z</time></trkpt><trkpt lat="37.166339999999984" lon="34.71840099999987"><ele>432.614</ele><time>2025-06-14T08:43:47Z</time></trkpt><trkpt lat="37.16637999999998" lon="34.718436999999874"><ele>430.476</ele><time>2025-06-14T08:43:52Z</time></trkpt><trkpt lat="37.16635199999998" lon="34.71848299999987"><ele>429.281</ele><time>2025-06-14T08:44:13Z</time></trkpt><trkpt lat="37.16631399999998" lon="34.718520999999875"><ele>428.827</ele><time>2025-06-14T08:44:26Z</time></trkpt><trkpt lat="37.16628599999998" lon="34.718576999999875"><ele>428.148</ele><time>2025-06-14T08:44:34Z</time></trkpt><trkpt lat="37.16625799999998" lon="34.71862699999988"><ele>426.158</ele><time>2025-06-14T08:44:38Z</time></trkpt><trkpt lat="37.166224999999976" lon="34.718680999999876"><ele>423.410</ele><time>2025-06-14T08:44:44Z</time></trkpt><trkpt lat="37.16619599999998" lon="34.71874099999987"><ele>421.765</ele><time>2025-06-14T08:44:48Z</time></trkpt><trkpt lat="37.16616199999998" lon="34.718793999999875"><ele>421.068</ele><time>2025-06-14T08:44:52Z</time></trkpt><trkpt lat="37.16611399999998" lon="34.718796999999874"><ele>420.214</ele><time>2025-06-14T08:45:13Z</time></trkpt><trkpt lat="37.16615099999998" lon="34.71885399999987"><ele>419.309</ele><time>2025-06-14T08:45:31Z</time></trkpt><trkpt lat="37.16614399999998" lon="34.718917999999874"><ele>418.978</ele><time>2025-06-14T08:45:50Z</time></trkpt><trkpt lat="37.16611999999998" lon="34.71897899999988"><ele>417.877</ele><time>2025-06-14T08:46:04Z</time></trkpt><trkpt lat="37.16611499999998" lon="34.719043999999876"><ele>417.383</ele><time>2025-06-14T08:46:08Z</time></trkpt><trkpt lat="37.166115999999974" lon="34.719100999999874"><ele>417.385</ele><time>2025-06-14T08:46:11Z</time></trkpt><trkpt lat="37.16611499999998" lon="34.71916699999987"><ele>417.110</ele><time>2025-06-14T08:46:24Z</time></trkpt><trkpt lat="37.16611199999998" lon="34.71922999999987"><ele>417.316</ele><time>2025-06-14T08:46:29Z</time></trkpt><trkpt lat="37.16613699999998" lon="34.71927999999987"><ele>417.437</ele><time>2025-06-14T08:46:33Z</time></trkpt><trkpt lat="37.166145999999976" lon="34.71934899999987"><ele>417.437</ele><time>2025-06-14T08:46:47Z</time></trkpt><trkpt lat="37.16615399999998" lon="34.719404999999874"><ele>417.339</ele><time>2025-06-14T08:46:51Z</time></trkpt><trkpt lat="37.166148999999976" lon="34.719480999999874"><ele>417.299</ele><time>2025-06-14T08:46:56Z</time></trkpt><trkpt lat="37.16613899999997" lon="34.71954599999987"><ele>417.107</ele><time>2025-06-14T08:47:00Z</time></trkpt><trkpt lat="37.166120999999976" lon="34.71960599999987"><ele>417.027</ele><time>2025-06-14T08:47:04Z</time></trkpt><trkpt lat="37.16609099999997" lon="34.71965999999987"><ele>416.909</ele><time>2025-06-14T08:47:08Z</time></trkpt><trkpt lat="37.16607999999997" lon="34.71972499999987"><ele>416.641</ele><time>2025-06-14T08:47:11Z</time></trkpt><trkpt lat="37.166070999999974" lon="34.71978299999987"><ele>416.540</ele><time>2025-06-14T08:47:13Z</time></trkpt><trkpt lat="37.166039999999974" lon="34.719851999999875"><ele>416.386</ele><time>2025-06-14T08:47:16Z</time></trkpt><trkpt lat="37.166016999999975" lon="34.719902999999874"><ele>416.138</ele><time>2025-06-14T08:47:23Z</time></trkpt><trkpt lat="37.16597399999998" lon="34.719933999999874"><ele>415.613</ele><time>2025-06-14T08:47:51Z</time></trkpt><trkpt lat="37.16594299999998" lon="34.71997999999987"><ele>414.959</ele><time>2025-06-14T08:47:55Z</time></trkpt><trkpt lat="37.16591199999998" lon="34.72002199999987"><ele>414.510</ele><time>2025-06-14T08:47:58Z</time></trkpt><trkpt lat="37.16587799999998" lon="34.720059999999876"><ele>414.570</ele><time>2025-06-14T08:48:00Z</time></trkpt><trkpt lat="37.16582899999998" lon="34.720090999999876"><ele>414.562</ele><time>2025-06-14T08:48:02Z</time></trkpt><trkpt lat="37.16578199999998" lon="34.72011499999988"><ele>414.665</ele><time>2025-06-14T08:48:04Z</time></trkpt><trkpt lat="37.16574799999998" lon="34.72016099999988"><ele>414.668</ele><time>2025-06-14T08:48:06Z</time></trkpt><trkpt lat="37.16569999999998" lon="34.72018899999988"><ele>414.614</ele><time>2025-06-14T08:48:08Z</time></trkpt><trkpt lat="37.16566299999998" lon="34.72022999999988"><ele>414.609</ele><time>2025-06-14T08:48:10Z</time></trkpt><trkpt lat="37.16560999999998" lon="34.72023299999988"><ele>414.648</ele><time>2025-06-14T08:48:12Z</time></trkpt><trkpt lat="37.16556399999998" lon="34.72022699999988"><ele>414.667</ele><time>2025-06-14T08:48:14Z</time></trkpt><trkpt lat="37.16551599999998" lon="34.72023399999988"><ele>414.593</ele><time>2025-06-14T08:48:18Z</time></trkpt><trkpt lat="37.16546299999998" lon="34.720251999999874"><ele>414.515</ele><time>2025-06-14T08:48:25Z</time></trkpt><trkpt lat="37.16541999999998" lon="34.72027199999987"><ele>414.580</ele><time>2025-06-14T08:48:28Z</time></trkpt><trkpt lat="37.16536499999998" lon="34.72028399999987"><ele>414.556</ele><time>2025-06-14T08:48:32Z</time></trkpt><trkpt lat="37.16532299999998" lon="34.72031299999987"><ele>414.547</ele><time>2025-06-14T08:48:35Z</time></trkpt><trkpt lat="37.16527299999998" lon="34.72034499999987"><ele>414.587</ele><time>2025-06-14T08:48:37Z</time></trkpt><trkpt lat="37.16519899999998" lon="34.72035299999987"><ele>414.579</ele><time>2025-06-14T08:48:40Z</time></trkpt><trkpt lat="37.16514499999998" lon="34.720350999999866"><ele>414.585</ele><time>2025-06-14T08:48:42Z</time></trkpt><trkpt lat="37.16509499999998" lon="34.720359999999864"><ele>414.589</ele><time>2025-06-14T08:48:44Z</time></trkpt><trkpt lat="37.16502999999998" lon="34.72036999999987"><ele>414.517</ele><time>2025-06-14T08:48:47Z</time></trkpt><trkpt lat="37.16498399999998" lon="34.72038699999987"><ele>414.509</ele><time>2025-06-14T08:48:49Z</time></trkpt><trkpt lat="37.16493999999998" lon="34.72040899999987"><ele>414.420</ele><time>2025-06-14T08:48:51Z</time></trkpt><trkpt lat="37.16489299999998" lon="34.72042199999987"><ele>414.339</ele><time>2025-06-14T08:48:53Z</time></trkpt><trkpt lat="37.164834999999975" lon="34.72045299999987"><ele>414.275</ele><time>2025-06-14T08:48:56Z</time></trkpt><trkpt lat="37.164766999999976" lon="34.72047499999987"><ele>414.297</ele><time>2025-06-14T08:48:59Z</time></trkpt><trkpt lat="37.16472099999998" lon="34.72049599999987"><ele>414.222</ele><time>2025-06-14T08:49:01Z</time></trkpt><trkpt lat="37.16468499999998" lon="34.72055999999987"><ele>414.288</ele><time>2025-06-14T08:49:04Z</time></trkpt><trkpt lat="37.16462499999998" lon="34.72057899999987"><ele>414.249</ele><time>2025-06-14T08:49:07Z</time></trkpt><trkpt lat="37.16457299999998" lon="34.72057099999987"><ele>414.199</ele><time>2025-06-14T08:49:09Z</time></trkpt><trkpt lat="37.164512999999985" lon="34.72058499999987"><ele>414.061</ele><time>2025-06-14T08:49:12Z</time></trkpt><trkpt lat="37.16444999999999" lon="34.720617999999874"><ele>414.094</ele><time>2025-06-14T08:49:15Z</time></trkpt><trkpt lat="37.164425999999985" lon="34.72069199999987"><ele>414.057</ele><time>2025-06-14T08:49:17Z</time></trkpt><trkpt lat="37.16437999999999" lon="34.72073999999987"><ele>414.222</ele><time>2025-06-14T08:49:20Z</time></trkpt><trkpt lat="37.164340999999986" lon="34.720777999999875"><ele>414.209</ele><time>2025-06-14T08:49:22Z</time></trkpt><trkpt lat="37.164293999999984" lon="34.72080499999988"><ele>414.441</ele><time>2025-06-14T08:49:24Z</time></trkpt><trkpt lat="37.164250999999986" lon="34.72085799999988"><ele>414.420</ele><time>2025-06-14T08:49:27Z</time></trkpt><trkpt lat="37.16419299999998" lon="34.72089199999988"><ele>414.416</ele><time>2025-06-14T08:49:30Z</time></trkpt><trkpt lat="37.164138999999984" lon="34.72093899999988"><ele>414.218</ele><time>2025-06-14T08:49:33Z</time></trkpt><trkpt lat="37.16410999999999" lon="34.72098999999988"><ele>414.013</ele><time>2025-06-14T08:49:35Z</time></trkpt><trkpt lat="37.164062999999985" lon="34.72105199999988"><ele>413.869</ele><time>2025-06-14T08:49:38Z</time></trkpt><trkpt lat="37.164006999999984" lon="34.72109399999988"><ele>413.830</ele><time>2025-06-14T08:49:41Z</time></trkpt><trkpt lat="37.16394599999998" lon="34.72112799999988"><ele>413.810</ele><time>2025-06-14T08:49:44Z</time></trkpt><trkpt lat="37.16388799999998" lon="34.72116199999988"><ele>413.812</ele><time>2025-06-14T08:49:47Z</time></trkpt><trkpt lat="37.16384899999998" lon="34.72119299999988"><ele>413.761</ele><time>2025-06-14T08:49:49Z</time></trkpt><trkpt lat="37.16379599999998" lon="34.72121299999988"><ele>413.721</ele><time>2025-06-14T08:49:52Z</time></trkpt><trkpt lat="37.163734999999974" lon="34.72120699999988"><ele>413.713</ele><time>2025-06-14T08:49:55Z</time></trkpt><trkpt lat="37.16370299999998" lon="34.721165999999876"><ele>413.709</ele><time>2025-06-14T08:50:07Z</time></trkpt><trkpt lat="37.16365999999998" lon="34.72114299999988"><ele>413.918</ele><time>2025-06-14T08:50:10Z</time></trkpt><trkpt lat="37.16360899999998" lon="34.721129999999874"><ele>414.477</ele><time>2025-06-14T08:50:15Z</time></trkpt><trkpt lat="37.16355999999998" lon="34.721148999999876"><ele>414.893</ele><time>2025-06-14T08:50:19Z</time></trkpt><trkpt lat="37.16352999999998" lon="34.72120199999988"><ele>414.845</ele><time>2025-06-14T08:50:25Z</time></trkpt><trkpt lat="37.16352199999998" lon="34.72126599999988"><ele>414.860</ele><time>2025-06-14T08:50:30Z</time></trkpt><trkpt lat="37.16347199999998" lon="34.72129899999988"><ele>414.526</ele><time>2025-06-14T08:50:35Z</time></trkpt><trkpt lat="37.16341799999998" lon="34.72132199999988"><ele>414.257</ele><time>2025-06-14T08:50:39Z</time></trkpt><trkpt lat="37.16337799999998" lon="34.72136899999988"><ele>414.167</ele><time>2025-06-14T08:50:43Z</time></trkpt><trkpt lat="37.16332299999998" lon="34.72139399999988"><ele>414.089</ele><time>2025-06-14T08:50:47Z</time></trkpt><trkpt lat="37.16327399999998" lon="34.72139099999988"><ele>413.682</ele><time>2025-06-14T08:50:50Z</time></trkpt><trkpt lat="37.16321399999998" lon="34.72139399999988"><ele>413.443</ele><time>2025-06-14T08:50:54Z</time></trkpt><trkpt lat="37.16316099999998" lon="34.721401999999884"><ele>413.417</ele><time>2025-06-14T08:50:58Z</time></trkpt><trkpt lat="37.16310699999998" lon="34.721403999999886"><ele>413.209</ele><time>2025-06-14T08:51:02Z</time></trkpt><trkpt lat="37.163054999999986" lon="34.721409999999885"><ele>413.240</ele><time>2025-06-14T08:51:06Z</time></trkpt><trkpt lat="37.163007999999984" lon="34.721412999999885"><ele>413.359</ele><time>2025-06-14T08:51:09Z</time></trkpt><trkpt lat="37.162947999999986" lon="34.721417999999886"><ele>413.475</ele><time>2025-06-14T08:51:13Z</time></trkpt><trkpt lat="37.16288999999998" lon="34.72142599999989"><ele>413.437</ele><time>2025-06-14T08:51:17Z</time></trkpt><trkpt lat="37.16283199999998" lon="34.721437999999885"><ele>413.542</ele><time>2025-06-14T08:51:21Z</time></trkpt><trkpt lat="37.16277499999998" lon="34.721454999999885"><ele>413.748</ele><time>2025-06-14T08:51:25Z</time></trkpt><trkpt lat="37.162717999999984" lon="34.72145899999988"><ele>413.799</ele><time>2025-06-14T08:51:29Z</time></trkpt><trkpt lat="37.16265999999998" lon="34.72146299999988"><ele>413.779</ele><time>2025-06-14T08:51:33Z</time></trkpt><trkpt lat="37.16260399999998" lon="34.72145099999988"><ele>413.631</ele><time>2025-06-14T08:51:37Z</time></trkpt><trkpt lat="37.16255799999998" lon="34.721460999999884"><ele>413.591</ele><time>2025-06-14T08:51:40Z</time></trkpt><trkpt lat="37.16249899999998" lon="34.72147299999988"><ele>413.381</ele><time>2025-06-14T08:51:44Z</time></trkpt><trkpt lat="37.162452999999985" lon="34.721488999999885"><ele>413.219</ele><time>2025-06-14T08:51:47Z</time></trkpt><trkpt lat="37.16240999999999" lon="34.721510999999886"><ele>413.009</ele><time>2025-06-14T08:51:50Z</time></trkpt><trkpt lat="37.16236399999999" lon="34.72154899999989"><ele>412.951</ele><time>2025-06-14T08:51:53Z</time></trkpt><trkpt lat="37.16230699999999" lon="34.72159499999989"><ele>412.950</ele><time>2025-06-14T08:51:56Z</time></trkpt><trkpt lat="37.16226899999999" lon="34.721629999999884"><ele>412.936</ele><time>2025-06-14T08:51:58Z</time></trkpt><trkpt lat="37.162235999999986" lon="34.72167399999989"><ele>413.128</ele><time>2025-06-14T08:52:00Z</time></trkpt><trkpt lat="37.16218999999999" lon="34.721724999999886"><ele>413.273</ele><time>2025-06-14T08:52:02Z</time></trkpt><trkpt lat="37.16213599999999" lon="34.721780999999886"><ele>413.219</ele><time>2025-06-14T08:52:04Z</time></trkpt><trkpt lat="37.16210299999999" lon="34.72183899999989"><ele>413.230</ele><time>2025-06-14T08:52:06Z</time></trkpt><trkpt lat="37.16205499999999" lon="34.72188599999989"><ele>413.260</ele><time>2025-06-14T08:52:08Z</time></trkpt><trkpt lat="37.16201499999999" lon="34.72193199999989"><ele>413.292</ele><time>2025-06-14T08:52:10Z</time></trkpt><trkpt lat="37.16197099999999" lon="34.72197299999989"><ele>413.326</ele><time>2025-06-14T08:52:12Z</time></trkpt><trkpt lat="37.16192599999999" lon="34.72200699999989"><ele>413.347</ele><time>2025-06-14T08:52:14Z</time></trkpt><trkpt lat="37.161878999999985" lon="34.722036999999894"><ele>413.311</ele><time>2025-06-14T08:52:16Z</time></trkpt><trkpt lat="37.16183599999999" lon="34.7220779999999"><ele>413.209</ele><time>2025-06-14T08:52:18Z</time></trkpt><trkpt lat="37.161793999999986" lon="34.7221139999999"><ele>413.024</ele><time>2025-06-14T08:52:20Z</time></trkpt><trkpt lat="37.16175399999999" lon="34.7221649999999"><ele>413.073</ele><time>2025-06-14T08:52:22Z</time></trkpt><trkpt lat="37.16171999999999" lon="34.7222069999999"><ele>413.029</ele><time>2025-06-14T08:52:24Z</time></trkpt><trkpt lat="37.16167999999999" lon="34.7222449999999"><ele>413.071</ele><time>2025-06-14T08:52:26Z</time></trkpt><trkpt lat="37.16165199999999" lon="34.7223039999999"><ele>413.046</ele><time>2025-06-14T08:52:28Z</time></trkpt><trkpt lat="37.16161499999999" lon="34.7223439999999"><ele>413.042</ele><time>2025-06-14T08:52:30Z</time></trkpt><trkpt lat="37.16156899999999" lon="34.7223759999999"><ele>413.063</ele><time>2025-06-14T08:52:32Z</time></trkpt><trkpt lat="37.16152499999999" lon="34.7224129999999"><ele>412.933</ele><time>2025-06-14T08:52:34Z</time></trkpt><trkpt lat="37.16147699999999" lon="34.7224349999999"><ele>412.745</ele><time>2025-06-14T08:52:36Z</time></trkpt><trkpt lat="37.16142399999999" lon="34.722483999999895"><ele>412.651</ele><time>2025-06-14T08:52:39Z</time></trkpt><trkpt lat="37.16138999999999" lon="34.72252399999989"><ele>412.601</ele><time>2025-06-14T08:52:43Z</time></trkpt><trkpt lat="37.16135799999999" lon="34.72256699999989"><ele>412.611</ele><time>2025-06-14T08:52:46Z</time></trkpt><trkpt lat="37.161314999999995" lon="34.722610999999894"><ele>412.609</ele><time>2025-06-14T08:52:50Z</time></trkpt><trkpt lat="37.161289" lon="34.7226659999999"><ele>412.497</ele><time>2025-06-14T08:52:55Z</time></trkpt><trkpt lat="37.161272" lon="34.722722999999895"><ele>412.256</ele><time>2025-06-14T08:53:01Z</time></trkpt><trkpt lat="37.161218" lon="34.7227389999999"><ele>412.172</ele><time>2025-06-14T08:53:05Z</time></trkpt><trkpt lat="37.161175" lon="34.7227579999999"><ele>412.014</ele><time>2025-06-14T08:53:08Z</time></trkpt><trkpt lat="37.161126" lon="34.7227869999999"><ele>412.079</ele><time>2025-06-14T08:53:12Z</time></trkpt><trkpt lat="37.161082" lon="34.7228199999999"><ele>412.035</ele><time>2025-06-14T08:53:16Z</time></trkpt><trkpt lat="37.161033" lon="34.7228459999999"><ele>412.056</ele><time>2025-06-14T08:53:20Z</time></trkpt><trkpt lat="37.160996000000004" lon="34.722877999999895"><ele>412.066</ele><time>2025-06-14T08:53:23Z</time></trkpt><trkpt lat="37.160956000000006" lon="34.722916999999896"><ele>412.058</ele><time>2025-06-14T08:53:27Z</time></trkpt><trkpt lat="37.16094100000001" lon="34.7229889999999"><ele>412.079</ele><time>2025-06-14T08:53:31Z</time></trkpt><trkpt lat="37.16091500000001" lon="34.723034999999896"><ele>412.005</ele><time>2025-06-14T08:53:34Z</time></trkpt><trkpt lat="37.16087300000001" lon="34.7230799999999"><ele>412.025</ele><time>2025-06-14T08:53:38Z</time></trkpt><trkpt lat="37.16083700000001" lon="34.72312899999989"><ele>412.009</ele><time>2025-06-14T08:53:42Z</time></trkpt><trkpt lat="37.16082500000001" lon="34.72319699999989"><ele>412.119</ele><time>2025-06-14T08:53:46Z</time></trkpt><trkpt lat="37.16080500000001" lon="34.72326299999989"><ele>412.168</ele><time>2025-06-14T08:53:50Z</time></trkpt><trkpt lat="37.16079900000001" lon="34.72331999999989"><ele>412.194</ele><time>2025-06-14T08:53:53Z</time></trkpt><trkpt lat="37.16078000000001" lon="34.72338999999989"><ele>412.046</ele><time>2025-06-14T08:53:57Z</time></trkpt><trkpt lat="37.16076600000001" lon="34.72346299999989"><ele>412.051</ele><time>2025-06-14T08:54:01Z</time></trkpt><trkpt lat="37.16076000000001" lon="34.72351899999989"><ele>412.077</ele><time>2025-06-14T08:54:04Z</time></trkpt><trkpt lat="37.16074700000001" lon="34.72357499999989"><ele>412.078</ele><time>2025-06-14T08:54:07Z</time></trkpt><trkpt lat="37.16074700000001" lon="34.72363399999989"><ele>411.918</ele><time>2025-06-14T08:54:10Z</time></trkpt><trkpt lat="37.16074700000001" lon="34.72370599999989"><ele>411.870</ele><time>2025-06-14T08:54:14Z</time></trkpt><trkpt lat="37.16074000000001" lon="34.72377999999989"><ele>411.722</ele><time>2025-06-14T08:54:18Z</time></trkpt><trkpt lat="37.16075100000001" lon="34.723854999999894"><ele>411.762</ele><time>2025-06-14T08:54:22Z</time></trkpt><trkpt lat="37.16074500000001" lon="34.7239129999999"><ele>411.708</ele><time>2025-06-14T08:54:25Z</time></trkpt><trkpt lat="37.160738000000016" lon="34.7239829999999"><ele>411.709</ele><time>2025-06-14T08:54:29Z</time></trkpt><trkpt lat="37.16074900000002" lon="34.7240479999999"><ele>411.714</ele><time>2025-06-14T08:54:33Z</time></trkpt><trkpt lat="37.160764000000015" lon="34.724110999999894"><ele>411.453</ele><time>2025-06-14T08:54:37Z</time></trkpt><trkpt lat="37.16076600000002" lon="34.724171999999896"><ele>411.479</ele><time>2025-06-14T08:54:41Z</time></trkpt><trkpt lat="37.16077300000001" lon="34.724233999999896"><ele>411.431</ele><time>2025-06-14T08:54:45Z</time></trkpt><trkpt lat="37.16079000000001" lon="34.724293999999894"><ele>411.396</ele><time>2025-06-14T08:54:49Z</time></trkpt><trkpt lat="37.160798000000014" lon="34.724357999999896"><ele>411.312</ele><time>2025-06-14T08:54:53Z</time></trkpt><trkpt lat="37.160800000000016" lon="34.7244249999999"><ele>411.263</ele><time>2025-06-14T08:54:57Z</time></trkpt><trkpt lat="37.160783000000016" lon="34.724484999999895"><ele>411.123</ele><time>2025-06-14T08:55:02Z</time></trkpt><trkpt lat="37.16081300000002" lon="34.724526999999895"><ele>411.075</ele><time>2025-06-14T08:55:05Z</time></trkpt><trkpt lat="37.16079600000002" lon="34.7245819999999"><ele>411.045</ele><time>2025-06-14T08:55:15Z</time></trkpt><trkpt lat="37.16081100000002" lon="34.724644999999896"><ele>411.047</ele><time>2025-06-14T08:55:28Z</time></trkpt><trkpt lat="37.160809000000015" lon="34.7247059999999"><ele>411.011</ele><time>2025-06-14T08:55:32Z</time></trkpt><trkpt lat="37.16081100000002" lon="34.7247669999999"><ele>410.909</ele><time>2025-06-14T08:55:35Z</time></trkpt><trkpt lat="37.16080800000002" lon="34.7248329999999"><ele>410.926</ele><time>2025-06-14T08:55:39Z</time></trkpt><trkpt lat="37.160803000000016" lon="34.724898999999894"><ele>410.945</ele><time>2025-06-14T08:55:44Z</time></trkpt><trkpt lat="37.16077700000002" lon="34.724960999999894"><ele>410.881</ele><time>2025-06-14T08:55:47Z</time></trkpt><trkpt lat="37.160739000000014" lon="34.72499599999989"><ele>410.753</ele><time>2025-06-14T08:55:50Z</time></trkpt><trkpt lat="37.160708000000014" lon="34.72504199999989"><ele>410.698</ele><time>2025-06-14T08:55:53Z</time></trkpt><trkpt lat="37.16070400000002" lon="34.72509899999989"><ele>410.514</ele><time>2025-06-14T08:55:56Z</time></trkpt><trkpt lat="37.16067000000002" lon="34.725152999999885"><ele>410.415</ele><time>2025-06-14T08:56:00Z</time></trkpt><trkpt lat="37.16064100000002" lon="34.725214999999885"><ele>410.415</ele><time>2025-06-14T08:56:04Z</time></trkpt><trkpt lat="37.160603000000016" lon="34.72524799999989"><ele>410.417</ele><time>2025-06-14T08:56:07Z</time></trkpt><trkpt lat="37.160561000000015" lon="34.72528099999989"><ele>410.447</ele><time>2025-06-14T08:56:10Z</time></trkpt><trkpt lat="37.16052800000001" lon="34.72531899999989"><ele>410.429</ele><time>2025-06-14T08:56:13Z</time></trkpt><trkpt lat="37.16049000000001" lon="34.725356999999896"><ele>410.421</ele><time>2025-06-14T08:56:16Z</time></trkpt><trkpt lat="37.16045300000001" lon="34.72540899999989"><ele>410.409</ele><time>2025-06-14T08:56:20Z</time></trkpt><trkpt lat="37.16042200000001" lon="34.72545499999989"><ele>410.426</ele><time>2025-06-14T08:56:24Z</time></trkpt><trkpt lat="37.16037500000001" lon="34.72549399999989"><ele>410.465</ele><time>2025-06-14T08:56:28Z</time></trkpt><trkpt lat="37.16032500000001" lon="34.725503999999894"><ele>410.491</ele><time>2025-06-14T08:56:31Z</time></trkpt><trkpt lat="37.16027400000001" lon="34.72552499999989"><ele>410.393</ele><time>2025-06-14T08:56:35Z</time></trkpt><trkpt lat="37.16022100000001" lon="34.72554599999989"><ele>410.228</ele><time>2025-06-14T08:56:39Z</time></trkpt><trkpt lat="37.16017000000001" lon="34.72553399999989"><ele>410.274</ele><time>2025-06-14T08:56:42Z</time></trkpt><trkpt lat="37.16012400000001" lon="34.72552299999989"><ele>410.175</ele><time>2025-06-14T08:56:45Z</time></trkpt><trkpt lat="37.16006900000001" lon="34.72551499999989"><ele>409.935</ele><time>2025-06-14T08:56:49Z</time></trkpt><trkpt lat="37.160008000000005" lon="34.72551699999989"><ele>409.877</ele><time>2025-06-14T08:56:53Z</time></trkpt><trkpt lat="37.159961" lon="34.72551699999989"><ele>409.871</ele><time>2025-06-14T08:56:56Z</time></trkpt><trkpt lat="37.159914" lon="34.72550799999989"><ele>409.841</ele><time>2025-06-14T08:56:59Z</time></trkpt><trkpt lat="37.159867" lon="34.72551099999989"><ele>409.815</ele><time>2025-06-14T08:57:02Z</time></trkpt><trkpt lat="37.159805" lon="34.72551099999989"><ele>409.809</ele><time>2025-06-14T08:57:06Z</time></trkpt><trkpt lat="37.159755" lon="34.72551499999989"><ele>409.959</ele><time>2025-06-14T08:57:09Z</time></trkpt><trkpt lat="37.159712" lon="34.72553799999989"><ele>410.038</ele><time>2025-06-14T08:57:12Z</time></trkpt><trkpt lat="37.159667" lon="34.72555099999989"><ele>410.194</ele><time>2025-06-14T08:57:15Z</time></trkpt><trkpt lat="37.159625999999996" lon="34.72557799999989"><ele>410.116</ele><time>2025-06-14T08:57:18Z</time></trkpt><trkpt lat="37.159586" lon="34.725607999999895"><ele>410.141</ele><time>2025-06-14T08:57:21Z</time></trkpt><trkpt lat="37.159544999999994" lon="34.725632999999895"><ele>410.117</ele><time>2025-06-14T08:57:24Z</time></trkpt><trkpt lat="37.159504999999996" lon="34.7256629999999"><ele>410.118</ele><time>2025-06-14T08:57:27Z</time></trkpt><trkpt lat="37.15947499999999" lon="34.7257079999999"><ele>410.148</ele><time>2025-06-14T08:57:30Z</time></trkpt><trkpt lat="37.159431999999995" lon="34.725747999999896"><ele>410.050</ele><time>2025-06-14T08:57:34Z</time></trkpt><trkpt lat="37.159395999999994" lon="34.7257979999999"><ele>409.976</ele><time>2025-06-14T08:57:38Z</time></trkpt><trkpt lat="37.159358999999995" lon="34.7258419999999"><ele>409.990</ele><time>2025-06-14T08:57:42Z</time></trkpt><trkpt lat="37.159316999999994" lon="34.7258849999999"><ele>409.919</ele><time>2025-06-14T08:57:46Z</time></trkpt><trkpt lat="37.159288" lon="34.725944999999896"><ele>409.909</ele><time>2025-06-14T08:57:50Z</time></trkpt><trkpt lat="37.159268999999995" lon="34.72599699999989"><ele>409.929</ele><time>2025-06-14T08:57:53Z</time></trkpt><trkpt lat="37.15924999999999" lon="34.726054999999896"><ele>409.978</ele><time>2025-06-14T08:57:56Z</time></trkpt><trkpt lat="37.15923699999999" lon="34.7261129999999"><ele>409.994</ele><time>2025-06-14T08:57:59Z</time></trkpt><trkpt lat="37.15921699999999" lon="34.7261709999999"><ele>409.986</ele><time>2025-06-14T08:58:02Z</time></trkpt><trkpt lat="37.15920599999999" lon="34.726228999999904"><ele>409.991</ele><time>2025-06-14T08:58:05Z</time></trkpt><trkpt lat="37.15919999999999" lon="34.7263029999999"><ele>409.887</ele><time>2025-06-14T08:58:09Z</time></trkpt><trkpt lat="37.15919399999999" lon="34.726371999999905"><ele>409.588</ele><time>2025-06-14T08:58:13Z</time></trkpt><trkpt lat="37.159184999999994" lon="34.726427999999906"><ele>409.548</ele><time>2025-06-14T08:58:16Z</time></trkpt><trkpt lat="37.159178999999995" lon="34.726487999999904"><ele>409.510</ele><time>2025-06-14T08:58:19Z</time></trkpt><trkpt lat="37.159172" lon="34.72654599999991"><ele>409.618</ele><time>2025-06-14T08:58:22Z</time></trkpt><trkpt lat="37.159146" lon="34.72660499999991"><ele>409.798</ele><time>2025-06-14T08:58:26Z</time></trkpt><trkpt lat="37.159101" lon="34.72663499999991"><ele>409.717</ele><time>2025-06-14T08:58:30Z</time></trkpt><trkpt lat="37.159076" lon="34.72668599999991"><ele>409.709</ele><time>2025-06-14T08:58:34Z</time></trkpt><trkpt lat="37.159075" lon="34.72675399999991"><ele>409.493</ele><time>2025-06-14T08:58:39Z</time></trkpt><trkpt lat="37.159047" lon="34.726810999999906"><ele>409.132</ele><time>2025-06-14T08:58:44Z</time></trkpt><trkpt lat="37.159017" lon="34.726867999999904"><ele>409.068</ele><time>2025-06-14T08:58:47Z</time></trkpt><trkpt lat="37.158972999999996" lon="34.7269169999999"><ele>408.920</ele><time>2025-06-14T08:58:51Z</time></trkpt><trkpt lat="37.158933999999995" lon="34.7269649999999"><ele>408.715</ele><time>2025-06-14T08:58:55Z</time></trkpt><trkpt lat="37.158896999999996" lon="34.7269979999999"><ele>408.771</ele><time>2025-06-14T08:58:58Z</time></trkpt><trkpt lat="37.15887299999999" lon="34.727052999999906"><ele>408.762</ele><time>2025-06-14T08:59:03Z</time></trkpt><trkpt lat="37.158846999999994" lon="34.72709999999991"><ele>408.722</ele><time>2025-06-14T08:59:12Z</time></trkpt><trkpt lat="37.15880899999999" lon="34.72714399999991"><ele>408.754</ele><time>2025-06-14T08:59:17Z</time></trkpt><trkpt lat="37.15874999999999" lon="34.72714299999991"><ele>408.764</ele><time>2025-06-14T08:59:21Z</time></trkpt><trkpt lat="37.15869399999999" lon="34.72713799999991"><ele>408.806</ele><time>2025-06-14T08:59:25Z</time></trkpt><trkpt lat="37.15864099999999" lon="34.72710899999991"><ele>409.116</ele><time>2025-06-14T08:59:29Z</time></trkpt><trkpt lat="37.15858999999999" lon="34.727082999999915"><ele>409.109</ele><time>2025-06-14T08:59:32Z</time></trkpt><trkpt lat="37.15853099999999" lon="34.72706399999991"><ele>409.158</ele><time>2025-06-14T08:59:35Z</time></trkpt><trkpt lat="37.15845599999999" lon="34.72703699999991"><ele>408.937</ele><time>2025-06-14T08:59:38Z</time></trkpt><trkpt lat="37.158399999999986" lon="34.72699699999991"><ele>408.683</ele><time>2025-06-14T08:59:40Z</time></trkpt><trkpt lat="37.15834499999998" lon="34.72697299999991"><ele>408.555</ele><time>2025-06-14T08:59:42Z</time></trkpt><trkpt lat="37.15828699999998" lon="34.72698999999991"><ele>408.590</ele><time>2025-06-14T08:59:44Z</time></trkpt><trkpt lat="37.15822199999998" lon="34.72699799999991"><ele>408.556</ele><time>2025-06-14T08:59:47Z</time></trkpt><trkpt lat="37.15818199999998" lon="34.72703199999991"><ele>408.537</ele><time>2025-06-14T08:59:49Z</time></trkpt><trkpt lat="37.15813999999998" lon="34.72706199999991"><ele>408.537</ele><time>2025-06-14T08:59:51Z</time></trkpt><trkpt lat="37.158090999999985" lon="34.72707299999991"><ele>408.599</ele><time>2025-06-14T08:59:53Z</time></trkpt><trkpt lat="37.15804499999999" lon="34.72712399999991"><ele>408.549</ele><time>2025-06-14T08:59:56Z</time></trkpt><trkpt lat="37.15799999999999" lon="34.72714999999991"><ele>408.502</ele><time>2025-06-14T08:59:58Z</time></trkpt><trkpt lat="37.157949999999985" lon="34.72711799999991"><ele>408.522</ele><time>2025-06-14T09:00:00Z</time></trkpt><trkpt lat="37.157915999999986" lon="34.72706999999991"><ele>408.509</ele><time>2025-06-14T09:00:02Z</time></trkpt><trkpt lat="37.157868999999984" lon="34.72705599999991"><ele>408.596</ele><time>2025-06-14T09:00:04Z</time></trkpt><trkpt lat="37.157811999999986" lon="34.72703099999991"><ele>408.445</ele><time>2025-06-14T09:00:07Z</time></trkpt><trkpt lat="37.157744999999984" lon="34.727043999999914"><ele>408.421</ele><time>2025-06-14T09:00:10Z</time></trkpt><trkpt lat="37.15770399999998" lon="34.72700799999991"><ele>408.393</ele><time>2025-06-14T09:00:12Z</time></trkpt><trkpt lat="37.15765699999998" lon="34.726992999999915"><ele>408.238</ele><time>2025-06-14T09:00:14Z</time></trkpt><trkpt lat="37.15758399999998" lon="34.72698799999991"><ele>408.214</ele><time>2025-06-14T09:00:17Z</time></trkpt><trkpt lat="37.15752099999998" lon="34.72697499999991"><ele>408.255</ele><time>2025-06-14T09:00:20Z</time></trkpt><trkpt lat="37.157471999999984" lon="34.72697999999991"><ele>408.295</ele><time>2025-06-14T09:00:22Z</time></trkpt><trkpt lat="37.15740899999999" lon="34.726992999999915"><ele>408.297</ele><time>2025-06-14T09:00:25Z</time></trkpt><trkpt lat="37.15736099999999" lon="34.72700599999992"><ele>408.292</ele><time>2025-06-14T09:00:27Z</time></trkpt><trkpt lat="37.157293999999986" lon="34.72703899999992"><ele>408.273</ele><time>2025-06-14T09:00:30Z</time></trkpt><trkpt lat="37.157232999999984" lon="34.72707199999992"><ele>408.220</ele><time>2025-06-14T09:00:33Z</time></trkpt><trkpt lat="37.157167999999984" lon="34.72708299999992"><ele>408.209</ele><time>2025-06-14T09:00:36Z</time></trkpt><trkpt lat="37.157124999999986" lon="34.72710799999992"><ele>408.251</ele><time>2025-06-14T09:00:38Z</time></trkpt><trkpt lat="37.157077999999984" lon="34.727101999999924"><ele>408.260</ele><time>2025-06-14T09:00:40Z</time></trkpt><trkpt lat="37.15703399999998" lon="34.727086999999926"><ele>408.496</ele><time>2025-06-14T09:00:42Z</time></trkpt><trkpt lat="37.15698399999998" lon="34.727092999999925"><ele>408.558</ele><time>2025-06-14T09:00:44Z</time></trkpt><trkpt lat="37.15693299999998" lon="34.72710099999993"><ele>408.633</ele><time>2025-06-14T09:00:46Z</time></trkpt><trkpt lat="37.15688299999998" lon="34.727132999999924"><ele>408.639</ele><time>2025-06-14T09:00:53Z</time></trkpt><trkpt lat="37.15681999999998" lon="34.72713599999992"><ele>408.620</ele><time>2025-06-14T09:00:59Z</time></trkpt><trkpt lat="37.15676599999998" lon="34.727109999999925"><ele>408.080</ele><time>2025-06-14T09:01:03Z</time></trkpt><trkpt lat="37.156725999999985" lon="34.72708099999993"><ele>407.852</ele><time>2025-06-14T09:01:11Z</time></trkpt><trkpt lat="37.156672999999984" lon="34.72707799999993"><ele>407.856</ele><time>2025-06-14T09:01:32Z</time></trkpt><trkpt lat="37.15662299999998" lon="34.72709199999993"><ele>407.859</ele><time>2025-06-14T09:01:34Z</time></trkpt><trkpt lat="37.156573999999985" lon="34.72709699999993"><ele>407.714</ele><time>2025-06-14T09:01:36Z</time></trkpt><trkpt lat="37.156522999999986" lon="34.72708999999993"><ele>407.709</ele><time>2025-06-14T09:01:38Z</time></trkpt><trkpt lat="37.15647699999999" lon="34.72707099999993"><ele>407.447</ele><time>2025-06-14T09:01:40Z</time></trkpt><trkpt lat="37.15644899999999" lon="34.72702399999993"><ele>407.546</ele><time>2025-06-14T09:01:42Z</time></trkpt><trkpt lat="37.156404999999985" lon="34.72698399999993"><ele>407.512</ele><time>2025-06-14T09:01:45Z</time></trkpt><trkpt lat="37.15635599999999" lon="34.72697499999993"><ele>407.434</ele><time>2025-06-14T09:01:56Z</time></trkpt><trkpt lat="37.15630699999999" lon="34.726976999999934"><ele>407.449</ele><time>2025-06-14T09:02:07Z</time></trkpt><trkpt lat="37.15626199999999" lon="34.726953999999935"><ele>407.625</ele><time>2025-06-14T09:02:11Z</time></trkpt><trkpt lat="37.15621699999999" lon="34.72694499999994"><ele>407.896</ele><time>2025-06-14T09:02:15Z</time></trkpt><trkpt lat="37.15617499999999" lon="34.72692099999993"><ele>407.926</ele><time>2025-06-14T09:02:21Z</time></trkpt><trkpt lat="37.15612799999999" lon="34.72691599999993"><ele>408.088</ele><time>2025-06-14T09:02:58Z</time></trkpt><trkpt lat="37.15610699999999" lon="34.72696799999993"><ele>408.139</ele><time>2025-06-14T09:16:49Z</time></trkpt><trkpt lat="37.15614699999999" lon="34.726940999999925"><ele>408.201</ele><time>2025-06-14T09:17:04Z</time></trkpt><trkpt lat="37.15617799999999" lon="34.726898999999925"><ele>408.321</ele><time>2025-06-14T09:17:36Z</time></trkpt><trkpt lat="37.15612699999999" lon="34.72686699999993"><ele>408.409</ele><time>2025-06-14T09:18:15Z</time></trkpt><trkpt lat="37.15608299999999" lon="34.72684599999993"><ele>408.855</ele><time>2025-06-14T09:18:18Z</time></trkpt><trkpt lat="37.15603199999999" lon="34.72682299999993"><ele>409.374</ele><time>2025-06-14T09:18:21Z</time></trkpt><trkpt lat="37.15597799999999" lon="34.72680999999993"><ele>409.450</ele><time>2025-06-14T09:18:23Z</time></trkpt><trkpt lat="37.15592099999999" lon="34.72678899999993"><ele>409.862</ele><time>2025-06-14T09:18:25Z</time></trkpt><trkpt lat="37.15586299999999" lon="34.726773999999935"><ele>410.257</ele><time>2025-06-14T09:18:27Z</time></trkpt><trkpt lat="37.15580499999999" lon="34.72675899999994"><ele>410.683</ele><time>2025-06-14T09:18:29Z</time></trkpt><trkpt lat="37.15574799999999" lon="34.72674499999994"><ele>411.084</ele><time>2025-06-14T09:18:31Z</time></trkpt><trkpt lat="37.15569399999999" lon="34.726736999999936"><ele>411.344</ele><time>2025-06-14T09:18:33Z</time></trkpt><trkpt lat="37.15563099999999" lon="34.72675299999994"><ele>411.946</ele><time>2025-06-14T09:18:35Z</time></trkpt><trkpt lat="37.15556099999999" lon="34.72677599999994"><ele>412.628</ele><time>2025-06-14T09:18:37Z</time></trkpt><trkpt lat="37.155497999999994" lon="34.72680299999994"><ele>413.389</ele><time>2025-06-14T09:18:39Z</time></trkpt><trkpt lat="37.155435999999995" lon="34.72681699999994"><ele>413.717</ele><time>2025-06-14T09:18:41Z</time></trkpt><trkpt lat="37.15536699999999" lon="34.72683199999994"><ele>413.809</ele><time>2025-06-14T09:18:43Z</time></trkpt><trkpt lat="37.15529599999999" lon="34.726840999999936"><ele>413.584</ele><time>2025-06-14T09:18:45Z</time></trkpt><trkpt lat="37.15522599999999" lon="34.726855999999934"><ele>413.233</ele><time>2025-06-14T09:18:47Z</time></trkpt><trkpt lat="37.155151999999994" lon="34.726871999999936"><ele>413.039</ele><time>2025-06-14T09:18:49Z</time></trkpt><trkpt lat="37.15508499999999" lon="34.726874999999936"><ele>412.851</ele><time>2025-06-14T09:18:51Z</time></trkpt><trkpt lat="37.15501199999999" lon="34.72688799999994"><ele>412.816</ele><time>2025-06-14T09:18:53Z</time></trkpt><trkpt lat="37.154931999999995" lon="34.72690099999994"><ele>412.862</ele><time>2025-06-14T09:18:55Z</time></trkpt><trkpt lat="37.154847" lon="34.72691199999994"><ele>412.913</ele><time>2025-06-14T09:18:57Z</time></trkpt><trkpt lat="37.154774999999994" lon="34.72691899999994"><ele>412.913</ele><time>2025-06-14T09:18:59Z</time></trkpt><trkpt lat="37.154723" lon="34.72693099999994"><ele>412.925</ele><time>2025-06-14T09:19:01Z</time></trkpt><trkpt lat="37.154649" lon="34.726948999999934"><ele>412.887</ele><time>2025-06-14T09:19:03Z</time></trkpt><trkpt lat="37.154562" lon="34.726973999999935"><ele>412.742</ele><time>2025-06-14T09:19:05Z</time></trkpt><trkpt lat="37.154517999999996" lon="34.72698899999993"><ele>412.726</ele><time>2025-06-14T09:19:06Z</time></trkpt><trkpt lat="37.154433" lon="34.72701999999993"><ele>412.409</ele><time>2025-06-14T09:19:08Z</time></trkpt><trkpt lat="37.154346" lon="34.727049999999934"><ele>412.260</ele><time>2025-06-14T09:19:10Z</time></trkpt><trkpt lat="37.154259999999994" lon="34.72707899999993"><ele>412.039</ele><time>2025-06-14T09:19:12Z</time></trkpt><trkpt lat="37.15418999999999" lon="34.72710499999993"><ele>411.945</ele><time>2025-06-14T09:19:14Z</time></trkpt><trkpt lat="37.154143999999995" lon="34.72711999999993"><ele>411.867</ele><time>2025-06-14T09:19:16Z</time></trkpt><trkpt lat="37.15409399999999" lon="34.72713599999993"><ele>411.832</ele><time>2025-06-14T09:20:10Z</time></trkpt><trkpt lat="37.154031999999994" lon="34.72716899999993"><ele>411.888</ele><time>2025-06-14T09:20:12Z</time></trkpt><trkpt lat="37.153966" lon="34.72721199999993"><ele>411.899</ele><time>2025-06-14T09:20:14Z</time></trkpt><trkpt lat="37.153906" lon="34.72725399999993"><ele>411.979</ele><time>2025-06-14T09:20:16Z</time></trkpt><trkpt lat="37.153838" lon="34.72729699999993"><ele>412.071</ele><time>2025-06-14T09:20:18Z</time></trkpt><trkpt lat="37.153764" lon="34.727345999999926"><ele>412.118</ele><time>2025-06-14T09:20:20Z</time></trkpt><trkpt lat="37.153707000000004" lon="34.727385999999925"><ele>412.298</ele><time>2025-06-14T09:20:22Z</time></trkpt><trkpt lat="37.15365800000001" lon="34.72742099999992"><ele>412.217</ele><time>2025-06-14T09:20:24Z</time></trkpt><trkpt lat="37.153611000000005" lon="34.727444999999925"><ele>412.209</ele><time>2025-06-14T09:20:28Z</time></trkpt><trkpt lat="37.153563000000005" lon="34.727452999999926"><ele>412.243</ele><time>2025-06-14T09:20:33Z</time></trkpt><trkpt lat="37.153507000000005" lon="34.72745999999992"><ele>411.482</ele><time>2025-06-14T09:20:50Z</time></trkpt><trkpt lat="37.153457" lon="34.72747099999992"><ele>410.948</ele><time>2025-06-14T09:20:54Z</time></trkpt><trkpt lat="37.153434000000004" lon="34.72752999999992"><ele>410.050</ele><time>2025-06-14T09:20:58Z</time></trkpt><trkpt lat="37.15344700000001" lon="34.72758499999993"><ele>409.525</ele><time>2025-06-14T09:21:01Z</time></trkpt><trkpt lat="37.15345700000001" lon="34.72765999999993"><ele>409.491</ele><time>2025-06-14T09:21:04Z</time></trkpt><trkpt lat="37.15345700000001" lon="34.727722999999926"><ele>409.462</ele><time>2025-06-14T09:21:07Z</time></trkpt><trkpt lat="37.15343700000001" lon="34.72778199999993"><ele>409.482</ele><time>2025-06-14T09:21:17Z</time></trkpt><trkpt lat="37.15339900000001" lon="34.72785099999993"><ele>409.574</ele><time>2025-06-14T09:21:20Z</time></trkpt><trkpt lat="37.15335000000001" lon="34.72788999999993"><ele>409.819</ele><time>2025-06-14T09:21:22Z</time></trkpt><trkpt lat="37.153298000000014" lon="34.72791099999993"><ele>410.109</ele><time>2025-06-14T09:21:24Z</time></trkpt><trkpt lat="37.153247000000015" lon="34.727922999999926"><ele>410.319</ele><time>2025-06-14T09:21:26Z</time></trkpt><trkpt lat="37.15319200000001" lon="34.72792199999993"><ele>410.709</ele><time>2025-06-14T09:21:28Z</time></trkpt><trkpt lat="37.15312800000001" lon="34.72793199999993"><ele>411.333</ele><time>2025-06-14T09:21:30Z</time></trkpt><trkpt lat="37.15305800000001" lon="34.72795699999993"><ele>412.062</ele><time>2025-06-14T09:21:32Z</time></trkpt><trkpt lat="37.15299100000001" lon="34.72797699999993"><ele>412.868</ele><time>2025-06-14T09:21:34Z</time></trkpt><trkpt lat="37.152922000000004" lon="34.72799399999993"><ele>413.840</ele><time>2025-06-14T09:21:36Z</time></trkpt><trkpt lat="37.152857000000004" lon="34.727964999999934"><ele>414.575</ele><time>2025-06-14T09:21:38Z</time></trkpt><trkpt lat="37.15281" lon="34.727907999999935"><ele>415.171</ele><time>2025-06-14T09:21:40Z</time></trkpt><trkpt lat="37.152783" lon="34.72783299999993"><ele>415.322</ele><time>2025-06-14T09:21:42Z</time></trkpt><trkpt lat="37.152758999999996" lon="34.72775199999993"><ele>416.292</ele><time>2025-06-14T09:21:44Z</time></trkpt><trkpt lat="37.152719999999995" lon="34.72767799999993"><ele>417.654</ele><time>2025-06-14T09:21:46Z</time></trkpt><trkpt lat="37.152665999999996" lon="34.727657999999934"><ele>418.112</ele><time>2025-06-14T09:21:48Z</time></trkpt><trkpt lat="37.152606" lon="34.72770099999993"><ele>419.032</ele><time>2025-06-14T09:21:50Z</time></trkpt><trkpt lat="37.152581" lon="34.72779699999993"><ele>420.005</ele><time>2025-06-14T09:21:52Z</time></trkpt><trkpt lat="37.152594" lon="34.72787899999993"><ele>420.209</ele><time>2025-06-14T09:21:54Z</time></trkpt><trkpt lat="37.152609" lon="34.72797799999993"><ele>420.263</ele><time>2025-06-14T09:21:56Z</time></trkpt><trkpt lat="37.152619" lon="34.72809299999993"><ele>420.172</ele><time>2025-06-14T09:21:58Z</time></trkpt><trkpt lat="37.152616" lon="34.72815899999993"><ele>420.058</ele><time>2025-06-14T09:21:59Z</time></trkpt><trkpt lat="37.152609000000005" lon="34.72822299999993"><ele>419.990</ele><time>2025-06-14T09:22:00Z</time></trkpt><trkpt lat="37.152603000000006" lon="34.72828699999993"><ele>419.885</ele><time>2025-06-14T09:22:01Z</time></trkpt><trkpt lat="37.152598000000005" lon="34.72834599999993"><ele>419.571</ele><time>2025-06-14T09:22:02Z</time></trkpt><trkpt lat="37.152588" lon="34.72843899999993"><ele>419.042</ele><time>2025-06-14T09:22:04Z</time></trkpt><trkpt lat="37.152564" lon="34.72853299999993"><ele>418.542</ele><time>2025-06-14T09:22:06Z</time></trkpt><trkpt lat="37.152532" lon="34.72861999999993"><ele>417.234</ele><time>2025-06-14T09:22:08Z</time></trkpt><trkpt lat="37.152495" lon="34.728699999999925"><ele>416.934</ele><time>2025-06-14T09:22:10Z</time></trkpt><trkpt lat="37.152447" lon="34.728761999999925"><ele>416.955</ele><time>2025-06-14T09:22:12Z</time></trkpt><trkpt lat="37.152392" lon="34.728817999999926"><ele>417.110</ele><time>2025-06-14T09:22:14Z</time></trkpt><trkpt lat="37.152345" lon="34.72883899999992"><ele>417.309</ele><time>2025-06-14T09:22:17Z</time></trkpt><trkpt lat="37.152300999999994" lon="34.728868999999925"><ele>417.955</ele><time>2025-06-14T09:23:18Z</time></trkpt><trkpt lat="37.152260999999996" lon="34.72890399999992"><ele>418.824</ele><time>2025-06-14T09:23:20Z</time></trkpt><trkpt lat="37.152193999999994" lon="34.72894399999992"><ele>419.770</ele><time>2025-06-14T09:23:22Z</time></trkpt><trkpt lat="37.15212499999999" lon="34.72900499999992"><ele>419.752</ele><time>2025-06-14T09:23:24Z</time></trkpt><trkpt lat="37.15205799999999" lon="34.72906399999992"><ele>419.917</ele><time>2025-06-14T09:23:26Z</time></trkpt><trkpt lat="37.15198299999999" lon="34.729127999999925"><ele>420.143</ele><time>2025-06-14T09:23:28Z</time></trkpt><trkpt lat="37.15194299999999" lon="34.72915799999993"><ele>420.394</ele><time>2025-06-14T09:23:29Z</time></trkpt><trkpt lat="37.151901999999986" lon="34.72918599999993"><ele>420.494</ele><time>2025-06-14T09:23:30Z</time></trkpt><trkpt lat="37.15185499999998" lon="34.72921299999993"><ele>420.436</ele><time>2025-06-14T09:23:31Z</time></trkpt><trkpt lat="37.15180499999998" lon="34.72922999999993"><ele>420.535</ele><time>2025-06-14T09:23:32Z</time></trkpt><trkpt lat="37.15171599999998" lon="34.72924599999993"><ele>420.686</ele><time>2025-06-14T09:23:34Z</time></trkpt><trkpt lat="37.15166599999998" lon="34.729267999999934"><ele>420.614</ele><time>2025-06-14T09:23:35Z</time></trkpt><trkpt lat="37.151621999999975" lon="34.72928799999993"><ele>420.609</ele><time>2025-06-14T09:23:36Z</time></trkpt><trkpt lat="37.151556999999976" lon="34.729317999999935"><ele>420.615</ele><time>2025-06-14T09:23:38Z</time></trkpt><trkpt lat="37.151480999999976" lon="34.729343999999934"><ele>420.584</ele><time>2025-06-14T09:23:40Z</time></trkpt><trkpt lat="37.15139799999998" lon="34.72936999999993"><ele>420.310</ele><time>2025-06-14T09:23:42Z</time></trkpt><trkpt lat="37.15134899999998" lon="34.72937899999993"><ele>420.132</ele><time>2025-06-14T09:23:43Z</time></trkpt><trkpt lat="37.151302999999984" lon="34.72937999999993"><ele>420.057</ele><time>2025-06-14T09:23:44Z</time></trkpt><trkpt lat="37.151220999999985" lon="34.72940299999993"><ele>419.833</ele><time>2025-06-14T09:23:46Z</time></trkpt><trkpt lat="37.151139999999984" lon="34.729420999999924"><ele>419.884</ele><time>2025-06-14T09:23:48Z</time></trkpt><trkpt lat="37.151068999999985" lon="34.72944099999992"><ele>419.154</ele><time>2025-06-14T09:23:50Z</time></trkpt><trkpt lat="37.15100299999999" lon="34.72946199999992"><ele>418.696</ele><time>2025-06-14T09:23:52Z</time></trkpt><trkpt lat="37.150941999999986" lon="34.72948199999992"><ele>418.225</ele><time>2025-06-14T09:23:54Z</time></trkpt><trkpt lat="37.15087999999999" lon="34.72953199999992"><ele>417.726</ele><time>2025-06-14T09:23:56Z</time></trkpt><trkpt lat="37.150818999999984" lon="34.72956499999992"><ele>417.208</ele><time>2025-06-14T09:23:58Z</time></trkpt><trkpt lat="37.150753999999985" lon="34.72962199999992"><ele>416.709</ele><time>2025-06-14T09:24:00Z</time></trkpt><trkpt lat="37.15069299999998" lon="34.72969299999992"><ele>416.374</ele><time>2025-06-14T09:24:02Z</time></trkpt><trkpt lat="37.150649999999985" lon="34.72973599999992"><ele>415.923</ele><time>2025-06-14T09:24:04Z</time></trkpt><trkpt lat="37.15060599999998" lon="34.729758999999916"><ele>415.689</ele><time>2025-06-14T09:24:05Z</time></trkpt><trkpt lat="37.150556999999985" lon="34.729772999999916"><ele>415.281</ele><time>2025-06-14T09:24:06Z</time></trkpt><trkpt lat="37.15050999999998" lon="34.72978899999992"><ele>415.276</ele><time>2025-06-14T09:24:07Z</time></trkpt><trkpt lat="37.15042599999998" lon="34.72981299999992"><ele>415.232</ele><time>2025-06-14T09:24:09Z</time></trkpt><trkpt lat="37.15035599999998" lon="34.72986399999992"><ele>415.273</ele><time>2025-06-14T09:24:11Z</time></trkpt><trkpt lat="37.15027799999998" lon="34.72990599999992"><ele>415.413</ele><time>2025-06-14T09:24:13Z</time></trkpt><trkpt lat="37.15020199999998" lon="34.729952999999924"><ele>415.845</ele><time>2025-06-14T09:24:15Z</time></trkpt><trkpt lat="37.15012399999998" lon="34.730019999999925"><ele>416.416</ele><time>2025-06-14T09:24:17Z</time></trkpt><trkpt lat="37.15007899999998" lon="34.730064999999925"><ele>417.076</ele><time>2025-06-14T09:24:18Z</time></trkpt><trkpt lat="37.150022999999976" lon="34.73011199999993"><ele>417.413</ele><time>2025-06-14T09:24:19Z</time></trkpt><trkpt lat="37.14997099999998" lon="34.73015699999993"><ele>417.709</ele><time>2025-06-14T09:24:20Z</time></trkpt><trkpt lat="37.14991799999998" lon="34.73019899999993"><ele>417.843</ele><time>2025-06-14T09:24:21Z</time></trkpt><trkpt lat="37.14986799999998" lon="34.73024099999993"><ele>418.062</ele><time>2025-06-14T09:24:22Z</time></trkpt><trkpt lat="37.14982299999998" lon="34.730275999999925"><ele>418.068</ele><time>2025-06-14T09:24:23Z</time></trkpt><trkpt lat="37.149777999999976" lon="34.73031399999993"><ele>418.110</ele><time>2025-06-14T09:24:24Z</time></trkpt><trkpt lat="37.149730999999974" lon="34.73035499999993"><ele>418.275</ele><time>2025-06-14T09:24:25Z</time></trkpt><trkpt lat="37.149690999999976" lon="34.73039499999993"><ele>418.351</ele><time>2025-06-14T09:24:26Z</time></trkpt><trkpt lat="37.149648999999975" lon="34.73043099999993"><ele>418.372</ele><time>2025-06-14T09:24:27Z</time></trkpt><trkpt lat="37.14960799999997" lon="34.730457999999935"><ele>418.322</ele><time>2025-06-14T09:24:28Z</time></trkpt><trkpt lat="37.14956299999997" lon="34.73047299999993"><ele>418.484</ele><time>2025-06-14T09:24:29Z</time></trkpt><trkpt lat="37.149474999999974" lon="34.73048799999993"><ele>418.547</ele><time>2025-06-14T09:24:31Z</time></trkpt><trkpt lat="37.14939099999997" lon="34.73045599999993"><ele>418.529</ele><time>2025-06-14T09:24:33Z</time></trkpt><trkpt lat="37.14934999999997" lon="34.730432999999934"><ele>418.821</ele><time>2025-06-14T09:24:34Z</time></trkpt><trkpt lat="37.149311999999966" lon="34.73040099999994"><ele>419.109</ele><time>2025-06-14T09:24:35Z</time></trkpt><trkpt lat="37.14923199999997" lon="34.73035999999993"><ele>419.696</ele><time>2025-06-14T09:24:37Z</time></trkpt><trkpt lat="37.14918599999997" lon="34.73035999999993"><ele>420.285</ele><time>2025-06-14T09:24:38Z</time></trkpt><trkpt lat="37.14913799999997" lon="34.73036999999994"><ele>420.971</ele><time>2025-06-14T09:24:39Z</time></trkpt><trkpt lat="37.14909599999997" lon="34.73040099999994"><ele>421.653</ele><time>2025-06-14T09:24:40Z</time></trkpt><trkpt lat="37.14905999999997" lon="34.73044599999994"><ele>422.458</ele><time>2025-06-14T09:24:41Z</time></trkpt><trkpt lat="37.14902599999997" lon="34.730491999999934"><ele>422.844</ele><time>2025-06-14T09:24:42Z</time></trkpt><trkpt lat="37.14898599999997" lon="34.73059099999993"><ele>423.295</ele><time>2025-06-14T09:24:44Z</time></trkpt><trkpt lat="37.14897599999997" lon="34.73070199999993"><ele>424.215</ele><time>2025-06-14T09:24:46Z</time></trkpt><trkpt lat="37.14898099999997" lon="34.73076899999993"><ele>424.597</ele><time>2025-06-14T09:24:47Z</time></trkpt><trkpt lat="37.14898099999997" lon="34.73086699999993"><ele>424.528</ele><time>2025-06-14T09:24:49Z</time></trkpt><trkpt lat="37.14900699999997" lon="34.73095999999993"><ele>424.289</ele><time>2025-06-14T09:24:51Z</time></trkpt><trkpt lat="37.148996999999966" lon="34.73104999999993"><ele>423.317</ele><time>2025-06-14T09:24:53Z</time></trkpt><trkpt lat="37.148954999999965" lon="34.73112999999993"><ele>421.909</ele><time>2025-06-14T09:24:55Z</time></trkpt><trkpt lat="37.14888599999996" lon="34.73120599999993"><ele>420.564</ele><time>2025-06-14T09:24:57Z</time></trkpt><trkpt lat="37.14885499999996" lon="34.73124699999993"><ele>419.593</ele><time>2025-06-14T09:24:58Z</time></trkpt><trkpt lat="37.148794999999964" lon="34.731324999999934"><ele>419.169</ele><time>2025-06-14T09:25:00Z</time></trkpt><trkpt lat="37.14872899999997" lon="34.73139399999994"><ele>419.041</ele><time>2025-06-14T09:25:02Z</time></trkpt><trkpt lat="37.148659999999964" lon="34.731447999999936"><ele>419.046</ele><time>2025-06-14T09:25:04Z</time></trkpt><trkpt lat="37.148591999999965" lon="34.731481999999936"><ele>419.282</ele><time>2025-06-14T09:25:06Z</time></trkpt><trkpt lat="37.14853099999996" lon="34.731526999999936"><ele>419.643</ele><time>2025-06-14T09:25:08Z</time></trkpt><trkpt lat="37.148465999999964" lon="34.73160999999993"><ele>420.233</ele><time>2025-06-14T09:25:10Z</time></trkpt><trkpt lat="37.148433999999966" lon="34.73167199999993"><ele>421.025</ele><time>2025-06-14T09:25:11Z</time></trkpt><trkpt lat="37.148402999999966" lon="34.73172799999993"><ele>421.637</ele><time>2025-06-14T09:25:12Z</time></trkpt><trkpt lat="37.14836799999997" lon="34.73177999999993"><ele>421.749</ele><time>2025-06-14T09:25:13Z</time></trkpt><trkpt lat="37.14833099999997" lon="34.73182399999993"><ele>421.913</ele><time>2025-06-14T09:25:14Z</time></trkpt><trkpt lat="37.14828999999997" lon="34.73186299999993"><ele>422.009</ele><time>2025-06-14T09:25:15Z</time></trkpt><trkpt lat="37.148251999999964" lon="34.731892999999936"><ele>422.015</ele><time>2025-06-14T09:25:16Z</time></trkpt><trkpt lat="37.148183999999965" lon="34.73194799999994"><ele>422.094</ele><time>2025-06-14T09:25:18Z</time></trkpt><trkpt lat="37.148124999999965" lon="34.732010999999936"><ele>422.160</ele><time>2025-06-14T09:25:20Z</time></trkpt><trkpt lat="37.14807899999997" lon="34.732092999999935"><ele>423.252</ele><time>2025-06-14T09:25:22Z</time></trkpt><trkpt lat="37.14802999999997" lon="34.732177999999934"><ele>424.487</ele><time>2025-06-14T09:25:24Z</time></trkpt><trkpt lat="37.14798399999997" lon="34.732272999999935"><ele>425.743</ele><time>2025-06-14T09:25:26Z</time></trkpt><trkpt lat="37.147937999999975" lon="34.73236699999993"><ele>427.114</ele><time>2025-06-14T09:25:28Z</time></trkpt><trkpt lat="37.147912999999974" lon="34.73241499999993"><ele>428.554</ele><time>2025-06-14T09:25:29Z</time></trkpt><trkpt lat="37.14789099999997" lon="34.73246799999993"><ele>429.216</ele><time>2025-06-14T09:25:30Z</time></trkpt><trkpt lat="37.147867999999974" lon="34.732523999999934"><ele>429.825</ele><time>2025-06-14T09:25:31Z</time></trkpt><trkpt lat="37.14784699999998" lon="34.73258099999993"><ele>430.426</ele><time>2025-06-14T09:25:32Z</time></trkpt><trkpt lat="37.14782899999998" lon="34.73263499999993"><ele>430.408</ele><time>2025-06-14T09:25:33Z</time></trkpt><trkpt lat="37.14780099999998" lon="34.73273599999993"><ele>431.009</ele><time>2025-06-14T09:25:35Z</time></trkpt><trkpt lat="37.14777699999998" lon="34.73283299999993"><ele>431.634</ele><time>2025-06-14T09:25:37Z</time></trkpt><trkpt lat="37.14776999999998" lon="34.73291899999993"><ele>433.593</ele><time>2025-06-14T09:25:39Z</time></trkpt><trkpt lat="37.14774099999998" lon="34.73300699999993"><ele>434.969</ele><time>2025-06-14T09:25:41Z</time></trkpt><trkpt lat="37.14768599999998" lon="34.733089999999926"><ele>436.381</ele><time>2025-06-14T09:25:43Z</time></trkpt><trkpt lat="37.14765799999998" lon="34.733135999999924"><ele>437.556</ele><time>2025-06-14T09:25:44Z</time></trkpt><trkpt lat="37.14762999999998" lon="34.73318399999992"><ele>438.092</ele><time>2025-06-14T09:25:45Z</time></trkpt><trkpt lat="37.14757599999998" lon="34.73326599999992"><ele>438.493</ele><time>2025-06-14T09:25:47Z</time></trkpt><trkpt lat="37.14752399999998" lon="34.73332199999992"><ele>438.723</ele><time>2025-06-14T09:25:49Z</time></trkpt><trkpt lat="37.147455999999984" lon="34.73336399999992"><ele>439.355</ele><time>2025-06-14T09:25:51Z</time></trkpt><trkpt lat="37.14737799999998" lon="34.73337899999992"><ele>440.079</ele><time>2025-06-14T09:25:53Z</time></trkpt><trkpt lat="37.147300999999985" lon="34.73338599999992"><ele>440.905</ele><time>2025-06-14T09:25:55Z</time></trkpt><trkpt lat="37.14721999999998" lon="34.73340799999992"><ele>441.825</ele><time>2025-06-14T09:25:57Z</time></trkpt><trkpt lat="37.14717599999998" lon="34.73342999999992"><ele>442.709</ele><time>2025-06-14T09:25:58Z</time></trkpt><trkpt lat="37.14712799999998" lon="34.73344999999992"><ele>443.149</ele><time>2025-06-14T09:25:59Z</time></trkpt><trkpt lat="37.147078999999984" lon="34.73346999999992"><ele>443.548</ele><time>2025-06-14T09:26:00Z</time></trkpt><trkpt lat="37.147033999999984" lon="34.73349299999992"><ele>443.954</ele><time>2025-06-14T09:26:01Z</time></trkpt><trkpt lat="37.14699199999998" lon="34.73352699999992"><ele>444.016</ele><time>2025-06-14T09:26:02Z</time></trkpt><trkpt lat="37.14695299999998" lon="34.73357099999992"><ele>444.021</ele><time>2025-06-14T09:26:03Z</time></trkpt><trkpt lat="37.14691999999998" lon="34.73362499999992"><ele>444.087</ele><time>2025-06-14T09:26:04Z</time></trkpt><trkpt lat="37.14689599999998" lon="34.73368299999992"><ele>444.078</ele><time>2025-06-14T09:26:05Z</time></trkpt><trkpt lat="37.146870999999976" lon="34.73373599999992"><ele>443.858</ele><time>2025-06-14T09:26:06Z</time></trkpt><trkpt lat="37.146842999999976" lon="34.73378699999992"><ele>443.590</ele><time>2025-06-14T09:26:07Z</time></trkpt><trkpt lat="37.146792999999974" lon="34.73386899999992"><ele>443.383</ele><time>2025-06-14T09:26:09Z</time></trkpt><trkpt lat="37.146746999999976" lon="34.73393899999992"><ele>443.325</ele><time>2025-06-14T09:26:11Z</time></trkpt><trkpt lat="37.146701999999976" lon="34.73400099999992"><ele>443.717</ele><time>2025-06-14T09:26:13Z</time></trkpt><trkpt lat="37.146659999999976" lon="34.73405399999992"><ele>444.609</ele><time>2025-06-14T09:26:15Z</time></trkpt><trkpt lat="37.14662299999998" lon="34.73408599999992"><ele>445.160</ele><time>2025-06-14T09:26:17Z</time></trkpt><trkpt lat="37.14657699999998" lon="34.73411799999992"><ele>446.339</ele><time>2025-06-14T09:26:19Z</time></trkpt><trkpt lat="37.14651899999998" lon="34.73413699999992"><ele>447.385</ele><time>2025-06-14T09:26:21Z</time></trkpt><trkpt lat="37.146448999999976" lon="34.73413499999992"><ele>447.867</ele><time>2025-06-14T09:26:23Z</time></trkpt><trkpt lat="37.146370999999974" lon="34.734112999999915"><ele>448.812</ele><time>2025-06-14T09:26:25Z</time></trkpt><trkpt lat="37.14629099999998" lon="34.73408899999991"><ele>450.318</ele><time>2025-06-14T09:26:27Z</time></trkpt><trkpt lat="37.14621699999998" lon="34.73407199999991"><ele>451.219</ele><time>2025-06-14T09:26:29Z</time></trkpt><trkpt lat="37.14616299999998" lon="34.73407599999991"><ele>452.029</ele><time>2025-06-14T09:26:31Z</time></trkpt><trkpt lat="37.14610999999998" lon="34.73409499999991"><ele>452.491</ele><time>2025-06-14T09:26:33Z</time></trkpt><trkpt lat="37.14606699999998" lon="34.73412399999991"><ele>453.328</ele><time>2025-06-14T09:26:35Z</time></trkpt><trkpt lat="37.14598099999998" lon="34.734220999999906"><ele>454.389</ele><time>2025-06-14T09:26:36Z</time></trkpt><trkpt lat="37.14591499999998" lon="34.73426199999991"><ele>455.117</ele><time>2025-06-14T09:26:38Z</time></trkpt><trkpt lat="37.145848999999984" lon="34.73430199999991"><ele>455.909</ele><time>2025-06-14T09:26:40Z</time></trkpt><trkpt lat="37.145783999999985" lon="34.73434299999991"><ele>457.094</ele><time>2025-06-14T09:26:42Z</time></trkpt><trkpt lat="37.14572099999999" lon="34.73438199999991"><ele>457.943</ele><time>2025-06-14T09:26:44Z</time></trkpt><trkpt lat="37.14566199999999" lon="34.73441899999991"><ele>458.729</ele><time>2025-06-14T09:26:46Z</time></trkpt><trkpt lat="37.14560199999999" lon="34.73445499999991"><ele>459.321</ele><time>2025-06-14T09:26:48Z</time></trkpt><trkpt lat="37.14553899999999" lon="34.73449799999991"><ele>459.876</ele><time>2025-06-14T09:26:50Z</time></trkpt><trkpt lat="37.14548299999999" lon="34.73453799999991"><ele>460.162</ele><time>2025-06-14T09:26:52Z</time></trkpt><trkpt lat="37.14544399999999" lon="34.734569999999906"><ele>460.483</ele><time>2025-06-14T09:26:54Z</time></trkpt><trkpt lat="37.14539699999999" lon="34.73456399999991"><ele>460.973</ele><time>2025-06-14T09:26:57Z</time></trkpt><trkpt lat="37.14533499999999" lon="34.734592999999904"><ele>461.475</ele><time>2025-06-14T09:27:00Z</time></trkpt><trkpt lat="37.14529899999999" lon="34.734628999999906"><ele>462.014</ele><time>2025-06-14T09:27:02Z</time></trkpt><trkpt lat="37.14524999999999" lon="34.73467899999991"><ele>462.254</ele><time>2025-06-14T09:27:04Z</time></trkpt><trkpt lat="37.14520799999999" lon="34.734746999999906"><ele>462.609</ele><time>2025-06-14T09:27:07Z</time></trkpt><trkpt lat="37.14517799999999" lon="34.7347959999999"><ele>462.909</ele><time>2025-06-14T09:27:09Z</time></trkpt><trkpt lat="37.145130999999985" lon="34.7348589999999"><ele>463.263</ele><time>2025-06-14T09:27:13Z</time></trkpt><trkpt lat="37.14509599999999" lon="34.7349179999999"><ele>463.652</ele><time>2025-06-14T09:27:16Z</time></trkpt><trkpt lat="37.14505699999999" lon="34.7349569999999"><ele>464.528</ele><time>2025-06-14T09:27:18Z</time></trkpt><trkpt lat="37.145018999999984" lon="34.735014999999905"><ele>465.360</ele><time>2025-06-14T09:27:19Z</time></trkpt><trkpt lat="37.144981999999985" lon="34.735056999999905"><ele>465.935</ele><time>2025-06-14T09:27:20Z</time></trkpt><trkpt lat="37.14490999999998" lon="34.7351309999999"><ele>466.331</ele><time>2025-06-14T09:27:22Z</time></trkpt><trkpt lat="37.14487399999998" lon="34.7351649999999"><ele>466.742</ele><time>2025-06-14T09:27:23Z</time></trkpt><trkpt lat="37.14480999999998" lon="34.7352299999999"><ele>467.322</ele><time>2025-06-14T09:27:25Z</time></trkpt><trkpt lat="37.14475399999998" lon="34.7353029999999"><ele>467.874</ele><time>2025-06-14T09:27:27Z</time></trkpt><trkpt lat="37.144703999999976" lon="34.735369999999904"><ele>468.422</ele><time>2025-06-14T09:27:29Z</time></trkpt><trkpt lat="37.144639999999974" lon="34.7354209999999"><ele>469.062</ele><time>2025-06-14T09:27:31Z</time></trkpt><trkpt lat="37.144565999999976" lon="34.7354669999999"><ele>469.808</ele><time>2025-06-14T09:27:33Z</time></trkpt><trkpt lat="37.144487999999974" lon="34.7354969999999"><ele>470.809</ele><time>2025-06-14T09:27:35Z</time></trkpt><trkpt lat="37.14440699999997" lon="34.7355109999999"><ele>472.034</ele><time>2025-06-14T09:27:37Z</time></trkpt><trkpt lat="37.14431999999997" lon="34.7355179999999"><ele>473.013</ele><time>2025-06-14T09:27:39Z</time></trkpt><trkpt lat="37.14427199999997" lon="34.7355179999999"><ele>474.099</ele><time>2025-06-14T09:27:40Z</time></trkpt><trkpt lat="37.14417999999997" lon="34.7355259999999"><ele>474.941</ele><time>2025-06-14T09:27:42Z</time></trkpt><trkpt lat="37.14412899999997" lon="34.7355309999999"><ele>475.796</ele><time>2025-06-14T09:27:43Z</time></trkpt><trkpt lat="37.144076999999974" lon="34.7355389999999"><ele>476.262</ele><time>2025-06-14T09:27:44Z</time></trkpt><trkpt lat="37.144019999999976" lon="34.7355509999999"><ele>476.733</ele><time>2025-06-14T09:27:45Z</time></trkpt><trkpt lat="37.14396799999998" lon="34.7355619999999"><ele>477.143</ele><time>2025-06-14T09:27:46Z</time></trkpt><trkpt lat="37.14392499999998" lon="34.7355819999999"><ele>477.345</ele><time>2025-06-14T09:27:47Z</time></trkpt><trkpt lat="37.14384299999998" lon="34.7356169999999"><ele>477.969</ele><time>2025-06-14T09:27:49Z</time></trkpt><trkpt lat="37.143765999999985" lon="34.7356509999999"><ele>478.304</ele><time>2025-06-14T09:27:51Z</time></trkpt><trkpt lat="37.14368299999999" lon="34.7356899999999"><ele>479.824</ele><time>2025-06-14T09:27:53Z</time></trkpt><trkpt lat="37.14360999999999" lon="34.7357169999999"><ele>480.709</ele><time>2025-06-14T09:27:55Z</time></trkpt><trkpt lat="37.14353599999999" lon="34.7357569999999"><ele>481.718</ele><time>2025-06-14T09:27:57Z</time></trkpt><trkpt lat="37.14347299999999" lon="34.7357979999999"><ele>483.047</ele><time>2025-06-14T09:27:59Z</time></trkpt><trkpt lat="37.14340899999999" lon="34.735847999999905"><ele>484.253</ele><time>2025-06-14T09:28:01Z</time></trkpt><trkpt lat="37.14333099999999" lon="34.735889999999905"><ele>485.355</ele><time>2025-06-14T09:28:03Z</time></trkpt><trkpt lat="37.14325499999999" lon="34.735931999999906"><ele>486.460</ele><time>2025-06-14T09:28:05Z</time></trkpt><trkpt lat="37.14317499999999" lon="34.735962999999906"><ele>487.426</ele><time>2025-06-14T09:28:07Z</time></trkpt><trkpt lat="37.14309599999999" lon="34.7359949999999"><ele>488.437</ele><time>2025-06-14T09:28:09Z</time></trkpt><trkpt lat="37.14302599999999" lon="34.7360439999999"><ele>489.267</ele><time>2025-06-14T09:28:11Z</time></trkpt><trkpt lat="37.142976999999995" lon="34.7360939999999"><ele>490.049</ele><time>2025-06-14T09:28:13Z</time></trkpt><trkpt lat="37.14293599999999" lon="34.7361589999999"><ele>491.119</ele><time>2025-06-14T09:28:16Z</time></trkpt><trkpt lat="37.14287699999999" lon="34.7362059999999"><ele>492.509</ele><time>2025-06-14T09:28:18Z</time></trkpt><trkpt lat="37.142796999999995" lon="34.7362369999999"><ele>494.019</ele><time>2025-06-14T09:28:20Z</time></trkpt><trkpt lat="37.14271099999999" lon="34.73626099999991"><ele>495.109</ele><time>2025-06-14T09:28:22Z</time></trkpt><trkpt lat="37.14263299999999" lon="34.736283999999905"><ele>496.073</ele><time>2025-06-14T09:28:24Z</time></trkpt><trkpt lat="37.14255899999999" lon="34.73631399999991"><ele>496.782</ele><time>2025-06-14T09:28:26Z</time></trkpt><trkpt lat="37.14247999999999" lon="34.73634499999991"><ele>497.528</ele><time>2025-06-14T09:28:28Z</time></trkpt><trkpt lat="37.14241499999999" lon="34.736415999999906"><ele>498.640</ele><time>2025-06-14T09:28:30Z</time></trkpt><trkpt lat="37.14239899999999" lon="34.73646899999991"><ele>499.825</ele><time>2025-06-14T09:28:31Z</time></trkpt><trkpt lat="37.14239699999999" lon="34.736525999999905"><ele>500.431</ele><time>2025-06-14T09:28:32Z</time></trkpt><trkpt lat="37.14240899999999" lon="34.73658699999991"><ele>500.942</ele><time>2025-06-14T09:28:33Z</time></trkpt><trkpt lat="37.14242999999998" lon="34.73664299999991"><ele>501.442</ele><time>2025-06-14T09:28:34Z</time></trkpt><trkpt lat="37.142442999999986" lon="34.73670799999991"><ele>501.664</ele><time>2025-06-14T09:28:35Z</time></trkpt><trkpt lat="37.14244999999998" lon="34.73677999999991"><ele>502.016</ele><time>2025-06-14T09:28:36Z</time></trkpt><trkpt lat="37.142234999999985" lon="34.73682999999991"><ele>503.376</ele><time>2025-06-14T09:28:37Z</time></trkpt><trkpt lat="37.14223299999998" lon="34.736887999999915"><ele>503.513</ele><time>2025-06-14T09:28:38Z</time></trkpt><trkpt lat="37.14223599999998" lon="34.73694899999992"><ele>503.809</ele><time>2025-06-14T09:28:44Z</time></trkpt><trkpt lat="37.142223999999985" lon="34.73705299999992"><ele>504.283</ele><time>2025-06-14T09:28:47Z</time></trkpt><trkpt lat="37.142226999999984" lon="34.737109999999916"><ele>504.682</ele><time>2025-06-14T09:28:48Z</time></trkpt><trkpt lat="37.142223999999985" lon="34.73717699999992"><ele>505.428</ele><time>2025-06-14T09:28:49Z</time></trkpt><trkpt lat="37.14224699999998" lon="34.73726699999992"><ele>505.620</ele><time>2025-06-14T09:28:50Z</time></trkpt><trkpt lat="37.142288999999984" lon="34.73733199999992"><ele>505.665</ele><time>2025-06-14T09:28:51Z</time></trkpt><trkpt lat="37.14238799999998" lon="34.73739599999992"><ele>505.781</ele><time>2025-06-14T09:28:52Z</time></trkpt><trkpt lat="37.142462999999985" lon="34.737444999999916"><ele>505.582</ele><time>2025-06-14T09:28:53Z</time></trkpt><trkpt lat="37.14254299999998" lon="34.737498999999914"><ele>504.972</ele><time>2025-06-14T09:28:54Z</time></trkpt><trkpt lat="37.142623999999984" lon="34.73755299999991"><ele>504.644</ele><time>2025-06-14T09:28:55Z</time></trkpt><trkpt lat="37.14270399999998" lon="34.73759899999991"><ele>504.352</ele><time>2025-06-14T09:28:56Z</time></trkpt><trkpt lat="37.142772999999984" lon="34.737639999999914"><ele>503.953</ele><time>2025-06-14T09:28:57Z</time></trkpt><trkpt lat="37.14286099999998" lon="34.737639999999914"><ele>503.008</ele><time>2025-06-14T09:28:58Z</time></trkpt><trkpt lat="37.142941999999984" lon="34.737619999999914"><ele>501.909</ele><time>2025-06-14T09:28:59Z</time></trkpt><trkpt lat="37.14299899999998" lon="34.737588999999915"><ele>500.777</ele><time>2025-06-14T09:29:00Z</time></trkpt><trkpt lat="37.14308699999998" lon="34.737571999999915"><ele>499.466</ele><time>2025-06-14T09:29:02Z</time></trkpt><trkpt lat="37.14317599999998" lon="34.73755399999992"><ele>497.572</ele><time>2025-06-14T09:29:04Z</time></trkpt><trkpt lat="37.14322199999998" lon="34.73754499999992"><ele>495.384</ele><time>2025-06-14T09:29:05Z</time></trkpt><trkpt lat="37.14326399999998" lon="34.73750999999992"><ele>494.079</ele><time>2025-06-14T09:29:06Z</time></trkpt><trkpt lat="37.14331499999998" lon="34.73751399999992"><ele>493.615</ele><time>2025-06-14T09:29:07Z</time></trkpt><trkpt lat="37.14336799999998" lon="34.73752199999992"><ele>493.086</ele><time>2025-06-14T09:29:08Z</time></trkpt><trkpt lat="37.14341899999998" lon="34.73753799999992"><ele>492.846</ele><time>2025-06-14T09:29:09Z</time></trkpt><trkpt lat="37.14346799999998" lon="34.73755599999992"><ele>492.478</ele><time>2025-06-14T09:29:10Z</time></trkpt><trkpt lat="37.14352099999998" lon="34.737576999999916"><ele>492.054</ele><time>2025-06-14T09:29:11Z</time></trkpt><trkpt lat="37.14357599999998" lon="34.73759799999991"><ele>491.656</ele><time>2025-06-14T09:29:12Z</time></trkpt><trkpt lat="37.14363299999998" lon="34.73761899999991"><ele>491.411</ele><time>2025-06-14T09:29:13Z</time></trkpt><trkpt lat="37.14369099999998" lon="34.73764199999991"><ele>490.909</ele><time>2025-06-14T09:29:14Z</time></trkpt><trkpt lat="37.143745999999986" lon="34.73766699999991"><ele>490.317</ele><time>2025-06-14T09:29:15Z</time></trkpt><trkpt lat="37.143799999999985" lon="34.73769599999991"><ele>489.776</ele><time>2025-06-14T09:29:16Z</time></trkpt><trkpt lat="37.14385799999999" lon="34.73772599999991"><ele>489.072</ele><time>2025-06-14T09:29:17Z</time></trkpt><trkpt lat="37.143914999999986" lon="34.73775799999991"><ele>488.384</ele><time>2025-06-14T09:29:18Z</time></trkpt><trkpt lat="37.14396999999999" lon="34.73778899999991"><ele>487.699</ele><time>2025-06-14T09:29:19Z</time></trkpt><trkpt lat="37.14401999999999" lon="34.73781999999991"><ele>486.945</ele><time>2025-06-14T09:29:20Z</time></trkpt><trkpt lat="37.14406899999999" lon="34.737848999999905"><ele>486.146</ele><time>2025-06-14T09:29:21Z</time></trkpt><trkpt lat="37.144111999999986" lon="34.737876999999905"><ele>485.346</ele><time>2025-06-14T09:29:22Z</time></trkpt><trkpt lat="37.14416099999998" lon="34.7379059999999"><ele>484.488</ele><time>2025-06-14T09:29:23Z</time></trkpt><trkpt lat="37.144207999999985" lon="34.737929999999906"><ele>483.915</ele><time>2025-06-14T09:29:24Z</time></trkpt><trkpt lat="37.14425399999998" lon="34.737958999999904"><ele>483.065</ele><time>2025-06-14T09:29:25Z</time></trkpt><trkpt lat="37.14429999999998" lon="34.7379879999999"><ele>482.111</ele><time>2025-06-14T09:29:26Z</time></trkpt><trkpt lat="37.14434599999998" lon="34.7380169999999"><ele>481.209</ele><time>2025-06-14T09:29:27Z</time></trkpt><trkpt lat="37.14439099999998" lon="34.7380429999999"><ele>480.493</ele><time>2025-06-14T09:29:28Z</time></trkpt><trkpt lat="37.14443599999998" lon="34.7380659999999"><ele>480.052</ele><time>2025-06-14T09:29:29Z</time></trkpt><trkpt lat="37.14448099999998" lon="34.738086999999894"><ele>479.638</ele><time>2025-06-14T09:29:30Z</time></trkpt><trkpt lat="37.14453099999998" lon="34.73810799999989"><ele>478.810</ele><time>2025-06-14T09:29:31Z</time></trkpt><trkpt lat="37.14458399999998" lon="34.73812399999989"><ele>478.085</ele><time>2025-06-14T09:29:32Z</time></trkpt><trkpt lat="37.14463399999998" lon="34.738139999999895"><ele>477.261</ele><time>2025-06-14T09:29:33Z</time></trkpt><trkpt lat="37.144683999999984" lon="34.73815799999989"><ele>476.592</ele><time>2025-06-14T09:29:34Z</time></trkpt><trkpt lat="37.14473499999998" lon="34.73817299999989"><ele>475.872</ele><time>2025-06-14T09:29:35Z</time></trkpt><trkpt lat="37.144784999999985" lon="34.73818799999989"><ele>475.244</ele><time>2025-06-14T09:29:36Z</time></trkpt><trkpt lat="37.144834999999986" lon="34.73820399999989"><ele>474.643</ele><time>2025-06-14T09:29:37Z</time></trkpt><trkpt lat="37.144888999999985" lon="34.73821599999989"><ele>474.164</ele><time>2025-06-14T09:29:38Z</time></trkpt><trkpt lat="37.14494099999998" lon="34.738224999999886"><ele>473.610</ele><time>2025-06-14T09:29:39Z</time></trkpt><trkpt lat="37.14498999999998" lon="34.73823199999988"><ele>473.109</ele><time>2025-06-14T09:29:40Z</time></trkpt><trkpt lat="37.14503799999998" lon="34.73823799999988"><ele>472.696</ele><time>2025-06-14T09:29:41Z</time></trkpt><trkpt lat="37.14508799999998" lon="34.73826699999988"><ele>472.235</ele><time>2025-06-14T09:29:42Z</time></trkpt><trkpt lat="37.14513699999998" lon="34.73826599999988"><ele>471.871</ele><time>2025-06-14T09:29:43Z</time></trkpt><trkpt lat="37.145235999999976" lon="34.738244999999885"><ele>471.623</ele><time>2025-06-14T09:29:45Z</time></trkpt><trkpt lat="37.14528499999997" lon="34.73824699999989"><ele>471.298</ele><time>2025-06-14T09:29:46Z</time></trkpt><trkpt lat="37.145337999999974" lon="34.738247999999885"><ele>470.434</ele><time>2025-06-14T09:29:47Z</time></trkpt><trkpt lat="37.14539199999997" lon="34.73824899999988"><ele>470.085</ele><time>2025-06-14T09:29:48Z</time></trkpt><trkpt lat="37.14544799999997" lon="34.73824699999988"><ele>469.625</ele><time>2025-06-14T09:29:49Z</time></trkpt><trkpt lat="37.14549399999997" lon="34.73824299999988"><ele>469.457</ele><time>2025-06-14T09:29:50Z</time></trkpt><trkpt lat="37.14554799999997" lon="34.738238999999886"><ele>468.929</ele><time>2025-06-14T09:29:51Z</time></trkpt><trkpt lat="37.14559699999997" lon="34.73823499999989"><ele>468.400</ele><time>2025-06-14T09:29:52Z</time></trkpt><trkpt lat="37.145645999999964" lon="34.73825399999989"><ele>467.920</ele><time>2025-06-14T09:29:53Z</time></trkpt><trkpt lat="37.145692999999966" lon="34.73823499999989"><ele>467.409</ele><time>2025-06-14T09:29:54Z</time></trkpt><trkpt lat="37.14574299999997" lon="34.73823699999989"><ele>466.964</ele><time>2025-06-14T09:29:55Z</time></trkpt><trkpt lat="37.145796999999966" lon="34.73824099999989"><ele>466.423</ele><time>2025-06-14T09:29:56Z</time></trkpt><trkpt lat="37.14585199999997" lon="34.738241999999886"><ele>466.069</ele><time>2025-06-14T09:29:57Z</time></trkpt><trkpt lat="37.14590499999997" lon="34.738239999999884"><ele>465.671</ele><time>2025-06-14T09:29:58Z</time></trkpt><trkpt lat="37.14595699999997" lon="34.73823499999988"><ele>465.256</ele><time>2025-06-14T09:29:59Z</time></trkpt><trkpt lat="37.146008999999964" lon="34.73822399999988"><ele>465.022</ele><time>2025-06-14T09:30:00Z</time></trkpt><trkpt lat="37.146061999999965" lon="34.73824399999988"><ele>464.863</ele><time>2025-06-14T09:30:01Z</time></trkpt><trkpt lat="37.146115999999964" lon="34.73824399999988"><ele>464.473</ele><time>2025-06-14T09:30:02Z</time></trkpt><trkpt lat="37.14617399999997" lon="34.73824399999988"><ele>463.815</ele><time>2025-06-14T09:30:03Z</time></trkpt><trkpt lat="37.14622899999997" lon="34.73824399999988"><ele>463.496</ele><time>2025-06-14T09:30:04Z</time></trkpt><trkpt lat="37.14627799999997" lon="34.73824399999988"><ele>462.931</ele><time>2025-06-14T09:30:05Z</time></trkpt><trkpt lat="37.146326999999964" lon="34.73824399999988"><ele>462.624</ele><time>2025-06-14T09:30:06Z</time></trkpt><trkpt lat="37.14639499999996" lon="34.73832599999988"><ele>461.709</ele><time>2025-06-14T09:30:08Z</time></trkpt><trkpt lat="37.14645999999996" lon="34.73841199999988"><ele>460.391</ele><time>2025-06-14T09:30:10Z</time></trkpt><trkpt lat="37.146497999999966" lon="34.738466999999886"><ele>458.890</ele><time>2025-06-14T09:30:11Z</time></trkpt><trkpt lat="37.14652799999997" lon="34.73852499999989"><ele>457.796</ele><time>2025-06-14T09:30:12Z</time></trkpt><trkpt lat="37.146548999999965" lon="34.73859599999989"><ele>457.328</ele><time>2025-06-14T09:30:13Z</time></trkpt><trkpt lat="37.14656799999997" lon="34.738669999999885"><ele>456.623</ele><time>2025-06-14T09:30:14Z</time></trkpt><trkpt lat="37.146582999999964" lon="34.738745999999885"><ele>455.989</ele><time>2025-06-14T09:30:15Z</time></trkpt><trkpt lat="37.146598999999966" lon="34.73882299999988"><ele>455.960</ele><time>2025-06-14T09:30:16Z</time></trkpt><trkpt lat="37.146610999999965" lon="34.738897999999885"><ele>455.370</ele><time>2025-06-14T09:30:17Z</time></trkpt><trkpt lat="37.14661999999996" lon="34.73897499999988"><ele>454.832</ele><time>2025-06-14T09:30:18Z</time></trkpt><trkpt lat="37.146624999999965" lon="34.739052999999885"><ele>454.348</ele><time>2025-06-14T09:30:19Z</time></trkpt><trkpt lat="37.146629999999966" lon="34.739134999999884"><ele>453.861</ele><time>2025-06-14T09:30:20Z</time></trkpt><trkpt lat="37.146627999999964" lon="34.739218999999885"><ele>453.317</ele><time>2025-06-14T09:30:21Z</time></trkpt><trkpt lat="37.146616999999964" lon="34.73930199999988"><ele>452.809</ele><time>2025-06-14T09:30:22Z</time></trkpt><trkpt lat="37.146601999999966" lon="34.73938299999988"><ele>452.376</ele><time>2025-06-14T09:30:23Z</time></trkpt><trkpt lat="37.14657799999996" lon="34.739466999999884"><ele>451.485</ele><time>2025-06-14T09:30:24Z</time></trkpt><trkpt lat="37.14654799999996" lon="34.73954999999988"><ele>450.861</ele><time>2025-06-14T09:30:25Z</time></trkpt><trkpt lat="37.14651499999996" lon="34.73963299999988"><ele>450.193</ele><time>2025-06-14T09:30:26Z</time></trkpt><trkpt lat="37.14647899999996" lon="34.73971099999988"><ele>449.328</ele><time>2025-06-14T09:30:27Z</time></trkpt><trkpt lat="37.146439999999956" lon="34.73978099999988"><ele>448.554</ele><time>2025-06-14T09:30:28Z</time></trkpt><trkpt lat="37.14640999999995" lon="34.73984899999988"><ele>447.665</ele><time>2025-06-14T09:30:29Z</time></trkpt><trkpt lat="37.14638299999995" lon="34.739911999999876"><ele>447.155</ele><time>2025-06-14T09:30:30Z</time></trkpt><trkpt lat="37.14635499999995" lon="34.739970999999876"><ele>446.117</ele><time>2025-06-14T09:30:31Z</time></trkpt><trkpt lat="37.14632199999995" lon="34.74002299999987"><ele>446.129</ele><time>2025-06-14T09:30:32Z</time></trkpt><trkpt lat="37.146283999999945" lon="34.74005999999987"><ele>445.100</ele><time>2025-06-14T09:30:33Z</time></trkpt><trkpt lat="37.14624299999994" lon="34.740086999999875"><ele>444.620</ele><time>2025-06-14T09:30:34Z</time></trkpt><trkpt lat="37.146196999999944" lon="34.74010599999988"><ele>443.709</ele><time>2025-06-14T09:30:35Z</time></trkpt><trkpt lat="37.14614699999994" lon="34.740106999999874"><ele>442.954</ele><time>2025-06-14T09:30:36Z</time></trkpt><trkpt lat="37.146097999999945" lon="34.740100999999875"><ele>442.243</ele><time>2025-06-14T09:30:37Z</time></trkpt><trkpt lat="37.146047999999944" lon="34.74008899999988"><ele>441.619</ele><time>2025-06-14T09:30:38Z</time></trkpt><trkpt lat="37.14600999999994" lon="34.740027999999874"><ele>441.061</ele><time>2025-06-14T09:30:39Z</time></trkpt><trkpt lat="37.14595399999994" lon="34.73999599999988"><ele>440.266</ele><time>2025-06-14T09:30:40Z</time></trkpt><trkpt lat="37.14589499999994" lon="34.73996099999988"><ele>439.782</ele><time>2025-06-14T09:30:41Z</time></trkpt><trkpt lat="37.14583299999994" lon="34.73992499999988"><ele>439.273</ele><time>2025-06-14T09:30:42Z</time></trkpt><trkpt lat="37.14577299999994" lon="34.73988999999988"><ele>438.783</ele><time>2025-06-14T09:30:43Z</time></trkpt><trkpt lat="37.145712999999944" lon="34.739868999999885"><ele>438.215</ele><time>2025-06-14T09:30:44Z</time></trkpt><trkpt lat="37.145666999999946" lon="34.73982599999989"><ele>437.763</ele><time>2025-06-14T09:30:45Z</time></trkpt><trkpt lat="37.14561899999995" lon="34.739795999999885"><ele>437.144</ele><time>2025-06-14T09:30:46Z</time></trkpt><trkpt lat="37.145565999999945" lon="34.739778999999885"><ele>437.118</ele><time>2025-06-14T09:30:47Z</time></trkpt><trkpt lat="37.145509999999945" lon="34.73977999999988"><ele>436.509</ele><time>2025-06-14T09:30:48Z</time></trkpt><trkpt lat="37.14545199999994" lon="34.73979999999988"><ele>435.878</ele><time>2025-06-14T09:30:49Z</time></trkpt><trkpt lat="37.14539799999994" lon="34.73984599999988"><ele>435.177</ele><time>2025-06-14T09:30:50Z</time></trkpt><trkpt lat="37.145360999999944" lon="34.73990999999988"><ele>434.473</ele><time>2025-06-14T09:30:51Z</time></trkpt><trkpt lat="37.14533599999994" lon="34.73998099999988"><ele>433.885</ele><time>2025-06-14T09:30:52Z</time></trkpt><trkpt lat="37.145318999999944" lon="34.74005899999988"><ele>433.290</ele><time>2025-06-14T09:30:53Z</time></trkpt><trkpt lat="37.14531099999994" lon="34.74013499999988"><ele>432.696</ele><time>2025-06-14T09:30:54Z</time></trkpt><trkpt lat="37.145304999999944" lon="34.74021099999988"><ele>432.027</ele><time>2025-06-14T09:30:55Z</time></trkpt><trkpt lat="37.14530299999994" lon="34.74029199999988"><ele>431.477</ele><time>2025-06-14T09:30:56Z</time></trkpt><trkpt lat="37.14529999999994" lon="34.74037499999988"><ele>430.839</ele><time>2025-06-14T09:30:57Z</time></trkpt><trkpt lat="37.145292999999945" lon="34.74045899999988"><ele>430.225</ele><time>2025-06-14T09:30:58Z</time></trkpt><trkpt lat="37.14529099999994" lon="34.74054699999988"><ele>429.726</ele><time>2025-06-14T09:30:59Z</time></trkpt><trkpt lat="37.14528599999994" lon="34.74063599999988"><ele>429.008</ele><time>2025-06-14T09:31:00Z</time></trkpt><trkpt lat="37.14527599999994" lon="34.74072099999988"><ele>428.509</ele><time>2025-06-14T09:31:01Z</time></trkpt><trkpt lat="37.145262999999936" lon="34.740803999999876"><ele>428.264</ele><time>2025-06-14T09:31:02Z</time></trkpt><trkpt lat="37.145246999999934" lon="34.74088699999987"><ele>427.963</ele><time>2025-06-14T09:31:03Z</time></trkpt><trkpt lat="37.145223999999935" lon="34.74097199999987"><ele>427.379</ele><time>2025-06-14T09:31:04Z</time></trkpt><trkpt lat="37.145200999999936" lon="34.741057999999875"><ele>426.651</ele><time>2025-06-14T09:31:05Z</time></trkpt><trkpt lat="37.14517799999994" lon="34.74113799999987"><ele>425.916</ele><time>2025-06-14T09:31:06Z</time></trkpt><trkpt lat="37.14515499999994" lon="34.741212999999874"><ele>425.142</ele><time>2025-06-14T09:31:07Z</time></trkpt><trkpt lat="37.14513199999994" lon="34.74128399999987"><ele>424.763</ele><time>2025-06-14T09:31:08Z</time></trkpt><trkpt lat="37.14511599999994" lon="34.74135499999987"><ele>423.923</ele><time>2025-06-14T09:31:09Z</time></trkpt><trkpt lat="37.14510799999994" lon="34.74141899999987"><ele>423.115</ele><time>2025-06-14T09:31:10Z</time></trkpt><trkpt lat="37.14510499999994" lon="34.74147799999987"><ele>422.444</ele><time>2025-06-14T09:31:11Z</time></trkpt><trkpt lat="37.14510999999994" lon="34.74153499999987"><ele>422.105</ele><time>2025-06-14T09:31:12Z</time></trkpt><trkpt lat="37.14512699999994" lon="34.74159099999987"><ele>421.515</ele><time>2025-06-14T09:31:13Z</time></trkpt><trkpt lat="37.145155999999936" lon="34.74163999999987"><ele>421.009</ele><time>2025-06-14T09:31:14Z</time></trkpt><trkpt lat="37.14519199999994" lon="34.74168399999987"><ele>420.636</ele><time>2025-06-14T09:31:15Z</time></trkpt><trkpt lat="37.145234999999936" lon="34.74171799999987"><ele>420.215</ele><time>2025-06-14T09:31:16Z</time></trkpt><trkpt lat="37.145268999999935" lon="34.74176999999987"><ele>419.821</ele><time>2025-06-14T09:31:17Z</time></trkpt><trkpt lat="37.14533199999993" lon="34.741781999999866"><ele>419.493</ele><time>2025-06-14T09:31:18Z</time></trkpt><trkpt lat="37.14538599999993" lon="34.74180399999987"><ele>419.288</ele><time>2025-06-14T09:31:19Z</time></trkpt><trkpt lat="37.14544599999993" lon="34.74182099999987"><ele>418.844</ele><time>2025-06-14T09:31:20Z</time></trkpt><trkpt lat="37.14550799999993" lon="34.74185199999987"><ele>418.485</ele><time>2025-06-14T09:31:21Z</time></trkpt><trkpt lat="37.14557999999993" lon="34.74183099999987"><ele>418.085</ele><time>2025-06-14T09:31:22Z</time></trkpt><trkpt lat="37.14565399999993" lon="34.74182299999987"><ele>417.447</ele><time>2025-06-14T09:31:23Z</time></trkpt><trkpt lat="37.14572699999993" lon="34.741812999999865"><ele>417.096</ele><time>2025-06-14T09:31:24Z</time></trkpt><trkpt lat="37.14579599999993" lon="34.74183199999987"><ele>416.531</ele><time>2025-06-14T09:31:25Z</time></trkpt><trkpt lat="37.14586099999993" lon="34.74183099999987"><ele>415.924</ele><time>2025-06-14T09:31:26Z</time></trkpt><trkpt lat="37.14592599999993" lon="34.74182999999987"><ele>415.209</ele><time>2025-06-14T09:31:27Z</time></trkpt><trkpt lat="37.145989999999934" lon="34.74182799999987"><ele>414.891</ele><time>2025-06-14T09:31:28Z</time></trkpt><trkpt lat="37.146045999999934" lon="34.74184799999987"><ele>414.050</ele><time>2025-06-14T09:31:29Z</time></trkpt><trkpt lat="37.146107999999934" lon="34.74186099999987"><ele>413.336</ele><time>2025-06-14T09:31:30Z</time></trkpt><trkpt lat="37.146174999999936" lon="34.74187499999987"><ele>412.658</ele><time>2025-06-14T09:31:31Z</time></trkpt><trkpt lat="37.14623499999993" lon="34.74188699999987"><ele>411.933</ele><time>2025-06-14T09:31:32Z</time></trkpt><trkpt lat="37.146292999999936" lon="34.74189899999987"><ele>411.289</ele><time>2025-06-14T09:31:33Z</time></trkpt><trkpt lat="37.14634599999994" lon="34.741916999999866"><ele>410.570</ele><time>2025-06-14T09:31:34Z</time></trkpt><trkpt lat="37.146399999999936" lon="34.74193899999987"><ele>410.590</ele><time>2025-06-14T09:31:35Z</time></trkpt><trkpt lat="37.14645499999994" lon="34.74196099999987"><ele>409.892</ele><time>2025-06-14T09:31:36Z</time></trkpt><trkpt lat="37.14651199999994" lon="34.74198399999987"><ele>409.123</ele><time>2025-06-14T09:31:37Z</time></trkpt><trkpt lat="37.14656799999994" lon="34.742006999999866"><ele>408.483</ele><time>2025-06-14T09:31:38Z</time></trkpt><trkpt lat="37.146624999999936" lon="34.742029999999865"><ele>407.711</ele><time>2025-06-14T09:31:39Z</time></trkpt><trkpt lat="37.146678999999935" lon="34.742051999999866"><ele>407.009</ele><time>2025-06-14T09:31:40Z</time></trkpt><trkpt lat="37.14673099999993" lon="34.74207299999986"><ele>406.374</ele><time>2025-06-14T09:31:41Z</time></trkpt><trkpt lat="37.14677999999993" lon="34.74209299999986"><ele>405.733</ele><time>2025-06-14T09:31:42Z</time></trkpt><trkpt lat="37.14682299999993" lon="34.74210999999986"><ele>405.539</ele><time>2025-06-14T09:31:43Z</time></trkpt><trkpt lat="37.14690599999992" lon="34.74214399999986"><ele>404.961</ele><time>2025-06-14T09:31:45Z</time></trkpt><trkpt lat="37.14694899999992" lon="34.74216099999986"><ele>404.736</ele><time>2025-06-14T09:31:46Z</time></trkpt><trkpt lat="37.14699399999992" lon="34.74217899999986"><ele>404.622</ele><time>2025-06-14T09:31:47Z</time></trkpt><trkpt lat="37.14703999999992" lon="34.74219799999986"><ele>404.633</ele><time>2025-06-14T09:31:48Z</time></trkpt><trkpt lat="37.14708799999992" lon="34.74221699999986"><ele>404.673</ele><time>2025-06-14T09:31:49Z</time></trkpt><trkpt lat="37.14713499999992" lon="34.74223599999986"><ele>404.675</ele><time>2025-06-14T09:31:50Z</time></trkpt><trkpt lat="37.14718299999992" lon="34.74225599999986"><ele>404.689</ele><time>2025-06-14T09:31:51Z</time></trkpt><trkpt lat="37.14723199999992" lon="34.74227599999986"><ele>404.606</ele><time>2025-06-14T09:31:52Z</time></trkpt><trkpt lat="37.147277999999915" lon="34.742294999999864"><ele>404.626</ele><time>2025-06-14T09:31:53Z</time></trkpt><trkpt lat="37.14734999999992" lon="34.74232399999986"><ele>404.609</ele><time>2025-06-14T09:31:55Z</time></trkpt><trkpt lat="37.14739699999992" lon="34.74234299999986"><ele>404.630</ele><time>2025-06-14T09:31:57Z</time></trkpt><trkpt lat="37.14743899999992" lon="34.74236599999986"><ele>404.539</ele><time>2025-06-14T09:32:02Z</time></trkpt><trkpt lat="37.14748299999992" lon="34.742395999999864"><ele>404.445</ele><time>2025-06-14T09:32:11Z</time></trkpt><trkpt lat="37.14754299999992" lon="34.742386999999866"><ele>403.977</ele><time>2025-06-14T09:32:13Z</time></trkpt><trkpt lat="37.14759899999992" lon="34.74237999999987"><ele>403.952</ele><time>2025-06-14T09:32:15Z</time></trkpt><trkpt lat="37.147642999999924" lon="34.74233399999987"><ele>403.958</ele><time>2025-06-14T09:32:17Z</time></trkpt><trkpt lat="37.14765299999993" lon="34.74226499999987"><ele>403.949</ele><time>2025-06-14T09:32:19Z</time></trkpt><trkpt lat="37.147678999999926" lon="34.74221099999987"><ele>404.059</ele><time>2025-06-14T09:32:21Z</time></trkpt><trkpt lat="37.14772299999993" lon="34.74214899999987"><ele>404.481</ele><time>2025-06-14T09:32:23Z</time></trkpt><trkpt lat="37.14776499999993" lon="34.742079999999866"><ele>404.862</ele><time>2025-06-14T09:32:25Z</time></trkpt><trkpt lat="37.14780799999993" lon="34.742003999999866"><ele>405.983</ele><time>2025-06-14T09:32:27Z</time></trkpt><trkpt lat="37.14785299999993" lon="34.74192099999987"><ele>407.811</ele><time>2025-06-14T09:32:29Z</time></trkpt><trkpt lat="37.14788399999993" lon="34.74187699999987"><ele>409.209</ele><time>2025-06-14T09:32:30Z</time></trkpt><trkpt lat="37.14794499999993" lon="34.74180099999987"><ele>410.318</ele><time>2025-06-14T09:32:32Z</time></trkpt><trkpt lat="37.14802099999993" lon="34.74176399999987"><ele>411.527</ele><time>2025-06-14T09:32:34Z</time></trkpt><trkpt lat="37.148100999999926" lon="34.74180099999987"><ele>413.113</ele><time>2025-06-14T09:32:36Z</time></trkpt><trkpt lat="37.148126999999924" lon="34.74185199999987"><ele>414.385</ele><time>2025-06-14T09:32:37Z</time></trkpt><trkpt lat="37.14815099999993" lon="34.74190699999987"><ele>414.730</ele><time>2025-06-14T09:32:38Z</time></trkpt><trkpt lat="37.14817599999993" lon="34.74195799999987"><ele>415.586</ele><time>2025-06-14T09:32:39Z</time></trkpt><trkpt lat="37.148210999999925" lon="34.74199999999987"><ele>416.397</ele><time>2025-06-14T09:32:40Z</time></trkpt><trkpt lat="37.14824699999993" lon="34.74203599999987"><ele>416.717</ele><time>2025-06-14T09:32:41Z</time></trkpt><trkpt lat="37.148286999999925" lon="34.742062999999874"><ele>417.539</ele><time>2025-06-14T09:32:42Z</time></trkpt><trkpt lat="37.14832999999992" lon="34.74208699999988"><ele>418.387</ele><time>2025-06-14T09:32:43Z</time></trkpt><trkpt lat="37.148371999999924" lon="34.742107999999874"><ele>419.042</ele><time>2025-06-14T09:32:44Z</time></trkpt><trkpt lat="37.14841499999992" lon="34.742129999999875"><ele>419.726</ele><time>2025-06-14T09:32:45Z</time></trkpt><trkpt lat="37.148492999999924" lon="34.742157999999876"><ele>420.409</ele><time>2025-06-14T09:32:47Z</time></trkpt><trkpt lat="37.14856499999993" lon="34.742197999999874"><ele>421.360</ele><time>2025-06-14T09:32:49Z</time></trkpt><trkpt lat="37.14862099999993" lon="34.74224699999987"><ele>422.559</ele><time>2025-06-14T09:32:51Z</time></trkpt><trkpt lat="37.14868299999993" lon="34.74231699999987"><ele>423.295</ele><time>2025-06-14T09:32:53Z</time></trkpt><trkpt lat="37.148719999999926" lon="34.742357999999875"><ele>423.727</ele><time>2025-06-14T09:32:54Z</time></trkpt><trkpt lat="37.148759999999925" lon="34.74239399999988"><ele>423.982</ele><time>2025-06-14T09:32:55Z</time></trkpt><trkpt lat="37.148804999999925" lon="34.742416999999875"><ele>424.368</ele><time>2025-06-14T09:32:56Z</time></trkpt><trkpt lat="37.14884799999992" lon="34.74243499999987"><ele>424.719</ele><time>2025-06-14T09:32:57Z</time></trkpt><trkpt lat="37.148916999999926" lon="34.742456999999874"><ele>424.999</ele><time>2025-06-14T09:32:59Z</time></trkpt><trkpt lat="37.148961999999926" lon="34.742467999999874"><ele>425.321</ele><time>2025-06-14T09:33:01Z</time></trkpt></trkseg></trk></gpx>