<?xml version="1.0" encoding="UTF-8"?>
<kml xmlns="http://www.opengis.net/kml/2.2"  xmlns:gx="http://www.google.com/kml/ext/2.2" xmlns:kml="http://www.opengis.net/kml/2.2"    
     xmlns:atom="http://www.w3.org/2005/Atom">
    <Document>
        <name>Karageçit Trail 17 K parkur</name>
        
                        <atom:author>             
                <atom:name></atom:name>         
            </atom:author> 
        
                            <atom:link href="https://www.wikiloc.com/wikiloc/view.do?id=217940113"/>
            
                            <TimeStamp>
                <when>2025-06-14T05:37:43Z</when>
            </TimeStamp> 
            
                
        <description><![CDATA[<br/><p> </p><p><br/>Converted using <b><a href='http://gpx2kml.com' title='Go to gpx2kml.com'>gpx2kml.com</a></b></p><br/>]]></description>
        <visibility>1</visibility>
        <open>1</open>
        
                <Style id="red">
            <LineStyle>
            <color>C81400FF</color>
            <width>4</width>
            </LineStyle>
        </Style>
        <Style id="route_red">
            <LineStyle>
            <color>961400FF</color>
            <width>4</width>
            </LineStyle>
        </Style>
                <Style id="green">
            <LineStyle>
            <color>C878FF00</color>
            <width>4</width>
            </LineStyle>
        </Style>
        <Style id="route_green">
            <LineStyle>
            <color>9678FF00</color>
            <width>4</width>
            </LineStyle>
        </Style>
                <Style id="blue">
            <LineStyle>
            <color>C8FF7800</color>
            <width>4</width>
            </LineStyle>
        </Style>
        <Style id="route_blue">
            <LineStyle>
            <color>96FF7800</color>
            <width>4</width>
            </LineStyle>
        </Style>
                <Style id="cyan">
            <LineStyle>
            <color>C8F0FF14</color>
            <width>4</width>
            </LineStyle>
        </Style>
        <Style id="route_cyan">
            <LineStyle>
            <color>96F0FF14</color>
            <width>4</width>
            </LineStyle>
        </Style>
                <Style id="orange">
            <LineStyle>
            <color>C81478FF</color>
            <width>4</width>
            </LineStyle>
        </Style>
        <Style id="route_orange">
            <LineStyle>
            <color>961478FF</color>
            <width>4</width>
            </LineStyle>
        </Style>
                <Style id="dark_green">
            <LineStyle>
            <color>C8008C14</color>
            <width>4</width>
            </LineStyle>
        </Style>
        <Style id="route_dark_green">
            <LineStyle>
            <color>96008C14</color>
            <width>4</width>
            </LineStyle>
        </Style>
                <Style id="purple">
            <LineStyle>
            <color>C8FF7878</color>
            <width>4</width>
            </LineStyle>
        </Style>
        <Style id="route_purple">
            <LineStyle>
            <color>96FF7878</color>
            <width>4</width>
            </LineStyle>
        </Style>
                <Style id="pink">
            <LineStyle>
            <color>C8A078F0</color>
            <width>4</width>
            </LineStyle>
        </Style>
        <Style id="route_pink">
            <LineStyle>
            <color>96A078F0</color>
            <width>4</width>
            </LineStyle>
        </Style>
                <Style id="brown">
            <LineStyle>
            <color>C8143C96</color>
            <width>4</width>
            </LineStyle>
        </Style>
        <Style id="route_brown">
            <LineStyle>
            <color>96143C96</color>
            <width>4</width>
            </LineStyle>
        </Style>
                <Style id="dark_blue">
            <LineStyle>
            <color>C8F01414</color>
            <width>4</width>
            </LineStyle>
        </Style>
        <Style id="route_dark_blue">
            <LineStyle>
            <color>96F01414</color>
            <width>4</width>
            </LineStyle>
        </Style>
        
                
                
        <Folder>
            <name>Tracks</name>
            <description>A list of tracks</description>
            <visibility>1</visibility>            
            <open>0</open>
                                                            
                <Placemark>
                    <visibility>0</visibility>            
                    <open>0</open> 
                    <styleUrl>#red</styleUrl>
                    <name>Karageçit Trail 17 K parkur</name>
                    <description>Darıpınarı
 - Track no. 1</description>
                    <LineString>
                        <extrude>true</extrude>
                        <tessellate>true</tessellate>
                        <altitudeMode>clampToGround</altitudeMode> 
                        <coordinates>
                            34.742213,37.1475,416.837 34.742276,37.147519,406.049 34.742304999999995,37.147474,395.213 34.742284999999995,37.147397000000005,395.209 34.74225799999999,37.14731400000001,395.245 34.74223899999999,37.14725700000001,395.234 34.74220999999999,37.14718900000001,395.380 34.74217999999999,37.14712500000001,395.482 34.74214999999999,37.14705200000001,395.577 34.74211899999999,37.14697700000001,395.663 34.742085999999986,37.14689400000001,395.864 34.74205199999999,37.14681300000001,396.034 34.74202399999999,37.14673400000001,396.286 34.74198999999999,37.14665200000001,396.463 34.74195799999999,37.14657200000001,396.644 34.74192799999999,37.146495000000016,396.818 34.74189399999999,37.146417000000014,397.009 34.74186299999999,37.146340000000016,397.158 34.74183799999999,37.146267000000016,397.377 34.74181199999999,37.14619800000001,397.553 34.741798999999986,37.14613300000001,397.875 34.741787999999985,37.14606100000001,398.390 34.74177799999998,37.14598700000001,398.976 34.74176199999998,37.145893000000015,399.627 34.74175699999998,37.145811000000016,400.047 34.74177099999998,37.14574000000002,400.499 34.74178699999998,37.14566000000002,401.119 34.74180199999998,37.14557900000002,401.909 34.741788999999976,37.14550200000002,402.719 34.74179899999998,37.14542600000002,403.509 34.74176799999998,37.14535100000002,404.363 34.741726999999976,37.145279000000016,405.142 34.741679999999974,37.14520700000001,405.958 34.74158299999998,37.14516800000001,406.760 34.74150399999998,37.14516600000001,407.555 34.74140999999998,37.14514200000001,408.321 34.74134799999998,37.14518300000001,409.142 34.741250999999984,37.14519700000001,409.952 34.741151999999985,37.14521100000001,410.764 34.74104099999999,37.14522700000001,411.555 34.74092199999999,37.14524400000001,411.907 34.74080399999999,37.14527500000001,412.717 34.74068199999999,37.145299000000016,413.509 34.74054799999999,37.145324000000016,414.327 34.74042499999999,37.14532600000002,415.276 34.740301999999986,37.14533200000002,416.322 34.740183999999985,37.14533700000002,417.414 34.740071999999984,37.14534600000002,418.569 34.73997999999998,37.14538700000002,419.085 34.73987899999998,37.14540900000002,420.086 34.739857999999984,37.14549400000002,420.966 34.73980799999998,37.14556200000002,421.788 34.739798999999984,37.145628000000016,422.489 34.739879999999985,37.14568900000002,423.106 34.73990399999999,37.14575800000002,423.826 34.73997299999999,37.145802000000025,424.509 34.740019999999994,37.14585600000002,424.960 34.740072999999995,37.14591800000002,425.389 34.74012,37.145985000000024,426.185 34.740151999999995,37.146044000000025,427.017 34.74017799999999,37.14608500000003,427.512 34.740224999999995,37.146111000000026,428.598 34.740171999999994,37.146086000000025,429.319 34.74011699999999,37.146103000000025,430.069 34.74017799999999,37.146092000000024,430.741 34.74014999999999,37.146052000000026,430.719 34.74014799999999,37.14599800000003,430.709 34.74019299999999,37.146035000000026,430.619 34.74018299999999,37.14608500000003,430.109 34.740214999999985,37.14613200000003,429.793 34.74025899999999,37.14617000000003,429.652 34.740326999999986,37.146214000000036,429.398 34.74036899999999,37.14624600000003,428.590 34.740422999999986,37.14628300000003,427.515 34.740464999999986,37.14632200000003,427.181 34.74048099999999,37.14636800000003,426.362 34.740467999999986,37.14643000000003,425.812 34.740453999999986,37.14647400000003,425.274 34.74042499999999,37.146524000000035,424.659 34.74039599999999,37.146563000000036,423.803 34.74035899999999,37.14660200000004,423.123 34.74029999999999,37.146645000000035,422.409 34.74024699999999,37.14668000000003,421.717 34.74019699999999,37.14672000000003,420.826 34.74017399999999,37.14676600000003,419.362 34.74014399999999,37.14681000000003,417.794 34.740129999999986,37.14687300000003,416.969 34.740104999999986,37.14692700000003,415.565 34.74007499999998,37.146970000000024,414.746 34.74004199999998,37.147035000000024,414.456 34.74001099999998,37.147085000000025,413.638 34.73997299999998,37.14713500000003,412.197 34.739934999999974,37.147172000000026,411.123 34.739875999999974,37.14722200000003,410.225 34.73980599999997,37.14727000000003,409.209 34.73976999999997,37.14730900000003,408.381 34.73971699999997,37.14735100000003,407.860 34.73967599999997,37.14739600000003,407.026 34.739625999999966,37.14743800000003,406.228 34.73956799999996,37.14746500000003,405.663 34.739507999999965,37.14749400000003,405.119 34.73945799999996,37.14752600000003,404.730 34.73940599999997,37.14757300000003,404.320 34.739349999999966,37.147594000000026,403.922 34.739285999999964,37.14761500000002,403.735 34.739223999999965,37.147642000000026,403.386 34.73917399999996,37.147673000000026,403.014 34.73911599999996,37.147716000000024,402.809 34.73906799999996,37.14776700000002,402.495 34.73902999999996,37.14781300000002,402.224 34.739024999999955,37.14786600000002,402.110 34.73897599999996,37.147910000000024,402.092 34.738906999999955,37.14796200000002,401.997 34.73885999999995,37.14799100000002,401.683 34.73880399999995,37.14801300000002,401.354 34.738732999999954,37.14802400000002,401.124 34.73864899999995,37.14803000000002,401.186 34.73858999999995,37.14803400000002,401.193 34.73853999999995,37.148055000000014,401.265 34.738487999999954,37.14807500000001,401.421 34.73842199999996,37.14807600000001,401.909 34.73836299999996,37.14811000000001,402.441 34.738292999999956,37.14810100000001,403.010 34.738230999999956,37.14810600000001,404.036 34.738163999999955,37.148100000000014,405.458 34.73809999999995,37.14809600000002,406.483 34.73803599999995,37.148102000000016,406.799 34.73797399999995,37.148088000000016,407.520 34.737913999999954,37.14808700000002,408.250 34.73785799999995,37.14809200000002,408.722 34.73779999999995,37.14807500000002,409.161 34.73774199999995,37.14806200000002,409.121 34.73768199999995,37.14805100000002,409.113 34.73762499999995,37.14805900000002,408.909 34.737564999999954,37.14805800000002,408.128 34.737496999999955,37.14805200000002,407.367 34.737431999999956,37.14804000000002,406.743 34.73736599999996,37.14804600000002,405.915 34.73730299999996,37.14804700000002,405.040 34.73724499999996,37.14802500000002,404.276 34.73717399999996,37.147998000000015,403.127 34.73710499999996,37.14795800000002,402.887 34.737029999999955,37.147936000000016,402.129 34.736939999999954,37.14792300000001,401.051 34.736874999999955,37.14789900000001,400.301 34.736815999999955,37.14787800000001,399.311 34.73675499999995,37.14786200000001,398.709 34.73668199999995,37.14785600000001,397.917 34.73661299999995,37.14785600000001,397.576 34.73653999999995,37.14787000000001,396.662 34.73647799999995,37.14790100000001,395.744 34.73651399999995,37.14793600000001,394.369 34.73648499999995,37.14789600000001,394.095 34.73643099999995,37.14787200000001,393.646 34.73636999999995,37.147875000000006,393.426 34.73632899999995,37.147918000000004,393.418 34.73639699999995,37.14788300000001,393.428 34.73636299999995,37.14784600000001,393.589 34.736363999999945,37.147799000000006,393.517 34.736304999999945,37.14779000000001,393.609 34.736287999999945,37.14783800000001,393.764 34.73623299999994,37.147853000000005,393.783 34.73617499999994,37.14786300000001,394.829 34.73622499999994,37.147839000000005,396.921 34.73626699999994,37.14780400000001,396.966 34.73632699999994,37.14782600000001,396.962 34.73637199999994,37.14785700000001,396.893 34.73638799999994,37.14780800000001,395.053 34.73632599999994,37.147807000000014,393.915 34.736259999999945,37.147821000000015,393.963 34.736208999999945,37.147796000000014,393.944 34.736143999999946,37.14779400000001,395.418 34.736084999999946,37.14779500000001,398.509 34.73601999999995,37.14777400000001,400.178 34.735946999999946,37.14777200000001,401.147 34.73589899999995,37.14780200000001,401.873 34.73595499999995,37.14777200000001,402.425 34.73590099999995,37.14775400000001,403.780 34.73585799999995,37.14771600000001,404.856 34.73584099999995,37.14766600000001,405.267 34.73581399999995,37.14762600000001,405.267 34.73585799999995,37.14758400000001,405.649 34.73586999999995,37.14752200000001,406.216 34.73586999999995,37.14747600000001,406.576 34.73583499999995,37.14743500000001,406.713 34.73576599999995,37.14743700000001,407.209 34.73571199999995,37.14746300000001,408.123 34.73565599999995,37.14748300000001,409.362 34.73559399999995,37.14750800000001,410.218 34.73552599999995,37.147526000000006,410.650 34.73546999999995,37.14752300000001,411.575 34.73540799999995,37.147518000000005,412.731 34.73534799999995,37.147527000000004,413.912 34.735287999999954,37.147519,415.372 34.73522999999995,37.147516,416.324 34.73517299999995,37.147525,416.984 34.735121999999954,37.147504000000005,417.607 34.73506199999996,37.14749200000001,418.417 34.735005999999956,37.14749200000001,419.209 34.73496599999996,37.14745500000001,420.170 34.73492899999996,37.14741600000001,421.479 34.73489599999996,37.147375000000004,422.365 34.73484099999995,37.147363000000006,423.297 34.73478899999996,37.147335000000005,424.362 34.73476599999996,37.147291,424.918 34.73472899999996,37.147253,425.859 34.73468299999996,37.147206,426.899 34.734619999999964,37.147194999999996,427.561 34.73455699999997,37.147178999999994,428.316 34.73448899999997,37.147189999999995,428.876 34.73442599999997,37.147189,430.113 34.73433899999997,37.147186,431.409 34.73427699999997,37.147194,432.583 34.73425299999997,37.147149999999996,434.152 34.73421599999997,37.147113,434.548 34.73419599999997,37.147062999999996,435.010 34.73417899999997,37.147000999999996,435.435 34.734165999999966,37.146952,436.091 34.73414199999996,37.146909,436.882 34.734129999999965,37.146855,437.832 34.73411799999997,37.146805,438.774 34.73410099999997,37.146761,439.449 34.734092999999966,37.146708,439.902 34.734064999999966,37.146665,440.222 34.734000999999964,37.146692,440.309 34.73396199999996,37.146729,440.376 34.73392599999996,37.146765,440.375 34.73384999999996,37.146815000000004,439.331 34.73378899999996,37.146855,439.253 34.733719999999956,37.146896000000005,438.938 34.73365199999996,37.146925,437.944 34.73359499999996,37.146944000000005,437.585 34.733536999999956,37.14698200000001,436.615 34.733494999999955,37.14703000000001,435.267 34.73346799999995,37.14707500000001,434.994 34.73344299999995,37.14713300000001,434.957 34.73341799999995,37.14718900000001,434.922 34.73340499999995,37.147236000000014,435.209 34.73338399999995,37.14729000000001,435.451 34.73335299999995,37.14733500000001,435.890 34.73333899999995,37.14739200000001,436.016 34.73332699999995,37.14745100000001,436.078 34.733311999999955,37.14750800000001,436.063 34.733277999999956,37.147557000000006,435.549 34.73322399999996,37.14759300000001,434.830 34.733173999999956,37.147625000000005,434.070 34.73311599999995,37.147665,433.782 34.73305199999995,37.147708,433.197 34.73299199999995,37.147739,432.423 34.732928999999956,37.147771,431.725 34.732872999999955,37.147793,431.109 34.732799999999955,37.147802,430.791 34.73273999999996,37.147808999999995,430.420 34.73267999999996,37.14782399999999,430.226 34.73259999999996,37.147836999999996,429.818 34.73253899999996,37.14785799999999,429.253 34.73246299999996,37.147884999999995,428.449 34.73239699999996,37.147907999999994,427.470 34.73233899999996,37.14794199999999,426.420 34.73227599999996,37.147974999999995,425.422 34.73219299999997,37.14802099999999,424.413 34.73214399999997,37.14805299999999,423.543 34.73208099999997,37.14808899999999,422.807 34.732026999999974,37.148121999999994,422.109 34.73197499999998,37.14816,421.383 34.731919999999974,37.148210999999996,420.412 34.73187799999997,37.148272999999996,419.548 34.731831999999976,37.14832499999999,418.650 34.731783999999976,37.14836799999999,417.595 34.73172099999998,37.14840399999999,417.051 34.73165699999998,37.148444999999995,415.992 34.73158899999998,37.148481999999994,415.062 34.73153699999998,37.14852799999999,414.364 34.731476999999984,37.148574999999994,413.878 34.73145199999998,37.148627999999995,413.633 34.731417999999984,37.14867699999999,413.626 34.73139299999998,37.14874499999999,413.509 34.731326999999986,37.148785999999994,413.389 34.731245999999985,37.14883999999999,412.328 34.73120199999998,37.14888499999999,411.644 34.73115199999998,37.14892199999999,411.326 34.73109799999998,37.14896399999999,410.931 34.73104299999998,37.14898999999999,410.657 34.730987999999975,37.149013999999994,410.348 34.730922999999976,37.14901799999999,410.338 34.73085699999998,37.14901299999999,410.320 34.73080099999998,37.14901199999999,410.359 34.73071599999998,37.14899899999999,410.403 34.73063399999998,37.149005999999986,411.123 34.73057499999998,37.14901299999998,412.309 34.73051899999998,37.14902799999998,413.277 34.730449999999976,37.14905099999998,413.966 34.73038999999998,37.14908499999998,414.342 34.730342999999976,37.14913599999998,415.374 34.730317999999976,37.14919199999998,416.179 34.73031699999998,37.149243999999975,416.615 34.73034099999998,37.14929099999998,416.626 34.73036899999998,37.149338999999976,416.686 34.73039399999998,37.149389999999975,416.648 34.73040299999998,37.149437999999975,416.489 34.73041099999998,37.14949599999998,415.906 34.73041799999998,37.14956499999998,414.726 34.73038499999998,37.14962399999998,413.709 34.730357999999974,37.14968399999998,412.850 34.730317999999976,37.14972999999998,412.099 34.730272999999976,37.149778999999974,411.355 34.730247999999975,37.14982699999997,411.087 34.73021499999997,37.149871999999974,410.682 34.73017899999997,37.149918999999976,410.498 34.73013799999997,37.14996799999997,410.489 34.73010699999997,37.150011999999975,410.489 34.730065999999965,37.150059999999975,410.461 34.730020999999965,37.15010299999997,410.265 34.72998599999997,37.150152999999975,410.168 34.729941999999966,37.15019399999998,409.914 34.72989499999996,37.15023599999998,409.909 34.729860999999964,37.15030099999998,409.918 34.729834999999966,37.150346999999975,409.967 34.729812999999965,37.150394999999975,409.933 34.72977799999997,37.15043499999997,409.975 34.72976899999997,37.150504999999974,409.740 34.72972999999997,37.150552999999974,409.656 34.729705999999965,37.15060099999997,409.257 34.72967699999997,37.15066599999997,408.797 34.72966999999997,37.15071199999997,408.279 34.72967699999997,37.15075699999997,407.948 34.729694999999964,37.15071099999997,407.461 34.729640999999965,37.150732999999974,407.017 34.72957699999996,37.15077099999998,406.709 34.72954099999996,37.15080799999998,406.526 34.72947699999996,37.15084899999998,406.445 34.72947099999996,37.15091099999998,406.461 34.72944399999996,37.15096899999998,406.613 34.72942299999996,37.15101399999998,407.248 34.72940299999996,37.15108199999998,407.644 34.72939699999996,37.15113599999998,408.035 34.729393999999964,37.15119599999998,408.555 34.72937499999996,37.15128799999998,409.247 34.72935799999996,37.15133799999998,409.354 34.72934499999996,37.15140599999998,410.056 34.72934599999996,37.15147099999998,410.311 34.729332999999954,37.15152999999998,410.509 34.72931499999996,37.15160999999998,410.967 34.72929699999996,37.151652999999975,411.046 34.72926599999996,37.15172499999998,411.322 34.72924099999996,37.151798999999976,411.694 34.72920599999996,37.151860999999975,411.799 34.72917899999996,37.15192999999998,411.825 34.72913499999996,37.15198999999998,411.996 34.729064999999956,37.15206199999998,412.036 34.729000999999954,37.15211999999998,412.238 34.72894499999995,37.15217599999998,412.349 34.72889499999995,37.15223799999998,412.302 34.72885799999995,37.15229399999998,412.322 34.72881599999995,37.152337999999986,412.209 34.728794999999955,37.152380999999984,412.176 34.72875199999996,37.15242399999998,411.985 34.72867899999996,37.15248299999998,411.861 34.72861299999996,37.15252599999998,411.713 34.72854399999996,37.15255099999998,411.248 34.72845599999996,37.15257899999998,410.224 34.72835499999996,37.15259799999998,409.555 34.728245999999956,37.152605999999984,409.015 34.72813799999996,37.15261499999998,408.847 34.72805299999996,37.15262199999998,408.884 34.72798999999996,37.15262299999998,408.907 34.727909999999966,37.15260899999998,409.317 34.727825999999965,37.15259499999998,409.509 34.72772299999996,37.152595999999974,410.590 34.72765899999996,37.15263099999997,411.539 34.72765499999996,37.15267999999997,411.835 34.727684999999965,37.15272999999997,412.067 34.727743999999966,37.15277299999997,412.082 34.727819999999966,37.152793999999965,412.068 34.727890999999964,37.152821999999965,412.069 34.72793099999996,37.15285499999997,411.789 34.727960999999965,37.15289399999997,411.231 34.727969999999964,37.152939999999965,410.933 34.72797399999996,37.152990999999965,410.223 34.72794899999996,37.153052999999964,409.515 34.72792199999996,37.153108999999965,408.809 34.727910999999956,37.15315599999997,408.055 34.727911999999954,37.15320399999997,407.044 34.72790099999995,37.153257999999965,406.460 34.72788499999995,37.153305999999965,406.132 34.72786899999995,37.15334999999997,405.587 34.727838999999946,37.15338799999997,405.013 34.72777899999995,37.153417999999974,404.654 34.72769699999995,37.153439999999975,404.044 34.72760999999995,37.153445999999974,403.476 34.727540999999945,37.153442999999974,402.815 34.727481999999945,37.15344499999998,402.365 34.727442999999944,37.15348599999998,401.511 34.727433999999946,37.15354599999998,401.409 34.727433999999946,37.15360399999998,401.443 34.72742699999995,37.15365599999998,401.492 34.72739099999995,37.15369499999998,401.528 34.72735899999995,37.15373399999998,401.610 34.72732299999995,37.15378799999998,402.145 34.72728399999995,37.15384899999998,403.031 34.727239999999945,37.15391099999998,403.582 34.72719399999995,37.15397499999998,404.052 34.72715699999995,37.15403399999998,404.274 34.72712199999995,37.15409899999998,404.339 34.727100999999955,37.15415599999998,404.301 34.727072999999955,37.15419899999998,404.321 34.727047999999954,37.154263999999976,404.209 34.72702299999995,37.154323999999974,404.125 34.72700899999995,37.15438099999997,404.144 34.72698899999995,37.154424999999975,404.190 34.72699599999995,37.154469999999975,404.142 34.72697699999995,37.15451899999997,404.197 34.72695799999995,37.15458199999997,404.123 34.72693999999995,37.15465199999997,404.254 34.72692699999995,37.15470999999997,404.344 34.72692099999995,37.154756999999975,404.466 34.72691399999995,37.154810999999974,404.554 34.726906999999954,37.154880999999975,404.656 34.726895999999954,37.15494199999998,404.811 34.72689199999996,37.15501399999998,405.109 34.726880999999956,37.15508699999998,405.287 34.726875999999955,37.15513799999998,405.266 34.726863999999956,37.15519799999998,405.222 34.72686299999996,37.15526199999998,405.214 34.72685199999996,37.15533399999998,405.269 34.72683699999996,37.155408999999985,405.155 34.72682199999996,37.15546299999998,405.026 34.72680299999996,37.155509999999985,405.046 34.72679099999996,37.15555599999998,405.048 34.726755999999966,37.15560999999998,405.052 34.726727999999966,37.155656999999984,405.153 34.72668999999996,37.15570299999998,405.608 34.72666699999996,37.15576799999998,406.209 34.72663699999996,37.155822999999984,406.617 34.72659399999996,37.155861999999985,407.036 34.72656299999996,37.15590199999998,408.142 34.726527999999966,37.15594999999998,409.584 34.72652099999997,37.15599599999998,410.479 34.72651899999997,37.15605599999998,411.635 34.72649599999997,37.15611999999998,412.676 34.72648699999997,37.15616899999998,413.816 34.72649199999997,37.15621599999998,415.028 34.72648599999997,37.15626999999998,415.887 34.726478999999976,37.156332999999975,416.742 34.726478999999976,37.15639699999998,417.126 34.726476999999974,37.15645299999998,418.009 34.726479999999974,37.156498999999975,418.870 34.726462999999974,37.15655399999998,419.529 34.72644199999998,37.15659899999998,420.345 34.72641899999998,37.15665399999998,420.997 34.72641299999998,37.15670299999998,422.232 34.726419999999976,37.15676299999998,423.628 34.726417999999974,37.156827999999976,424.319 34.72639899999997,37.156898999999974,425.229 34.72638899999997,37.15697299999997,426.891 34.726378999999966,37.15705499999997,427.949 34.72636399999997,37.157129999999974,429.002 34.72634499999997,37.157199999999975,429.822 34.72630799999997,37.157264999999974,430.609 34.72627599999997,37.157340999999974,431.796 34.72626999999997,37.15741199999997,432.775 34.72627499999997,37.157483999999975,433.561 34.726273999999975,37.15755899999998,434.173 34.72624999999997,37.15763699999998,434.688 34.72623699999997,37.157688999999976,435.164 34.72622399999997,37.15773599999998,435.355 34.72620099999997,37.15781199999998,435.475 34.72616699999997,37.15788799999998,435.577 34.72610999999997,37.15794199999998,435.996 34.72606999999997,37.15800099999998,436.331 34.72604399999997,37.158080999999974,436.924 34.72601899999997,37.15814899999997,437.609 34.725983999999976,37.15821499999997,438.021 34.72592699999998,37.15827399999997,438.330 34.72584699999998,37.15830099999997,438.566 34.72575899999998,37.158294999999974,438.598 34.72567299999998,37.158277999999974,438.683 34.72560299999998,37.15827699999998,438.659 34.72556799999998,37.15832699999998,438.790 34.72557299999998,37.15838299999998,439.020 34.72560999999998,37.15843599999998,439.462 34.72561899999998,37.15850299999998,439.598 34.72559099999998,37.15856999999998,439.515 34.72552899999998,37.15864399999998,439.626 34.72544499999998,37.15870699999998,439.909 34.72540199999998,37.158738999999976,440.381 34.725318999999985,37.15878499999997,440.660 34.72526199999999,37.15881099999997,440.976 34.725211999999985,37.15883599999997,441.158 34.725160999999986,37.15886399999997,441.453 34.72521699999999,37.15884499999997,441.789 34.725155999999984,37.15887899999997,441.640 34.72508099999998,37.15893499999997,441.780 34.725028999999985,37.158972999999975,441.762 34.72497099999998,37.15899699999998,441.688 34.72492099999998,37.159017999999975,441.624 34.72484899999998,37.15903699999998,441.626 34.72476699999998,37.15904799999998,441.409 34.72470499999998,37.159054999999974,441.450 34.72461499999998,37.159053999999976,441.489 34.724514999999975,37.159054999999974,441.855 34.724402999999974,37.159054999999974,442.667 34.72430199999997,37.159065999999974,443.192 34.724216999999975,37.15908899999997,443.748 34.72413899999997,37.15912099999997,444.179 34.72409399999997,37.15915699999997,444.419 34.724061999999975,37.15920799999997,444.621 34.724013999999976,37.15923999999997,445.089 34.72396499999998,37.15927699999997,445.606 34.72391499999998,37.15930799999997,445.826 34.723864999999975,37.159336999999965,446.209 34.723830999999976,37.15937499999997,446.770 34.723788999999975,37.15941099999997,447.319 34.72372799999997,37.15943299999997,447.885 34.723647999999976,37.159428999999975,448.317 34.723568999999976,37.15938999999997,449.382 34.72352599999998,37.159357999999976,450.028 34.72346199999998,37.15930599999998,450.759 34.723389999999974,37.15927299999998,451.069 34.72330299999997,37.159234999999974,451.511 34.72321299999997,37.159205999999976,451.944 34.72310999999997,37.15917699999998,452.105 34.72300999999997,37.15915199999998,452.515 34.722922999999966,37.159132999999976,452.909 34.72284099999997,37.15911999999997,453.536 34.72278399999997,37.15910899999997,453.815 34.722725999999966,37.15910999999997,454.641 34.72266799999996,37.15910599999997,455.493 34.72259899999996,37.15911799999997,455.888 34.72252099999996,37.15913399999997,456.284 34.72242999999996,37.15913799999997,456.515 34.72233299999996,37.15913799999997,457.045 34.72224599999996,37.15914299999997,457.387 34.722162999999966,37.15914599999997,457.922 34.72208399999997,37.15914799999997,458.762 34.72200199999997,37.15914599999997,459.108 34.721923999999966,37.15913799999997,459.909 34.72185899999997,37.15912699999997,460.774 34.72179699999997,37.15910799999997,461.573 34.721738999999964,37.159091999999966,462.279 34.721678999999966,37.15908499999997,462.421 34.72162399999996,37.15907399999997,463.086 34.72154799999996,37.15906299999997,463.852 34.72146999999996,37.15904899999997,464.653 34.721386999999964,37.159035999999965,466.213 34.721329999999966,37.15902899999997,467.485 34.721251999999964,37.15900999999997,468.266 34.72119899999996,37.15899499999997,469.129 34.721130999999964,37.158967999999966,470.521 34.721065999999965,37.158925999999965,471.509 34.720980999999966,37.15889699999997,472.948 34.72092599999996,37.158866999999965,474.227 34.720871999999964,37.15884299999996,475.113 34.720798999999964,37.15880899999996,476.085 34.72074299999996,37.15877799999996,476.910 34.72068499999996,37.15875099999996,478.346 34.72062699999996,37.15871499999996,479.317 34.72055299999996,37.15868599999996,480.387 34.72046499999996,37.15867199999996,481.179 34.72039599999996,37.15870499999996,481.864 34.720368999999955,37.15876499999996,482.206 34.72038199999996,37.15881999999996,482.916 34.72039099999996,37.158883999999965,483.709 34.72037299999996,37.158945999999965,484.718 34.72034499999996,37.159004999999965,485.757 34.72026099999996,37.159021999999965,486.783 34.720168999999956,37.159004999999965,488.055 34.72008599999996,37.15899999999996,488.640 34.719999999999956,37.158993999999964,489.176 34.719910999999954,37.15897899999997,489.977 34.719842999999955,37.158995999999966,490.497 34.71980499999995,37.15905699999997,491.649 34.71981699999995,37.15910099999997,493.085 34.71986799999995,37.15917399999997,494.389 34.71986799999995,37.15925599999997,495.317 34.719826999999945,37.15933199999997,496.009 34.719792999999946,37.159369999999974,496.680 34.719728999999944,37.15943599999997,497.389 34.71968199999994,37.15946699999997,497.575 34.719624999999944,37.15951299999997,498.617 34.71958899999994,37.15955099999997,501.252 34.71955799999994,37.159605999999975,501.428 34.71954399999994,37.159653999999975,501.629 34.719517999999944,37.15970299999997,502.529 34.71948299999995,37.15974499999997,503.221 34.71944599999995,37.15978799999997,504.125 34.719432999999945,37.15986099999997,504.626 34.719458999999944,37.15994099999997,505.008 34.71946799999994,37.16001099999997,506.109 34.71941699999994,37.16007099999997,507.394 34.71931099999994,37.16007299999997,508.473 34.71925799999994,37.16004199999997,509.559 34.719219999999936,37.16000599999997,510.041 34.719146999999936,37.159972999999965,510.596 34.719082999999934,37.15997999999996,511.022 34.719020999999934,37.16002799999996,512.343 34.71897099999993,37.16011099999996,513.653 34.71894699999993,37.16015199999996,514.295 34.71891199999993,37.16018899999996,514.742 34.718868999999934,37.16021799999996,515.122 34.71882699999993,37.16024899999996,515.414 34.71877999999993,37.16028199999996,515.609 34.71868099999993,37.16032299999996,516.116 34.718572999999935,37.16035099999996,516.925 34.71851599999994,37.16035699999996,517.871 34.718454999999935,37.16036299999996,518.523 34.718358999999936,37.160372999999964,518.748 34.71828799999994,37.16035799999997,519.144 34.718277999999934,37.16030399999997,519.785 34.71832399999993,37.16026199999997,519.915 34.718409999999935,37.16024099999997,520.437 34.71847399999994,37.16023599999997,521.213 34.71852999999994,37.16022099999997,522.143 34.71859699999994,37.16019299999997,523.307 34.71864799999994,37.160146999999974,523.609 34.71868599999994,37.160070999999974,524.163 34.71867499999994,37.16000099999997,525.252 34.71862799999994,37.159957999999975,525.998 34.71857199999994,37.15995899999997,526.440 34.718628999999936,37.15995999999997,527.325 34.718654999999934,37.15991599999997,527.771 34.71862799999993,37.159862999999966,528.782 34.71862899999993,37.159814999999966,529.462 34.71862199999993,37.15976099999997,529.564 34.71861999999993,37.15969899999997,529.663 34.71862999999993,37.159651999999966,529.744 34.71866099999993,37.15959999999997,530.018 34.718707999999936,37.159541999999966,530.809 34.71874899999994,37.15949099999997,531.678 34.718769999999935,37.159435999999964,532.337 34.71879699999994,37.15938399999997,532.663 34.71882699999994,37.159328999999964,532.875 34.71882599999994,37.15927999999997,532.980 34.71882999999994,37.159226999999966,533.166 34.71882699999994,37.15917599999997,533.227 34.71882799999994,37.15912199999997,533.567 34.71881899999994,37.15906799999997,533.969 34.71880199999994,37.15901599999997,534.367 34.71879799999994,37.158969999999975,534.681 34.718796999999945,37.158921999999976,534.919 34.71878199999995,37.15886999999998,535.109 34.71876499999995,37.15881699999998,535.318 34.71874799999995,37.15877099999998,535.517 34.718737999999945,37.15872599999998,535.723 34.71880099999994,37.15872099999998,535.795 34.71878099999994,37.15865599999998,535.790 34.718791999999944,37.158600999999976,535.756 34.718816999999945,37.158555999999976,535.327 34.718844999999945,37.158508999999974,534.237 34.718852999999946,37.158443999999974,533.099 34.71887399999994,37.158387999999974,532.015 34.718881999999944,37.15832999999997,531.465 34.71888899999994,37.15825499999997,531.211 34.71889199999994,37.15820899999997,530.909 34.71889299999994,37.15816099999997,530.613 34.71890599999994,37.15811599999997,530.662 34.71893499999994,37.15805899999997,530.538 34.718969999999935,37.15801399999997,530.510 34.719005999999936,37.15796099999997,530.545 34.719056999999935,37.15791299999997,530.941 34.71906699999994,37.157849999999975,531.372 34.71908099999994,37.15780099999998,531.432 34.71909599999994,37.15774699999998,531.474 34.719098999999936,37.15768199999998,531.454 34.71910299999993,37.15762499999998,531.356 34.71910299999993,37.15756799999998,531.211 34.71913199999993,37.15752699999998,531.209 34.71920299999993,37.15753499999998,531.277 34.71925799999993,37.15754899999998,531.276 34.71933799999993,37.15757699999998,531.222 34.71939399999993,37.157564999999984,531.294 34.71947199999993,37.15757499999999,531.319 34.719543999999935,37.157561999999984,531.715 34.719616999999936,37.157544999999985,532.266 34.71967499999994,37.15753499999998,532.726 34.71973899999994,37.15752999999998,533.278 34.71979599999994,37.15751199999998,533.459 34.71986799999994,37.15749599999998,533.803 34.71993199999994,37.15746699999998,534.223 34.719987999999944,37.157431999999986,535.009 34.72002299999994,37.15737799999999,535.577 34.72009399999994,37.157339999999984,535.766 34.72012099999994,37.157291999999984,535.782 34.72017199999994,37.157246999999984,535.984 34.72021699999994,37.157215999999984,536.369 34.720257999999944,37.15718099999999,537.685 34.720291999999944,37.157141999999986,538.046 34.720307999999946,37.157096999999986,538.956 34.72031899999995,37.15705099999999,539.838 34.72029799999995,37.157006999999986,540.457 34.72026599999995,37.156961999999986,541.000 34.72025199999995,37.156914999999984,542.020 34.72022699999995,37.15686499999998,542.809 34.72019899999995,37.15682099999998,543.587 34.72017399999995,37.15677599999998,544.246 34.72015499999995,37.15672699999998,544.952 34.72013199999995,37.156683999999984,545.734 34.72011499999995,37.156640999999986,546.639 34.72008299999995,37.15659799999999,547.435 34.72006699999995,37.156542999999985,548.316 34.72004399999995,37.15649399999999,549.666 34.72003099999995,37.15644799999999,550.548 34.72000199999995,37.15640299999999,551.279 34.71997899999995,37.15635899999999,552.105 34.719955999999954,37.15631299999999,553.125 34.71993099999995,37.15626799999999,554.309 34.719909999999956,37.15621699999999,555.319 34.71988999999996,37.15616199999999,556.248 34.719873999999955,37.15610499999999,557.774 34.71986399999995,37.15606099999999,558.746 34.71985299999995,37.15600699999999,559.271 34.71984999999995,37.15595699999999,560.277 34.71983599999995,37.15590199999998,560.998 34.71982399999995,37.15584299999998,561.318 34.71980999999995,37.15578099999998,562.430 34.71979599999995,37.15571899999998,562.953 34.71976899999995,37.155661999999985,563.104 34.71974999999995,37.15560399999998,563.414 34.71974399999995,37.155549999999984,563.809 34.71974999999995,37.15549199999998,564.427 34.719775999999946,37.15545099999998,565.116 34.71978099999995,37.15540499999998,565.432 34.71980599999995,37.15536299999998,565.754 34.71982499999995,37.15530199999998,565.829 34.71984399999995,37.155248999999976,565.985 34.71985599999995,37.155204999999974,566.316 34.71987699999995,37.155161999999976,567.186 34.71990099999995,37.15510999999998,568.168 34.71992299999995,37.15506599999998,568.966 34.71994499999995,37.15501099999997,569.529 34.71996199999995,37.15495599999997,570.321 34.71998299999995,37.15490199999997,571.409 34.72003099999995,37.15487199999997,571.578 34.720065999999946,37.15483599999997,571.967 34.72005999999995,37.15478699999997,572.683 34.720003999999946,37.15479399999997,573.715 34.71994899999994,37.15481099999997,575.160 34.71988999999994,37.15481799999996,576.066 34.71982799999994,37.154828999999964,576.527 34.71977299999994,37.154811999999964,577.627 34.71978099999994,37.15476599999997,579.019 34.71981499999994,37.15471999999997,580.394 34.71985199999994,37.15467599999997,581.657 34.71987799999994,37.154630999999966,582.822 34.71993399999994,37.15459999999997,583.709 34.71998699999994,37.15457899999997,584.761 34.72003799999994,37.15455199999997,585.730 34.72007599999994,37.15450699999997,586.396 34.72012399999994,37.154473999999965,587.038 34.72016699999994,37.154425999999965,587.883 34.72020899999994,37.154389999999964,588.859 34.72026399999994,37.15435799999997,589.760 34.72031599999994,37.15432599999997,590.520 34.72036699999994,37.15430499999997,591.232 34.72042099999994,37.154275999999975,591.869 34.72047699999994,37.154241999999975,592.504 34.72053799999994,37.15421799999997,593.424 34.72058699999994,37.154185999999974,594.509 34.72062299999994,37.15414699999997,595.438 34.72065099999994,37.15410499999997,596.197 34.72070399999994,37.15406699999997,597.093 34.720744999999944,37.15402099999997,598.045 34.72077899999994,37.15398299999997,598.770 34.72080299999995,37.153938999999966,599.276 34.72082199999995,37.15389299999997,599.647 34.72086599999995,37.153848999999965,600.267 34.72091299999995,37.153814999999966,601.099 34.72095299999995,37.153778999999965,601.989 34.72100999999995,37.153741999999966,602.806 34.72105599999995,37.15371299999997,603.526 34.721098999999946,37.15368399999997,604.109 34.72114299999995,37.15364699999997,604.610 34.72121399999995,37.15362699999997,605.419 34.72114499999994,37.15360999999997,606.445 34.72109199999994,37.153633999999975,607.487 34.72102299999994,37.15360399999997,608.632 34.72095899999994,37.153582999999976,608.718 34.720908999999935,37.15354499999997,610.129 34.720877999999935,37.15350299999997,610.939 34.720855999999934,37.153450999999976,612.481 34.72082599999993,37.15340499999998,612.729 34.72079699999993,37.15336199999998,613.300 34.72075499999993,37.15331699999998,614.320 34.72071299999993,37.15327499999998,615.209 34.72065099999993,37.15324399999998,615.924 34.72059299999993,37.15321899999998,617.143 34.72053699999993,37.15319699999998,617.739 34.720478999999926,37.15316899999998,617.921 34.72042699999993,37.15313399999998,618.666 34.72036499999993,37.15313299999998,618.932 34.72030899999993,37.15311699999998,619.373 34.72035099999993,37.15315199999998,619.593 34.72031099999993,37.15311199999998,619.915 34.72026899999993,37.15314599999998,620.618 34.72020399999993,37.15314499999998,621.198 34.72014499999993,37.15315199999998,622.017 34.72007999999993,37.15316899999998,623.309 34.72002399999993,37.15316199999998,624.063 34.71998499999993,37.15319499999998,624.762 34.71992599999993,37.15317599999998,626.438 34.71986299999993,37.15316499999998,628.360 34.71979099999993,37.15316499999998,629.245 34.71973499999993,37.15318399999998,629.561 34.719665999999926,37.15319199999998,630.292 34.719606999999925,37.15320299999998,631.282 34.71954999999993,37.15321299999999,632.364 34.719533999999925,37.15325699999999,633.453 34.71953299999993,37.15330399999999,634.804 34.71957699999993,37.15333699999999,636.714 34.71962599999993,37.15337199999999,638.109 34.71963599999993,37.15342099999999,639.277 34.71964499999993,37.153469999999984,640.876 34.71959599999993,37.153497999999985,642.262 34.71954199999993,37.15347699999999,643.394 34.71947999999993,37.15346899999999,644.879 34.719419999999936,37.15348499999999,646.335 34.71936799999994,37.15351899999999,646.976 34.71931799999994,37.15355699999999,647.216 34.71926699999994,37.15358499999999,649.058 34.71922999999994,37.15361999999999,651.211 34.71917799999994,37.15364899999999,652.921 34.719134999999945,37.15368299999999,654.803 34.719106999999944,37.15372699999999,656.509 34.719162999999945,37.153702999999986,658.093 34.71910199999994,37.153700999999984,658.632 34.719055999999945,37.153731999999984,658.868 34.71899299999995,37.153753999999985,659.110 34.71893599999995,37.153776999999984,659.355 34.71887699999995,37.15379499999998,659.461 34.71880399999995,37.15380699999998,659.562 34.71875199999995,37.15384299999998,660.432 34.71869299999995,37.15385899999998,661.234 34.71863499999995,37.153874999999985,662.231 34.71856799999995,37.153871999999986,662.661 34.71851499999995,37.15389099999999,662.907 34.718458999999946,37.15391799999999,663.809 34.71840399999994,37.15393799999999,664.975 34.71836799999994,37.15397199999999,665.814 34.71835499999994,37.15404299999999,666.430 34.71833999999994,37.154091999999984,666.552 34.718304999999944,37.15413299999999,666.597 34.71826599999994,37.15416599999999,666.513 34.71822099999994,37.15421699999999,666.054 34.71818499999994,37.15427799999999,665.224 34.71818699999994,37.15432599999999,664.396 34.718188999999946,37.15437799999999,663.891 34.71817899999994,37.15442799999999,662.381 34.718180999999944,37.15447499999999,661.519 34.71819099999995,37.15451999999999,660.709 34.71820199999995,37.15456599999999,660.671 34.718208999999945,37.15463299999999,660.320 34.718208999999945,37.15469699999999,659.536 34.718183999999944,37.15476299999999,659.018 34.718157999999946,37.15482699999999,658.563 34.71812799999994,37.15488699999999,658.299 34.718107999999944,37.154929999999986,657.590 34.718070999999945,37.15498299999999,656.720 34.71804399999994,37.155031999999984,656.362 34.71801299999994,37.15508599999998,653.945 34.71797599999994,37.15514499999998,653.247 34.717926999999946,37.155208999999985,652.811 34.71786199999995,37.15526399999999,652.309 34.717789999999944,37.155306999999986,652.166 34.717707999999945,37.15534499999999,651.945 34.71762999999994,37.15536999999999,651.881 34.717563999999946,37.15538699999999,651.873 34.71747099999995,37.15541499999999,651.818 34.717367999999944,37.15545199999999,651.834 34.717313999999945,37.155472999999986,651.635 34.717262999999946,37.155495999999985,651.435 34.71716699999995,37.155535999999984,651.167 34.717065999999946,37.155577999999984,650.694 34.717012999999945,37.155599999999986,649.757 34.71696099999995,37.15562199999999,648.922 34.716910999999946,37.155644999999986,648.509 34.71686199999995,37.155669999999986,647.691 34.71681199999995,37.155695999999985,647.120 34.71676299999995,37.15572599999999,646.656 34.71668199999995,37.155793999999986,645.588 34.71664699999995,37.15583799999999,644.523 34.716620999999954,37.15588799999999,643.549 34.71660299999996,37.15594399999999,642.590 34.71659299999995,37.15600399999999,641.620 34.716589999999954,37.15606299999999,640.852 34.71658799999995,37.15611699999999,640.859 34.71658899999995,37.156170999999986,640.003 34.71660499999995,37.15621999999998,639.123 34.716614999999955,37.15626899999998,638.709 34.71662699999995,37.15631399999998,638.387 34.71663799999995,37.15636199999998,637.986 34.71664999999995,37.15640899999998,637.252 34.71665799999995,37.15645399999998,636.614 34.71666499999995,37.15650299999998,636.349 34.71668199999995,37.15655099999998,636.125 34.716688999999946,37.15659699999998,635.646 34.71670199999995,37.15664199999998,635.116 34.71672899999995,37.15673099999998,634.848 34.716741999999954,37.15677599999998,634.148 34.71674899999995,37.15682699999998,632.661 34.71675599999995,37.156875999999976,632.617 34.716761999999946,37.15692299999998,631.809 34.71676299999994,37.15687799999998,631.476 34.71674699999994,37.15693899999998,630.725 34.71672299999994,37.15698099999998,629.441 34.71670499999994,37.15702499999998,628.573 34.71667999999994,37.15707599999998,628.528 34.71665899999994,37.15712099999998,628.544 34.71662099999994,37.157175999999986,628.855 34.71658799999994,37.15722899999999,629.735 34.71654899999994,37.15728799999999,631.867 34.716501999999934,37.15732999999999,632.118 34.71645599999994,37.15737199999999,632.598 34.716402999999936,37.15741299999999,632.817 34.71635899999993,37.15745799999999,633.209 34.716309999999936,37.15751099999999,633.843 34.716278999999936,37.15755099999999,634.512 34.716248999999934,37.15759599999999,634.928 34.71621599999993,37.15764399999999,635.440 34.716180999999935,37.15770699999999,635.875 34.716152999999935,37.15775999999999,636.021 34.716115999999936,37.15781499999999,636.562 34.716065999999934,37.15787399999999,636.972 34.71600299999994,37.15792599999999,637.244 34.71593499999994,37.15797899999999,637.753 34.715870999999936,37.15802599999999,638.104 34.71580199999993,37.15808599999999,638.614 34.71575199999993,37.15814699999999,639.009 34.71569599999993,37.158213999999994,639.487 34.71566899999993,37.158283999999995,639.856 34.71563699999993,37.158348,640.392 34.71559399999993,37.158409999999996,640.944 34.71554099999993,37.158469999999994,641.599 34.71549599999993,37.158528999999994,642.255 34.71544899999993,37.158587999999995,643.286 34.71540399999993,37.158637999999996,644.386 34.71535899999993,37.158685,644.878 34.71531999999993,37.158733,646.035 34.71526799999993,37.158777,647.286 34.71520699999993,37.15881,648.514 34.71512499999993,37.158861,649.609 34.71506799999993,37.158876,650.195 34.714987999999934,37.158891,650.934 34.714900999999934,37.158896999999996,652.090 34.71481399999993,37.15889799999999,652.752 34.71471899999993,37.15889799999999,653.687 34.71462999999993,37.15886999999999,654.163 34.71455099999993,37.158877999999994,654.634 34.71446399999993,37.158899999999996,655.294 34.71438499999993,37.158947999999995,655.636 34.71433399999993,37.159020999999996,655.859 34.71428499999993,37.159085999999995,655.903 34.71423699999993,37.15911499999999,656.023 34.714204999999936,37.159169999999996,656.109 34.71413699999994,37.159223,656.137 34.714089999999935,37.159285,656.116 34.71404299999993,37.159316999999994,656.152 34.71400399999993,37.159372,656.254 34.71393899999993,37.159425999999996,656.329 34.71387099999993,37.159485999999994,656.325 34.71383499999993,37.159521999999996,656.356 34.71375899999993,37.159583999999995,656.326 34.71368999999993,37.159648,656.388 34.71364099999993,37.159699999999994,656.322 34.71358799999993,37.15976299999999,656.362 34.71353199999993,37.15983399999999,656.208 34.71348899999993,37.15990699999999,655.909 34.71344499999993,37.15996699999999,655.424 34.71340999999993,37.16001199999999,654.833 34.713357999999936,37.160065999999986,654.219 34.713298999999935,37.16012999999999,653.961 34.71325599999994,37.16017199999999,653.796 34.71321099999994,37.16023099999999,653.542 34.713160999999936,37.16027699999999,653.553 34.71310899999994,37.16033499999999,653.543 34.713064999999936,37.16039199999999,653.635 34.71302199999994,37.16044299999999,653.979 34.71296999999994,37.16049599999999,654.205 34.71291099999994,37.16056099999999,654.625 34.71285599999994,37.16062799999999,655.009 34.71279599999994,37.160687999999986,655.339 34.71273199999994,37.160747999999984,655.418 34.71266799999994,37.160811999999986,655.444 34.71259999999994,37.16087299999999,655.326 34.712530999999935,37.16093099999999,655.371 34.71245399999994,37.16097899999999,655.317 34.712369999999936,37.16102399999999,655.438 34.71228399999993,37.16107599999999,655.628 34.712215999999934,37.16111399999999,655.880 34.71216299999993,37.16116199999999,656.033 34.71210699999993,37.16121199999999,656.223 34.71204899999993,37.16125999999999,656.315 34.71198999999993,37.16131399999999,656.609 34.71192599999993,37.16137399999999,656.995 34.71186999999993,37.161436999999985,657.164 34.71181899999993,37.161507999999984,657.550 34.711779999999926,37.161552999999984,657.912 34.71175099999993,37.16161899999998,658.247 34.71170499999993,37.16170299999998,658.693 34.71166099999993,37.161757999999985,658.954 34.711616999999926,37.16181599999999,659.094 34.711552999999924,37.16186599999999,659.066 34.71149699999992,37.16189399999999,659.123 34.71142999999992,37.16193899999999,659.183 34.711355999999924,37.16198899999999,659.611 34.71128299999992,37.16204799999999,660.109 34.711219999999926,37.16209899999999,660.664 34.711169999999925,37.16214599999999,661.173 34.71112699999993,37.16218799999999,661.649 34.711084999999926,37.16223099999999,662.011 34.71105099999993,37.16226999999999,662.776 34.71099699999993,37.162313999999995,663.562 34.710932999999926,37.16234599999999,663.913 34.71087499999992,37.162364999999994,664.853 34.710803999999925,37.16238799999999,665.825 34.71073199999992,37.16239699999999,666.829 34.710629999999924,37.16240399999999,667.800 34.71051299999992,37.16241799999999,669.720 34.710429999999924,37.16243099999999,670.909 34.71036099999992,37.162443999999994,671.974 34.71043399999992,37.162431999999995,672.763 34.710370999999924,37.162443999999994,673.179 34.71028199999992,37.16246199999999,673.891 34.71023099999992,37.16248699999999,674.196 34.71019299999992,37.16252099999999,674.292 34.71019199999992,37.16256799999999,674.573 34.71024499999992,37.16259599999999,675.073 34.71030199999992,37.162611999999996,675.815 34.71032899999992,37.162659,676.854 34.710263999999924,37.162647,677.256 34.71022199999992,37.162617,677.211 34.710173999999924,37.162594,677.309 34.710114999999924,37.162594999999996,677.417 34.71005699999992,37.162617999999995,677.546 34.71004699999992,37.162665999999994,677.882 34.710008999999914,37.162699999999994,678.114 34.709982999999916,37.16274599999999,678.639 34.70994199999991,37.16278499999999,679.085 34.70990599999991,37.16281999999999,679.266 34.709870999999914,37.16285699999999,679.876 34.70986999999992,37.162905999999985,680.618 34.70985299999992,37.16295199999998,681.126 34.70982999999992,37.16300599999998,681.447 34.70979599999992,37.163049999999984,681.611 34.70977399999992,37.163099999999986,682.009 34.70975299999992,37.16314599999998,682.744 34.70972299999992,37.163184999999984,683.333 34.70968599999992,37.16323399999998,683.739 34.70965399999992,37.16327599999998,684.271 34.709621999999925,37.16331899999998,684.726 34.70961999999992,37.16337299999998,685.122 34.70962099999992,37.16342799999998,685.493 34.70964099999992,37.16347899999998,685.513 34.70968699999992,37.16351299999998,685.555 34.709735999999914,37.16355699999998,685.515 34.709785999999916,37.16359999999998,684.365 34.709828999999914,37.163643999999984,683.111 34.70989199999991,37.16365099999998,681.609 34.70995299999991,37.16364899999998,679.973 34.709932999999914,37.16359699999998,679.142 34.709929999999915,37.16355199999998,677.098 34.70997599999991,37.16351299999998,675.470 34.71003299999991,37.16349499999998,674.575 34.71006299999991,37.16345299999998,673.461 34.710131999999916,37.163468999999985,671.872 34.710185999999915,37.163482999999985,669.712 34.71024099999992,37.16351299999999,668.144 34.710283999999916,37.16355199999999,666.249 34.71032199999992,37.16358799999999,664.402 34.71036999999992,37.16356099999999,662.122 34.71042599999992,37.163550999999984,660.009 34.71049499999992,37.16354299999998,659.046 34.71053299999993,37.163578999999984,657.455 34.71056399999993,37.163626999999984,655.581 34.71057999999993,37.16367099999999,653.243 34.71059299999993,37.16372299999998,650.998 34.71064399999993,37.163741999999985,649.124 34.710698999999934,37.16375499999999,647.925 34.71076499999993,37.16375799999999,646.975 34.71082899999993,37.16375699999999,645.077 34.710886999999936,37.16377699999999,643.172 34.71093599999993,37.16380299999999,642.013 34.71099599999993,37.163808999999986,640.714 34.71107999999993,37.163820999999984,638.409 34.71116499999993,37.163853999999986,635.829 34.71123199999993,37.163854999999984,635.348 34.71130999999993,37.163859999999985,634.974 34.711373999999935,37.163873999999986,633.856 34.71143099999993,37.16388399999999,632.711 34.711489999999934,37.16388999999999,632.167 34.71155299999993,37.16385599999999,630.778 34.71159499999993,37.16380199999999,630.548 34.71165799999993,37.16373699999999,629.730 34.71168099999993,37.16369199999999,629.153 34.71172799999993,37.16364999999999,628.804 34.71178499999993,37.16361899999999,628.214 34.711867999999924,37.16360299999999,627.309 34.71195599999992,37.16356799999999,626.897 34.71200699999992,37.163532999999994,626.676 34.71205299999992,37.163495999999995,626.242 34.71210799999992,37.163464999999995,625.574 34.71215399999992,37.163439,624.989 34.71219799999992,37.163396,624.455 34.71223199999992,37.163340999999996,623.776 34.71225999999992,37.16327999999999,622.616 34.71229099999992,37.163230999999996,621.758 34.71231699999992,37.16318699999999,621.464 34.71235899999992,37.163154999999996,621.106 34.71239499999992,37.163107999999994,620.916 34.71245099999992,37.163050999999996,620.009 34.712503999999925,37.162994,619.538 34.712562999999925,37.16294,619.167 34.71263499999993,37.162907,618.583 34.712666999999925,37.162851999999994,618.025 34.71273299999992,37.16281099999999,617.160 34.71280299999992,37.16275699999999,616.886 34.71287899999992,37.162713999999994,616.337 34.71296999999992,37.16268099999999,615.667 34.71303199999992,37.16264399999999,615.059 34.71308299999992,37.16260599999999,614.579 34.713131999999916,37.16256199999999,614.205 34.71317299999992,37.16252399999998,613.725 34.71321899999992,37.16248599999998,613.509 34.713264999999915,37.16244899999998,613.449 34.71330299999992,37.16240599999998,613.458 34.713354999999915,37.162370999999986,613.464 34.71340899999991,37.162323999999984,613.666 34.71346299999991,37.16228499999998,613.661 34.71351999999991,37.16225199999998,613.757 34.71355299999991,37.16221499999998,613.788 34.71360199999991,37.16217599999998,613.868 34.71363799999991,37.16213099999998,613.980 34.71368599999991,37.16208599999998,613.916 34.71372799999991,37.16203899999998,614.076 34.71377599999991,37.16199399999998,613.613 34.71381199999991,37.16195399999998,613.309 34.713852999999915,37.16191199999998,613.353 34.71391299999991,37.16186899999998,613.352 34.713976999999915,37.16183499999998,613.398 34.714018999999915,37.161794999999984,613.320 34.714077999999915,37.16176699999998,613.045 34.71415599999992,37.16174299999998,613.061 34.71422499999992,37.16171899999998,612.912 34.71429899999992,37.16168999999998,612.492 34.71436699999992,37.16165099999998,611.764 34.71438399999992,37.16159199999998,611.138 34.71439199999992,37.16153599999998,610.470 34.71442799999992,37.16148499999998,610.217 34.71443899999992,37.161437999999976,610.209 34.71446899999992,37.161392999999975,610.155 34.71449799999992,37.16133299999998,610.074 34.71453999999992,37.16128799999998,609.970 34.71456599999992,37.16124599999998,609.772 34.71461199999992,37.16121399999998,609.197 34.71461499999992,37.16126299999998,608.553 34.71461199999992,37.16132399999998,608.134 34.71460499999992,37.16137699999998,607.284 34.71458799999992,37.16142299999998,606.116 34.71462199999992,37.161471999999975,605.342 34.71465299999992,37.16152399999997,603.522 34.71464399999992,37.161474999999975,602.614 34.71467499999992,37.16152099999997,601.109 34.71470799999992,37.16156299999997,600.196 34.714732999999924,37.161603999999976,599.695 34.714754999999926,37.16165699999998,598.611 34.71476199999992,37.16170499999998,596.943 34.71479699999992,37.16174099999998,595.358 34.71477799999992,37.161783999999976,594.564 34.714784999999914,37.16183299999997,594.485 34.714809999999915,37.16187899999997,594.315 34.714820999999915,37.16193199999997,594.317 34.714834999999916,37.161975999999974,594.233 34.71483299999991,37.162028999999976,594.023 34.71482199999991,37.162076999999975,593.815 34.71479399999991,37.16214299999997,593.409 34.71476099999991,37.162189999999974,593.295 34.71473399999991,37.162242999999975,593.024 34.71472599999991,37.16229599999998,592.840 34.714714999999906,37.16234499999997,592.342 34.714692999999905,37.16239099999997,592.127 34.7146629999999,37.162459999999975,591.573 34.7146239999999,37.162501999999975,591.154 34.7145799999999,37.16256799999997,590.194 34.7145519999999,37.16260999999997,589.726 34.7145059999999,37.16267799999997,588.788 34.714484999999904,37.162735999999974,588.124 34.7144549999999,37.16281299999997,587.326 34.7144469999999,37.16287299999997,586.409 34.7144489999999,37.16295199999997,585.710 34.714433999999905,37.163017999999965,584.839 34.71442199999991,37.16306199999997,584.465 34.714430999999905,37.16310899999997,583.557 34.71442699999991,37.16318299999997,582.692 34.714430999999905,37.16323599999997,581.538 34.71434799999991,37.16335899999997,580.649 34.71435099999991,37.16342499999997,580.029 34.714371999999905,37.163484999999966,579.051 34.7144489999999,37.16354599999997,578.035 34.714509999999905,37.163591999999966,577.186 34.714557999999904,37.163642999999965,576.414 34.71459899999991,37.16371799999997,575.709 34.71462999999991,37.163783999999964,574.945 34.71464299999991,37.16384199999997,574.074 34.71465899999991,37.163907999999964,573.420 34.71467099999991,37.16395599999996,573.242 34.714663999999914,37.16400099999996,572.377 34.714660999999914,37.164056999999964,571.273 34.71465099999991,37.164126999999965,570.744 34.71468499999991,37.16417699999997,569.934 34.71468299999991,37.16423299999997,569.336 34.71470499999991,37.164286999999966,568.789 34.71476699999991,37.16433899999996,567.906 34.71480999999991,37.164374999999964,567.026 34.71488199999991,37.164390999999966,566.509 34.71494399999991,37.16441299999997,565.670 34.71502499999991,37.16444599999997,564.749 34.71511299999991,37.16444399999997,563.875 34.71514099999991,37.164393999999966,562.997 34.71517799999991,37.16443499999997,561.432 34.71523299999991,37.16445099999997,560.078 34.71520899999991,37.16449699999997,558.689 34.71523799999991,37.16453899999997,558.629 34.71525099999991,37.16449199999997,558.691 34.71522599999991,37.16444299999997,558.696 34.715198999999906,37.16440099999997,558.631 34.715215999999906,37.16434699999997,558.624 34.715258999999904,37.16428999999997,558.609 34.7152959999999,37.16423199999997,556.371 34.7153379999999,37.16415899999997,556.170 34.715367999999906,37.16410299999997,555.196 34.715398999999906,37.16403799999997,554.588 34.715429999999905,37.16397799999997,553.673 34.715474999999905,37.16390299999997,552.669 34.7155179999999,37.16382499999997,552.230 34.71555899999991,37.163749999999965,552.170 34.71558399999991,37.16368599999996,552.032 34.715601999999905,37.163617999999964,552.044 34.71561499999991,37.163552999999965,552.005 34.71561499999991,37.16350699999997,552.015 34.715654999999906,37.16346699999997,551.509 34.7157179999999,37.16346499999997,550.986 34.7157699999999,37.163493999999965,550.195 34.7158459999999,37.16351199999996,548.631 34.7159159999999,37.16352299999996,547.223 34.7159789999999,37.16352299999996,545.598 34.7160549999999,37.16354899999996,545.444 34.7161339999999,37.16355399999996,544.915 34.7162039999999,37.163546999999966,544.015 34.7162719999999,37.16353199999997,543.017 34.716328999999895,37.16350899999997,542.287 34.716396999999894,37.163484999999966,541.842 34.71647699999989,37.16347199999996,541.026 34.71655099999989,37.163456999999966,539.809 34.71660199999989,37.163436999999966,537.930 34.716653999999885,37.16341399999997,537.599 34.71672799999988,37.16342199999997,535.365 34.71679899999988,37.16344199999997,534.997 34.71686399999988,37.16344199999997,534.862 34.71692999999988,37.163439999999966,533.958 34.716986999999875,37.16344199999997,533.489 34.717051999999875,37.16344999999997,532.449 34.71711799999987,37.163453999999966,531.381 34.71719399999987,37.16343299999997,530.176 34.717254999999874,37.16341899999997,528.890 34.71732299999987,37.16341899999997,526.819 34.71739899999987,37.16343299999997,526.209 34.71745799999987,37.16346599999997,524.949 34.71751699999987,37.16349399999997,523.518 34.71755999999987,37.163537999999974,522.344 34.71761599999987,37.163565999999975,521.446 34.71766099999987,37.16360899999997,520.681 34.717701999999875,37.16365499999997,519.777 34.717752999999874,37.16368699999997,518.958 34.71778999999987,37.16373199999997,518.568 34.71782499999987,37.163780999999965,517.750 34.71784899999987,37.163828999999964,516.853 34.717847999999876,37.16389499999996,516.004 34.71786299999987,37.16394099999996,515.114 34.71786999999987,37.16399799999996,514.109 34.71785299999987,37.16405899999996,513.447 34.71784099999987,37.164110999999956,513.046 34.71782099999987,37.16417099999995,512.052 34.71779399999987,37.16422299999995,511.164 34.71777599999987,37.16426999999995,510.229 34.717729999999875,37.16431299999995,509.845 34.71768899999987,37.16435199999995,509.616 34.71764199999987,37.16439499999995,509.576 34.71760499999987,37.16444099999995,509.348 34.71755699999987,37.16447699999995,509.293 34.71751599999987,37.164522999999946,509.165 34.71746599999987,37.16456399999995,508.821 34.71741099999986,37.16459499999995,508.409 34.717362999999864,37.164626999999946,507.711 34.71730999999986,37.16465499999995,507.380 34.71726899999986,37.164691999999945,506.566 34.71721699999986,37.16470999999994,506.178 34.71715599999986,37.16474999999994,505.463 34.71711299999986,37.16478299999994,504.899 34.71706299999986,37.164829999999945,504.560 34.71702299999986,37.16490399999994,502.930 34.717004999999865,37.164953999999945,502.712 34.716999999999864,37.16500799999994,502.226 34.71696999999986,37.165049999999944,501.847 34.71697399999986,37.165125999999944,501.411 34.716963999999855,37.16517199999994,500.509 34.716994999999855,37.165232999999944,500.474 34.717017999999854,37.165276999999946,500.083 34.71703899999985,37.165324999999946,498.629 34.717079999999854,37.16539399999995,497.471 34.71710099999985,37.16544199999995,496.256 34.71711899999985,37.16548499999995,495.292 34.71712899999985,37.16553299999995,495.283 34.717152999999854,37.16558599999995,495.233 34.71717299999985,37.16562999999995,495.455 34.71717699999985,37.16567699999995,495.745 34.71715499999985,37.16572599999995,496.247 34.71710199999985,37.16574499999995,496.611 34.71704199999985,37.16574299999995,496.909 34.71698199999985,37.16573899999995,497.036 34.71691499999985,37.165726999999954,497.075 34.71684999999985,37.165715999999954,497.011 34.71678199999985,37.16571699999995,496.883 34.71672699999985,37.165698999999954,496.868 34.71666499999985,37.165689999999955,496.814 34.71661299999985,37.16565499999996,496.855 34.71658499999985,37.16560499999996,496.985 34.71652699999985,37.16556699999995,496.917 34.71644699999985,37.165551999999956,496.918 34.71639399999985,37.16552599999996,496.998 34.71633899999985,37.16551199999996,496.517 34.71628199999985,37.165500999999956,496.509 34.71622299999985,37.16547999999996,496.593 34.71615199999985,37.16547599999996,496.532 34.71609599999985,37.16546499999996,496.578 34.71603799999985,37.16545699999996,496.670 34.715982999999845,37.16544499999996,496.775 34.715928999999846,37.16541699999996,496.741 34.715861999999845,37.165401999999965,496.972 34.71579299999984,37.165390999999964,497.462 34.71571799999984,37.165390999999964,497.734 34.71565099999984,37.165395999999966,497.914 34.715572999999836,37.16541399999996,498.254 34.71550999999984,37.165412999999965,498.509 34.71545099999984,37.16542599999997,499.109 34.715392999999835,37.16543499999997,499.233 34.715339999999834,37.165454999999966,499.782 34.71526299999984,37.16545999999997,500.458 34.71520099999984,37.16545899999997,501.280 34.71514899999984,37.16543499999997,502.255 34.71507799999984,37.16544899999997,503.291 34.714994999999846,37.165435999999964,504.352 34.71492699999985,37.16542499999996,504.512 34.714870999999846,37.16542299999996,504.874 34.71479699999985,37.165401999999965,505.292 34.71472599999985,37.16541699999996,505.673 34.71465899999985,37.165418999999964,505.920 34.71459899999985,37.165443999999965,506.109 34.71454299999985,37.16545999999997,506.551 34.71447599999985,37.16546499999997,506.990 34.71440199999985,37.16546699999997,507.676 34.71432899999985,37.165459999999975,508.678 34.71426799999985,37.16548599999997,509.453 34.71423099999985,37.16552099999997,509.429 34.71420199999985,37.16556099999997,509.670 34.71415499999985,37.165603999999966,509.620 34.71410899999985,37.16564299999997,509.652 34.71405599999985,37.165665999999966,509.662 34.71399599999985,37.16567599999997,509.183 34.71393099999985,37.16569499999997,508.511 34.71386199999985,37.16572899999997,508.209 34.71381899999985,37.16575799999997,508.288 34.71376599999985,37.165786999999966,508.267 34.71371699999985,37.16582599999997,508.183 34.713614999999855,37.165885999999965,507.755 34.713552999999855,37.16591599999997,507.470 34.71348099999985,37.16593799999997,507.136 34.71340299999985,37.165969999999966,507.167 34.71333099999985,37.16600199999996,507.297 34.71327099999985,37.166020999999965,507.699 34.713201999999846,37.166040999999964,507.838 34.713126999999844,37.16607299999996,508.070 34.713064999999844,37.16609899999996,508.217 34.71298399999984,37.16612299999996,508.309 34.712906999999845,37.16613799999996,508.395 34.71284599999984,37.16615299999996,508.334 34.71275399999984,37.16616299999996,508.250 34.71268399999984,37.16615199999996,508.192 34.71261999999984,37.16614299999996,508.057 34.71255699999984,37.166130999999965,507.913 34.71250399999984,37.166110999999965,507.734 34.71244399999984,37.166099999999965,507.734 34.71237599999984,37.166096999999965,507.666 34.71233199999984,37.16612999999997,507.566 34.71230799999984,37.166180999999966,507.329 34.71231599999984,37.16623099999997,507.021 34.71230799999984,37.16628399999997,506.709 34.71232099999984,37.16632999999997,506.558 34.71232499999984,37.16637999999997,506.557 34.71233599999984,37.16642499999997,506.573 34.712311999999834,37.16647199999997,506.675 34.712308999999834,37.16652199999997,506.810 34.712277999999834,37.16656099999997,507.156 34.712316999999835,37.166599999999974,507.387 34.71235799999984,37.16664599999997,507.427 34.71239099999984,37.16668299999997,507.599 34.71242399999984,37.16674599999997,507.628 34.71245599999984,37.16681399999997,507.689 34.71244599999984,37.166876999999964,507.617 34.71246999999984,37.16694899999997,507.609 34.71246999999984,37.166999999999966,507.674 34.71248299999984,37.16704999999997,507.683 34.712495999999845,37.167106999999966,507.679 34.712532999999844,37.167160999999965,507.651 34.71257699999985,37.16721299999996,507.486 34.71261499999985,37.16725999999996,507.342 34.71263599999985,37.167303999999966,507.363 34.71267699999985,37.16734999999996,507.373 34.71270499999985,37.16740099999996,507.645 34.71275499999985,37.16744999999996,508.262 34.712784999999855,37.16749299999996,508.583 34.71282899999986,37.16752399999996,508.711 34.71289099999986,37.16757099999996,508.909 34.712953999999854,37.16757999999996,509.168 34.71300799999985,37.16761099999996,509.277 34.71306499999985,37.16761099999996,509.573 34.713122999999854,37.16762999999996,509.915 34.713192999999855,37.16764599999996,510.580 34.71325399999986,37.16765799999996,511.286 34.713310999999855,37.16766299999996,511.877 34.71337199999986,37.16765399999996,512.417 34.71332999999986,37.167621999999966,512.959 34.713386999999855,37.167599999999965,512.918 34.713310999999855,37.16760099999996,512.998 34.713251999999855,37.167616999999964,512.717 34.71318299999985,37.16760199999997,512.009 34.71311299999985,37.16761199999997,511.663 34.71304199999985,37.16758199999997,511.532 34.71301199999985,37.167540999999964,510.378 34.71293699999985,37.167492999999965,510.220 34.71289499999985,37.16743299999997,509.845 34.712867999999844,37.16735599999997,508.081 34.712836999999844,37.16729799999997,506.322 34.71281899999985,37.16724099999997,504.742 34.71278999999985,37.16719399999997,503.874 34.71275599999985,37.167137999999966,502.866 34.71273899999985,37.16708699999997,501.029 34.71271399999985,37.16703899999997,499.021 34.71270599999985,37.16698999999997,498.409 34.71266699999985,37.16693999999997,496.818 34.71266899999985,37.16688399999997,496.497 34.71267199999985,37.16682699999997,495.063 34.71266399999985,37.16677099999997,494.765 34.712653999999844,37.16671899999997,494.150 34.71265799999984,37.16667399999997,493.866 34.71269699999984,37.16662299999997,493.297 34.71272599999984,37.16658199999997,493.057 34.71274999999984,37.16653899999997,492.699 34.71278499999984,37.16650199999997,492.065 34.71283499999984,37.16647799999997,491.368 34.71287999999984,37.16644999999997,490.614 34.71293699999984,37.16644799999997,489.909 34.71299499999984,37.166448999999965,489.368 34.71307499999984,37.16644199999997,488.827 34.71314299999984,37.166445999999965,488.543 34.71322499999984,37.166454999999964,488.335 34.71328599999984,37.16644099999996,488.020 34.71333599999984,37.166406999999964,488.016 34.71338799999984,37.166369999999965,487.917 34.71344099999984,37.166338999999965,487.677 34.71350699999984,37.16630699999997,487.089 34.71356599999984,37.166270999999966,486.233 34.71363199999983,37.166259999999966,485.523 34.713647999999836,37.166307999999965,485.115 34.71362199999984,37.16635199999997,484.309 34.713560999999835,37.16637899999997,484.115 34.713512999999836,37.16642999999997,483.314 34.71346999999984,37.16646399999997,483.230 34.713431999999834,37.16652399999997,482.852 34.713383999999834,37.16656899999997,482.157 34.71333199999984,37.166588999999966,481.643 34.71327299999984,37.166617999999964,481.194 34.71323399999984,37.166651999999964,479.954 34.71320999999983,37.16669499999996,478.946 34.71324999999983,37.16673199999996,477.623 34.713290999999835,37.16677899999996,476.483 34.71332399999984,37.16683099999996,474.611 34.713377999999835,37.16684999999996,472.609 34.71340799999984,37.16688999999996,471.314 34.71346099999984,37.16687299999996,470.593 34.71351099999984,37.16689999999996,469.799 34.71357099999984,37.16692299999996,468.821 34.71361899999984,37.16694799999996,467.996 34.71366399999984,37.16697899999996,465.982 34.71373299999984,37.16698999999996,463.963 34.71378999999984,37.166985999999966,462.493 34.71385299999984,37.167005999999965,460.725 34.71391099999984,37.167019999999965,459.815 34.71397399999984,37.16704199999997,459.065 34.71402399999984,37.167067999999965,458.111 34.71408499999984,37.16709699999996,457.009 34.71412399999984,37.167135999999964,455.723 34.71417999999984,37.16714599999997,454.852 34.714229999999844,37.16711399999997,453.838 34.71418399999985,37.16706499999997,452.520 34.714133999999845,37.16702799999997,451.235 34.71412499999985,37.166976999999974,450.471 34.71413199999984,37.16692999999997,450.072 34.71413299999984,37.166875999999974,449.632 34.71414199999984,37.16681499999997,449.024 34.714128999999836,37.16675799999997,447.891 34.71415099999984,37.16671399999997,447.381 34.714185999999835,37.16667399999997,446.319 34.714235999999836,37.16665399999997,446.009 34.71429099999984,37.166638999999975,445.591 34.71435899999984,37.166624999999975,445.020 34.714438999999835,37.16659899999998,444.326 34.71451299999983,37.16657899999998,443.198 34.71456999999983,37.16657899999998,441.843 34.714638999999835,37.166584999999976,440.349 34.71468899999984,37.16660599999997,438.790 34.71473299999984,37.16665399999997,437.840 34.71480699999984,37.16668199999997,434.542 34.71486799999984,37.166717999999975,432.453 34.71494399999984,37.16673399999998,430.604 34.71500099999984,37.166754999999974,427.714 34.71506599999984,37.16675799999997,425.309 34.71510199999984,37.16671399999997,424.657 34.71516099999984,37.16670999999997,424.636 34.71519399999984,37.166660999999976,424.642 34.71522299999984,37.16661799999998,424.574 34.71526499999984,37.16658299999998,424.579 34.71530399999984,37.16654699999998,424.565 34.71534999999984,37.16650899999998,424.426 34.71540299999984,37.16647499999998,424.416 34.71542499999984,37.16642399999998,424.428 34.71548099999984,37.16640899999998,424.455 34.71554099999984,37.16638099999998,424.407 34.715589999999835,37.166342999999976,424.417 34.71562799999984,37.166303999999975,424.409 34.71563699999984,37.166255999999976,424.317 34.71565599999984,37.16621299999998,424.266 34.71564999999984,37.16616699999998,424.122 34.71569499999984,37.16613999999998,424.144 34.71574499999984,37.16611199999998,424.169 34.71579899999984,37.16612599999998,424.855 34.71585099999984,37.16610799999998,426.596 34.71591599999984,37.16610699999998,427.716 34.715952999999836,37.166142999999984,429.078 34.716008999999836,37.16615299999999,430.596 34.71608099999984,37.16616299999999,431.231 34.71613899999984,37.16616699999999,431.524 34.71618099999984,37.16619999999999,431.509 34.71622899999984,37.166234999999986,431.481 34.71626799999984,37.16627299999999,431.210 34.71632499999984,37.16630799999999,431.056 34.71636999999984,37.166336999999984,430.578 34.71643199999984,37.16634299999998,430.563 34.71648799999984,37.166355999999986,430.589 34.716548999999844,37.16635999999998,431.010 34.71659799999984,37.16638799999998,430.870 34.716638999999844,37.16642299999998,430.642 34.716657999999846,37.16646799999998,430.665 34.71671099999985,37.16648999999998,429.268 34.71676699999985,37.16651899999998,428.414 34.71681099999985,37.16655599999998,428.109 34.71684599999985,37.16659199999998,427.818 34.71690199999985,37.16659999999998,427.877 34.71690499999985,37.166550999999984,427.853 34.71696699999985,37.166547999999985,428.275 34.71702599999985,37.16656099999999,430.230 34.71708199999985,37.16655699999999,432.586 34.717127999999846,37.16652899999999,433.517 34.71718599999985,37.16652799999999,433.627 34.71725099999985,37.166532999999994,434.579 34.71731499999985,37.166529999999995,436.261 34.71737399999985,37.166537999999996,437.421 34.71742799999985,37.166554999999995,438.513 34.71748499999985,37.166537999999996,440.109 34.717530999999845,37.166501,442.038 34.71757999999984,37.166478,443.667 34.717575999999845,37.16643,445.083 34.717623999999844,37.166394,446.395 34.717662999999845,37.166354999999996,448.130 34.71770099999985,37.16632,449.816 34.71774599999985,37.166278,450.817 34.71777299999985,37.166228,452.627 34.71775299999985,37.166183999999994,455.289 34.717762999999856,37.166138999999994,457.685 34.717799999999855,37.16609199999999,459.289 34.71784699999986,37.16605599999999,460.617 34.717872999999855,37.16601399999999,462.509 34.717914999999856,37.16598299999999,464.190 34.71795299999986,37.16594299999999,465.039 34.71798699999986,37.16589999999999,466.125 34.71801599999986,37.16585299999999,467.287 34.718044999999854,37.16581299999999,468.312 34.718035999999856,37.16576299999999,469.628 34.71802599999985,37.165716999999994,470.539 34.71802899999985,37.165670999999996,471.069 34.71801499999985,37.165625999999996,471.031 34.71803699999985,37.165578999999994,471.086 34.718066999999856,37.165533999999994,471.060 34.718069999999855,37.16548699999999,470.426 34.71811599999985,37.16545099999999,468.909 34.71817299999985,37.16547899999999,467.490 34.71820799999985,37.16552599999999,466.619 34.718205999999846,37.16557499999999,465.975 34.718202999999846,37.16562199999999,465.057 34.718157999999846,37.16565299999999,465.022 34.71814899999985,37.16570299999999,465.028 34.71820499999985,37.16569299999999,464.979 34.71825299999985,37.16566299999999,464.979 34.71828599999985,37.16562299999999,464.971 34.71831599999985,37.16566199999999,464.234 34.718311999999855,37.16561199999999,462.655 34.71837799999985,37.165615999999986,461.210 34.718427999999854,37.165641999999984,460.209 34.71848499999985,37.165632999999985,459.525 34.718542999999855,37.16564599999999,457.984 34.71860099999986,37.16564099999999,455.640 34.71858899999986,37.165686999999984,452.872 34.71857399999986,37.16573899999998,450.037 34.71857199999986,37.16578799999998,448.353 34.71854599999986,37.165827999999976,447.474 34.71848999999986,37.16585499999998,446.484 34.71844799999986,37.16588899999998,445.736 34.71844199999986,37.165934999999976,445.737 34.71841799999986,37.16597599999998,445.649 34.71839999999986,37.16602099999998,445.513 34.71835499999986,37.16605999999998,445.509 34.71831199999986,37.16608999999998,445.435 34.71827499999986,37.166128999999984,445.454 34.718251999999865,37.166170999999984,445.260 34.71821699999987,37.16620799999998,445.082 34.71816899999987,37.16623699999998,444.937 34.718110999999865,37.16627099999998,444.313 34.71807899999987,37.16630999999998,443.494 34.71806199999987,37.166356999999984,442.924 34.71805499999987,37.16640499999998,442.266 34.71811099999987,37.166401999999984,440.977 34.71814999999987,37.166367999999984,439.561 34.71818199999987,37.166325999999984,437.927 34.71823499999987,37.166302999999985,436.209 34.71829499999987,37.16631499999998,435.389 34.71835599999987,37.166308999999984,434.518 34.71840099999987,37.166339999999984,432.614 34.718436999999874,37.16637999999998,430.476 34.71848299999987,37.16635199999998,429.281 34.718520999999875,37.16631399999998,428.827 34.718576999999875,37.16628599999998,428.148 34.71862699999988,37.16625799999998,426.158 34.718680999999876,37.166224999999976,423.410 34.71874099999987,37.16619599999998,421.765 34.718793999999875,37.16616199999998,421.068 34.718796999999874,37.16611399999998,420.214 34.71885399999987,37.16615099999998,419.309 34.718917999999874,37.16614399999998,418.978 34.71897899999988,37.16611999999998,417.877 34.719043999999876,37.16611499999998,417.383 34.719100999999874,37.166115999999974,417.385 34.71916699999987,37.16611499999998,417.110 34.71922999999987,37.16611199999998,417.316 34.71927999999987,37.16613699999998,417.437 34.71934899999987,37.166145999999976,417.437 34.719404999999874,37.16615399999998,417.339 34.719480999999874,37.166148999999976,417.299 34.71954599999987,37.16613899999997,417.107 34.71960599999987,37.166120999999976,417.027 34.71965999999987,37.16609099999997,416.909 34.71972499999987,37.16607999999997,416.641 34.71978299999987,37.166070999999974,416.540 34.719851999999875,37.166039999999974,416.386 34.719902999999874,37.166016999999975,416.138 34.719933999999874,37.16597399999998,415.613 34.71997999999987,37.16594299999998,414.959 34.72002199999987,37.16591199999998,414.510 34.720059999999876,37.16587799999998,414.570 34.720090999999876,37.16582899999998,414.562 34.72011499999988,37.16578199999998,414.665 34.72016099999988,37.16574799999998,414.668 34.72018899999988,37.16569999999998,414.614 34.72022999999988,37.16566299999998,414.609 34.72023299999988,37.16560999999998,414.648 34.72022699999988,37.16556399999998,414.667 34.72023399999988,37.16551599999998,414.593 34.720251999999874,37.16546299999998,414.515 34.72027199999987,37.16541999999998,414.580 34.72028399999987,37.16536499999998,414.556 34.72031299999987,37.16532299999998,414.547 34.72034499999987,37.16527299999998,414.587 34.72035299999987,37.16519899999998,414.579 34.720350999999866,37.16514499999998,414.585 34.720359999999864,37.16509499999998,414.589 34.72036999999987,37.16502999999998,414.517 34.72038699999987,37.16498399999998,414.509 34.72040899999987,37.16493999999998,414.420 34.72042199999987,37.16489299999998,414.339 34.72045299999987,37.164834999999975,414.275 34.72047499999987,37.164766999999976,414.297 34.72049599999987,37.16472099999998,414.222 34.72055999999987,37.16468499999998,414.288 34.72057899999987,37.16462499999998,414.249 34.72057099999987,37.16457299999998,414.199 34.72058499999987,37.164512999999985,414.061 34.720617999999874,37.16444999999999,414.094 34.72069199999987,37.164425999999985,414.057 34.72073999999987,37.16437999999999,414.222 34.720777999999875,37.164340999999986,414.209 34.72080499999988,37.164293999999984,414.441 34.72085799999988,37.164250999999986,414.420 34.72089199999988,37.16419299999998,414.416 34.72093899999988,37.164138999999984,414.218 34.72098999999988,37.16410999999999,414.013 34.72105199999988,37.164062999999985,413.869 34.72109399999988,37.164006999999984,413.830 34.72112799999988,37.16394599999998,413.810 34.72116199999988,37.16388799999998,413.812 34.72119299999988,37.16384899999998,413.761 34.72121299999988,37.16379599999998,413.721 34.72120699999988,37.163734999999974,413.713 34.721165999999876,37.16370299999998,413.709 34.72114299999988,37.16365999999998,413.918 34.721129999999874,37.16360899999998,414.477 34.721148999999876,37.16355999999998,414.893 34.72120199999988,37.16352999999998,414.845 34.72126599999988,37.16352199999998,414.860 34.72129899999988,37.16347199999998,414.526 34.72132199999988,37.16341799999998,414.257 34.72136899999988,37.16337799999998,414.167 34.72139399999988,37.16332299999998,414.089 34.72139099999988,37.16327399999998,413.682 34.72139399999988,37.16321399999998,413.443 34.721401999999884,37.16316099999998,413.417 34.721403999999886,37.16310699999998,413.209 34.721409999999885,37.163054999999986,413.240 34.721412999999885,37.163007999999984,413.359 34.721417999999886,37.162947999999986,413.475 34.72142599999989,37.16288999999998,413.437 34.721437999999885,37.16283199999998,413.542 34.721454999999885,37.16277499999998,413.748 34.72145899999988,37.162717999999984,413.799 34.72146299999988,37.16265999999998,413.779 34.72145099999988,37.16260399999998,413.631 34.721460999999884,37.16255799999998,413.591 34.72147299999988,37.16249899999998,413.381 34.721488999999885,37.162452999999985,413.219 34.721510999999886,37.16240999999999,413.009 34.72154899999989,37.16236399999999,412.951 34.72159499999989,37.16230699999999,412.950 34.721629999999884,37.16226899999999,412.936 34.72167399999989,37.162235999999986,413.128 34.721724999999886,37.16218999999999,413.273 34.721780999999886,37.16213599999999,413.219 34.72183899999989,37.16210299999999,413.230 34.72188599999989,37.16205499999999,413.260 34.72193199999989,37.16201499999999,413.292 34.72197299999989,37.16197099999999,413.326 34.72200699999989,37.16192599999999,413.347 34.722036999999894,37.161878999999985,413.311 34.7220779999999,37.16183599999999,413.209 34.7221139999999,37.161793999999986,413.024 34.7221649999999,37.16175399999999,413.073 34.7222069999999,37.16171999999999,413.029 34.7222449999999,37.16167999999999,413.071 34.7223039999999,37.16165199999999,413.046 34.7223439999999,37.16161499999999,413.042 34.7223759999999,37.16156899999999,413.063 34.7224129999999,37.16152499999999,412.933 34.7224349999999,37.16147699999999,412.745 34.722483999999895,37.16142399999999,412.651 34.72252399999989,37.16138999999999,412.601 34.72256699999989,37.16135799999999,412.611 34.722610999999894,37.161314999999995,412.609 34.7226659999999,37.161289,412.497 34.722722999999895,37.161272,412.256 34.7227389999999,37.161218,412.172 34.7227579999999,37.161175,412.014 34.7227869999999,37.161126,412.079 34.7228199999999,37.161082,412.035 34.7228459999999,37.161033,412.056 34.722877999999895,37.160996000000004,412.066 34.722916999999896,37.160956000000006,412.058 34.7229889999999,37.16094100000001,412.079 34.723034999999896,37.16091500000001,412.005 34.7230799999999,37.16087300000001,412.025 34.72312899999989,37.16083700000001,412.009 34.72319699999989,37.16082500000001,412.119 34.72326299999989,37.16080500000001,412.168 34.72331999999989,37.16079900000001,412.194 34.72338999999989,37.16078000000001,412.046 34.72346299999989,37.16076600000001,412.051 34.72351899999989,37.16076000000001,412.077 34.72357499999989,37.16074700000001,412.078 34.72363399999989,37.16074700000001,411.918 34.72370599999989,37.16074700000001,411.870 34.72377999999989,37.16074000000001,411.722 34.723854999999894,37.16075100000001,411.762 34.7239129999999,37.16074500000001,411.708 34.7239829999999,37.160738000000016,411.709 34.7240479999999,37.16074900000002,411.714 34.724110999999894,37.160764000000015,411.453 34.724171999999896,37.16076600000002,411.479 34.724233999999896,37.16077300000001,411.431 34.724293999999894,37.16079000000001,411.396 34.724357999999896,37.160798000000014,411.312 34.7244249999999,37.160800000000016,411.263 34.724484999999895,37.160783000000016,411.123 34.724526999999895,37.16081300000002,411.075 34.7245819999999,37.16079600000002,411.045 34.724644999999896,37.16081100000002,411.047 34.7247059999999,37.160809000000015,411.011 34.7247669999999,37.16081100000002,410.909 34.7248329999999,37.16080800000002,410.926 34.724898999999894,37.160803000000016,410.945 34.724960999999894,37.16077700000002,410.881 34.72499599999989,37.160739000000014,410.753 34.72504199999989,37.160708000000014,410.698 34.72509899999989,37.16070400000002,410.514 34.725152999999885,37.16067000000002,410.415 34.725214999999885,37.16064100000002,410.415 34.72524799999989,37.160603000000016,410.417 34.72528099999989,37.160561000000015,410.447 34.72531899999989,37.16052800000001,410.429 34.725356999999896,37.16049000000001,410.421 34.72540899999989,37.16045300000001,410.409 34.72545499999989,37.16042200000001,410.426 34.72549399999989,37.16037500000001,410.465 34.725503999999894,37.16032500000001,410.491 34.72552499999989,37.16027400000001,410.393 34.72554599999989,37.16022100000001,410.228 34.72553399999989,37.16017000000001,410.274 34.72552299999989,37.16012400000001,410.175 34.72551499999989,37.16006900000001,409.935 34.72551699999989,37.160008000000005,409.877 34.72551699999989,37.159961,409.871 34.72550799999989,37.159914,409.841 34.72551099999989,37.159867,409.815 34.72551099999989,37.159805,409.809 34.72551499999989,37.159755,409.959 34.72553799999989,37.159712,410.038 34.72555099999989,37.159667,410.194 34.72557799999989,37.159625999999996,410.116 34.725607999999895,37.159586,410.141 34.725632999999895,37.159544999999994,410.117 34.7256629999999,37.159504999999996,410.118 34.7257079999999,37.15947499999999,410.148 34.725747999999896,37.159431999999995,410.050 34.7257979999999,37.159395999999994,409.976 34.7258419999999,37.159358999999995,409.990 34.7258849999999,37.159316999999994,409.919 34.725944999999896,37.159288,409.909 34.72599699999989,37.159268999999995,409.929 34.726054999999896,37.15924999999999,409.978 34.7261129999999,37.15923699999999,409.994 34.7261709999999,37.15921699999999,409.986 34.726228999999904,37.15920599999999,409.991 34.7263029999999,37.15919999999999,409.887 34.726371999999905,37.15919399999999,409.588 34.726427999999906,37.159184999999994,409.548 34.726487999999904,37.159178999999995,409.510 34.72654599999991,37.159172,409.618 34.72660499999991,37.159146,409.798 34.72663499999991,37.159101,409.717 34.72668599999991,37.159076,409.709 34.72675399999991,37.159075,409.493 34.726810999999906,37.159047,409.132 34.726867999999904,37.159017,409.068 34.7269169999999,37.158972999999996,408.920 34.7269649999999,37.158933999999995,408.715 34.7269979999999,37.158896999999996,408.771 34.727052999999906,37.15887299999999,408.762 34.72709999999991,37.158846999999994,408.722 34.72714399999991,37.15880899999999,408.754 34.72714299999991,37.15874999999999,408.764 34.72713799999991,37.15869399999999,408.806 34.72710899999991,37.15864099999999,409.116 34.727082999999915,37.15858999999999,409.109 34.72706399999991,37.15853099999999,409.158 34.72703699999991,37.15845599999999,408.937 34.72699699999991,37.158399999999986,408.683 34.72697299999991,37.15834499999998,408.555 34.72698999999991,37.15828699999998,408.590 34.72699799999991,37.15822199999998,408.556 34.72703199999991,37.15818199999998,408.537 34.72706199999991,37.15813999999998,408.537 34.72707299999991,37.158090999999985,408.599 34.72712399999991,37.15804499999999,408.549 34.72714999999991,37.15799999999999,408.502 34.72711799999991,37.157949999999985,408.522 34.72706999999991,37.157915999999986,408.509 34.72705599999991,37.157868999999984,408.596 34.72703099999991,37.157811999999986,408.445 34.727043999999914,37.157744999999984,408.421 34.72700799999991,37.15770399999998,408.393 34.726992999999915,37.15765699999998,408.238 34.72698799999991,37.15758399999998,408.214 34.72697499999991,37.15752099999998,408.255 34.72697999999991,37.157471999999984,408.295 34.726992999999915,37.15740899999999,408.297 34.72700599999992,37.15736099999999,408.292 34.72703899999992,37.157293999999986,408.273 34.72707199999992,37.157232999999984,408.220 34.72708299999992,37.157167999999984,408.209 34.72710799999992,37.157124999999986,408.251 34.727101999999924,37.157077999999984,408.260 34.727086999999926,37.15703399999998,408.496 34.727092999999925,37.15698399999998,408.558 34.72710099999993,37.15693299999998,408.633 34.727132999999924,37.15688299999998,408.639 34.72713599999992,37.15681999999998,408.620 34.727109999999925,37.15676599999998,408.080 34.72708099999993,37.156725999999985,407.852 34.72707799999993,37.156672999999984,407.856 34.72709199999993,37.15662299999998,407.859 34.72709699999993,37.156573999999985,407.714 34.72708999999993,37.156522999999986,407.709 34.72707099999993,37.15647699999999,407.447 34.72702399999993,37.15644899999999,407.546 34.72698399999993,37.156404999999985,407.512 34.72697499999993,37.15635599999999,407.434 34.726976999999934,37.15630699999999,407.449 34.726953999999935,37.15626199999999,407.625 34.72694499999994,37.15621699999999,407.896 34.72692099999993,37.15617499999999,407.926 34.72691599999993,37.15612799999999,408.088 34.72696799999993,37.15610699999999,408.139 34.726940999999925,37.15614699999999,408.201 34.726898999999925,37.15617799999999,408.321 34.72686699999993,37.15612699999999,408.409 34.72684599999993,37.15608299999999,408.855 34.72682299999993,37.15603199999999,409.374 34.72680999999993,37.15597799999999,409.450 34.72678899999993,37.15592099999999,409.862 34.726773999999935,37.15586299999999,410.257 34.72675899999994,37.15580499999999,410.683 34.72674499999994,37.15574799999999,411.084 34.726736999999936,37.15569399999999,411.344 34.72675299999994,37.15563099999999,411.946 34.72677599999994,37.15556099999999,412.628 34.72680299999994,37.155497999999994,413.389 34.72681699999994,37.155435999999995,413.717 34.72683199999994,37.15536699999999,413.809 34.726840999999936,37.15529599999999,413.584 34.726855999999934,37.15522599999999,413.233 34.726871999999936,37.155151999999994,413.039 34.726874999999936,37.15508499999999,412.851 34.72688799999994,37.15501199999999,412.816 34.72690099999994,37.154931999999995,412.862 34.72691199999994,37.154847,412.913 34.72691899999994,37.154774999999994,412.913 34.72693099999994,37.154723,412.925 34.726948999999934,37.154649,412.887 34.726973999999935,37.154562,412.742 34.72698899999993,37.154517999999996,412.726 34.72701999999993,37.154433,412.409 34.727049999999934,37.154346,412.260 34.72707899999993,37.154259999999994,412.039 34.72710499999993,37.15418999999999,411.945 34.72711999999993,37.154143999999995,411.867 34.72713599999993,37.15409399999999,411.832 34.72716899999993,37.154031999999994,411.888 34.72721199999993,37.153966,411.899 34.72725399999993,37.153906,411.979 34.72729699999993,37.153838,412.071 34.727345999999926,37.153764,412.118 34.727385999999925,37.153707000000004,412.298 34.72742099999992,37.15365800000001,412.217 34.727444999999925,37.153611000000005,412.209 34.727452999999926,37.153563000000005,412.243 34.72745999999992,37.153507000000005,411.482 34.72747099999992,37.153457,410.948 34.72752999999992,37.153434000000004,410.050 34.72758499999993,37.15344700000001,409.525 34.72765999999993,37.15345700000001,409.491 34.727722999999926,37.15345700000001,409.462 34.72778199999993,37.15343700000001,409.482 34.72785099999993,37.15339900000001,409.574 34.72788999999993,37.15335000000001,409.819 34.72791099999993,37.153298000000014,410.109 34.727922999999926,37.153247000000015,410.319 34.72792199999993,37.15319200000001,410.709 34.72793199999993,37.15312800000001,411.333 34.72795699999993,37.15305800000001,412.062 34.72797699999993,37.15299100000001,412.868 34.72799399999993,37.152922000000004,413.840 34.727964999999934,37.152857000000004,414.575 34.727907999999935,37.15281,415.171 34.72783299999993,37.152783,415.322 34.72775199999993,37.152758999999996,416.292 34.72767799999993,37.152719999999995,417.654 34.727657999999934,37.152665999999996,418.112 34.72770099999993,37.152606,419.032 34.72779699999993,37.152581,420.005 34.72787899999993,37.152594,420.209 34.72797799999993,37.152609,420.263 34.72809299999993,37.152619,420.172 34.72815899999993,37.152616,420.058 34.72822299999993,37.152609000000005,419.990 34.72828699999993,37.152603000000006,419.885 34.72834599999993,37.152598000000005,419.571 34.72843899999993,37.152588,419.042 34.72853299999993,37.152564,418.542 34.72861999999993,37.152532,417.234 34.728699999999925,37.152495,416.934 34.728761999999925,37.152447,416.955 34.728817999999926,37.152392,417.110 34.72883899999992,37.152345,417.309 34.728868999999925,37.152300999999994,417.955 34.72890399999992,37.152260999999996,418.824 34.72894399999992,37.152193999999994,419.770 34.72900499999992,37.15212499999999,419.752 34.72906399999992,37.15205799999999,419.917 34.729127999999925,37.15198299999999,420.143 34.72915799999993,37.15194299999999,420.394 34.72918599999993,37.151901999999986,420.494 34.72921299999993,37.15185499999998,420.436 34.72922999999993,37.15180499999998,420.535 34.72924599999993,37.15171599999998,420.686 34.729267999999934,37.15166599999998,420.614 34.72928799999993,37.151621999999975,420.609 34.729317999999935,37.151556999999976,420.615 34.729343999999934,37.151480999999976,420.584 34.72936999999993,37.15139799999998,420.310 34.72937899999993,37.15134899999998,420.132 34.72937999999993,37.151302999999984,420.057 34.72940299999993,37.151220999999985,419.833 34.729420999999924,37.151139999999984,419.884 34.72944099999992,37.151068999999985,419.154 34.72946199999992,37.15100299999999,418.696 34.72948199999992,37.150941999999986,418.225 34.72953199999992,37.15087999999999,417.726 34.72956499999992,37.150818999999984,417.208 34.72962199999992,37.150753999999985,416.709 34.72969299999992,37.15069299999998,416.374 34.72973599999992,37.150649999999985,415.923 34.729758999999916,37.15060599999998,415.689 34.729772999999916,37.150556999999985,415.281 34.72978899999992,37.15050999999998,415.276 34.72981299999992,37.15042599999998,415.232 34.72986399999992,37.15035599999998,415.273 34.72990599999992,37.15027799999998,415.413 34.729952999999924,37.15020199999998,415.845 34.730019999999925,37.15012399999998,416.416 34.730064999999925,37.15007899999998,417.076 34.73011199999993,37.150022999999976,417.413 34.73015699999993,37.14997099999998,417.709 34.73019899999993,37.14991799999998,417.843 34.73024099999993,37.14986799999998,418.062 34.730275999999925,37.14982299999998,418.068 34.73031399999993,37.149777999999976,418.110 34.73035499999993,37.149730999999974,418.275 34.73039499999993,37.149690999999976,418.351 34.73043099999993,37.149648999999975,418.372 34.730457999999935,37.14960799999997,418.322 34.73047299999993,37.14956299999997,418.484 34.73048799999993,37.149474999999974,418.547 34.73045599999993,37.14939099999997,418.529 34.730432999999934,37.14934999999997,418.821 34.73040099999994,37.149311999999966,419.109 34.73035999999993,37.14923199999997,419.696 34.73035999999993,37.14918599999997,420.285 34.73036999999994,37.14913799999997,420.971 34.73040099999994,37.14909599999997,421.653 34.73044599999994,37.14905999999997,422.458 34.730491999999934,37.14902599999997,422.844 34.73059099999993,37.14898599999997,423.295 34.73070199999993,37.14897599999997,424.215 34.73076899999993,37.14898099999997,424.597 34.73086699999993,37.14898099999997,424.528 34.73095999999993,37.14900699999997,424.289 34.73104999999993,37.148996999999966,423.317 34.73112999999993,37.148954999999965,421.909 34.73120599999993,37.14888599999996,420.564 34.73124699999993,37.14885499999996,419.593 34.731324999999934,37.148794999999964,419.169 34.73139399999994,37.14872899999997,419.041 34.731447999999936,37.148659999999964,419.046 34.731481999999936,37.148591999999965,419.282 34.731526999999936,37.14853099999996,419.643 34.73160999999993,37.148465999999964,420.233 34.73167199999993,37.148433999999966,421.025 34.73172799999993,37.148402999999966,421.637 34.73177999999993,37.14836799999997,421.749 34.73182399999993,37.14833099999997,421.913 34.73186299999993,37.14828999999997,422.009 34.731892999999936,37.148251999999964,422.015 34.73194799999994,37.148183999999965,422.094 34.732010999999936,37.148124999999965,422.160 34.732092999999935,37.14807899999997,423.252 34.732177999999934,37.14802999999997,424.487 34.732272999999935,37.14798399999997,425.743 34.73236699999993,37.147937999999975,427.114 34.73241499999993,37.147912999999974,428.554 34.73246799999993,37.14789099999997,429.216 34.732523999999934,37.147867999999974,429.825 34.73258099999993,37.14784699999998,430.426 34.73263499999993,37.14782899999998,430.408 34.73273599999993,37.14780099999998,431.009 34.73283299999993,37.14777699999998,431.634 34.73291899999993,37.14776999999998,433.593 34.73300699999993,37.14774099999998,434.969 34.733089999999926,37.14768599999998,436.381 34.733135999999924,37.14765799999998,437.556 34.73318399999992,37.14762999999998,438.092 34.73326599999992,37.14757599999998,438.493 34.73332199999992,37.14752399999998,438.723 34.73336399999992,37.147455999999984,439.355 34.73337899999992,37.14737799999998,440.079 34.73338599999992,37.147300999999985,440.905 34.73340799999992,37.14721999999998,441.825 34.73342999999992,37.14717599999998,442.709 34.73344999999992,37.14712799999998,443.149 34.73346999999992,37.147078999999984,443.548 34.73349299999992,37.147033999999984,443.954 34.73352699999992,37.14699199999998,444.016 34.73357099999992,37.14695299999998,444.021 34.73362499999992,37.14691999999998,444.087 34.73368299999992,37.14689599999998,444.078 34.73373599999992,37.146870999999976,443.858 34.73378699999992,37.146842999999976,443.590 34.73386899999992,37.146792999999974,443.383 34.73393899999992,37.146746999999976,443.325 34.73400099999992,37.146701999999976,443.717 34.73405399999992,37.146659999999976,444.609 34.73408599999992,37.14662299999998,445.160 34.73411799999992,37.14657699999998,446.339 34.73413699999992,37.14651899999998,447.385 34.73413499999992,37.146448999999976,447.867 34.734112999999915,37.146370999999974,448.812 34.73408899999991,37.14629099999998,450.318 34.73407199999991,37.14621699999998,451.219 34.73407599999991,37.14616299999998,452.029 34.73409499999991,37.14610999999998,452.491 34.73412399999991,37.14606699999998,453.328 34.734220999999906,37.14598099999998,454.389 34.73426199999991,37.14591499999998,455.117 34.73430199999991,37.145848999999984,455.909 34.73434299999991,37.145783999999985,457.094 34.73438199999991,37.14572099999999,457.943 34.73441899999991,37.14566199999999,458.729 34.73445499999991,37.14560199999999,459.321 34.73449799999991,37.14553899999999,459.876 34.73453799999991,37.14548299999999,460.162 34.734569999999906,37.14544399999999,460.483 34.73456399999991,37.14539699999999,460.973 34.734592999999904,37.14533499999999,461.475 34.734628999999906,37.14529899999999,462.014 34.73467899999991,37.14524999999999,462.254 34.734746999999906,37.14520799999999,462.609 34.7347959999999,37.14517799999999,462.909 34.7348589999999,37.145130999999985,463.263 34.7349179999999,37.14509599999999,463.652 34.7349569999999,37.14505699999999,464.528 34.735014999999905,37.145018999999984,465.360 34.735056999999905,37.144981999999985,465.935 34.7351309999999,37.14490999999998,466.331 34.7351649999999,37.14487399999998,466.742 34.7352299999999,37.14480999999998,467.322 34.7353029999999,37.14475399999998,467.874 34.735369999999904,37.144703999999976,468.422 34.7354209999999,37.144639999999974,469.062 34.7354669999999,37.144565999999976,469.808 34.7354969999999,37.144487999999974,470.809 34.7355109999999,37.14440699999997,472.034 34.7355179999999,37.14431999999997,473.013 34.7355179999999,37.14427199999997,474.099 34.7355259999999,37.14417999999997,474.941 34.7355309999999,37.14412899999997,475.796 34.7355389999999,37.144076999999974,476.262 34.7355509999999,37.144019999999976,476.733 34.7355619999999,37.14396799999998,477.143 34.7355819999999,37.14392499999998,477.345 34.7356169999999,37.14384299999998,477.969 34.7356509999999,37.143765999999985,478.304 34.7356899999999,37.14368299999999,479.824 34.7357169999999,37.14360999999999,480.709 34.7357569999999,37.14353599999999,481.718 34.7357979999999,37.14347299999999,483.047 34.735847999999905,37.14340899999999,484.253 34.735889999999905,37.14333099999999,485.355 34.735931999999906,37.14325499999999,486.460 34.735962999999906,37.14317499999999,487.426 34.7359949999999,37.14309599999999,488.437 34.7360439999999,37.14302599999999,489.267 34.7360939999999,37.142976999999995,490.049 34.7361589999999,37.14293599999999,491.119 34.7362059999999,37.14287699999999,492.509 34.7362369999999,37.142796999999995,494.019 34.73626099999991,37.14271099999999,495.109 34.736283999999905,37.14263299999999,496.073 34.73631399999991,37.14255899999999,496.782 34.73634499999991,37.14247999999999,497.528 34.736415999999906,37.14241499999999,498.640 34.73646899999991,37.14239899999999,499.825 34.736525999999905,37.14239699999999,500.431 34.73658699999991,37.14240899999999,500.942 34.73664299999991,37.14242999999998,501.442 34.73670799999991,37.142442999999986,501.664 34.73677999999991,37.14244999999998,502.016 34.73682999999991,37.142234999999985,503.376 34.736887999999915,37.14223299999998,503.513 34.73694899999992,37.14223599999998,503.809 34.73705299999992,37.142223999999985,504.283 34.737109999999916,37.142226999999984,504.682 34.73717699999992,37.142223999999985,505.428 34.73726699999992,37.14224699999998,505.620 34.73733199999992,37.142288999999984,505.665 34.73739599999992,37.14238799999998,505.781 34.737444999999916,37.142462999999985,505.582 34.737498999999914,37.14254299999998,504.972 34.73755299999991,37.142623999999984,504.644 34.73759899999991,37.14270399999998,504.352 34.737639999999914,37.142772999999984,503.953 34.737639999999914,37.14286099999998,503.008 34.737619999999914,37.142941999999984,501.909 34.737588999999915,37.14299899999998,500.777 34.737571999999915,37.14308699999998,499.466 34.73755399999992,37.14317599999998,497.572 34.73754499999992,37.14322199999998,495.384 34.73750999999992,37.14326399999998,494.079 34.73751399999992,37.14331499999998,493.615 34.73752199999992,37.14336799999998,493.086 34.73753799999992,37.14341899999998,492.846 34.73755599999992,37.14346799999998,492.478 34.737576999999916,37.14352099999998,492.054 34.73759799999991,37.14357599999998,491.656 34.73761899999991,37.14363299999998,491.411 34.73764199999991,37.14369099999998,490.909 34.73766699999991,37.143745999999986,490.317 34.73769599999991,37.143799999999985,489.776 34.73772599999991,37.14385799999999,489.072 34.73775799999991,37.143914999999986,488.384 34.73778899999991,37.14396999999999,487.699 34.73781999999991,37.14401999999999,486.945 34.737848999999905,37.14406899999999,486.146 34.737876999999905,37.144111999999986,485.346 34.7379059999999,37.14416099999998,484.488 34.737929999999906,37.144207999999985,483.915 34.737958999999904,37.14425399999998,483.065 34.7379879999999,37.14429999999998,482.111 34.7380169999999,37.14434599999998,481.209 34.7380429999999,37.14439099999998,480.493 34.7380659999999,37.14443599999998,480.052 34.738086999999894,37.14448099999998,479.638 34.73810799999989,37.14453099999998,478.810 34.73812399999989,37.14458399999998,478.085 34.738139999999895,37.14463399999998,477.261 34.73815799999989,37.144683999999984,476.592 34.73817299999989,37.14473499999998,475.872 34.73818799999989,37.144784999999985,475.244 34.73820399999989,37.144834999999986,474.643 34.73821599999989,37.144888999999985,474.164 34.738224999999886,37.14494099999998,473.610 34.73823199999988,37.14498999999998,473.109 34.73823799999988,37.14503799999998,472.696 34.73826699999988,37.14508799999998,472.235 34.73826599999988,37.14513699999998,471.871 34.738244999999885,37.145235999999976,471.623 34.73824699999989,37.14528499999997,471.298 34.738247999999885,37.145337999999974,470.434 34.73824899999988,37.14539199999997,470.085 34.73824699999988,37.14544799999997,469.625 34.73824299999988,37.14549399999997,469.457 34.738238999999886,37.14554799999997,468.929 34.73823499999989,37.14559699999997,468.400 34.73825399999989,37.145645999999964,467.920 34.73823499999989,37.145692999999966,467.409 34.73823699999989,37.14574299999997,466.964 34.73824099999989,37.145796999999966,466.423 34.738241999999886,37.14585199999997,466.069 34.738239999999884,37.14590499999997,465.671 34.73823499999988,37.14595699999997,465.256 34.73822399999988,37.146008999999964,465.022 34.73824399999988,37.146061999999965,464.863 34.73824399999988,37.146115999999964,464.473 34.73824399999988,37.14617399999997,463.815 34.73824399999988,37.14622899999997,463.496 34.73824399999988,37.14627799999997,462.931 34.73824399999988,37.146326999999964,462.624 34.73832599999988,37.14639499999996,461.709 34.73841199999988,37.14645999999996,460.391 34.738466999999886,37.146497999999966,458.890 34.73852499999989,37.14652799999997,457.796 34.73859599999989,37.146548999999965,457.328 34.738669999999885,37.14656799999997,456.623 34.738745999999885,37.146582999999964,455.989 34.73882299999988,37.146598999999966,455.960 34.738897999999885,37.146610999999965,455.370 34.73897499999988,37.14661999999996,454.832 34.739052999999885,37.146624999999965,454.348 34.739134999999884,37.146629999999966,453.861 34.739218999999885,37.146627999999964,453.317 34.73930199999988,37.146616999999964,452.809 34.73938299999988,37.146601999999966,452.376 34.739466999999884,37.14657799999996,451.485 34.73954999999988,37.14654799999996,450.861 34.73963299999988,37.14651499999996,450.193 34.73971099999988,37.14647899999996,449.328 34.73978099999988,37.146439999999956,448.554 34.73984899999988,37.14640999999995,447.665 34.739911999999876,37.14638299999995,447.155 34.739970999999876,37.14635499999995,446.117 34.74002299999987,37.14632199999995,446.129 34.74005999999987,37.146283999999945,445.100 34.740086999999875,37.14624299999994,444.620 34.74010599999988,37.146196999999944,443.709 34.740106999999874,37.14614699999994,442.954 34.740100999999875,37.146097999999945,442.243 34.74008899999988,37.146047999999944,441.619 34.740027999999874,37.14600999999994,441.061 34.73999599999988,37.14595399999994,440.266 34.73996099999988,37.14589499999994,439.782 34.73992499999988,37.14583299999994,439.273 34.73988999999988,37.14577299999994,438.783 34.739868999999885,37.145712999999944,438.215 34.73982599999989,37.145666999999946,437.763 34.739795999999885,37.14561899999995,437.144 34.739778999999885,37.145565999999945,437.118 34.73977999999988,37.145509999999945,436.509 34.73979999999988,37.14545199999994,435.878 34.73984599999988,37.14539799999994,435.177 34.73990999999988,37.145360999999944,434.473 34.73998099999988,37.14533599999994,433.885 34.74005899999988,37.145318999999944,433.290 34.74013499999988,37.14531099999994,432.696 34.74021099999988,37.145304999999944,432.027 34.74029199999988,37.14530299999994,431.477 34.74037499999988,37.14529999999994,430.839 34.74045899999988,37.145292999999945,430.225 34.74054699999988,37.14529099999994,429.726 34.74063599999988,37.14528599999994,429.008 34.74072099999988,37.14527599999994,428.509 34.740803999999876,37.145262999999936,428.264 34.74088699999987,37.145246999999934,427.963 34.74097199999987,37.145223999999935,427.379 34.741057999999875,37.145200999999936,426.651 34.74113799999987,37.14517799999994,425.916 34.741212999999874,37.14515499999994,425.142 34.74128399999987,37.14513199999994,424.763 34.74135499999987,37.14511599999994,423.923 34.74141899999987,37.14510799999994,423.115 34.74147799999987,37.14510499999994,422.444 34.74153499999987,37.14510999999994,422.105 34.74159099999987,37.14512699999994,421.515 34.74163999999987,37.145155999999936,421.009 34.74168399999987,37.14519199999994,420.636 34.74171799999987,37.145234999999936,420.215 34.74176999999987,37.145268999999935,419.821 34.741781999999866,37.14533199999993,419.493 34.74180399999987,37.14538599999993,419.288 34.74182099999987,37.14544599999993,418.844 34.74185199999987,37.14550799999993,418.485 34.74183099999987,37.14557999999993,418.085 34.74182299999987,37.14565399999993,417.447 34.741812999999865,37.14572699999993,417.096 34.74183199999987,37.14579599999993,416.531 34.74183099999987,37.14586099999993,415.924 34.74182999999987,37.14592599999993,415.209 34.74182799999987,37.145989999999934,414.891 34.74184799999987,37.146045999999934,414.050 34.74186099999987,37.146107999999934,413.336 34.74187499999987,37.146174999999936,412.658 34.74188699999987,37.14623499999993,411.933 34.74189899999987,37.146292999999936,411.289 34.741916999999866,37.14634599999994,410.570 34.74193899999987,37.146399999999936,410.590 34.74196099999987,37.14645499999994,409.892 34.74198399999987,37.14651199999994,409.123 34.742006999999866,37.14656799999994,408.483 34.742029999999865,37.146624999999936,407.711 34.742051999999866,37.146678999999935,407.009 34.74207299999986,37.14673099999993,406.374 34.74209299999986,37.14677999999993,405.733 34.74210999999986,37.14682299999993,405.539 34.74214399999986,37.14690599999992,404.961 34.74216099999986,37.14694899999992,404.736 34.74217899999986,37.14699399999992,404.622 34.74219799999986,37.14703999999992,404.633 34.74221699999986,37.14708799999992,404.673 34.74223599999986,37.14713499999992,404.675 34.74225599999986,37.14718299999992,404.689 34.74227599999986,37.14723199999992,404.606 34.742294999999864,37.147277999999915,404.626 34.74232399999986,37.14734999999992,404.609 34.74234299999986,37.14739699999992,404.630 34.74236599999986,37.14743899999992,404.539 34.742395999999864,37.14748299999992,404.445 34.742386999999866,37.14754299999992,403.977 34.74237999999987,37.14759899999992,403.952 34.74233399999987,37.147642999999924,403.958 34.74226499999987,37.14765299999993,403.949 34.74221099999987,37.147678999999926,404.059 34.74214899999987,37.14772299999993,404.481 34.742079999999866,37.14776499999993,404.862 34.742003999999866,37.14780799999993,405.983 34.74192099999987,37.14785299999993,407.811 34.74187699999987,37.14788399999993,409.209 34.74180099999987,37.14794499999993,410.318 34.74176399999987,37.14802099999993,411.527 34.74180099999987,37.148100999999926,413.113 34.74185199999987,37.148126999999924,414.385 34.74190699999987,37.14815099999993,414.730 34.74195799999987,37.14817599999993,415.586 34.74199999999987,37.148210999999925,416.397 34.74203599999987,37.14824699999993,416.717 34.742062999999874,37.148286999999925,417.539 34.74208699999988,37.14832999999992,418.387 34.742107999999874,37.148371999999924,419.042 34.742129999999875,37.14841499999992,419.726 34.742157999999876,37.148492999999924,420.409 34.742197999999874,37.14856499999993,421.360 34.74224699999987,37.14862099999993,422.559 34.74231699999987,37.14868299999993,423.295 34.742357999999875,37.148719999999926,423.727 34.74239399999988,37.148759999999925,423.982 34.742416999999875,37.148804999999925,424.368 34.74243499999987,37.14884799999992,424.719 34.742456999999874,37.148916999999926,424.999 34.742467999999874,37.148961999999926,425.321                             
                        </coordinates>
                    </LineString>
                </Placemark>
                                        
        </Folder>
                
        <LookAt>
            <longitude>34.726044</longitude>            
            <latitude>37.1549435</latitude>             
            <altitude>0</altitude>               
            <heading>0</heading>               
            <tilt>45</tilt>
            <range>1883</range>                    
            <altitudeMode>clampToGround</altitudeMode> 
        </LookAt>
    </Document>
</kml>