<?xml version="1.0" encoding="UTF-8"?>
<gpx creator="Wikiloc - http://www.wikiloc.com" version="1.1" schemaLocation="http://www.topografix.com/GPX/1/1 http://www.topografix.com/GPX/1/1/gpx.xsd http://www.garmin.com/xmlschemas/GpxExtensions/v3 http://www.garmin.com/xmlschemas/GpxExtensionsv3.xsd http://www.garmin.com/xmlschemas/TrackPointExtension/v1 http://www.garmin.com/xmlschemas/TrackPointExtensionv1.xsd http://www.garmin.com/xmlschemas/PowerExtension/v1 http://www.garmin.com/xmlschemas/PowerExtensionv1.xsd http://www.topografix.com/GPX/gpx_style/0/2 http://www.topografix.com/GPX/gpx_style/0/2/gpx_style.xsd" xmlns="http://www.topografix.com/GPX/1/1" xmlns:xsi="http://www.w3.org/2001/XMLSchema-instance" xsi:schemaLocation="http://www.topografix.com/GPX/1/1 http://www.topografix.com/GPX/1/1/gpx.xsd http://www.garmin.com/xmlschemas/GpxExtensions/v3 http://www.garmin.com/xmlschemas/GpxExtensionsv3.xsd http://www.garmin.com/xmlschemas/TrackPointExtension/v1 http://www.garmin.com/xmlschemas/TrackPointExtensionv1.xsd http://www.garmin.com/xmlschemas/PowerExtension/v1 http://www.garmin.com/xmlschemas/PowerExtensionv1.xsd http://www.topografix.com/GPX/gpx_style/0/2 http://www.topografix.com/GPX/gpx_style/0/2/gpx_style.xsd" xmlns:gpxtpx="http://www.garmin.com/xmlschemas/TrackPointExtension/v1" xmlns:gpxx="http://www.garmin.com/xmlschemas/GpxExtensions/v3" xmlns:gpxpx="http://www.garmin.com/xmlschemas/PowerExtension/v1" xmlns:gpx_style="http://www.topografix.com/GPX/gpx_style/0/2">
  <metadata>
    <name>38K Mountain Legend</name>
    <author>
      <name>gpx.studio</name>
      <link href="https://gpx.studio"/>
    </author>
    <link href="https://www.wikiloc.com/wikiloc/view.do?id=219601931">
      <text>Yeni 33 orta kısım on Wikiloc</text>
    </link>
    <time>2025-06-26T12:24:33.000Z</time>
  </metadata>
  <wpt lat="37.147511" lon="34.742246">
    <ele>416.34148272934885</ele>
    <name>Finish </name>
    <sym>Campground</sym>
  </wpt>
  <trk>
    <name>38K Mountain Legend</name>
    <cmt>Dereden geçen yer</cmt>
    <desc>Dereden geçen yer</desc>
    <trkseg>
      <trkpt lat="37.147516647172864" lon="34.74224561327733">
        <ele>416.3671470125211</ele>
        <time>2025-06-26T11:35:56.184Z</time>
      </trkpt>
      <trkpt lat="37.14757641961225" lon="34.74229552119701">
        <ele>416.58932879511343</ele>
        <time>2025-06-26T11:35:59.914Z</time>
      </trkpt>
      <trkpt lat="37.14757641961225" lon="34.74229552119701">
        <ele>416.58932879511343</ele>
        <time>2025-06-26T11:35:59.914Z</time>
      </trkpt>
      <trkpt lat="37.14798498065879" lon="34.742225723789296">
        <ele>418.8478006873238</ele>
        <time>2025-06-26T11:36:21.337Z</time>
      </trkpt>
      <trkpt lat="37.148430528925786" lon="34.742149607589994">
        <ele>425.1729824996098</ele>
        <time>2025-06-26T11:36:44.705Z</time>
      </trkpt>
      <trkpt lat="37.148430528925786" lon="34.742149607589994">
        <ele>425.1729824996098</ele>
        <time>2025-06-26T11:36:44.705Z</time>
      </trkpt>
      <trkpt lat="37.14848342013882" lon="34.74214985062653">
        <ele>426.0234059966635</ele>
        <time>2025-06-26T11:36:47.453Z</time>
      </trkpt>
      <trkpt lat="37.1486112036207" lon="34.74223271937191">
        <ele>428.0780044661842</ele>
        <time>2025-06-26T11:36:54.954Z</time>
      </trkpt>
      <trkpt lat="37.148709093674825" lon="34.74237009437368">
        <ele>429.7519563769932</ele>
        <time>2025-06-26T11:37:02.613Z</time>
      </trkpt>
      <trkpt lat="37.14889720473599" lon="34.74241628902567">
        <ele>432.4905391503132</ele>
        <time>2025-06-26T11:37:12.609Z</time>
      </trkpt>
      <trkpt lat="37.14909862244765" lon="34.74247127027638">
        <ele>434.30824786354896</ele>
        <time>2025-06-26T11:37:23.358Z</time>
      </trkpt>
      <trkpt lat="37.14916004165953" lon="34.74248688023067">
        <ele>434.84691240643286</ele>
        <time>2025-06-26T11:37:26.625Z</time>
      </trkpt>
      <trkpt lat="37.149261396953975" lon="34.74265898512101">
        <ele>435.6673712922732</ele>
        <time>2025-06-26T11:37:35.519Z</time>
      </trkpt>
      <trkpt lat="37.14955172433831" lon="34.74282715572329">
        <ele>438.55454210253885</ele>
        <time>2025-06-26T11:37:52.195Z</time>
      </trkpt>
      <trkpt lat="37.149820030676295" lon="34.74297695661994">
        <ele>441.1853823014083</ele>
        <time>2025-06-26T11:38:07.510Z</time>
      </trkpt>
      <trkpt lat="37.150104640417894" lon="34.74311750547369">
        <ele>443.79099451242985</ele>
        <time>2025-06-26T11:38:23.460Z</time>
      </trkpt>
      <trkpt lat="37.150280315515545" lon="34.74330096553507">
        <ele>445.6024406968385</ele>
        <time>2025-06-26T11:38:35.379Z</time>
      </trkpt>
      <trkpt lat="37.150512683174" lon="34.74352064116013">
        <ele>447.6442798502752</ele>
        <time>2025-06-26T11:38:50.552Z</time>
      </trkpt>
      <trkpt lat="37.15072291284022" lon="34.74360176286348">
        <ele>449.33816517670755</ele>
        <time>2025-06-26T11:39:02.022Z</time>
      </trkpt>
      <trkpt lat="37.15088805569968" lon="34.74368143215122">
        <ele>450.63079434391125</ele>
        <time>2025-06-26T11:39:11.249Z</time>
      </trkpt>
      <trkpt lat="37.1511889467382" lon="34.74375309266367">
        <ele>453.2848596074502</ele>
        <time>2025-06-26T11:39:27.220Z</time>
      </trkpt>
      <trkpt lat="37.1512963009358" lon="34.743765413486415">
        <ele>455.0724365580139</ele>
        <time>2025-06-26T11:39:32.841Z</time>
      </trkpt>
      <trkpt lat="37.15147924857767" lon="34.743676226725285">
        <ele>457.97785590500496</ele>
        <time>2025-06-26T11:39:43.076Z</time>
      </trkpt>
      <trkpt lat="37.15152301873367" lon="34.743613658065385">
        <ele>458.66650443320805</ele>
        <time>2025-06-26T11:39:46.536Z</time>
      </trkpt>
      <trkpt lat="37.151707175549944" lon="34.743563536411614">
        <ele>461.88740051598376</ele>
        <time>2025-06-26T11:39:56.363Z</time>
      </trkpt>
      <trkpt lat="37.15185736688784" lon="34.74357206074194">
        <ele>464.51665333826156</ele>
        <time>2025-06-26T11:40:04.203Z</time>
      </trkpt>
      <trkpt lat="37.15194829108978" lon="34.74362878877912">
        <ele>466.2468167518274</ele>
        <time>2025-06-26T11:40:09.498Z</time>
      </trkpt>
      <trkpt lat="37.15208894108936" lon="34.743718136678865">
        <ele>469.5600689528075</ele>
        <time>2025-06-26T11:40:17.719Z</time>
      </trkpt>
      <trkpt lat="37.152128899767206" lon="34.743779973362734">
        <ele>470.29362290255335</ele>
        <time>2025-06-26T11:40:21.027Z</time>
      </trkpt>
      <trkpt lat="37.152103224592835" lon="34.743911077724334">
        <ele>469.1223384507007</ele>
        <time>2025-06-26T11:40:26.638Z</time>
      </trkpt>
      <trkpt lat="37.1520591821719" lon="34.74405845447319">
        <ele>467.530221357643</ele>
        <time>2025-06-26T11:40:33.180Z</time>
      </trkpt>
      <trkpt lat="37.151990994127544" lon="34.74433838411014">
        <ele>465.2784370683279</ele>
        <time>2025-06-26T11:40:45.346Z</time>
      </trkpt>
      <trkpt lat="37.151991105973735" lon="34.74444591450512">
        <ele>464.99296848639136</ele>
        <time>2025-06-26T11:40:49.815Z</time>
      </trkpt>
      <trkpt lat="37.151939651844444" lon="34.7446256482738">
        <ele>463.8880531392538</ele>
        <time>2025-06-26T11:40:57.752Z</time>
      </trkpt>
      <trkpt lat="37.15192961915977" lon="34.7446851692504">
        <ele>463.75606385232084</ele>
        <time>2025-06-26T11:41:00.280Z</time>
      </trkpt>
      <trkpt lat="37.151845508032025" lon="34.7447953945985">
        <ele>462.83289290480377</ele>
        <time>2025-06-26T11:41:06.622Z</time>
      </trkpt>
      <trkpt lat="37.151817073707335" lon="34.7448764864632">
        <ele>462.53667664400234</ele>
        <time>2025-06-26T11:41:10.304Z</time>
      </trkpt>
      <trkpt lat="37.15176814578433" lon="34.74497317426298">
        <ele>462.02820800133054</ele>
        <time>2025-06-26T11:41:15.064Z</time>
      </trkpt>
      <trkpt lat="37.15167238488783" lon="34.74506877657748">
        <ele>460.96970201777657</ele>
        <time>2025-06-26T11:41:21.446Z</time>
      </trkpt>
      <trkpt lat="37.15163500865641" lon="34.74511604996161">
        <ele>460.5707719141116</ele>
        <time>2025-06-26T11:41:24.213Z</time>
      </trkpt>
      <trkpt lat="37.15150032648512" lon="34.74525808895581">
        <ele>459.08426158090595</ele>
        <time>2025-06-26T11:41:33.388Z</time>
      </trkpt>
      <trkpt lat="37.151157688821" lon="34.745494400252625">
        <ele>455.1894716849555</ele>
        <time>2025-06-26T11:41:53.778Z</time>
      </trkpt>
      <trkpt lat="37.15106776724548" lon="34.745677336594696">
        <ele>454.29185153742276</ele>
        <time>2025-06-26T11:42:02.711Z</time>
      </trkpt>
      <trkpt lat="37.15089218825629" lon="34.74584289020319">
        <ele>452.629047390855</ele>
        <time>2025-06-26T11:42:14.164Z</time>
      </trkpt>
      <trkpt lat="37.15066221046153" lon="34.74602547274017">
        <ele>450.7345921482902</ele>
        <time>2025-06-26T11:42:28.356Z</time>
      </trkpt>
      <trkpt lat="37.15052213908258" lon="34.74607946003741">
        <ele>449.7108497042918</ele>
        <time>2025-06-26T11:42:35.997Z</time>
      </trkpt>
      <trkpt lat="37.150324392034136" lon="34.74627769518631">
        <ele>448.52699012127727</ele>
        <time>2025-06-26T11:42:49.197Z</time>
      </trkpt>
      <trkpt lat="37.150068922312656" lon="34.746671571635204">
        <ele>449.7798729598955</ele>
        <time>2025-06-26T11:43:10.304Z</time>
      </trkpt>
      <trkpt lat="37.15003218417361" lon="34.74675157258358">
        <ele>450.56366974778535</ele>
        <time>2025-06-26T11:43:14.141Z</time>
      </trkpt>
      <trkpt lat="37.14987075718078" lon="34.746799518132946">
        <ele>450.73053663629173</ele>
        <time>2025-06-26T11:43:22.792Z</time>
      </trkpt>
      <trkpt lat="37.149752402070774" lon="34.7468471136082">
        <ele>450.9566082882475</ele>
        <time>2025-06-26T11:43:29.273Z</time>
      </trkpt>
      <trkpt lat="37.14961372756949" lon="34.74702124084422">
        <ele>452.3427028971267</ele>
        <time>2025-06-26T11:43:39.504Z</time>
      </trkpt>
      <trkpt lat="37.149578706722934" lon="34.747105079339036">
        <ele>453.0170498890816</ele>
        <time>2025-06-26T11:43:43.438Z</time>
      </trkpt>
      <trkpt lat="37.14955655697352" lon="34.74739277910598">
        <ele>455.87503977075704</ele>
        <time>2025-06-26T11:43:55.452Z</time>
      </trkpt>
      <trkpt lat="37.149508314247925" lon="34.74749578011466">
        <ele>456.46870941705197</ele>
        <time>2025-06-26T11:44:00.418Z</time>
      </trkpt>
      <trkpt lat="37.1493997031786" lon="34.747579500678654">
        <ele>455.1559099052713</ele>
        <time>2025-06-26T11:44:07.065Z</time>
      </trkpt>
      <trkpt lat="37.149256149839374" lon="34.747654680250776">
        <ele>452.8473248586904</ele>
        <time>2025-06-26T11:44:15.177Z</time>
      </trkpt>
      <trkpt lat="37.149262674570295" lon="34.74780468307566">
        <ele>450.45731063407015</ele>
        <time>2025-06-26T11:44:21.421Z</time>
      </trkpt>
      <trkpt lat="37.14935629736024" lon="34.748005333934685">
        <ele>448.2464934491304</ele>
        <time>2025-06-26T11:44:31.085Z</time>
      </trkpt>
      <trkpt lat="37.14947604960662" lon="34.74811464134589">
        <ele>448.1291999423963</ele>
        <time>2025-06-26T11:44:38.807Z</time>
      </trkpt>
      <trkpt lat="37.14964383514668" lon="34.748336447432905">
        <ele>447.5198032669479</ele>
        <time>2025-06-26T11:44:51.517Z</time>
      </trkpt>
      <trkpt lat="37.14982350293617" lon="34.74846935882974">
        <ele>449.1112533575863</ele>
        <time>2025-06-26T11:45:02.394Z</time>
      </trkpt>
      <trkpt lat="37.14996098563876" lon="34.74872490193735">
        <ele>445.7659826737833</ele>
        <time>2025-06-26T11:45:15.209Z</time>
      </trkpt>
      <trkpt lat="37.15003519008086" lon="34.74882534181668">
        <ele>444.7271683469427</ele>
        <time>2025-06-26T11:45:20.901Z</time>
      </trkpt>
      <trkpt lat="37.15011283635953" lon="34.74887151025353">
        <ele>445.01334418617245</ele>
        <time>2025-06-26T11:45:25.382Z</time>
      </trkpt>
      <trkpt lat="37.150519173721605" lon="34.74911311823729">
        <ele>445.7394513681909</ele>
        <time>2025-06-26T11:45:48.831Z</time>
      </trkpt>
      <trkpt lat="37.15065790299731" lon="34.74918185592418">
        <ele>445.9454102547213</ele>
        <time>2025-06-26T11:45:56.609Z</time>
      </trkpt>
      <trkpt lat="37.15074990911623" lon="34.749303456040934">
        <ele>444.4506780503327</ele>
        <time>2025-06-26T11:46:03.578Z</time>
      </trkpt>
      <trkpt lat="37.15090546438569" lon="34.749486151717605">
        <ele>442.68112232573344</ele>
        <time>2025-06-26T11:46:14.690Z</time>
      </trkpt>
      <trkpt lat="37.15106099762136" lon="34.74963440883141">
        <ele>441.49389076466446</ele>
        <time>2025-06-26T11:46:24.876Z</time>
      </trkpt>
      <trkpt lat="37.15131915945348" lon="34.74996739460079">
        <ele>438.92073650118016</ele>
        <time>2025-06-26T11:46:44.184Z</time>
      </trkpt>
      <trkpt lat="37.151425366727665" lon="34.750009519645346">
        <ele>440.7291773832407</ele>
        <time>2025-06-26T11:46:49.992Z</time>
      </trkpt>
      <trkpt lat="37.15150191844225" lon="34.75006793358372">
        <ele>441.459431175097</ele>
        <time>2025-06-26T11:46:54.664Z</time>
      </trkpt>
      <trkpt lat="37.151600126039554" lon="34.7502867930738">
        <ele>439.4581854741434</ele>
        <time>2025-06-26T11:47:05.103Z</time>
      </trkpt>
      <trkpt lat="37.151660542942565" lon="34.750504061467154">
        <ele>438.88591093074615</ele>
        <time>2025-06-26T11:47:14.667Z</time>
      </trkpt>
      <trkpt lat="37.15168678794373" lon="34.750754012671905">
        <ele>441.47168739612863</ele>
        <time>2025-06-26T11:47:25.146Z</time>
      </trkpt>
      <trkpt lat="37.15159995393549" lon="34.75083805417293">
        <ele>440.63033038617846</ele>
        <time>2025-06-26T11:47:30.865Z</time>
      </trkpt>
      <trkpt lat="37.15150547409921" lon="34.751132063060254">
        <ele>442.9372041657667</ele>
        <time>2025-06-26T11:47:44.041Z</time>
      </trkpt>
      <trkpt lat="37.15146911031043" lon="34.75145870992952">
        <ele>449.7996199271276</ele>
        <time>2025-06-26T11:47:57.750Z</time>
      </trkpt>
      <trkpt lat="37.15155110715821" lon="34.75166435742963">
        <ele>458.6548072886693</ele>
        <time>2025-06-26T11:48:07.307Z</time>
      </trkpt>
      <trkpt lat="37.15181080752423" lon="34.75197692686537">
        <ele>459.32039680618567</ele>
        <time>2025-06-26T11:48:26.074Z</time>
      </trkpt>
      <trkpt lat="37.15213530066903" lon="34.752367479411475">
        <ele>456.93256748393054</ele>
        <time>2025-06-26T11:48:49.523Z</time>
      </trkpt>
      <trkpt lat="37.15218318419815" lon="34.75240772408412">
        <ele>457.7304767885124</ele>
        <time>2025-06-26T11:48:52.528Z</time>
      </trkpt>
      <trkpt lat="37.15255676855489" lon="34.75272171055124">
        <ele>463.20032876531593</ele>
        <time>2025-06-26T11:49:15.977Z</time>
      </trkpt>
      <trkpt lat="37.15262505470956" lon="34.753213133465806">
        <ele>475.0043064151947</ele>
        <time>2025-06-26T11:49:36.711Z</time>
      </trkpt>
      <trkpt lat="37.152899394702885" lon="34.753522880524">
        <ele>481.8319006809054</ele>
        <time>2025-06-26T11:49:55.957Z</time>
      </trkpt>
      <trkpt lat="37.15324219205782" lon="34.75364042806436">
        <ele>477.4423335383373</ele>
        <time>2025-06-26T11:50:14.489Z</time>
      </trkpt>
      <trkpt lat="37.15352884708709" lon="34.75373509368998">
        <ele>471.90062580251373</ele>
        <time>2025-06-26T11:50:29.947Z</time>
      </trkpt>
      <trkpt lat="37.153611423353176" lon="34.75384163903956">
        <ele>473.90801232978504</ele>
        <time>2025-06-26T11:50:36.124Z</time>
      </trkpt>
      <trkpt lat="37.15392490381703" lon="34.75424611222766">
        <ele>472.6381124623664</ele>
        <time>2025-06-26T11:51:01.562Z</time>
      </trkpt>
      <trkpt lat="37.15392490381703" lon="34.75424611222766">
        <ele>472.6381124623664</ele>
        <time>2025-06-26T11:51:01.608Z</time>
      </trkpt>
      <trkpt lat="37.154239733793375" lon="34.75464106172777">
        <ele>470.940194017689</ele>
        <time>2025-06-26T11:51:25.762Z</time>
      </trkpt>
      <trkpt lat="37.154493710498045" lon="34.75478011397536">
        <ele>469.01781924875195</ele>
        <time>2025-06-26T11:51:40.796Z</time>
      </trkpt>
      <trkpt lat="37.154493710498045" lon="34.75478011397536">
        <ele>469.01781924875195</ele>
        <time>2025-06-26T11:51:40.796Z</time>
      </trkpt>
      <trkpt lat="37.15488160054616" lon="34.75484384625523">
        <ele>461.00045652529985</ele>
        <time>2025-06-26T11:52:02.020Z</time>
      </trkpt>
      <trkpt lat="37.15488160054616" lon="34.75484384625523">
        <ele>461.00045652529985</ele>
        <time>2025-06-26T11:52:02.020Z</time>
      </trkpt>
      <trkpt lat="37.154907903729956" lon="34.754845127909796">
        <ele>460.37740504520985</ele>
        <time>2025-06-26T11:52:03.305Z</time>
      </trkpt>
      <trkpt lat="37.15535722491221" lon="34.75486702162996">
        <ele>459.45018240505425</ele>
        <time>2025-06-26T11:52:26.298Z</time>
      </trkpt>
      <trkpt lat="37.15535722491221" lon="34.75486702162996">
        <ele>459.45018240505425</ele>
        <time>2025-06-26T11:52:26.298Z</time>
      </trkpt>
      <trkpt lat="37.15566661003048" lon="34.75491916622184">
        <ele>460.8301022418501</ele>
        <time>2025-06-26T11:52:42.260Z</time>
      </trkpt>
      <trkpt lat="37.15566661003048" lon="34.75491916622184">
        <ele>460.8301022418501</ele>
        <time>2025-06-26T11:52:42.260Z</time>
      </trkpt>
      <trkpt lat="37.15578558985583" lon="34.755041846408666">
        <ele>460.3421468323104</ele>
        <time>2025-06-26T11:52:49.131Z</time>
      </trkpt>
      <trkpt lat="37.15613299415834" lon="34.755400055244564">
        <ele>466.6440636738877</ele>
        <time>2025-06-26T11:53:11.414Z</time>
      </trkpt>
      <trkpt lat="37.15613299415834" lon="34.755400055244564">
        <ele>466.6440636738877</ele>
        <time>2025-06-26T11:53:11.535Z</time>
      </trkpt>
      <trkpt lat="37.15613299415834" lon="34.755400055244564">
        <ele>466.6440636738877</ele>
        <time>2025-06-26T11:53:11.535Z</time>
      </trkpt>
      <trkpt lat="37.15631223705972" lon="34.755583550822365">
        <ele>473.45827159870146</ele>
        <time>2025-06-26T11:53:23.634Z</time>
      </trkpt>
      <trkpt lat="37.15631223705972" lon="34.755583550822365">
        <ele>473.45827159870146</ele>
        <time>2025-06-26T11:53:23.634Z</time>
      </trkpt>
      <trkpt lat="37.156551071227796" lon="34.755800553550046">
        <ele>479.61367958792283</ele>
        <time>2025-06-26T11:53:38.880Z</time>
      </trkpt>
      <trkpt lat="37.15677868109361" lon="34.756048285594915">
        <ele>481.8201125786196</ele>
        <time>2025-06-26T11:53:54.458Z</time>
      </trkpt>
      <trkpt lat="37.15677868109361" lon="34.756048285594915">
        <ele>481.8201125786196</ele>
        <time>2025-06-26T11:53:54.458Z</time>
      </trkpt>
      <trkpt lat="37.15683652758467" lon="34.75610102332508">
        <ele>481.5057597677086</ele>
        <time>2025-06-26T11:53:58.154Z</time>
      </trkpt>
      <trkpt lat="37.1572003005201" lon="34.756432669351625">
        <ele>476.06425386577416</ele>
        <time>2025-06-26T11:54:21.603Z</time>
      </trkpt>
      <trkpt lat="37.1573170685875" lon="34.75662506001393">
        <ele>474.0892203860008</ele>
        <time>2025-06-26T11:54:31.654Z</time>
      </trkpt>
      <trkpt lat="37.15741648906352" lon="34.75679954083495">
        <ele>472.85119760312966</ele>
        <time>2025-06-26T11:54:40.568Z</time>
      </trkpt>
      <trkpt lat="37.15754609860821" lon="34.75707521131187">
        <ele>470.62439669380404</ele>
        <time>2025-06-26T11:54:53.870Z</time>
      </trkpt>
      <trkpt lat="37.15761700968115" lon="34.75719651835408">
        <ele>468.6471088173912</ele>
        <time>2025-06-26T11:55:00.122Z</time>
      </trkpt>
      <trkpt lat="37.15770042462783" lon="34.75731465343483">
        <ele>466.79754027424326</ele>
        <time>2025-06-26T11:55:07.444Z</time>
      </trkpt>
      <trkpt lat="37.15770042462783" lon="34.75731465343483">
        <ele>466.79754027424326</ele>
        <time>2025-06-26T11:55:07.444Z</time>
      </trkpt>
      <trkpt lat="37.15781570605094" lon="34.757385283252745">
        <ele>464.1134597683946</ele>
        <time>2025-06-26T11:55:14.135Z</time>
      </trkpt>
      <trkpt lat="37.15796366807089" lon="34.757460083548864">
        <ele>460.59486831924926</ele>
        <time>2025-06-26T11:55:22.455Z</time>
      </trkpt>
      <trkpt lat="37.15796366807089" lon="34.757460083548864">
        <ele>460.59486831924926</ele>
        <time>2025-06-26T11:55:22.455Z</time>
      </trkpt>
      <trkpt lat="37.15801624019032" lon="34.75748537602229">
        <ele>459.35882672835174</ele>
        <time>2025-06-26T11:55:25.392Z</time>
      </trkpt>
      <trkpt lat="37.15805692555037" lon="34.75755537722077">
        <ele>458.6960194513674</ele>
        <time>2025-06-26T11:55:29.663Z</time>
      </trkpt>
      <trkpt lat="37.15805692555037" lon="34.75755537722077">
        <ele>458.6960194513674</ele>
        <time>2025-06-26T11:55:29.663Z</time>
      </trkpt>
      <trkpt lat="37.15805051797972" lon="34.75766559598276">
        <ele>459.4066990111494</ele>
        <time>2025-06-26T11:55:34.161Z</time>
      </trkpt>
      <trkpt lat="37.15798573493072" lon="34.75776134563969">
        <ele>461.6671680632098</ele>
        <time>2025-06-26T11:55:39.273Z</time>
      </trkpt>
      <trkpt lat="37.15798573493072" lon="34.75776134563969">
        <ele>461.6671680632098</ele>
        <time>2025-06-26T11:55:39.273Z</time>
      </trkpt>
      <trkpt lat="37.15773384614616" lon="34.75796426921352">
        <ele>469.18836101224167</ele>
        <time>2025-06-26T11:55:54.560Z</time>
      </trkpt>
      <trkpt lat="37.15773384614616" lon="34.75796426921352">
        <ele>469.18836101224167</ele>
        <time>2025-06-26T11:55:54.604Z</time>
      </trkpt>
      <trkpt lat="37.15761395875735" lon="34.75810251656054">
        <ele>472.92701771303683</ele>
        <time>2025-06-26T11:56:03.094Z</time>
      </trkpt>
      <trkpt lat="37.15755785190507" lon="34.758201196567256">
        <ele>475.17406209351105</ele>
        <time>2025-06-26T11:56:08.132Z</time>
      </trkpt>
      <trkpt lat="37.15746343041454" lon="34.758208451504515">
        <ele>477.63050148701353</ele>
        <time>2025-06-26T11:56:13.065Z</time>
      </trkpt>
      <trkpt lat="37.15742062711635" lon="34.75810807416846">
        <ele>477.82815630175236</ele>
        <time>2025-06-26T11:56:17.796Z</time>
      </trkpt>
      <trkpt lat="37.15743476738234" lon="34.75800215228517">
        <ele>477.04291104341695</ele>
        <time>2025-06-26T11:56:22.260Z</time>
      </trkpt>
      <trkpt lat="37.15741942408941" lon="34.75784571698509">
        <ele>476.7018243606673</ele>
        <time>2025-06-26T11:56:28.811Z</time>
      </trkpt>
      <trkpt lat="37.15737709359503" lon="34.75775881376518">
        <ele>477.4225738293646</ele>
        <time>2025-06-26T11:56:33.043Z</time>
      </trkpt>
      <trkpt lat="37.157320191819394" lon="34.75769691636515">
        <ele>479.0953331838061</ele>
        <time>2025-06-26T11:56:36.970Z</time>
      </trkpt>
      <trkpt lat="37.1572768646289" lon="34.75763215012148">
        <ele>480.53030917709793</ele>
        <time>2025-06-26T11:56:40.484Z</time>
      </trkpt>
      <trkpt lat="37.15726049087435" lon="34.75755245768727">
        <ele>480.8401642498909</ele>
        <time>2025-06-26T11:56:43.904Z</time>
      </trkpt>
      <trkpt lat="37.15726077691548" lon="34.75737398762172">
        <ele>480.0856941632002</ele>
        <time>2025-06-26T11:56:51.321Z</time>
      </trkpt>
      <trkpt lat="37.157250312948435" lon="34.7572184976533">
        <ele>479.86300084194784</ele>
        <time>2025-06-26T11:56:57.806Z</time>
      </trkpt>
      <trkpt lat="37.1571712264863" lon="34.757040654677496">
        <ele>481.6765050427648</ele>
        <time>2025-06-26T11:57:04.595Z</time>
      </trkpt>
      <trkpt lat="37.1571712264863" lon="34.757040654677496">
        <ele>481.6765050427648</ele>
        <time>2025-06-26T11:57:04.595Z</time>
      </trkpt>
      <trkpt lat="37.15713985114476" lon="34.7569821749137">
        <ele>482.4329490486829</ele>
        <time>2025-06-26T11:57:07.522Z</time>
      </trkpt>
      <trkpt lat="37.157082213634155" lon="34.757029182712444">
        <ele>485.02006396296713</ele>
        <time>2025-06-26T11:57:11.103Z</time>
      </trkpt>
      <trkpt lat="37.157082213634155" lon="34.757029182712444">
        <ele>485.02006396296713</ele>
        <time>2025-06-26T11:57:11.103Z</time>
      </trkpt>
      <trkpt lat="37.15708509551058" lon="34.757155742169715">
        <ele>486.126719648368</ele>
        <time>2025-06-26T11:57:16.360Z</time>
      </trkpt>
      <trkpt lat="37.15708509551058" lon="34.757155742169715">
        <ele>486.126719648368</ele>
        <time>2025-06-26T11:57:16.404Z</time>
      </trkpt>
      <trkpt lat="37.156983143213765" lon="34.75747308279941">
        <ele>491.98717935510314</ele>
        <time>2025-06-26T11:57:30.628Z</time>
      </trkpt>
      <trkpt lat="37.156983143213765" lon="34.75747308279941">
        <ele>491.98717935510314</ele>
        <time>2025-06-26T11:57:32.469Z</time>
      </trkpt>
      <trkpt lat="37.156983143213765" lon="34.75747308279941">
        <ele>491.98717935510314</ele>
        <time>2025-06-26T11:57:32.469Z</time>
      </trkpt>
      <trkpt lat="37.1569121827217" lon="34.757557116447884">
        <ele>495.2187911666941</ele>
        <time>2025-06-26T11:57:37.560Z</time>
      </trkpt>
      <trkpt lat="37.15689198841024" lon="34.75764279071896">
        <ele>496.34484297200186</ele>
        <time>2025-06-26T11:57:41.275Z</time>
      </trkpt>
      <trkpt lat="37.15689198841024" lon="34.75764279071896">
        <ele>496.34484297200186</ele>
        <time>2025-06-26T11:57:41.275Z</time>
      </trkpt>
      <trkpt lat="37.15693407587385" lon="34.757768142312955">
        <ele>495.0795452168453</ele>
        <time>2025-06-26T11:57:46.931Z</time>
      </trkpt>
      <trkpt lat="37.15692014547284" lon="34.75805488959165">
        <ele>496.7327010579413</ele>
        <time>2025-06-26T11:57:58.871Z</time>
      </trkpt>
      <trkpt lat="37.15688044229468" lon="34.758195150864424">
        <ele>499.11723835901427</ele>
        <time>2025-06-26T11:58:05.921Z</time>
      </trkpt>
      <trkpt lat="37.15688044229468" lon="34.758195150864424">
        <ele>499.11723835901427</ele>
        <time>2025-06-26T11:58:05.921Z</time>
      </trkpt>
      <trkpt lat="37.15687879945847" lon="34.75837113563776">
        <ele>502.1086423152817</ele>
        <time>2025-06-26T11:58:12.592Z</time>
      </trkpt>
      <trkpt lat="37.15687879945847" lon="34.75837113563776">
        <ele>502.1086423152817</ele>
        <time>2025-06-26T11:58:12.592Z</time>
      </trkpt>
      <trkpt lat="37.157084277305316" lon="34.75856560487881">
        <ele>497.5074967822071</ele>
        <time>2025-06-26T11:58:24.833Z</time>
      </trkpt>
      <trkpt lat="37.15725249486118" lon="34.75882944024235">
        <ele>495.78611018527386</ele>
        <time>2025-06-26T11:58:37.640Z</time>
      </trkpt>
      <trkpt lat="37.15725249486118" lon="34.75882944024235">
        <ele>495.78611018527386</ele>
        <time>2025-06-26T11:58:37.640Z</time>
      </trkpt>
      <trkpt lat="37.15725249486118" lon="34.75882944024235">
        <ele>495.78611018527386</ele>
        <time>2025-06-26T11:58:38.255Z</time>
      </trkpt>
      <trkpt lat="37.15724782215675" lon="34.7588997963353">
        <ele>497.282077085973</ele>
        <time>2025-06-26T11:58:38.787Z</time>
      </trkpt>
      <trkpt lat="37.157285203787154" lon="34.759011193488504">
        <ele>497.8831962615725</ele>
        <time>2025-06-26T11:58:39.698Z</time>
      </trkpt>
      <trkpt lat="37.157285203787154" lon="34.759011193488504">
        <ele>497.8831962615725</ele>
        <time>2025-06-26T11:58:39.698Z</time>
      </trkpt>
      <trkpt lat="37.15746276628029" lon="34.759380562993016">
        <ele>501.5919381869963</ele>
        <time>2025-06-26T11:59:04.083Z</time>
      </trkpt>
      <trkpt lat="37.15746276628029" lon="34.759380562993016">
        <ele>501.5919381869963</ele>
        <time>2025-06-26T11:59:04.083Z</time>
      </trkpt>
      <trkpt lat="37.15734594889756" lon="34.75943333006518">
        <ele>505.7808856709712</ele>
        <time>2025-06-26T11:59:10.310Z</time>
      </trkpt>
      <trkpt lat="37.15734594889756" lon="34.75943333006518">
        <ele>505.7808856709712</ele>
        <time>2025-06-26T11:59:10.310Z</time>
      </trkpt>
      <trkpt lat="37.15734594889756" lon="34.75943333006518">
        <ele>505.7808856709712</ele>
        <time>2025-06-26T11:59:10.310Z</time>
      </trkpt>
      <trkpt lat="37.15702820470351" lon="34.75903464552002">
        <ele>508.26349554682383</ele>
        <time>2025-06-26T11:59:27.508Z</time>
      </trkpt>
      <trkpt lat="37.15664720908603" lon="34.759086308204644">
        <ele>523.9303981520711</ele>
        <time>2025-06-26T11:59:42.175Z</time>
      </trkpt>
      <trkpt lat="37.15664720908603" lon="34.759086308204644">
        <ele>523.9303981520711</ele>
        <time>2025-06-26T11:59:42.175Z</time>
      </trkpt>
      <trkpt lat="37.156422917132645" lon="34.758670034637106">
        <ele>525.2935578561509</ele>
        <time>2025-06-26T11:59:54.999Z</time>
      </trkpt>
      <trkpt lat="37.156422917132645" lon="34.758670034637106">
        <ele>525.2935578561509</ele>
        <time>2025-06-26T11:59:54.999Z</time>
      </trkpt>
      <trkpt lat="37.15622666112762" lon="34.758183404971845">
        <ele>525.4180614824883</ele>
        <time>2025-06-26T12:00:20.148Z</time>
      </trkpt>
      <trkpt lat="37.15622666112762" lon="34.758183404971845">
        <ele>525.4180614824883</ele>
        <time>2025-06-26T12:00:20.148Z</time>
      </trkpt>
      <trkpt lat="37.15589022107655" lon="34.75824789805884">
        <ele>540.009635720962</ele>
        <time>2025-06-26T12:00:22.919Z</time>
      </trkpt>
      <trkpt lat="37.15589022107655" lon="34.75824789805884">
        <ele>540.009635720962</ele>
        <time>2025-06-26T12:00:22.919Z</time>
      </trkpt>
      <trkpt lat="37.15587096036546" lon="34.757814950309665">
        <ele>534.4387773632659</ele>
        <time>2025-06-26T12:00:41.527Z</time>
      </trkpt>
      <trkpt lat="37.15587096036546" lon="34.757814950309665">
        <ele>534.4387773632659</ele>
        <time>2025-06-26T12:00:41.527Z</time>
      </trkpt>
      <trkpt lat="37.15559636115012" lon="34.75808169284042">
        <ele>550.8170760477966</ele>
        <time>2025-06-26T12:00:46.993Z</time>
      </trkpt>
      <trkpt lat="37.15559636115012" lon="34.75808169284042">
        <ele>550.8170760477966</ele>
        <time>2025-06-26T12:00:46.993Z</time>
      </trkpt>
      <trkpt lat="37.15550778054565" lon="34.758326206827405">
        <ele>558.8119034138277</ele>
        <time>2025-06-26T12:00:50.381Z</time>
      </trkpt>
      <trkpt lat="37.15550778054565" lon="34.758326206827405">
        <ele>558.8119034138277</ele>
        <time>2025-06-26T12:00:50.381Z</time>
      </trkpt>
      <trkpt lat="37.155587503094495" lon="34.75870409207832">
        <ele>559.3861703291363</ele>
        <time>2025-06-26T12:00:59.091Z</time>
      </trkpt>
      <trkpt lat="37.155587503094495" lon="34.75870409207832">
        <ele>559.3861703291363</ele>
        <time>2025-06-26T12:00:59.091Z</time>
      </trkpt>
      <trkpt lat="37.15580009614723" lon="34.75858183508552">
        <ele>548.2754492497663</ele>
        <time>2025-06-26T12:01:04.735Z</time>
      </trkpt>
      <trkpt lat="37.15580009614723" lon="34.75858183508552">
        <ele>548.2754492497663</ele>
        <time>2025-06-26T12:01:04.735Z</time>
      </trkpt>
      <trkpt lat="37.15594182451731" lon="34.758993063154236">
        <ele>548.6887388678848</ele>
        <time>2025-06-26T12:01:24.245Z</time>
      </trkpt>
      <trkpt lat="37.15594182451731" lon="34.758993063154236">
        <ele>548.6887388678848</ele>
        <time>2025-06-26T12:01:24.245Z</time>
      </trkpt>
      <trkpt lat="37.1560887371395" lon="34.759526296264525">
        <ele>554.418190546146</ele>
        <time>2025-06-26T12:01:48.040Z</time>
      </trkpt>
      <trkpt lat="37.15609272965267" lon="34.759540787464715">
        <ele>554.6250454541787</ele>
        <time>2025-06-26T12:01:48.660Z</time>
      </trkpt>
      <trkpt lat="37.15609272965267" lon="34.759540787464715">
        <ele>554.6250454541787</ele>
        <time>2025-06-26T12:01:48.660Z</time>
      </trkpt>
      <trkpt lat="37.15643235193869" lon="34.759910560266114">
        <ele>552.6060666102927</ele>
        <time>2025-06-26T12:01:52.563Z</time>
      </trkpt>
      <trkpt lat="37.15677197422471" lon="34.76028033306751">
        <ele>548.38093230716</ele>
        <time>2025-06-26T12:02:14.514Z</time>
      </trkpt>
      <trkpt lat="37.15682607310339" lon="34.760339234661274">
        <ele>547.2647654021168</ele>
        <time>2025-06-26T12:02:18.010Z</time>
      </trkpt>
      <trkpt lat="37.15682607310339" lon="34.760339234661274">
        <ele>547.2647654021168</ele>
        <time>2025-06-26T12:02:18.010Z</time>
      </trkpt>
      <trkpt lat="37.156618621147665" lon="34.760839802527066">
        <ele>561.3007313751473</ele>
        <time>2025-06-26T12:02:39.961Z</time>
      </trkpt>
      <trkpt lat="37.15650370931526" lon="34.76111707718809">
        <ele>568.7169889232609</ele>
        <time>2025-06-26T12:02:51.143Z</time>
      </trkpt>
      <trkpt lat="37.15650370931526" lon="34.76111707718809">
        <ele>568.7169889232609</ele>
        <time>2025-06-26T12:02:51.143Z</time>
      </trkpt>
      <trkpt lat="37.15660289831973" lon="34.76161489640603">
        <ele>571.6011375451973</ele>
        <time>2025-06-26T12:03:06.534Z</time>
      </trkpt>
      <trkpt lat="37.15660289831973" lon="34.76161489640603">
        <ele>571.6011375451973</ele>
        <time>2025-06-26T12:03:06.534Z</time>
      </trkpt>
      <trkpt lat="37.156657358575345" lon="34.76205575466537">
        <ele>576.1233056898234</ele>
        <time>2025-06-26T12:07:22.540Z</time>
      </trkpt>
      <trkpt lat="37.156657358575345" lon="34.76205575466537">
        <ele>576.1233056898234</ele>
        <time>2025-06-26T12:07:22.540Z</time>
      </trkpt>
      <trkpt lat="37.15660496269928" lon="34.76178525279019">
        <ele>573.6050426586578</ele>
        <time>2025-06-26T12:07:34.270Z</time>
      </trkpt>
      <trkpt lat="37.15653202305363" lon="34.76166910309476">
        <ele>574.3137899153407</ele>
        <time>2025-06-26T12:07:40.416Z</time>
      </trkpt>
      <trkpt lat="37.15644362778468" lon="34.76152907217269">
        <ele>575.829631609051</ele>
        <time>2025-06-26T12:07:47.840Z</time>
      </trkpt>
      <trkpt lat="37.15636827460534" lon="34.76131221046427">
        <ele>576.0401105488654</ele>
        <time>2025-06-26T12:07:57.672Z</time>
      </trkpt>
      <trkpt lat="37.15634206738392" lon="34.76126715492313">
        <ele>576.4729546195832</ele>
        <time>2025-06-26T12:07:59.990Z</time>
      </trkpt>
      <trkpt lat="37.15628736458763" lon="34.76086166939854">
        <ele>573.0773888703748</ele>
        <time>2025-06-26T12:08:17.083Z</time>
      </trkpt>
      <trkpt lat="37.15625224194761" lon="34.76067895161546">
        <ele>571.3562785299972</ele>
        <time>2025-06-26T12:08:24.895Z</time>
      </trkpt>
      <trkpt lat="37.15622898309428" lon="34.76041693224926">
        <ele>568.7153258147653</ele>
        <time>2025-06-26T12:08:35.852Z</time>
      </trkpt>
      <trkpt lat="37.15623457316157" lon="34.760254000807976">
        <ele>566.1575983196501</ele>
        <time>2025-06-26T12:08:42.630Z</time>
      </trkpt>
      <trkpt lat="37.156135039706115" lon="34.760128677102244">
        <ele>567.2752749726653</ele>
        <time>2025-06-26T12:08:49.983Z</time>
      </trkpt>
      <trkpt lat="37.15606642842597" lon="34.76008787227664">
        <ele>568.438975211328</ele>
        <time>2025-06-26T12:08:53.942Z</time>
      </trkpt>
      <trkpt lat="37.15600844166963" lon="34.76048404246262">
        <ele>576.9428358451145</ele>
        <time>2025-06-26T12:09:10.683Z</time>
      </trkpt>
      <trkpt lat="37.155958462480825" lon="34.76083947547127">
        <ele>584.2918176854041</ele>
        <time>2025-06-26T12:09:25.684Z</time>
      </trkpt>
      <trkpt lat="37.155887649468966" lon="34.761095203582016">
        <ele>590.9881485735067</ele>
        <time>2025-06-26T12:09:36.936Z</time>
      </trkpt>
      <trkpt lat="37.15578248656537" lon="34.7615074998582">
        <ele>599.7105974887739</ele>
        <time>2025-06-26T12:09:54.928Z</time>
      </trkpt>
      <trkpt lat="37.155786757393024" lon="34.76154978989264">
        <ele>600.0812251870434</ele>
        <time>2025-06-26T12:09:56.700Z</time>
      </trkpt>
      <trkpt lat="37.15584328273154" lon="34.76210950775237">
        <ele>604.7088320035265</ele>
        <time>2025-06-26T12:10:20.150Z</time>
      </trkpt>
      <trkpt lat="37.15596567312389" lon="34.76250232329119">
        <ele>605.9604371270171</ele>
        <time>2025-06-26T12:10:37.680Z</time>
      </trkpt>
      <trkpt lat="37.15601569963714" lon="34.76250955548102">
        <ele>604.3012395509696</ele>
        <time>2025-06-26T12:10:40.306Z</time>
      </trkpt>
      <trkpt lat="37.15603629859781" lon="34.76289090530696">
        <ele>609.2168270922223</ele>
        <time>2025-06-26T12:10:56.192Z</time>
      </trkpt>
      <trkpt lat="37.15595546857655" lon="34.763027891697874">
        <ele>613.9819334880244</ele>
        <time>2025-06-26T12:11:03.276Z</time>
      </trkpt>
      <trkpt lat="37.156046387184034" lon="34.763146765573936">
        <ele>612.696968611666</ele>
        <time>2025-06-26T12:11:10.123Z</time>
      </trkpt>
      <trkpt lat="37.15608531084517" lon="34.76340849773928">
        <ele>615.4828507150189</ele>
        <time>2025-06-26T12:11:21.189Z</time>
      </trkpt>
      <trkpt lat="37.156107906077466" lon="34.76352971335865">
        <ele>616.6942624261903</ele>
        <time>2025-06-26T12:11:26.363Z</time>
      </trkpt>
      <trkpt lat="37.1561635250422" lon="34.763701796505586">
        <ele>617.8426676398395</ele>
        <time>2025-06-26T12:11:34.081Z</time>
      </trkpt>
      <trkpt lat="37.15626001874955" lon="34.763785092691734">
        <ele>616.6389225367251</ele>
        <time>2025-06-26T12:11:40.188Z</time>
      </trkpt>
      <trkpt lat="37.156445469952644" lon="34.76392392368473">
        <ele>614.3166626435251</ele>
        <time>2025-06-26T12:11:51.450Z</time>
      </trkpt>
      <trkpt lat="37.156548885218356" lon="34.763946589658445">
        <ele>612.1078323807758</ele>
        <time>2025-06-26T12:11:56.924Z</time>
      </trkpt>
      <trkpt lat="37.15698917986734" lon="34.764058663387516">
        <ele>611.1207461818594</ele>
        <time>2025-06-26T12:12:20.353Z</time>
      </trkpt>
      <trkpt lat="37.1570100526627" lon="34.76408687605047">
        <ele>611.7899332122652</ele>
        <time>2025-06-26T12:12:21.953Z</time>
      </trkpt>
      <trkpt lat="37.15719160334821" lon="34.76406946739161">
        <ele>609.955851976807</ele>
        <time>2025-06-26T12:12:31.448Z</time>
      </trkpt>
      <trkpt lat="37.15730148065002" lon="34.76399391634152">
        <ele>607.0209029237515</ele>
        <time>2025-06-26T12:12:37.982Z</time>
      </trkpt>
      <trkpt lat="37.15735723874687" lon="34.763914092738275">
        <ele>605.2152115947113</ele>
        <time>2025-06-26T12:12:42.393Z</time>
      </trkpt>
      <trkpt lat="37.15735800773213" lon="34.76383029930224">
        <ele>603.3618741298568</ele>
        <time>2025-06-26T12:12:45.876Z</time>
      </trkpt>
      <trkpt lat="37.15735800773213" lon="34.76383029930224">
        <ele>603.3618741298568</ele>
        <time>2025-06-26T12:12:46.301Z</time>
      </trkpt>
      <trkpt lat="37.15735800773213" lon="34.76383029930224">
        <ele>603.3618741298568</ele>
        <time>2025-06-26T12:12:46.301Z</time>
      </trkpt>
      <trkpt lat="37.15731592820572" lon="34.76363380877879">
        <ele>599.0240633948246</ele>
        <time>2025-06-26T12:12:54.247Z</time>
      </trkpt>
      <trkpt lat="37.15731592820572" lon="34.763463857506366">
        <ele>595.2619193025412</ele>
        <time>2025-06-26T12:13:00.885Z</time>
      </trkpt>
      <trkpt lat="37.15731592820572" lon="34.763463857506366">
        <ele>595.2619193025412</ele>
        <time>2025-06-26T12:13:00.885Z</time>
      </trkpt>
      <trkpt lat="37.15740947684104" lon="34.763285843877725">
        <ele>592.0096351437745</ele>
        <time>2025-06-26T12:13:09.213Z</time>
      </trkpt>
      <trkpt lat="37.15740947684104" lon="34.763285843877725">
        <ele>592.0096351437745</ele>
        <time>2025-06-26T12:13:09.213Z</time>
      </trkpt>
      <trkpt lat="37.157500648970085" lon="34.76318313556115">
        <ele>591.3914999966518</ele>
        <time>2025-06-26T12:13:16.727Z</time>
      </trkpt>
      <trkpt lat="37.157500648970085" lon="34.76318313556115">
        <ele>591.3914999966518</ele>
        <time>2025-06-26T12:13:16.727Z</time>
      </trkpt>
      <trkpt lat="37.15769057008052" lon="34.76301547542951">
        <ele>591.3853475095423</ele>
        <time>2025-06-26T12:13:28.838Z</time>
      </trkpt>
      <trkpt lat="37.15773467590144" lon="34.76282998794528">
        <ele>587.788279994159</ele>
        <time>2025-06-26T12:13:36.884Z</time>
      </trkpt>
      <trkpt lat="37.15773467590144" lon="34.76282998794528">
        <ele>587.788279994159</ele>
        <time>2025-06-26T12:13:36.928Z</time>
      </trkpt>
      <trkpt lat="37.15782487019233" lon="34.762694543605136">
        <ele>585.9992374523318</ele>
        <time>2025-06-26T12:13:44.264Z</time>
      </trkpt>
      <trkpt lat="37.157998883996044" lon="34.762618030939706">
        <ele>586.8092989655329</ele>
        <time>2025-06-26T12:13:53.879Z</time>
      </trkpt>
      <trkpt lat="37.158123199696334" lon="34.762666701413025">
        <ele>590.0035771062496</ele>
        <time>2025-06-26T12:14:00.670Z</time>
      </trkpt>
      <trkpt lat="37.15822296898567" lon="34.762800936510274">
        <ele>595.0211622242124</ele>
        <time>2025-06-26T12:14:08.298Z</time>
      </trkpt>
      <trkpt lat="37.15836558117212" lon="34.762850500982665">
        <ele>598.3312968434774</ele>
        <time>2025-06-26T12:14:16.015Z</time>
      </trkpt>
      <trkpt lat="37.15842530238815" lon="34.76286578455027">
        <ele>599.5965536850981</ele>
        <time>2025-06-26T12:14:19.193Z</time>
      </trkpt>
      <trkpt lat="37.15886589206055" lon="34.7629785381493">
        <ele>609.1310530589435</ele>
        <time>2025-06-26T12:14:42.643Z</time>
      </trkpt>
      <trkpt lat="37.15905240068254" lon="34.76306236261337">
        <ele>611.553758913652</ele>
        <time>2025-06-26T12:14:52.974Z</time>
      </trkpt>
      <trkpt lat="37.15915856634342" lon="34.76315809607675">
        <ele>613.3728881119754</ele>
        <time>2025-06-26T12:14:59.792Z</time>
      </trkpt>
      <trkpt lat="37.15925811611619" lon="34.76348806019982">
        <ele>620.584297810635</ele>
        <time>2025-06-26T12:15:14.455Z</time>
      </trkpt>
      <trkpt lat="37.15942993037004" lon="34.763681042557664">
        <ele>625.3850419474538</ele>
        <time>2025-06-26T12:15:26.480Z</time>
      </trkpt>
      <trkpt lat="37.15973720524673" lon="34.76392052101542">
        <ele>632.0119415776026</ele>
        <time>2025-06-26T12:15:45.344Z</time>
      </trkpt>
      <trkpt lat="37.15987806869872" lon="34.76400709505694">
        <ele>633.752120521479</ele>
        <time>2025-06-26T12:15:53.523Z</time>
      </trkpt>
      <trkpt lat="37.160094182135424" lon="34.76411969186199">
        <ele>635.3978465773796</ele>
        <time>2025-06-26T12:16:05.726Z</time>
      </trkpt>
      <trkpt lat="37.16020310346562" lon="34.764183515035455">
        <ele>636.2921244940726</ele>
        <time>2025-06-26T12:16:11.995Z</time>
      </trkpt>
      <trkpt lat="37.16023121768447" lon="34.764027027803564">
        <ele>633.1104681785225</ele>
        <time>2025-06-26T12:16:18.662Z</time>
      </trkpt>
      <trkpt lat="37.16025286935728" lon="34.763650855013765">
        <ele>627.5703200760443</ele>
        <time>2025-06-26T12:16:34.337Z</time>
      </trkpt>
      <trkpt lat="37.16027356596531" lon="34.7633020038528">
        <ele>622.755522168789</ele>
        <time>2025-06-26T12:16:48.875Z</time>
      </trkpt>
      <trkpt lat="37.160286456287864" lon="34.7632285812534">
        <ele>621.9107603527809</ele>
        <time>2025-06-26T12:16:51.999Z</time>
      </trkpt>
      <trkpt lat="37.16024729388248" lon="34.762806772968304">
        <ele>616.5259978282044</ele>
        <time>2025-06-26T12:17:09.648Z</time>
      </trkpt>
      <trkpt lat="37.160345341379255" lon="34.76299704091031">
        <ele>620.662567797117</ele>
        <time>2025-06-26T12:17:19.064Z</time>
      </trkpt>
      <trkpt lat="37.16043614300746" lon="34.763506070167125">
        <ele>626.9103736267579</ele>
        <time>2025-06-26T12:17:40.743Z</time>
      </trkpt>
      <trkpt lat="37.160440069479044" lon="34.76353283016058">
        <ele>627.2360512356079</ele>
        <time>2025-06-26T12:17:41.872Z</time>
      </trkpt>
      <trkpt lat="37.160521489794846" lon="34.76408773220663">
        <ele>634.9672890947076</ele>
        <time>2025-06-26T12:18:05.760Z</time>
      </trkpt>
      <trkpt lat="37.160521489794846" lon="34.76408773220663">
        <ele>634.9672890947076</ele>
        <time>2025-06-26T12:18:05.760Z</time>
      </trkpt>
      <trkpt lat="37.16052129767053" lon="34.764429401425275">
        <ele>640.9333652516373</ele>
        <time>2025-06-26T12:18:20.384Z</time>
      </trkpt>
      <trkpt lat="37.16048671671592" lon="34.764642744509956">
        <ele>644.4121482581407</ele>
        <time>2025-06-26T12:18:29.702Z</time>
      </trkpt>
      <trkpt lat="37.16048671671592" lon="34.764642744509956">
        <ele>644.4121482581407</ele>
        <time>2025-06-26T12:18:29.702Z</time>
      </trkpt>
      <trkpt lat="37.16031432676655" lon="34.76495410689395">
        <ele>650.8463440074989</ele>
        <time>2025-06-26T12:18:45.929Z</time>
      </trkpt>
      <trkpt lat="37.16031432676655" lon="34.76495410689395">
        <ele>650.8463440074989</ele>
        <time>2025-06-26T12:18:45.929Z</time>
      </trkpt>
      <trkpt lat="37.16017237149532" lon="34.764966940798644">
        <ele>652.122791975817</ele>
        <time>2025-06-26T12:18:53.368Z</time>
      </trkpt>
      <trkpt lat="37.16017237149532" lon="34.764966940798644">
        <ele>652.122791975817</ele>
        <time>2025-06-26T12:18:53.368Z</time>
      </trkpt>
      <trkpt lat="37.16003428110717" lon="34.76476207199852">
        <ele>648.853697651625</ele>
        <time>2025-06-26T12:19:04.519Z</time>
      </trkpt>
      <trkpt lat="37.159849807182155" lon="34.76454480470565">
        <ele>645.293680869812</ele>
        <time>2025-06-26T12:19:17.713Z</time>
      </trkpt>
      <trkpt lat="37.159849807182155" lon="34.76454480470565">
        <ele>645.293680869812</ele>
        <time>2025-06-26T12:19:17.713Z</time>
      </trkpt>
      <trkpt lat="37.15961190299349" lon="34.764365470790835">
        <ele>641.8565069786508</ele>
        <time>2025-06-26T12:19:32.186Z</time>
      </trkpt>
      <trkpt lat="37.15944927105036" lon="34.764318925163565">
        <ele>639.7380623790445</ele>
        <time>2025-06-26T12:19:40.885Z</time>
      </trkpt>
      <trkpt lat="37.15912010360459" lon="34.764367844507035">
        <ele>638.3539371920194</ele>
        <time>2025-06-26T12:19:58.171Z</time>
      </trkpt>
      <trkpt lat="37.15906012965645" lon="34.76447364809502">
        <ele>639.8755620360853</ele>
        <time>2025-06-26T12:20:03.567Z</time>
      </trkpt>
      <trkpt lat="37.15901870677499" lon="34.76465511035104">
        <ele>642.9008265085869</ele>
        <time>2025-06-26T12:20:07.036Z</time>
      </trkpt>
      <trkpt lat="37.15901870677499" lon="34.76465511035104">
        <ele>642.9008265085869</ele>
        <time>2025-06-26T12:20:07.036Z</time>
      </trkpt>
      <trkpt lat="37.159030068205226" lon="34.76473428793389">
        <ele>644.4530493577014</ele>
        <time>2025-06-26T12:20:10.375Z</time>
      </trkpt>
      <trkpt lat="37.1591136404281" lon="34.76475959982653">
        <ele>645.7386746561632</ele>
        <time>2025-06-26T12:20:14.853Z</time>
      </trkpt>
      <trkpt lat="37.1591136404281" lon="34.76475959982653">
        <ele>645.7386746561632</ele>
        <time>2025-06-26T12:20:14.853Z</time>
      </trkpt>
      <trkpt lat="37.15922026692273" lon="34.76477406376392">
        <ele>647.0384407989413</ele>
        <time>2025-06-26T12:20:20.439Z</time>
      </trkpt>
      <trkpt lat="37.15922026692273" lon="34.76477406376392">
        <ele>647.0384407989413</ele>
        <time>2025-06-26T12:20:23.884Z</time>
      </trkpt>
      <trkpt lat="37.15922026692273" lon="34.76477406376392">
        <ele>647.0384407989413</ele>
        <time>2025-06-26T12:20:23.884Z</time>
      </trkpt>
      <trkpt lat="37.15926637563058" lon="34.76503441464732">
        <ele>652.6318607491716</ele>
        <time>2025-06-26T12:20:34.968Z</time>
      </trkpt>
      <trkpt lat="37.15936056578276" lon="34.765087569680475">
        <ele>654.685064589662</ele>
        <time>2025-06-26T12:20:40.353Z</time>
      </trkpt>
      <trkpt lat="37.15936056578276" lon="34.765087569680475">
        <ele>654.685064589662</ele>
        <time>2025-06-26T12:20:40.353Z</time>
      </trkpt>
      <trkpt lat="37.15946770199555" lon="34.76505333093783">
        <ele>655.1701690458319</ele>
        <time>2025-06-26T12:20:46.118Z</time>
      </trkpt>
      <trkpt lat="37.159594444107825" lon="34.76514397940869">
        <ele>658.4068075883096</ele>
        <time>2025-06-26T12:20:53.725Z</time>
      </trkpt>
      <trkpt lat="37.15968585714245" lon="34.765456760992606">
        <ele>665.4277294406675</ele>
        <time>2025-06-26T12:21:07.571Z</time>
      </trkpt>
      <trkpt lat="37.15974164013187" lon="34.76559034266671">
        <ele>667.9559061281659</ele>
        <time>2025-06-26T12:21:13.838Z</time>
      </trkpt>
      <trkpt lat="37.159739398342296" lon="34.765941900171526">
        <ele>675.2646205840173</ele>
        <time>2025-06-26T12:21:28.449Z</time>
      </trkpt>
      <trkpt lat="37.15977793767155" lon="34.76601213798638">
        <ele>676.5483746885333</ele>
        <time>2025-06-26T12:21:31.993Z</time>
      </trkpt>
      <trkpt lat="37.160032933003194" lon="34.76647686623252">
        <ele>686.2529542948589</ele>
        <time>2025-06-26T12:21:55.443Z</time>
      </trkpt>
      <trkpt lat="37.160111906080374" lon="34.766719460888">
        <ele>691.9429337556945</ele>
        <time>2025-06-26T12:22:06.334Z</time>
      </trkpt>
      <trkpt lat="37.160433396595664" lon="34.76698546152015">
        <ele>697.9666019940128</ele>
        <time>2025-06-26T12:22:26.416Z</time>
      </trkpt>
      <trkpt lat="37.160808792030465" lon="34.767296062978716">
        <ele>699.6170316212078</ele>
        <time>2025-06-26T12:22:49.866Z</time>
      </trkpt>
      <trkpt lat="37.16109805211218" lon="34.767548519015804">
        <ele>701.3788799434212</ele>
        <time>2025-06-26T12:23:08.241Z</time>
      </trkpt>
      <trkpt lat="37.161272852538005" lon="34.767709488618635">
        <ele>703.1372939957078</ele>
        <time>2025-06-26T12:23:19.548Z</time>
      </trkpt>
      <trkpt lat="37.16127747829301" lon="34.767715837891615">
        <ele>703.2575932526659</ele>
        <time>2025-06-26T12:23:19.904Z</time>
      </trkpt>
      <trkpt lat="37.161580877696196" lon="34.76813228139815">
        <ele>710.6166544885853</ele>
        <time>2025-06-26T12:23:43.354Z</time>
      </trkpt>
      <trkpt lat="37.16181625824828" lon="34.7682987715184">
        <ele>712.4727349632284</ele>
        <time>2025-06-26T12:23:57.445Z</time>
      </trkpt>
      <trkpt lat="37.16189854434245" lon="34.76838405738346">
        <ele>713.9866404861212</ele>
        <time>2025-06-26T12:24:03.011Z</time>
      </trkpt>
      <trkpt lat="37.16228679330375" lon="34.76862630386873">
        <ele>719.2380802192263</ele>
        <time>2025-06-26T12:24:25.623Z</time>
      </trkpt>
      <trkpt lat="37.16239330591236" lon="34.768611250921">
        <ele>718.4974919427082</ele>
        <time>2025-06-26T12:24:31.212Z</time>
      </trkpt>
      <trkpt lat="37.16247238229627" lon="34.76842858514408">
        <ele>714.5632616247198</ele>
        <time>2025-06-26T12:24:39.851Z</time>
      </trkpt>
      <trkpt lat="37.162538373812666" lon="34.76826249925108">
        <ele>711.5518112358963</ele>
        <time>2025-06-26T12:24:47.563Z</time>
      </trkpt>
      <trkpt lat="37.16259988606586" lon="34.76795821918216">
        <ele>706.6116123502994</ele>
        <time>2025-06-26T12:25:00.609Z</time>
      </trkpt>
      <trkpt lat="37.16264390487953" lon="34.767715997813895">
        <ele>705.0521725430482</ele>
        <time>2025-06-26T12:25:10.934Z</time>
      </trkpt>
      <trkpt lat="37.1627074476725" lon="34.76760764126362">
        <ele>705.5387902349394</ele>
        <time>2025-06-26T12:25:16.525Z</time>
      </trkpt>
      <trkpt lat="37.162781178026364" lon="34.76763166850074">
        <ele>706.7295824411794</ele>
        <time>2025-06-26T12:25:20.497Z</time>
      </trkpt>
      <trkpt lat="37.162769066613066" lon="34.76769803320616">
        <ele>706.8713439460844</ele>
        <time>2025-06-26T12:25:23.326Z</time>
      </trkpt>
      <trkpt lat="37.16281235018869" lon="34.767794178367524">
        <ele>707.8055423541881</ele>
        <time>2025-06-26T12:25:27.915Z</time>
      </trkpt>
      <trkpt lat="37.16291099255349" lon="34.7680458234083">
        <ele>711.4553200692171</ele>
        <time>2025-06-26T12:25:39.570Z</time>
      </trkpt>
      <trkpt lat="37.16300648992549" lon="34.768434164716524">
        <ele>717.9147531015385</ele>
        <time>2025-06-26T12:25:56.460Z</time>
      </trkpt>
      <trkpt lat="37.163150907906754" lon="34.76866052063309">
        <ele>722.7998087950054</ele>
        <time>2025-06-26T12:26:08.510Z</time>
      </trkpt>
      <trkpt lat="37.163338093522555" lon="34.76898236489396">
        <ele>730.2297286286256</ele>
        <time>2025-06-26T12:26:25.069Z</time>
      </trkpt>
      <trkpt lat="37.163477614600296" lon="34.76914962387201">
        <ele>734.7551382438785</ele>
        <time>2025-06-26T12:26:35.132Z</time>
      </trkpt>
      <trkpt lat="37.163857879391784" lon="34.76915986540496">
        <ele>738.3790835204476</ele>
        <time>2025-06-26T12:26:54.967Z</time>
      </trkpt>
      <trkpt lat="37.16408433167956" lon="34.76903098144368">
        <ele>738.0646131359047</ele>
        <time>2025-06-26T12:27:07.934Z</time>
      </trkpt>
      <trkpt lat="37.16425439569261" lon="34.76897191571058">
        <ele>738.4436845150323</ele>
        <time>2025-06-26T12:27:17.136Z</time>
      </trkpt>
      <trkpt lat="37.16461345277878" lon="34.76904401245133">
        <ele>742.8936648072679</ele>
        <time>2025-06-26T12:27:36.099Z</time>
      </trkpt>
      <trkpt lat="37.16471789075737" lon="34.768996265665464">
        <ele>742.7251802275896</ele>
        <time>2025-06-26T12:27:41.895Z</time>
      </trkpt>
      <trkpt lat="37.16514038422345" lon="34.768803110787076">
        <ele>740.5067314766357</ele>
        <time>2025-06-26T12:28:05.345Z</time>
      </trkpt>
      <trkpt lat="37.165340938261465" lon="34.7686197564602">
        <ele>735.2552179499335</ele>
        <time>2025-06-26T12:28:18.285Z</time>
      </trkpt>
      <trkpt lat="37.16559060868508" lon="34.76850689373339">
        <ele>733.1038206767249</ele>
        <time>2025-06-26T12:28:32.124Z</time>
      </trkpt>
      <trkpt lat="37.16576352049965" lon="34.7684421182947">
        <ele>732.190786236064</ele>
        <time>2025-06-26T12:28:41.534Z</time>
      </trkpt>
      <trkpt lat="37.16618401764485" lon="34.76857255798933">
        <ele>737.0362334213892</ele>
        <time>2025-06-26T12:29:04.123Z</time>
      </trkpt>
      <trkpt lat="37.16626303039257" lon="34.76856745387272">
        <ele>736.9103069879118</ele>
        <time>2025-06-26T12:29:08.249Z</time>
      </trkpt>
      <trkpt lat="37.166400026792346" lon="34.76842457110172">
        <ele>733.2583812974635</ele>
        <time>2025-06-26T12:29:17.538Z</time>
      </trkpt>
      <trkpt lat="37.16662406867343" lon="34.76848747686935">
        <ele>735.1806867737796</ele>
        <time>2025-06-26T12:29:29.511Z</time>
      </trkpt>
      <trkpt lat="37.16688328519672" lon="34.76855001267913">
        <ele>736.3349714015392</ele>
        <time>2025-06-26T12:29:43.276Z</time>
      </trkpt>
      <trkpt lat="37.167171723222864" lon="34.768674501438106">
        <ele>738.8047490367782</ele>
        <time>2025-06-26T12:29:59.183Z</time>
      </trkpt>
      <trkpt lat="37.167596937343504" lon="34.76885802224112">
        <ele>743.0449199459989</ele>
        <time>2025-06-26T12:30:22.633Z</time>
      </trkpt>
      <trkpt lat="37.1678330628238" lon="34.76890899360262">
        <ele>744.7787379176357</ele>
        <time>2025-06-26T12:30:35.127Z</time>
      </trkpt>
      <trkpt lat="37.167838694850964" lon="34.76890930200963">
        <ele>744.8023932413665</ele>
        <time>2025-06-26T12:30:35.418Z</time>
      </trkpt>
      <trkpt lat="37.16828792809041" lon="34.768933901798675">
        <ele>746.9417435708931</ele>
        <time>2025-06-26T12:30:58.868Z</time>
      </trkpt>
      <trkpt lat="37.168505530604634" lon="34.768915720039786">
        <ele>747.6923665350314</ele>
        <time>2025-06-26T12:31:09.435Z</time>
      </trkpt>
      <trkpt lat="37.168505530604634" lon="34.768915720039786">
        <ele>747.6923665350314</ele>
        <time>2025-06-26T12:31:09.435Z</time>
      </trkpt>
      <trkpt lat="37.168638522561324" lon="34.768894339098225">
        <ele>747.8303389327602</ele>
        <time>2025-06-26T12:31:16.426Z</time>
      </trkpt>
      <trkpt lat="37.16908453782989" lon="34.76882263381145">
        <ele>749.2918904340605</ele>
        <time>2025-06-26T12:31:39.481Z</time>
      </trkpt>
      <trkpt lat="37.16908453782989" lon="34.76882263381145">
        <ele>749.2918904340605</ele>
        <time>2025-06-26T12:31:39.481Z</time>
      </trkpt>
      <trkpt lat="37.169274207433844" lon="34.76876464400982">
        <ele>750.0250423588709</ele>
        <time>2025-06-26T12:31:49.212Z</time>
      </trkpt>
      <trkpt lat="37.169274207433844" lon="34.76876464400982">
        <ele>750.0250423588709</ele>
        <time>2025-06-26T12:31:49.212Z</time>
      </trkpt>
      <trkpt lat="37.169451835715705" lon="34.76867573218712">
        <ele>750.0270873968731</ele>
        <time>2025-06-26T12:31:59.182Z</time>
      </trkpt>
      <trkpt lat="37.16956922641931" lon="34.76851832924541">
        <ele>748.0833467916592</ele>
        <time>2025-06-26T12:32:08.138Z</time>
      </trkpt>
      <trkpt lat="37.16956922641931" lon="34.76851832924541">
        <ele>748.0833467916592</ele>
        <time>2025-06-26T12:32:08.615Z</time>
      </trkpt>
      <trkpt lat="37.16956922641931" lon="34.76851832924541">
        <ele>748.0833467916592</ele>
        <time>2025-06-26T12:32:08.615Z</time>
      </trkpt>
      <trkpt lat="37.16980444103317" lon="34.76835540055993">
        <ele>746.6137250258288</ele>
        <time>2025-06-26T12:32:22.625Z</time>
      </trkpt>
      <trkpt lat="37.170198113767796" lon="34.76808271095061">
        <ele>743.4739845217678</ele>
        <time>2025-06-26T12:32:46.074Z</time>
      </trkpt>
      <trkpt lat="37.170244809786844" lon="34.76806256504314">
        <ele>743.3656053230179</ele>
        <time>2025-06-26T12:32:48.649Z</time>
      </trkpt>
      <trkpt lat="37.17067004339262" lon="34.767879107929446">
        <ele>744.0111600782495</ele>
        <time>2025-06-26T12:33:12.098Z</time>
      </trkpt>
      <trkpt lat="37.17067004339262" lon="34.767879107929446">
        <ele>744.0111600782495</ele>
        <time>2025-06-26T12:33:12.486Z</time>
      </trkpt>
      <trkpt lat="37.17067004339262" lon="34.767879107929446">
        <ele>744.0111600782495</ele>
        <time>2025-06-26T12:33:12.486Z</time>
      </trkpt>
      <trkpt lat="37.17085943541865" lon="34.767799360916015">
        <ele>745.0760498296245</ele>
        <time>2025-06-26T12:33:22.903Z</time>
      </trkpt>
      <trkpt lat="37.1712857397259" lon="34.76761985760731">
        <ele>747.6287964076746</ele>
        <time>2025-06-26T12:33:46.352Z</time>
      </trkpt>
      <trkpt lat="37.17171204403316" lon="34.7674403542986">
        <ele>749.4451726526814</ele>
        <time>2025-06-26T12:34:09.801Z</time>
      </trkpt>
      <trkpt lat="37.1717367428082" lon="34.76743178300817">
        <ele>749.5174350629098</ele>
        <time>2025-06-26T12:34:11.138Z</time>
      </trkpt>
      <trkpt lat="37.17217013763704" lon="34.767281380692935">
        <ele>751.8772134146891</ele>
        <time>2025-06-26T12:34:34.587Z</time>
      </trkpt>
      <trkpt lat="37.17217013763704" lon="34.767281380692935">
        <ele>751.8772134146891</ele>
        <time>2025-06-26T12:34:34.587Z</time>
      </trkpt>
      <trkpt lat="37.1725604791403" lon="34.76728515890815">
        <ele>759.0778116842208</ele>
        <time>2025-06-26T12:34:54.879Z</time>
      </trkpt>
      <trkpt lat="37.1725604791403" lon="34.76728515890815">
        <ele>759.0778116842208</ele>
        <time>2025-06-26T12:34:54.879Z</time>
      </trkpt>
      <trkpt lat="37.17287981000182" lon="34.76732640256901">
        <ele>765.0761599148169</ele>
        <time>2025-06-26T12:35:11.120Z</time>
      </trkpt>
      <trkpt lat="37.17287981000182" lon="34.76732640256901">
        <ele>765.0761599148169</ele>
        <time>2025-06-26T12:35:11.120Z</time>
      </trkpt>
      <trkpt lat="37.17327454355366" lon="34.767387874305115">
        <ele>767.6409286256081</ele>
        <time>2025-06-26T12:35:30.163Z</time>
      </trkpt>
      <trkpt lat="37.17327454355366" lon="34.767387874305115">
        <ele>767.6409286256081</ele>
        <time>2025-06-26T12:35:30.163Z</time>
      </trkpt>
      <trkpt lat="37.17351656894486" lon="34.76739149029018">
        <ele>768.226787771636</ele>
        <time>2025-06-26T12:36:22.411Z</time>
      </trkpt>
      <trkpt lat="37.17351656894486" lon="34.76739149029018">
        <ele>768.226787771636</ele>
        <time>2025-06-26T12:36:22.411Z</time>
      </trkpt>
      <trkpt lat="37.173718256179015" lon="34.767160067281566">
        <ele>762.1225463275805</ele>
        <time>2025-06-26T12:36:36.686Z</time>
      </trkpt>
      <trkpt lat="37.17387672434246" lon="34.76708413160807">
        <ele>760.4000169462531</ele>
        <time>2025-06-26T12:36:45.547Z</time>
      </trkpt>
      <trkpt lat="37.17387672434246" lon="34.76708413160807">
        <ele>760.4000169462531</ele>
        <time>2025-06-26T12:36:50.294Z</time>
      </trkpt>
      <trkpt lat="37.17387672434246" lon="34.76708413160807">
        <ele>760.4000169462531</ele>
        <time>2025-06-26T12:36:50.294Z</time>
      </trkpt>
      <trkpt lat="37.17405915069661" lon="34.7671801393642">
        <ele>763.804096301227</ele>
        <time>2025-06-26T12:37:00.603Z</time>
      </trkpt>
      <trkpt lat="37.174473826911424" lon="34.767398376104666">
        <ele>769.88527556092</ele>
        <time>2025-06-26T12:37:28.950Z</time>
      </trkpt>
      <trkpt lat="37.174473826911424" lon="34.767398376104666">
        <ele>769.88527556092</ele>
        <time>2025-06-26T12:37:28.950Z</time>
      </trkpt>
      <trkpt lat="37.17485990853996" lon="34.76766595895677">
        <ele>771.8013927839705</ele>
        <time>2025-06-26T12:37:54.714Z</time>
      </trkpt>
      <trkpt lat="37.17485990853996" lon="34.76766595895677">
        <ele>771.8013927839705</ele>
        <time>2025-06-26T12:37:54.714Z</time>
      </trkpt>
      <trkpt lat="37.17502701788641" lon="34.767774438491614">
        <ele>771.9784823102884</ele>
        <time>2025-06-26T12:38:08.393Z</time>
      </trkpt>
      <trkpt lat="37.17502701788641" lon="34.767774438491614">
        <ele>771.9784823102884</ele>
        <time>2025-06-26T12:38:08.393Z</time>
      </trkpt>
      <trkpt lat="37.17510950249901" lon="34.76787391567521">
        <ele>773.1597212747679</ele>
        <time>2025-06-26T12:38:14.355Z</time>
      </trkpt>
      <trkpt lat="37.17530484510992" lon="34.767945411287286">
        <ele>771.9361450619306</ele>
        <time>2025-06-26T12:38:24.960Z</time>
      </trkpt>
      <trkpt lat="37.17530484510992" lon="34.767945411287286">
        <ele>771.9361450619306</ele>
        <time>2025-06-26T12:38:24.960Z</time>
      </trkpt>
      <trkpt lat="37.17524688238921" lon="34.767858393461815">
        <ele>770.8559996927868</ele>
        <time>2025-06-26T12:38:29.670Z</time>
      </trkpt>
      <trkpt lat="37.17495847883484" lon="34.767425421202205">
        <ele>764.2354579105513</ele>
        <time>2025-06-26T12:38:53.120Z</time>
      </trkpt>
      <trkpt lat="37.17487838629633" lon="34.7672719579123">
        <ele>761.2629177459902</ele>
        <time>2025-06-26T12:39:00.743Z</time>
      </trkpt>
      <trkpt lat="37.17465261002444" lon="34.76684409049517">
        <ele>752.8041595651775</ele>
        <time>2025-06-26T12:39:22.067Z</time>
      </trkpt>
      <trkpt lat="37.17454401155618" lon="34.76665671931903">
        <ele>749.5214782350705</ele>
        <time>2025-06-26T12:39:31.695Z</time>
      </trkpt>
      <trkpt lat="37.17444941042225" lon="34.766519664271634">
        <ele>747.0155613588313</ele>
        <time>2025-06-26T12:39:39.229Z</time>
      </trkpt>
      <trkpt lat="37.17415499235466" lon="34.76609312094672">
        <ele>736.8185045055584</ele>
        <time>2025-06-26T12:40:02.679Z</time>
      </trkpt>
      <trkpt lat="37.17390326800907" lon="34.76578287517626">
        <ele>730.803216453549</ele>
        <time>2025-06-26T12:40:20.565Z</time>
      </trkpt>
      <trkpt lat="37.17390326800907" lon="34.76578287517626">
        <ele>730.803216453549</ele>
        <time>2025-06-26T12:40:20.565Z</time>
      </trkpt>
      <trkpt lat="37.173737899971485" lon="34.765690271173526">
        <ele>728.862800619126</ele>
        <time>2025-06-26T12:40:30.008Z</time>
      </trkpt>
      <trkpt lat="37.173612282336165" lon="34.76550037922726">
        <ele>725.2292438166456</ele>
        <time>2025-06-26T12:40:40.263Z</time>
      </trkpt>
      <trkpt lat="37.173612282336165" lon="34.76550037922726">
        <ele>725.2292438166456</ele>
        <time>2025-06-26T12:40:40.263Z</time>
      </trkpt>
      <trkpt lat="37.173612282336165" lon="34.76550037922726">
        <ele>725.2292438166456</ele>
        <time>2025-06-26T12:40:40.263Z</time>
      </trkpt>
      <trkpt lat="37.17355926278084" lon="34.765484160057554">
        <ele>724.8566897037674</ele>
        <time>2025-06-26T12:40:43.107Z</time>
      </trkpt>
      <trkpt lat="37.17353621278973" lon="34.76539737643026">
        <ele>723.431634920277</ele>
        <time>2025-06-26T12:40:46.457Z</time>
      </trkpt>
      <trkpt lat="37.17353621278973" lon="34.76539737643026">
        <ele>723.431634920277</ele>
        <time>2025-06-26T12:40:46.457Z</time>
      </trkpt>
      <trkpt lat="37.173957276463995" lon="34.765199339600734">
        <ele>723.0802842891874</ele>
        <time>2025-06-26T12:41:07.124Z</time>
      </trkpt>
      <trkpt lat="37.17437834013826" lon="34.76500130277121">
        <ele>724.5512665095981</ele>
        <time>2025-06-26T12:41:27.791Z</time>
      </trkpt>
      <trkpt lat="37.17476163733056" lon="34.76482102846742">
        <ele>723.0890189373878</ele>
        <time>2025-06-26T12:42:12.949Z</time>
      </trkpt>
      <trkpt lat="37.17476163733056" lon="34.76482102846742">
        <ele>723.0890189373878</ele>
        <time>2025-06-26T12:42:12.949Z</time>
      </trkpt>
      <trkpt lat="37.17515087670624" lon="34.764666474139204">
        <ele>721.2328635260474</ele>
        <time>2025-06-26T12:42:56.286Z</time>
      </trkpt>
      <trkpt lat="37.17515087670624" lon="34.764666474139204">
        <ele>721.2328635260474</ele>
        <time>2025-06-26T12:42:56.286Z</time>
      </trkpt>
      <trkpt lat="37.17534443985383" lon="34.76427223043996">
        <ele>715.4287510594589</ele>
        <time>2025-06-26T12:43:35.454Z</time>
      </trkpt>
      <trkpt lat="37.17547167288281" lon="34.764199647648155">
        <ele>712.4576126759879</ele>
        <time>2025-06-26T12:43:50.290Z</time>
      </trkpt>
      <trkpt lat="37.17547167288281" lon="34.764199647648155">
        <ele>712.4576126759879</ele>
        <time>2025-06-26T12:43:50.290Z</time>
      </trkpt>
      <trkpt lat="37.175792896869154" lon="34.76410668322271">
        <ele>705.3573425693664</ele>
        <time>2025-06-26T12:44:25.512Z</time>
      </trkpt>
      <trkpt lat="37.175792896869154" lon="34.76410668322271">
        <ele>705.3573425693664</ele>
        <time>2025-06-26T12:44:25.512Z</time>
      </trkpt>
      <trkpt lat="37.175792896869154" lon="34.76410668322271">
        <ele>705.3573425693664</ele>
        <time>2025-06-26T12:44:25.512Z</time>
      </trkpt>
      <trkpt lat="37.17599666220334" lon="34.764609757906975">
        <ele>705.7381299030039</ele>
        <time>2025-06-26T12:45:06.199Z</time>
      </trkpt>
      <trkpt lat="37.17614419479143" lon="34.76497399999198">
        <ele>705.7617791685052</ele>
        <time>2025-06-26T12:45:35.657Z</time>
      </trkpt>
      <trkpt lat="37.17645925327291" lon="34.76506703874108">
        <ele>699.6881263069814</ele>
        <time>2025-06-26T12:46:04.943Z</time>
      </trkpt>
      <trkpt lat="37.17645925327291" lon="34.76506703874108">
        <ele>699.6881263069814</ele>
        <time>2025-06-26T12:46:04.943Z</time>
      </trkpt>
      <trkpt lat="37.17645925327291" lon="34.76506703874108">
        <ele>699.6881263069814</ele>
        <time>2025-06-26T12:46:04.943Z</time>
      </trkpt>
      <trkpt lat="37.17690835243125" lon="34.765038856341604">
        <ele>689.1696469343368</ele>
        <time>2025-06-26T12:46:46.202Z</time>
      </trkpt>
      <trkpt lat="37.17735745158958" lon="34.765010673942136">
        <ele>679.4882884319875</ele>
        <time>2025-06-26T12:47:27.461Z</time>
      </trkpt>
      <trkpt lat="37.17757121388344" lon="34.764997259678836">
        <ele>676.0203775469142</ele>
        <time>2025-06-26T12:47:47.099Z</time>
      </trkpt>
      <trkpt lat="37.17784100999257" lon="34.76454577217648">
        <ele>668.4031293621296</ele>
        <time>2025-06-26T12:48:28.358Z</time>
      </trkpt>
      <trkpt lat="37.1781108061017" lon="34.76409428467413">
        <ele>660.4966890165836</ele>
        <time>2025-06-26T12:49:09.617Z</time>
      </trkpt>
      <trkpt lat="37.17838060221082" lon="34.763642797171784">
        <ele>654.7214578068129</ele>
        <time>2025-06-26T12:49:50.876Z</time>
      </trkpt>
      <trkpt lat="37.1784051736002" lon="34.763601678434924">
        <ele>654.2783193229941</ele>
        <time>2025-06-26T12:49:54.633Z</time>
      </trkpt>
      <trkpt lat="37.1784051736002" lon="34.763601678434924">
        <ele>654.2783193229941</ele>
        <time>2025-06-26T12:49:54.633Z</time>
      </trkpt>
      <trkpt lat="37.1784051736002" lon="34.763601678434924">
        <ele>654.2783193229941</ele>
        <time>2025-06-26T12:49:54.633Z</time>
      </trkpt>
      <trkpt lat="37.178236078367775" lon="34.7630787415102">
        <ele>651.432486974682</ele>
        <time>2025-06-26T12:50:46.033Z</time>
      </trkpt>
      <trkpt lat="37.17819082283002" lon="34.76293878610517">
        <ele>650.3090656252125</ele>
        <time>2025-06-26T12:50:57.149Z</time>
      </trkpt>
      <trkpt lat="37.17819082283002" lon="34.76293878610517">
        <ele>650.3090656252125</ele>
        <time>2025-06-26T12:50:57.149Z</time>
      </trkpt>
      <trkpt lat="37.17816621534007" lon="34.762514125064826">
        <ele>644.5597112158766</ele>
        <time>2025-06-26T12:51:27.931Z</time>
      </trkpt>
      <trkpt lat="37.17816621534007" lon="34.762514125064826">
        <ele>644.5597112158766</ele>
        <time>2025-06-26T12:51:27.931Z</time>
      </trkpt>
      <trkpt lat="37.17816160143484" lon="34.762353912036446">
        <ele>642.3153065496592</ele>
        <time>2025-06-26T12:51:39.500Z</time>
      </trkpt>
      <trkpt lat="37.17816160143484" lon="34.762353912036446">
        <ele>642.3153065496592</ele>
        <time>2025-06-26T12:51:39.500Z</time>
      </trkpt>
      <trkpt lat="37.17842305561895" lon="34.762112627353844">
        <ele>635.5387838599204</ele>
        <time>2025-06-26T12:52:07.902Z</time>
      </trkpt>
      <trkpt lat="37.17842305561895" lon="34.762112627353844">
        <ele>635.5387838599204</ele>
        <time>2025-06-26T12:52:07.902Z</time>
      </trkpt>
      <trkpt lat="37.17887158928318" lon="34.76215255092217">
        <ele>631.641108360794</ele>
        <time>2025-06-26T12:52:47.255Z</time>
      </trkpt>
      <trkpt lat="37.17894574082217" lon="34.76215915108236">
        <ele>630.9974362688608</ele>
        <time>2025-06-26T12:52:53.737Z</time>
      </trkpt>
      <trkpt lat="37.17894574082217" lon="34.76215915108236">
        <ele>630.9974362688608</ele>
        <time>2025-06-26T12:52:53.737Z</time>
      </trkpt>
      <trkpt lat="37.1792012932318" lon="34.76190134682574">
        <ele>624.8041920073629</ele>
        <time>2025-06-26T12:53:22.328Z</time>
      </trkpt>
      <trkpt lat="37.179355219580714" lon="34.76161762801593">
        <ele>619.8219584148835</ele>
        <time>2025-06-26T12:53:46.176Z</time>
      </trkpt>
      <trkpt lat="37.179355219580714" lon="34.76161762801593">
        <ele>619.8219584148835</ele>
        <time>2025-06-26T12:53:46.176Z</time>
      </trkpt>
      <trkpt lat="37.179355219580714" lon="34.76161762801593">
        <ele>619.8219584148835</ele>
        <time>2025-06-26T12:53:46.176Z</time>
      </trkpt>
      <trkpt lat="37.179100636237386" lon="34.76115243254552">
        <ele>613.8491379298275</ele>
        <time>2025-06-26T12:54:04.812Z</time>
      </trkpt>
      <trkpt lat="37.17884605289405" lon="34.760687237075125">
        <ele>609.2546124716531</ele>
        <time>2025-06-26T12:54:23.448Z</time>
      </trkpt>
      <trkpt lat="37.178591469550724" lon="34.76022204160472">
        <ele>606.1131046919717</ele>
        <time>2025-06-26T12:54:42.084Z</time>
      </trkpt>
      <trkpt lat="37.1783368862074" lon="34.75975684613432">
        <ele>606.3227791369899</ele>
        <time>2025-06-26T12:55:00.720Z</time>
      </trkpt>
      <trkpt lat="37.17808230286406" lon="34.75929165066392">
        <ele>609.3500731408367</ele>
        <time>2025-06-26T12:55:19.356Z</time>
      </trkpt>
      <trkpt lat="37.177827719520735" lon="34.75882645519352">
        <ele>607.690055269238</ele>
        <time>2025-06-26T12:55:37.993Z</time>
      </trkpt>
      <trkpt lat="37.1775731361774" lon="34.75836125972312">
        <ele>601.9572679324549</ele>
        <time>2025-06-26T12:55:56.630Z</time>
      </trkpt>
      <trkpt lat="37.17731855283407" lon="34.75789606425272">
        <ele>597.3507853820453</ele>
        <time>2025-06-26T12:56:15.267Z</time>
      </trkpt>
      <trkpt lat="37.177063969490746" lon="34.757430868782315">
        <ele>593.0400680639791</ele>
        <time>2025-06-26T12:56:33.904Z</time>
      </trkpt>
      <trkpt lat="37.17684333808743" lon="34.75702771306872">
        <ele>588.3396719068483</ele>
        <time>2025-06-26T12:56:50.427Z</time>
      </trkpt>
      <trkpt lat="37.17684333808743" lon="34.75702771306872">
        <ele>588.3304131380751</ele>
        <time>2025-06-26T12:56:50.427Z</time>
      </trkpt>
      <trkpt lat="37.176690743779986" lon="34.756720996240176">
        <ele>584.7257302252583</ele>
        <time>2025-06-26T12:57:02.643Z</time>
      </trkpt>
      <trkpt lat="37.17642706095411" lon="34.75626386358406">
        <ele>579.6607584635776</ele>
        <time>2025-06-26T12:57:21.708Z</time>
      </trkpt>
      <trkpt lat="37.1763958993219" lon="34.756209840347424">
        <ele>578.8662481113802</ele>
        <time>2025-06-26T12:57:23.961Z</time>
      </trkpt>
      <trkpt lat="37.1763958993219" lon="34.756209840347424">
        <ele>578.8662481113802</ele>
        <time>2025-06-26T12:57:23.961Z</time>
      </trkpt>
      <trkpt lat="37.1763958993219" lon="34.756209840347424">
        <ele>578.8662481113802</ele>
        <time>2025-06-26T12:57:23.987Z</time>
      </trkpt>
      <trkpt lat="37.17619942605137" lon="34.75606482510409">
        <ele>577.3877425005494</ele>
        <time>2025-06-26T12:57:33.976Z</time>
      </trkpt>
      <trkpt lat="37.17619942605137" lon="34.75606482510409">
        <ele>577.3877425005494</ele>
        <time>2025-06-26T12:57:33.976Z</time>
      </trkpt>
      <trkpt lat="37.176014284213394" lon="34.75604846158495">
        <ele>578.586485999643</ele>
        <time>2025-06-26T12:57:42.182Z</time>
      </trkpt>
      <trkpt lat="37.176014284213394" lon="34.75604846158495">
        <ele>578.586485999643</ele>
        <time>2025-06-26T12:57:42.182Z</time>
      </trkpt>
      <trkpt lat="37.175909978753126" lon="34.755861917459754">
        <ele>574.9012535029551</ele>
        <time>2025-06-26T12:57:50.349Z</time>
      </trkpt>
      <trkpt lat="37.175909978753126" lon="34.755861917459754">
        <ele>574.9012535029551</ele>
        <time>2025-06-26T12:57:50.349Z</time>
      </trkpt>
      <trkpt lat="37.175717013271296" lon="34.755698282262756">
        <ele>572.3954634137011</ele>
        <time>2025-06-26T12:58:00.962Z</time>
      </trkpt>
      <trkpt lat="37.175717013271296" lon="34.755698282262756">
        <ele>572.3954634137011</ele>
        <time>2025-06-26T12:58:00.962Z</time>
      </trkpt>
      <trkpt lat="37.17556013295528" lon="34.7554637130886">
        <ele>567.6662281006577</ele>
        <time>2025-06-26T12:58:12.208Z</time>
      </trkpt>
      <trkpt lat="37.17556013295528" lon="34.7554637130886">
        <ele>567.6662281006577</ele>
        <time>2025-06-26T12:58:12.208Z</time>
      </trkpt>
      <trkpt lat="37.175458434498964" lon="34.755005534486884">
        <ele>557.939157861938</ele>
        <time>2025-06-26T12:58:29.775Z</time>
      </trkpt>
      <trkpt lat="37.175458434498964" lon="34.755005534486884">
        <ele>557.939157861938</ele>
        <time>2025-06-26T12:58:29.775Z</time>
      </trkpt>
      <trkpt lat="37.175890815631384" lon="34.75485059473024">
        <ele>552.1250776736541</ele>
        <time>2025-06-26T12:58:50.619Z</time>
      </trkpt>
      <trkpt lat="37.17605345995415" lon="34.75479231265015">
        <ele>551.2357837887489</ele>
        <time>2025-06-26T12:58:58.464Z</time>
      </trkpt>
      <trkpt lat="37.17605345995415" lon="34.75479231265015">
        <ele>551.2357837887489</ele>
        <time>2025-06-26T12:58:58.464Z</time>
      </trkpt>
      <trkpt lat="37.17632934248273" lon="34.75454367991699">
        <ele>548.3896097902723</ele>
        <time>2025-06-26T12:59:14.571Z</time>
      </trkpt>
      <trkpt lat="37.17632934248273" lon="34.75454367991699">
        <ele>548.3896097902723</ele>
        <time>2025-06-26T12:59:14.571Z</time>
      </trkpt>
      <trkpt lat="37.17674998147277" lon="34.75474313952444">
        <ele>553.0449917375051</ele>
        <time>2025-06-26T12:59:35.895Z</time>
      </trkpt>
      <trkpt lat="37.17677287382706" lon="34.75475399467604">
        <ele>553.3357955601278</ele>
        <time>2025-06-26T12:59:37.131Z</time>
      </trkpt>
      <trkpt lat="37.17677287382706" lon="34.75475399467604">
        <ele>553.3357955601278</ele>
        <time>2025-06-26T12:59:37.131Z</time>
      </trkpt>
      <trkpt lat="37.1767576372704" lon="34.75445748158219">
        <ele>550.5898397578404</ele>
        <time>2025-06-26T12:59:49.096Z</time>
      </trkpt>
      <trkpt lat="37.17666897589635" lon="34.754312486604164">
        <ele>548.2405148033522</ele>
        <time>2025-06-26T12:59:56.456Z</time>
      </trkpt>
      <trkpt lat="37.17666897589635" lon="34.754312486604164">
        <ele>548.2405148033522</ele>
        <time>2025-06-26T12:59:56.456Z</time>
      </trkpt>
      <trkpt lat="37.176383558788935" lon="34.75387640022427">
        <ele>552.0295120878849</ele>
        <time>2025-06-26T13:00:17.796Z</time>
      </trkpt>
      <trkpt lat="37.176236414219346" lon="34.75365157928326">
        <ele>553.828545890749</ele>
        <time>2025-06-26T13:00:29.347Z</time>
      </trkpt>
      <trkpt lat="37.176236414219346" lon="34.75365157928326">
        <ele>553.828545890749</ele>
        <time>2025-06-26T13:00:29.347Z</time>
      </trkpt>
      <trkpt lat="37.176236414219346" lon="34.75365157928326">
        <ele>553.828545890749</ele>
        <time>2025-06-26T13:00:29.347Z</time>
      </trkpt>
      <trkpt lat="37.17613700546627" lon="34.75349309638301">
        <ele>555.0656246095667</ele>
        <time>2025-06-26T13:00:35.526Z</time>
      </trkpt>
      <trkpt lat="37.17613700546627" lon="34.75349309638301">
        <ele>555.0656246095667</ele>
        <time>2025-06-26T13:00:35.526Z</time>
      </trkpt>
      <trkpt lat="37.17578684237894" lon="34.753181692397675">
        <ele>555.1584680117721</ele>
        <time>2025-06-26T13:00:52.027Z</time>
      </trkpt>
      <trkpt lat="37.17578684237894" lon="34.753181692397675">
        <ele>555.1584680117721</ele>
        <time>2025-06-26T13:00:52.027Z</time>
      </trkpt>
      <trkpt lat="37.17538465408557" lon="34.752929311578264">
        <ele>550.5578313942667</ele>
        <time>2025-06-26T13:01:29.004Z</time>
      </trkpt>
      <trkpt lat="37.17518035869736" lon="34.752801112328484">
        <ele>547.413120884611</ele>
        <time>2025-06-26T13:01:39.618Z</time>
      </trkpt>
      <trkpt lat="37.17518035869736" lon="34.752801112328484">
        <ele>547.413120884611</ele>
        <time>2025-06-26T13:01:39.618Z</time>
      </trkpt>
      <trkpt lat="37.175420881511215" lon="34.75232429142356">
        <ele>558.8901174842212</ele>
        <time>2025-06-26T13:02:00.021Z</time>
      </trkpt>
      <trkpt lat="37.17566140432506" lon="34.75184747051863">
        <ele>572.9338910746608</ele>
        <time>2025-06-26T13:02:20.860Z</time>
      </trkpt>
      <trkpt lat="37.175901927138916" lon="34.75137064961371">
        <ele>586.7916674075657</ele>
        <time>2025-06-26T13:02:41.699Z</time>
      </trkpt>
      <trkpt lat="37.175934535191615" lon="34.75130600626056">
        <ele>588.484106398374</ele>
        <time>2025-06-26T13:02:44.524Z</time>
      </trkpt>
      <trkpt lat="37.175934535191615" lon="34.75130600626056">
        <ele>588.484106398374</ele>
        <time>2025-06-26T13:02:44.524Z</time>
      </trkpt>
      <trkpt lat="37.175934535191615" lon="34.75130600626056">
        <ele>588.484106398374</ele>
        <time>2025-06-26T13:07:44.400Z</time>
      </trkpt>
      <trkpt lat="37.17635826971131" lon="34.75111715011083">
        <ele>601.4925161563567</ele>
        <time>2025-06-26T13:17:29.770Z</time>
      </trkpt>
      <trkpt lat="37.176427715300335" lon="34.75108619859296">
        <ele>603.6235896362562</ele>
        <time>2025-06-26T13:19:05.705Z</time>
      </trkpt>
      <trkpt lat="37.176427715300335" lon="34.75108619859296">
        <ele>603.6235896362562</ele>
        <time>2025-06-26T13:19:05.705Z</time>
      </trkpt>
      <trkpt lat="37.176427715300335" lon="34.75108619859296">
        <ele>603.6235896362562</ele>
        <time>2025-06-26T13:19:05.705Z</time>
      </trkpt>
      <trkpt lat="37.17651881897301" lon="34.75053355476351">
        <ele>613.936646645517</ele>
        <time>2025-06-26T13:19:32.381Z</time>
      </trkpt>
      <trkpt lat="37.176549010423486" lon="34.750350410458594">
        <ele>617.2846502113134</ele>
        <time>2025-06-26T13:19:41.221Z</time>
      </trkpt>
      <trkpt lat="37.17689647465155" lon="34.74999219479455">
        <ele>630.4514215762242</ele>
        <time>2025-06-26T13:20:07.897Z</time>
      </trkpt>
      <trkpt lat="37.177115051756886" lon="34.749766854351975">
        <ele>639.1838608520577</ele>
        <time>2025-06-26T13:20:24.678Z</time>
      </trkpt>
      <trkpt lat="37.177115051756886" lon="34.749766854351975">
        <ele>639.1838608520577</ele>
        <time>2025-06-26T13:20:24.678Z</time>
      </trkpt>
      <trkpt lat="37.176815521784675" lon="34.749345938820916">
        <ele>638.5959492137295</ele>
        <time>2025-06-26T13:26:54.114Z</time>
      </trkpt>
      <trkpt lat="37.17662095167951" lon="34.74907251850662">
        <ele>638.4559087787513</ele>
        <time>2025-06-26T13:27:10.330Z</time>
      </trkpt>
      <trkpt lat="37.17662095167951" lon="34.74907251850662">
        <ele>638.4792115855624</ele>
        <time>2025-06-26T13:27:10.330Z</time>
      </trkpt>
      <trkpt lat="37.17662095167951" lon="34.74907251850662">
        <ele>638.4559087787513</ele>
        <time>2025-06-26T13:27:14.771Z</time>
      </trkpt>
      <trkpt lat="37.17667920243113" lon="34.748512924508574">
        <ele>649.9206502275553</ele>
        <time>2025-06-26T13:27:48.532Z</time>
      </trkpt>
      <trkpt lat="37.17668011251706" lon="34.748504181640726">
        <ele>650.1164383969513</ele>
        <time>2025-06-26T13:27:49.049Z</time>
      </trkpt>
      <trkpt lat="37.17668011251706" lon="34.748504181640726">
        <ele>650.1164383969513</ele>
        <time>2025-06-26T13:27:49.049Z</time>
      </trkpt>
      <trkpt lat="37.176658459285676" lon="34.74823242107064">
        <ele>657.6300867532858</ele>
        <time>2025-06-26T13:28:05.073Z</time>
      </trkpt>
      <trkpt lat="37.17630118007558" lon="34.74804898268604">
        <ele>655.9865446918651</ele>
        <time>2025-06-26T13:28:33.499Z</time>
      </trkpt>
      <trkpt lat="37.17630118007558" lon="34.74804898268604">
        <ele>655.9865446918651</ele>
        <time>2025-06-26T13:28:33.499Z</time>
      </trkpt>
      <trkpt lat="37.17630118007558" lon="34.74804898268604">
        <ele>655.9865446918651</ele>
        <time>2025-06-26T13:28:33.499Z</time>
      </trkpt>
      <trkpt lat="37.176031071848" lon="34.747745613041815">
        <ele>659.9002510683154</ele>
        <time>2025-06-26T13:28:57.563Z</time>
      </trkpt>
      <trkpt lat="37.17567018403214" lon="34.74801963732128">
        <ele>643.8695208104796</ele>
        <time>2025-06-26T13:29:25.565Z</time>
      </trkpt>
      <trkpt lat="37.17567018403214" lon="34.74801963732128">
        <ele>643.8695208104796</ele>
        <time>2025-06-26T13:29:25.565Z</time>
      </trkpt>
      <trkpt lat="37.17567018403214" lon="34.74801963732128">
        <ele>643.8695208104796</ele>
        <time>2025-06-26T13:29:25.565Z</time>
      </trkpt>
      <trkpt lat="37.17541141877086" lon="34.74755810567475">
        <ele>652.0322904333011</ele>
        <time>2025-06-26T13:31:23.991Z</time>
      </trkpt>
      <trkpt lat="37.17540393127547" lon="34.747544751037964">
        <ele>652.2460981040733</ele>
        <time>2025-06-26T13:31:27.309Z</time>
      </trkpt>
      <trkpt lat="37.17540393127547" lon="34.747544751037964">
        <ele>652.2460981040733</ele>
        <time>2025-06-26T13:31:27.309Z</time>
      </trkpt>
      <trkpt lat="37.175088320576165" lon="34.747717247162825">
        <ele>640.2633848438205</ele>
        <time>2025-06-26T13:32:56.135Z</time>
      </trkpt>
      <trkpt lat="37.175088320576165" lon="34.747717247162825">
        <ele>640.2633848438205</ele>
        <time>2025-06-26T13:32:56.135Z</time>
      </trkpt>
      <trkpt lat="37.17470374622874" lon="34.7474248075948">
        <ele>640.5069656782064</ele>
        <time>2025-06-26T13:34:52.163Z</time>
      </trkpt>
      <trkpt lat="37.1743191718813" lon="34.74713236802677">
        <ele>643.572529895938</ele>
        <time>2025-06-26T13:36:48.191Z</time>
      </trkpt>
      <trkpt lat="37.17393459753387" lon="34.74683992845874">
        <ele>650.4052434438371</ele>
        <time>2025-06-26T13:38:44.219Z</time>
      </trkpt>
      <trkpt lat="37.173550023186436" lon="34.74654748889071">
        <ele>655.1899380456377</ele>
        <time>2025-06-26T13:40:40.247Z</time>
      </trkpt>
      <trkpt lat="37.17316544883901" lon="34.746255049322684">
        <ele>662.9549920195176</ele>
        <time>2025-06-26T13:42:36.275Z</time>
      </trkpt>
      <trkpt lat="37.173059874662044" lon="34.74617476818352">
        <ele>664.3548414758144</ele>
        <time>2025-06-26T13:42:59.483Z</time>
      </trkpt>
      <trkpt lat="37.173059874662044" lon="34.74617476818352">
        <ele>664.3548414758144</ele>
        <time>2025-06-26T13:42:59.483Z</time>
      </trkpt>
      <trkpt lat="37.17274833045652" lon="34.74658169271992">
        <ele>660.9852482884986</ele>
        <time>2025-06-26T13:44:24.025Z</time>
      </trkpt>
      <trkpt lat="37.17246569625215" lon="34.74695085635881">
        <ele>654.7118895312311</ele>
        <time>2025-06-26T13:45:40.722Z</time>
      </trkpt>
      <trkpt lat="37.17201961518111" lon="34.74687979782734">
        <ele>659.4281663812674</ele>
        <time>2025-06-26T13:47:05.264Z</time>
      </trkpt>
      <trkpt lat="37.171699194179226" lon="34.746828756329904">
        <ele>661.4019818032168</ele>
        <time>2025-06-26T13:48:05.991Z</time>
      </trkpt>
      <trkpt lat="37.171699194179226" lon="34.746828756329904">
        <ele>661.4019818032168</ele>
        <time>2025-06-26T13:48:05.991Z</time>
      </trkpt>
      <trkpt lat="37.171699194179226" lon="34.746828756329904">
        <ele>661.4019818032168</ele>
        <time>2025-06-26T13:48:05.991Z</time>
      </trkpt>
      <trkpt lat="37.17125207397381" lon="34.74676886166721">
        <ele>663.898293310172</ele>
        <time>2025-06-26T13:49:22.127Z</time>
      </trkpt>
      <trkpt lat="37.1708049537684" lon="34.74670896700453">
        <ele>664.1493789818402</ele>
        <time>2025-06-26T13:50:38.263Z</time>
      </trkpt>
      <trkpt lat="37.17035783356299" lon="34.74664907234184">
        <ele>663.6966509943377</ele>
        <time>2025-06-26T13:51:54.399Z</time>
      </trkpt>
      <trkpt lat="37.16998142070716" lon="34.746598649389">
        <ele>662.1197823214825</ele>
        <time>2025-06-26T13:52:50.781Z</time>
      </trkpt>
      <trkpt lat="37.16998142070716" lon="34.746598649389">
        <ele>662.1197823214825</ele>
        <time>2025-06-26T13:52:50.781Z</time>
      </trkpt>
      <trkpt lat="37.16977633715778" lon="34.74609646033019">
        <ele>664.6194858692284</ele>
        <time>2025-06-26T13:53:57.754Z</time>
      </trkpt>
      <trkpt lat="37.169571253608396" lon="34.74559427127138">
        <ele>663.283687035181</ele>
        <time>2025-06-26T13:55:04.727Z</time>
      </trkpt>
      <trkpt lat="37.16956389583491" lon="34.745576254256605">
        <ele>663.1955263160171</ele>
        <time>2025-06-26T13:55:07.129Z</time>
      </trkpt>
      <trkpt lat="37.16956389583491" lon="34.745576254256605">
        <ele>663.1955263160171</ele>
        <time>2025-06-26T13:55:07.129Z</time>
      </trkpt>
      <trkpt lat="37.16990456229613" lon="34.74520793188755">
        <ele>669.7409918529794</ele>
        <time>2025-06-26T13:56:14.095Z</time>
      </trkpt>
      <trkpt lat="37.16996519604058" lon="34.745142375788134">
        <ele>670.5276508000218</ele>
        <time>2025-06-26T13:56:26.014Z</time>
      </trkpt>
      <trkpt lat="37.17031660424877" lon="34.74479030323387">
        <ele>674.9482584323742</ele>
        <time>2025-06-26T13:57:32.980Z</time>
      </trkpt>
      <trkpt lat="37.17049900917836" lon="34.74460755346317">
        <ele>677.0094898541928</ele>
        <time>2025-06-26T13:58:07.740Z</time>
      </trkpt>
      <trkpt lat="37.17049900917836" lon="34.74460755346317">
        <ele>677.0094898541928</ele>
        <time>2025-06-26T13:58:07.740Z</time>
      </trkpt>
      <trkpt lat="37.17049900917836" lon="34.74460755346317">
        <ele>677.0094898541928</ele>
        <time>2025-06-26T13:58:07.740Z</time>
      </trkpt>
      <trkpt lat="37.170739422869" lon="34.74413067690318">
        <ele>679.1614377852535</ele>
        <time>2025-06-26T13:59:12.668Z</time>
      </trkpt>
      <trkpt lat="37.17078632636431" lon="34.744037640697826">
        <ele>679.5515385528021</ele>
        <time>2025-06-26T13:59:25.335Z</time>
      </trkpt>
      <trkpt lat="37.17082101149647" lon="34.74349826113934">
        <ele>682.2016620703982</ele>
        <time>2025-06-26T14:00:27.597Z</time>
      </trkpt>
      <trkpt lat="37.17082101149647" lon="34.74349826113934">
        <ele>682.2016620703982</ele>
        <time>2025-06-26T14:00:27.597Z</time>
      </trkpt>
      <trkpt lat="37.17082101149647" lon="34.74349826113934">
        <ele>682.2016620703982</ele>
        <time>2025-06-26T14:00:27.597Z</time>
      </trkpt>
      <trkpt lat="37.17087371236412" lon="34.74293784409065">
        <ele>686.0963170037382</ele>
        <time>2025-06-26T14:01:43.962Z</time>
      </trkpt>
      <trkpt lat="37.170905981681784" lon="34.742594694602275">
        <ele>688.703375150493</ele>
        <time>2025-06-26T14:02:30.721Z</time>
      </trkpt>
      <trkpt lat="37.17107590691477" lon="34.742072232072736">
        <ele>694.1388854471975</ele>
        <time>2025-06-26T14:03:47.086Z</time>
      </trkpt>
      <trkpt lat="37.17111008569823" lon="34.7419671438916">
        <ele>695.3182750118903</ele>
        <time>2025-06-26T14:04:02.446Z</time>
      </trkpt>
      <trkpt lat="37.17111008569823" lon="34.7419671438916">
        <ele>695.3182750118903</ele>
        <time>2025-06-26T14:04:02.446Z</time>
      </trkpt>
      <trkpt lat="37.17111008569823" lon="34.7419671438916">
        <ele>695.3182750118903</ele>
        <time>2025-06-26T14:04:02.446Z</time>
      </trkpt>
      <trkpt lat="37.17119691897061" lon="34.741527138174206">
        <ele>701.3514142619496</ele>
        <time>2025-06-26T14:05:11.335Z</time>
      </trkpt>
      <trkpt lat="37.170982005311934" lon="34.741031456661766">
        <ele>706.3952889244083</ele>
        <time>2025-06-26T14:06:37.094Z</time>
      </trkpt>
      <trkpt lat="37.170931973642894" lon="34.740916062537764">
        <ele>707.0516101313565</ele>
        <time>2025-06-26T14:06:57.058Z</time>
      </trkpt>
      <trkpt lat="37.170931973642894" lon="34.740916062537764">
        <ele>707.0516101313565</ele>
        <time>2025-06-26T14:06:57.058Z</time>
      </trkpt>
      <trkpt lat="37.17057889620856" lon="34.740566628820325">
        <ele>706.8327972081053</ele>
        <time>2025-06-26T14:08:43.108Z</time>
      </trkpt>
      <trkpt lat="37.17022581877422" lon="34.74021719510289">
        <ele>711.2979860735816</ele>
        <time>2025-06-26T14:09:30.645Z</time>
      </trkpt>
      <trkpt lat="37.170051202769315" lon="34.740044381114274">
        <ele>713.0668168195298</ele>
        <time>2025-06-26T14:09:54.154Z</time>
      </trkpt>
      <trkpt lat="37.170051202769315" lon="34.740044381114274">
        <ele>713.0668168195298</ele>
        <time>2025-06-26T14:09:54.154Z</time>
      </trkpt>
      <trkpt lat="37.16973277369348" lon="34.73964595978491">
        <ele>719.9595360413202</ele>
        <time>2025-06-26T14:11:23.052Z</time>
      </trkpt>
      <trkpt lat="37.16941434461765" lon="34.739247538455544">
        <ele>735.5342075552312</ele>
        <time>2025-06-26T14:11:58.224Z</time>
      </trkpt>
      <trkpt lat="37.169095915541824" lon="34.73884911712618">
        <ele>748.9107763659684</ele>
        <time>2025-06-26T14:12:33.396Z</time>
      </trkpt>
      <trkpt lat="37.16877748646599" lon="34.738450695796814">
        <ele>766.1447790962011</ele>
        <time>2025-06-26T14:13:08.568Z</time>
      </trkpt>
      <trkpt lat="37.16845905739016" lon="34.73805227446745">
        <ele>782.6066306752158</ele>
        <time>2025-06-26T14:13:43.740Z</time>
      </trkpt>
      <trkpt lat="37.168140628314326" lon="34.737653853138085">
        <ele>793.3852354065618</ele>
        <time>2025-06-26T14:14:18.913Z</time>
      </trkpt>
      <trkpt lat="37.16782219923849" lon="34.73725543180873">
        <ele>796.2911742890343</ele>
        <time>2025-06-26T14:14:54.086Z</time>
      </trkpt>
      <trkpt lat="37.16750377016267" lon="34.73685701047936">
        <ele>791.5183707173824</ele>
        <time>2025-06-26T14:15:29.259Z</time>
      </trkpt>
      <trkpt lat="37.16749252704217" lon="34.736842942985675">
        <ele>791.144394614213</ele>
        <time>2025-06-26T14:15:30.500Z</time>
      </trkpt>
      <trkpt lat="37.16749252704217" lon="34.736842942985675">
        <ele>791.144394614213</ele>
        <time>2025-06-26T14:15:30.500Z</time>
      </trkpt>
      <trkpt lat="37.16749252704217" lon="34.736842942985675">
        <ele>791.144394614213</ele>
        <time>2025-06-26T14:15:30.500Z</time>
      </trkpt>
      <trkpt lat="37.16762146905189" lon="34.73630235779946">
        <ele>797.1731592081369</ele>
        <time>2025-06-26T14:16:10.504Z</time>
      </trkpt>
      <trkpt lat="37.16764932991505" lon="34.73618555203589">
        <ele>798.8078889951616</ele>
        <time>2025-06-26T14:16:19.147Z</time>
      </trkpt>
      <trkpt lat="37.167750411061604" lon="34.735761772613245">
        <ele>804.7387975544806</ele>
        <time>2025-06-26T14:16:50.508Z</time>
      </trkpt>
      <trkpt lat="37.16787935307132" lon="34.73522118742703">
        <ele>808.9155851346768</ele>
        <time>2025-06-26T14:17:30.512Z</time>
      </trkpt>
      <trkpt lat="37.16795589936309" lon="34.73490026958589">
        <ele>811.91824278487</ele>
        <time>2025-06-26T14:17:54.358Z</time>
      </trkpt>
      <trkpt lat="37.16795589936309" lon="34.73490026958589">
        <ele>811.91824278487</ele>
        <time>2025-06-26T14:17:54.358Z</time>
      </trkpt>
      <trkpt lat="37.16834593615305" lon="34.73461947703623">
        <ele>821.1653237024038</ele>
        <time>2025-06-26T14:18:34.527Z</time>
      </trkpt>
      <trkpt lat="37.168735972943004" lon="34.73433868448658">
        <ele>828.2906514736758</ele>
        <time>2025-06-26T14:19:14.696Z</time>
      </trkpt>
      <trkpt lat="37.16875520153782" lon="34.73432484157149">
        <ele>828.8176360944251</ele>
        <time>2025-06-26T14:19:16.827Z</time>
      </trkpt>
      <trkpt lat="37.16875520153782" lon="34.73432484157149">
        <ele>828.8176360944251</ele>
        <time>2025-06-26T14:19:16.827Z</time>
      </trkpt>
      <trkpt lat="37.16915976838155" lon="34.734078542602646">
        <ele>836.020552141889</ele>
        <time>2025-06-26T14:20:00.072Z</time>
      </trkpt>
      <trkpt lat="37.16927818773053" lon="34.734006449291">
        <ele>836.0441230063568</ele>
        <time>2025-06-26T14:20:12.730Z</time>
      </trkpt>
      <trkpt lat="37.16972382824781" lon="34.73408173324891">
        <ele>847.1478779282426</ele>
        <time>2025-06-26T14:20:55.975Z</time>
      </trkpt>
      <trkpt lat="37.16991304203712" lon="34.734113697943314">
        <ele>849.9450832318519</ele>
        <time>2025-06-26T14:21:14.336Z</time>
      </trkpt>
      <trkpt lat="37.16991304203712" lon="34.734113697943314">
        <ele>849.9450832318519</ele>
        <time>2025-06-26T14:21:14.336Z</time>
      </trkpt>
      <trkpt lat="37.16991304203712" lon="34.734113697943314">
        <ele>849.9450832318519</ele>
        <time>2025-06-26T14:21:14.336Z</time>
      </trkpt>
      <trkpt lat="37.17024887252895" lon="34.733738442980986">
        <ele>837.2220769718768</ele>
        <time>2025-06-26T14:21:55.666Z</time>
      </trkpt>
      <trkpt lat="37.170584703020786" lon="34.73336318801866">
        <ele>830.1885804955563</ele>
        <time>2025-06-26T14:22:36.996Z</time>
      </trkpt>
      <trkpt lat="37.170920533512614" lon="34.73298793305632">
        <ele>826.1835455974087</ele>
        <time>2025-06-26T14:23:18.326Z</time>
      </trkpt>
      <trkpt lat="37.17104493190378" lon="34.73284893104571">
        <ele>825.6135421578355</ele>
        <time>2025-06-26T14:23:36.474Z</time>
      </trkpt>
      <trkpt lat="37.17104493190378" lon="34.73284893104571">
        <ele>825.6135421578355</ele>
        <time>2025-06-26T14:23:36.474Z</time>
      </trkpt>
      <trkpt lat="37.171269738482515" lon="34.7323602070634">
        <ele>823.5847611864107</ele>
        <time>2025-06-26T14:24:25.469Z</time>
      </trkpt>
      <trkpt lat="37.17149454506126" lon="34.73187148308109">
        <ele>822.4758470684998</ele>
        <time>2025-06-26T14:25:14.464Z</time>
      </trkpt>
      <trkpt lat="37.17171935163999" lon="34.731382759098786">
        <ele>820.0503159065279</ele>
        <time>2025-06-26T14:26:03.459Z</time>
      </trkpt>
      <trkpt lat="37.171756903815094" lon="34.73130112159217">
        <ele>819.8885678055706</ele>
        <time>2025-06-26T14:26:11.880Z</time>
      </trkpt>
      <trkpt lat="37.171756903815094" lon="34.73130112159217">
        <ele>819.8885678055706</ele>
        <time>2025-06-26T14:26:11.880Z</time>
      </trkpt>
      <trkpt lat="37.17163381211538" lon="34.73075836500634">
        <ele>801.2261302063714</ele>
        <time>2025-06-26T14:27:02.298Z</time>
      </trkpt>
      <trkpt lat="37.17151072041567" lon="34.7302156084205">
        <ele>777.8724372534788</ele>
        <time>2025-06-26T14:27:52.716Z</time>
      </trkpt>
      <trkpt lat="37.171482050349695" lon="34.730089191552764">
        <ele>772.1923076162589</ele>
        <time>2025-06-26T14:28:02.736Z</time>
      </trkpt>
      <trkpt lat="37.171482050349695" lon="34.730089191552764">
        <ele>772.1923076162589</ele>
        <time>2025-06-26T14:28:02.736Z</time>
      </trkpt>
      <trkpt lat="37.17141943299691" lon="34.72953037933623">
        <ele>749.7393681055275</ele>
        <time>2025-06-26T14:28:45.757Z</time>
      </trkpt>
      <trkpt lat="37.17141519395025" lon="34.72949254907104">
        <ele>748.2118823792453</ele>
        <time>2025-06-26T14:28:48.669Z</time>
      </trkpt>
      <trkpt lat="37.17144678842426" lon="34.72892963330058">
        <ele>732.7852137767949</ele>
        <time>2025-06-26T14:29:31.690Z</time>
      </trkpt>
      <trkpt lat="37.17146368122842" lon="34.7286286557985">
        <ele>728.387296540803</ele>
        <time>2025-06-26T14:29:54.692Z</time>
      </trkpt>
      <trkpt lat="37.17146368122842" lon="34.7286286557985">
        <ele>728.387296540803</ele>
        <time>2025-06-26T14:29:54.692Z</time>
      </trkpt>
      <trkpt lat="37.17154182557325" lon="34.72807293094147">
        <ele>723.399964783528</ele>
        <time>2025-06-26T14:32:12.075Z</time>
      </trkpt>
      <trkpt lat="37.17161996991809" lon="34.72751720608444">
        <ele>725.8448186452745</ele>
        <time>2025-06-26T14:32:37.738Z</time>
      </trkpt>
      <trkpt lat="37.171698114262924" lon="34.72696148122741">
        <ele>727.2123662428228</ele>
        <time>2025-06-26T14:33:03.401Z</time>
      </trkpt>
      <trkpt lat="37.17173904253107" lon="34.72667041914207">
        <ele>725.8405113045762</ele>
        <time>2025-06-26T14:33:16.842Z</time>
      </trkpt>
      <trkpt lat="37.17173904253107" lon="34.72667041914207">
        <ele>725.8405113045762</ele>
        <time>2025-06-26T14:33:16.842Z</time>
      </trkpt>
      <trkpt lat="37.17173904253107" lon="34.72667041914207">
        <ele>725.8405113045762</ele>
        <time>2025-06-26T14:33:16.842Z</time>
      </trkpt>
      <trkpt lat="37.172178089288" lon="34.726792302555914">
        <ele>745.363641011868</ele>
        <time>2025-06-26T14:33:35.494Z</time>
      </trkpt>
      <trkpt lat="37.17248899763514" lon="34.72687861356982">
        <ele>755.1704857402958</ele>
        <time>2025-06-26T14:33:48.702Z</time>
      </trkpt>
      <trkpt lat="37.17274311395865" lon="34.72641304804605">
        <ele>750.9657001489787</ele>
        <time>2025-06-26T14:34:07.354Z</time>
      </trkpt>
      <trkpt lat="37.17299723028216" lon="34.72594748252227">
        <ele>741.0635273800606</ele>
        <time>2025-06-26T14:34:26.006Z</time>
      </trkpt>
      <trkpt lat="37.173058468182674" lon="34.72583528880392">
        <ele>737.2214069082869</ele>
        <time>2025-06-26T14:34:30.500Z</time>
      </trkpt>
      <trkpt lat="37.173058468182674" lon="34.72583528880392">
        <ele>737.2214069082869</ele>
        <time>2025-06-26T14:34:30.500Z</time>
      </trkpt>
      <trkpt lat="37.173058468182674" lon="34.72583528880392">
        <ele>737.2214069082869</ele>
        <time>2025-06-26T14:34:30.500Z</time>
      </trkpt>
      <trkpt lat="37.173421562960414" lon="34.72601706904658">
        <ele>754.7596428002702</ele>
        <time>2025-06-26T14:34:48.267Z</time>
      </trkpt>
      <trkpt lat="37.173850675642505" lon="34.72584842740134">
        <ele>758.9231453233646</ele>
        <time>2025-06-26T14:35:08.704Z</time>
      </trkpt>
      <trkpt lat="37.17410211111887" lon="34.7257496130475">
        <ele>762.5544395187414</ele>
        <time>2025-06-26T14:35:20.679Z</time>
      </trkpt>
      <trkpt lat="37.17410211111887" lon="34.7257496130475">
        <ele>762.5544395187414</ele>
        <time>2025-06-26T14:35:20.679Z</time>
      </trkpt>
      <trkpt lat="37.17410211111887" lon="34.7257496130475">
        <ele>762.5544395187414</ele>
        <time>2025-06-26T14:35:20.679Z</time>
      </trkpt>
      <trkpt lat="37.1743696298752" lon="34.72529601833152">
        <ele>752.3963493598822</ele>
        <time>2025-06-26T14:35:37.543Z</time>
      </trkpt>
      <trkpt lat="37.17440908637255" lon="34.72522911738238">
        <ele>750.9717417703479</ele>
        <time>2025-06-26T14:35:40.030Z</time>
      </trkpt>
      <trkpt lat="37.17456644403178" lon="34.724932886497186">
        <ele>746.2058490508007</ele>
        <time>2025-06-26T14:35:50.669Z</time>
      </trkpt>
      <trkpt lat="37.17456644403178" lon="34.724932886497186">
        <ele>746.2058490508007</ele>
        <time>2025-06-26T14:35:50.669Z</time>
      </trkpt>
      <trkpt lat="37.17455857448474" lon="34.72436863917783">
        <ele>727.5569457048563</ele>
        <time>2025-06-26T14:36:11.164Z</time>
      </trkpt>
      <trkpt lat="37.174550704937694" lon="34.723804391858486">
        <ele>710.8985533638418</ele>
        <time>2025-06-26T14:36:26.316Z</time>
      </trkpt>
      <trkpt lat="37.17454840752228" lon="34.72363966694084">
        <ele>706.2796127982174</ele>
        <time>2025-06-26T14:36:30.739Z</time>
      </trkpt>
      <trkpt lat="37.17454840752228" lon="34.72363966694084">
        <ele>706.2796127982174</ele>
        <time>2025-06-26T14:36:30.739Z</time>
      </trkpt>
      <trkpt lat="37.17414570835755" lon="34.723388579296376">
        <ele>681.2645177630263</ele>
        <time>2025-06-26T14:36:49.982Z</time>
      </trkpt>
      <trkpt lat="37.17374300919282" lon="34.72313749165191">
        <ele>649.9733808599144</ele>
        <time>2025-06-26T14:37:03.152Z</time>
      </trkpt>
      <trkpt lat="37.173340310028095" lon="34.72288640400745">
        <ele>621.4865106710897</ele>
        <time>2025-06-26T14:37:16.322Z</time>
      </trkpt>
      <trkpt lat="37.172937610863364" lon="34.72263531636298">
        <ele>593.5303993042747</ele>
        <time>2025-06-26T14:37:29.492Z</time>
      </trkpt>
      <trkpt lat="37.172534911698634" lon="34.72238422871852">
        <ele>576.4391938893871</ele>
        <time>2025-06-26T14:37:42.662Z</time>
      </trkpt>
      <trkpt lat="37.17235299104665" lon="34.722270799061874">
        <ele>570.5590211691348</ele>
        <time>2025-06-26T14:37:48.611Z</time>
      </trkpt>
      <trkpt lat="37.17235299104665" lon="34.722270799061874">
        <ele>570.5590211691348</ele>
        <time>2025-06-26T14:37:48.611Z</time>
      </trkpt>
      <trkpt lat="37.172159273369836" lon="34.72176153711446">
        <ele>573.0262779210472</ele>
        <time>2025-06-26T14:38:01.781Z</time>
      </trkpt>
      <trkpt lat="37.17196555569302" lon="34.721252275167046">
        <ele>576.9525604119755</ele>
        <time>2025-06-26T14:38:08.518Z</time>
      </trkpt>
      <trkpt lat="37.171771838016205" lon="34.72074301321963">
        <ele>585.1762823118111</ele>
        <time>2025-06-26T14:38:15.255Z</time>
      </trkpt>
      <trkpt lat="37.17167135872718" lon="34.72047886448914">
        <ele>590.0496634549006</ele>
        <time>2025-06-26T14:38:18.749Z</time>
      </trkpt>
      <trkpt lat="37.17167135872718" lon="34.72047886448914">
        <ele>590.0496634549006</ele>
        <time>2025-06-26T14:38:18.749Z</time>
      </trkpt>
      <trkpt lat="37.17149989732023" lon="34.71995718985444">
        <ele>595.8115933761258</ele>
        <time>2025-06-26T15:27:27.282Z</time>
      </trkpt>
      <trkpt lat="37.17132843591329" lon="34.71943551521974">
        <ele>601.1072406041294</ele>
        <time>2025-06-26T15:27:29.396Z</time>
      </trkpt>
      <trkpt lat="37.17125300000006" lon="34.719206000000085">
        <ele>600.81358920512</ele>
        <time>2025-06-26T15:27:30.326Z</time>
      </trkpt>
      <trkpt lat="37.17125300000006" lon="34.719206000000085">
        <ele>625.83</ele>
        <time>2025-06-26T15:27:30.326Z</time>
      </trkpt>
      <trkpt lat="37.171243000000054" lon="34.719127000000086">
        <ele>624.711</ele>
        <time>2025-06-26T15:57:30.622Z</time>
      </trkpt>
      <trkpt lat="37.171282000000055" lon="34.719062000000086">
        <ele>623.609</ele>
        <time>2025-06-26T15:57:32.622Z</time>
      </trkpt>
      <trkpt lat="37.171347000000054" lon="34.719009000000085">
        <ele>622.523</ele>
        <time>2025-06-26T15:57:34.622Z</time>
      </trkpt>
      <trkpt lat="37.171423000000054" lon="34.71895900000008">
        <ele>621.849</ele>
        <time>2025-06-26T15:57:36.622Z</time>
      </trkpt>
      <trkpt lat="37.17150000000005" lon="34.718897000000084">
        <ele>621.195</ele>
        <time>2025-06-26T15:57:38.622Z</time>
      </trkpt>
      <trkpt lat="37.171541000000055" lon="34.71886200000009">
        <ele>619.965</ele>
        <time>2025-06-26T15:57:39.622Z</time>
      </trkpt>
      <trkpt lat="37.17158100000005" lon="34.718821000000084">
        <ele>619.627</ele>
        <time>2025-06-26T15:57:40.622Z</time>
      </trkpt>
      <trkpt lat="37.17165000000006" lon="34.71877100000008">
        <ele>618.873</ele>
        <time>2025-06-26T15:57:42.622Z</time>
      </trkpt>
      <trkpt lat="37.171715000000056" lon="34.71874800000008">
        <ele>618.145</ele>
        <time>2025-06-26T15:57:44.622Z</time>
      </trkpt>
      <trkpt lat="37.17178400000006" lon="34.71875400000008">
        <ele>617.574</ele>
        <time>2025-06-26T15:57:46.622Z</time>
      </trkpt>
      <trkpt lat="37.17185700000006" lon="34.71877700000008">
        <ele>616.86</ele>
        <time>2025-06-26T15:57:48.622Z</time>
      </trkpt>
      <trkpt lat="37.17192900000006" lon="34.71881300000008">
        <ele>616.173</ele>
        <time>2025-06-26T15:57:50.622Z</time>
      </trkpt>
      <trkpt lat="37.17200600000006" lon="34.71885500000008">
        <ele>615.785</ele>
        <time>2025-06-26T15:57:52.622Z</time>
      </trkpt>
      <trkpt lat="37.17208600000006" lon="34.71889200000008">
        <ele>615.556</ele>
        <time>2025-06-26T15:57:54.622Z</time>
      </trkpt>
      <trkpt lat="37.17213100000006" lon="34.71891500000008">
        <ele>615.309</ele>
        <time>2025-06-26T15:57:55.622Z</time>
      </trkpt>
      <trkpt lat="37.17221700000006" lon="34.71896300000008">
        <ele>615.209</ele>
        <time>2025-06-26T15:57:57.622Z</time>
      </trkpt>
      <trkpt lat="37.17229300000006" lon="34.71901300000008">
        <ele>615.281</ele>
        <time>2025-06-26T15:57:59.622Z</time>
      </trkpt>
      <trkpt lat="37.17233500000006" lon="34.71904400000008">
        <ele>615.541</ele>
        <time>2025-06-26T15:58:00.622Z</time>
      </trkpt>
      <trkpt lat="37.17238000000006" lon="34.71908100000008">
        <ele>615.766</ele>
        <time>2025-06-26T15:58:01.622Z</time>
      </trkpt>
      <trkpt lat="37.17245900000006" lon="34.71911500000008">
        <ele>616.468</ele>
        <time>2025-06-26T15:58:03.622Z</time>
      </trkpt>
      <trkpt lat="37.17252100000006" lon="34.71910100000008">
        <ele>616.884</ele>
        <time>2025-06-26T15:58:05.622Z</time>
      </trkpt>
      <trkpt lat="37.17258800000006" lon="34.71909300000008">
        <ele>617.366</ele>
        <time>2025-06-26T15:58:07.622Z</time>
      </trkpt>
      <trkpt lat="37.17265000000006" lon="34.71907700000008">
        <ele>617.555</ele>
        <time>2025-06-26T15:58:09.622Z</time>
      </trkpt>
      <trkpt lat="37.17271600000006" lon="34.719067000000074">
        <ele>618.481</ele>
        <time>2025-06-26T15:58:11.622Z</time>
      </trkpt>
      <trkpt lat="37.17278000000006" lon="34.71905100000007">
        <ele>619.054</ele>
        <time>2025-06-26T15:58:13.622Z</time>
      </trkpt>
      <trkpt lat="37.17284800000006" lon="34.71904000000007">
        <ele>619.096</ele>
        <time>2025-06-26T15:58:15.622Z</time>
      </trkpt>
      <trkpt lat="37.17291900000006" lon="34.71904200000007">
        <ele>619.067</ele>
        <time>2025-06-26T15:58:17.622Z</time>
      </trkpt>
      <trkpt lat="37.172979000000055" lon="34.71904300000007">
        <ele>619.009</ele>
        <time>2025-06-26T15:58:19.622Z</time>
      </trkpt>
      <trkpt lat="37.17303300000005" lon="34.71904800000007">
        <ele>618.811</ele>
        <time>2025-06-26T15:58:21.622Z</time>
      </trkpt>
      <trkpt lat="37.17310200000006" lon="34.71906500000007">
        <ele>618.456</ele>
        <time>2025-06-26T15:58:24.622Z</time>
      </trkpt>
      <trkpt lat="37.17314900000006" lon="34.71904000000007">
        <ele>618.054</ele>
        <time>2025-06-26T15:58:51.622Z</time>
      </trkpt>
      <trkpt lat="37.17318700000006" lon="34.71898600000007">
        <ele>617.885</ele>
        <time>2025-06-26T16:00:05.622Z</time>
      </trkpt>
      <trkpt lat="37.17321300000006" lon="34.718926000000074">
        <ele>617.277</ele>
        <time>2025-06-26T16:00:10.622Z</time>
      </trkpt>
      <trkpt lat="37.17323800000006" lon="34.71887300000007">
        <ele>616.733</ele>
        <time>2025-06-26T16:00:13.622Z</time>
      </trkpt>
      <trkpt lat="37.17326300000006" lon="34.718822000000074">
        <ele>616.115</ele>
        <time>2025-06-26T16:00:16.622Z</time>
      </trkpt>
      <trkpt lat="37.173285000000064" lon="34.71875800000007">
        <ele>615.964</ele>
        <time>2025-06-26T16:01:29.622Z</time>
      </trkpt>
      <trkpt lat="37.17330600000006" lon="34.71869100000007">
        <ele>615.43</ele>
        <time>2025-06-26T16:01:34.622Z</time>
      </trkpt>
      <trkpt lat="37.17332100000006" lon="34.71862800000007">
        <ele>615.063</ele>
        <time>2025-06-26T16:01:38.622Z</time>
      </trkpt>
      <trkpt lat="37.17333500000006" lon="34.71854800000008">
        <ele>614.795</ele>
        <time>2025-06-26T16:01:44.622Z</time>
      </trkpt>
      <trkpt lat="37.17336000000006" lon="34.71849700000008">
        <ele>614.326</ele>
        <time>2025-06-26T16:03:01.622Z</time>
      </trkpt>
      <trkpt lat="37.17337200000006" lon="34.71843500000008">
        <ele>614.009</ele>
        <time>2025-06-26T16:03:05.622Z</time>
      </trkpt>
      <trkpt lat="37.17338300000006" lon="34.71837800000008">
        <ele>613.814</ele>
        <time>2025-06-26T16:03:10.622Z</time>
      </trkpt>
      <trkpt lat="37.17338500000006" lon="34.71831700000008">
        <ele>613.522</ele>
        <time>2025-06-26T16:03:18.622Z</time>
      </trkpt>
      <trkpt lat="37.17338700000006" lon="34.718259000000074">
        <ele>613.342</ele>
        <time>2025-06-26T16:03:22.622Z</time>
      </trkpt>
      <trkpt lat="37.17337700000006" lon="34.71820400000007">
        <ele>613.269</ele>
        <time>2025-06-26T16:03:30.622Z</time>
      </trkpt>
      <trkpt lat="37.17336900000006" lon="34.718141000000074">
        <ele>613.241</ele>
        <time>2025-06-26T16:03:35.622Z</time>
      </trkpt>
      <trkpt lat="37.17335500000006" lon="34.718082000000074">
        <ele>613.247</ele>
        <time>2025-06-26T16:03:40.622Z</time>
      </trkpt>
      <trkpt lat="37.17333400000006" lon="34.718025000000075">
        <ele>613.199</ele>
        <time>2025-06-26T16:03:46.622Z</time>
      </trkpt>
      <trkpt lat="37.17330700000006" lon="34.717974000000076">
        <ele>613.118</ele>
        <time>2025-06-26T16:03:52.622Z</time>
      </trkpt>
      <trkpt lat="37.17327300000006" lon="34.71792500000008">
        <ele>612.954</ele>
        <time>2025-06-26T16:03:58.622Z</time>
      </trkpt>
      <trkpt lat="37.173243000000056" lon="34.71787800000008">
        <ele>612.677</ele>
        <time>2025-06-26T16:04:05.622Z</time>
      </trkpt>
      <trkpt lat="37.173210000000054" lon="34.71783800000008">
        <ele>612.259</ele>
        <time>2025-06-26T16:04:17.622Z</time>
      </trkpt>
      <trkpt lat="37.17318000000005" lon="34.71779600000008">
        <ele>611.74</ele>
        <time>2025-06-26T16:04:44.622Z</time>
      </trkpt>
      <trkpt lat="37.17314600000005" lon="34.71775600000008">
        <ele>611.209</ele>
        <time>2025-06-26T16:04:54.622Z</time>
      </trkpt>
      <trkpt lat="37.17311800000005" lon="34.71770000000008">
        <ele>610.817</ele>
        <time>2025-06-26T16:05:00.622Z</time>
      </trkpt>
      <trkpt lat="37.17310200000005" lon="34.71764400000008">
        <ele>610.543</ele>
        <time>2025-06-26T16:05:07.622Z</time>
      </trkpt>
      <trkpt lat="37.17308700000005" lon="34.71759000000008">
        <ele>610.382</ele>
        <time>2025-06-26T16:05:12.622Z</time>
      </trkpt>
      <trkpt lat="37.17306700000005" lon="34.71753200000008">
        <ele>609.949</ele>
        <time>2025-06-26T16:05:18.622Z</time>
      </trkpt>
      <trkpt lat="37.17307100000005" lon="34.717468000000075">
        <ele>609.391</ele>
        <time>2025-06-26T16:10:57.622Z</time>
      </trkpt>
      <trkpt lat="37.17305500000005" lon="34.71740700000007">
        <ele>608.657</ele>
        <time>2025-06-26T16:11:03.622Z</time>
      </trkpt>
      <trkpt lat="37.173028000000045" lon="34.717361000000075">
        <ele>607.669</ele>
        <time>2025-06-26T16:11:08.622Z</time>
      </trkpt>
      <trkpt lat="37.17301200000004" lon="34.71730400000008">
        <ele>606.518</ele>
        <time>2025-06-26T16:11:13.622Z</time>
      </trkpt>
      <trkpt lat="37.17297600000004" lon="34.71725800000008">
        <ele>605.654</ele>
        <time>2025-06-26T16:11:19.622Z</time>
      </trkpt>
      <trkpt lat="37.17295000000004" lon="34.71721100000008">
        <ele>604.647</ele>
        <time>2025-06-26T16:11:37.622Z</time>
      </trkpt>
      <trkpt lat="37.17291200000004" lon="34.71716200000008">
        <ele>603.719</ele>
        <time>2025-06-26T16:11:41.622Z</time>
      </trkpt>
      <trkpt lat="37.172871000000036" lon="34.71712000000008">
        <ele>602.98</ele>
        <time>2025-06-26T16:11:44.622Z</time>
      </trkpt>
      <trkpt lat="37.172849000000035" lon="34.71706000000008">
        <ele>602.509</ele>
        <time>2025-06-26T16:11:47.622Z</time>
      </trkpt>
      <trkpt lat="37.17282200000003" lon="34.716997000000084">
        <ele>601.517</ele>
        <time>2025-06-26T16:11:50.622Z</time>
      </trkpt>
      <trkpt lat="37.17280200000003" lon="34.71693900000008">
        <ele>601.143</ele>
        <time>2025-06-26T16:11:53.622Z</time>
      </trkpt>
      <trkpt lat="37.172773000000035" lon="34.71688900000008">
        <ele>600.382</ele>
        <time>2025-06-26T16:11:56.622Z</time>
      </trkpt>
      <trkpt lat="37.17274600000003" lon="34.71683000000008">
        <ele>599.448</ele>
        <time>2025-06-26T16:11:59.622Z</time>
      </trkpt>
      <trkpt lat="37.17270900000003" lon="34.71677100000008">
        <ele>598.34</ele>
        <time>2025-06-26T16:12:02.622Z</time>
      </trkpt>
      <trkpt lat="37.17267300000003" lon="34.71671800000008">
        <ele>597.596</ele>
        <time>2025-06-26T16:12:05.622Z</time>
      </trkpt>
      <trkpt lat="37.17263900000003" lon="34.71666800000008">
        <ele>596.588</ele>
        <time>2025-06-26T16:12:08.622Z</time>
      </trkpt>
      <trkpt lat="37.172618000000035" lon="34.716609000000076">
        <ele>595.677</ele>
        <time>2025-06-26T16:12:12.622Z</time>
      </trkpt>
      <trkpt lat="37.17258000000003" lon="34.71655800000008">
        <ele>594.973</ele>
        <time>2025-06-26T16:12:17.622Z</time>
      </trkpt>
      <trkpt lat="37.172548000000035" lon="34.716511000000075">
        <ele>594.026</ele>
        <time>2025-06-26T16:12:22.622Z</time>
      </trkpt>
      <trkpt lat="37.17252100000003" lon="34.71645100000008">
        <ele>592.968</ele>
        <time>2025-06-26T16:12:27.622Z</time>
      </trkpt>
      <trkpt lat="37.172492000000034" lon="34.716398000000076">
        <ele>591.959</ele>
        <time>2025-06-26T16:12:31.622Z</time>
      </trkpt>
      <trkpt lat="37.17246400000003" lon="34.716348000000075">
        <ele>591.109</ele>
        <time>2025-06-26T16:12:36.622Z</time>
      </trkpt>
      <trkpt lat="37.17245300000003" lon="34.716289000000074">
        <ele>590.421</ele>
        <time>2025-06-26T16:12:42.622Z</time>
      </trkpt>
      <trkpt lat="37.17245400000003" lon="34.716232000000076">
        <ele>589.956</ele>
        <time>2025-06-26T16:12:47.622Z</time>
      </trkpt>
      <trkpt lat="37.17245500000003" lon="34.71616900000008">
        <ele>589.574</ele>
        <time>2025-06-26T16:12:51.622Z</time>
      </trkpt>
      <trkpt lat="37.172462000000024" lon="34.71610500000008">
        <ele>589.014</ele>
        <time>2025-06-26T16:12:56.622Z</time>
      </trkpt>
      <trkpt lat="37.172470000000025" lon="34.716049000000076">
        <ele>588.646</ele>
        <time>2025-06-26T16:12:59.622Z</time>
      </trkpt>
      <trkpt lat="37.17248500000002" lon="34.71599500000008">
        <ele>588.222</ele>
        <time>2025-06-26T16:13:04.622Z</time>
      </trkpt>
      <trkpt lat="37.172504000000025" lon="34.715928000000076">
        <ele>587.724</ele>
        <time>2025-06-26T16:13:08.622Z</time>
      </trkpt>
      <trkpt lat="37.172526000000026" lon="34.71586600000008">
        <ele>587.093</ele>
        <time>2025-06-26T16:13:13.622Z</time>
      </trkpt>
      <trkpt lat="37.172552000000024" lon="34.71581100000007">
        <ele>586.489</ele>
        <time>2025-06-26T16:13:16.622Z</time>
      </trkpt>
      <trkpt lat="37.172583000000024" lon="34.715763000000074">
        <ele>585.642</ele>
        <time>2025-06-26T16:13:21.622Z</time>
      </trkpt>
      <trkpt lat="37.172619000000026" lon="34.715720000000076">
        <ele>584.654</ele>
        <time>2025-06-26T16:13:25.622Z</time>
      </trkpt>
      <trkpt lat="37.172659000000024" lon="34.71568200000007">
        <ele>584.125</ele>
        <time>2025-06-26T16:13:30.622Z</time>
      </trkpt>
      <trkpt lat="37.17271300000002" lon="34.71565200000007">
        <ele>582.809</ele>
        <time>2025-06-26T16:13:35.622Z</time>
      </trkpt>
      <trkpt lat="37.172757000000026" lon="34.71562300000007">
        <ele>582.013</ele>
        <time>2025-06-26T16:13:41.622Z</time>
      </trkpt>
      <trkpt lat="37.17280300000002" lon="34.71560300000007">
        <ele>581.449</ele>
        <time>2025-06-26T16:13:47.622Z</time>
      </trkpt>
      <trkpt lat="37.17285500000002" lon="34.71558700000007">
        <ele>580.937</ele>
        <time>2025-06-26T16:13:52.622Z</time>
      </trkpt>
      <trkpt lat="37.17291800000002" lon="34.71557300000007">
        <ele>580.448</ele>
        <time>2025-06-26T16:13:57.622Z</time>
      </trkpt>
      <trkpt lat="37.172969000000016" lon="34.71557400000007">
        <ele>579.88</ele>
        <time>2025-06-26T16:14:01.622Z</time>
      </trkpt>
      <trkpt lat="37.17301300000002" lon="34.715558000000065">
        <ele>579.276</ele>
        <time>2025-06-26T16:14:05.622Z</time>
      </trkpt>
      <trkpt lat="37.17306700000002" lon="34.71555600000006">
        <ele>578.698</ele>
        <time>2025-06-26T16:14:09.622Z</time>
      </trkpt>
      <trkpt lat="37.17311700000002" lon="34.715552000000066">
        <ele>578.187</ele>
        <time>2025-06-26T16:14:13.622Z</time>
      </trkpt>
      <trkpt lat="37.17316300000002" lon="34.71554200000006">
        <ele>577.563</ele>
        <time>2025-06-26T16:14:18.622Z</time>
      </trkpt>
      <trkpt lat="37.173214000000016" lon="34.71553200000006">
        <ele>576.886</ele>
        <time>2025-06-26T16:14:22.622Z</time>
      </trkpt>
      <trkpt lat="37.17326100000002" lon="34.71551900000006">
        <ele>576.238</ele>
        <time>2025-06-26T16:14:25.622Z</time>
      </trkpt>
      <trkpt lat="37.17331400000002" lon="34.71551300000006">
        <ele>575.659</ele>
        <time>2025-06-26T16:14:30.622Z</time>
      </trkpt>
      <trkpt lat="37.17336000000002" lon="34.71550400000006">
        <ele>575.009</ele>
        <time>2025-06-26T16:14:35.622Z</time>
      </trkpt>
      <trkpt lat="37.17341200000001" lon="34.71548600000006">
        <ele>574.419</ele>
        <time>2025-06-26T16:14:40.622Z</time>
      </trkpt>
      <trkpt lat="37.173456000000016" lon="34.71545800000006">
        <ele>573.89</ele>
        <time>2025-06-26T16:14:44.622Z</time>
      </trkpt>
      <trkpt lat="37.17348800000001" lon="34.71540800000006">
        <ele>573.376</ele>
        <time>2025-06-26T16:14:48.622Z</time>
      </trkpt>
      <trkpt lat="37.17352600000002" lon="34.71536300000006">
        <ele>572.724</ele>
        <time>2025-06-26T16:14:52.622Z</time>
      </trkpt>
      <trkpt lat="37.17355400000002" lon="34.71530800000006">
        <ele>572.176</ele>
        <time>2025-06-26T16:14:56.622Z</time>
      </trkpt>
      <trkpt lat="37.173583000000015" lon="34.71524200000006">
        <ele>571.662</ele>
        <time>2025-06-26T16:15:01.622Z</time>
      </trkpt>
      <trkpt lat="37.17361200000001" lon="34.71519100000006">
        <ele>571.094</ele>
        <time>2025-06-26T16:15:06.622Z</time>
      </trkpt>
      <trkpt lat="37.17361900000001" lon="34.71513000000006">
        <ele>570.393</ele>
        <time>2025-06-26T16:15:11.622Z</time>
      </trkpt>
      <trkpt lat="37.17363200000001" lon="34.71506800000006">
        <ele>569.729</ele>
        <time>2025-06-26T16:15:14.622Z</time>
      </trkpt>
      <trkpt lat="37.17365400000001" lon="34.71500500000006">
        <ele>569.352</ele>
        <time>2025-06-26T16:15:20.622Z</time>
      </trkpt>
      <trkpt lat="37.173673000000015" lon="34.71494600000006">
        <ele>569.144</ele>
        <time>2025-06-26T16:15:24.622Z</time>
      </trkpt>
      <trkpt lat="37.17369400000001" lon="34.71489500000006">
        <ele>568.965</ele>
        <time>2025-06-26T16:15:28.622Z</time>
      </trkpt>
      <trkpt lat="37.173724000000014" lon="34.71484000000006">
        <ele>568.409</ele>
        <time>2025-06-26T16:15:31.622Z</time>
      </trkpt>
      <trkpt lat="37.173732000000015" lon="34.71477500000006">
        <ele>567.721</ele>
        <time>2025-06-26T16:15:35.622Z</time>
      </trkpt>
      <trkpt lat="37.173718000000015" lon="34.71471900000006">
        <ele>567.001</ele>
        <time>2025-06-26T16:15:39.622Z</time>
      </trkpt>
      <trkpt lat="37.17369100000001" lon="34.71467300000006">
        <ele>566.239</ele>
        <time>2025-06-26T16:15:44.622Z</time>
      </trkpt>
      <trkpt lat="37.173634000000014" lon="34.71464800000006">
        <ele>565.445</ele>
        <time>2025-06-26T16:15:49.622Z</time>
      </trkpt>
      <trkpt lat="37.17359500000001" lon="34.71461800000006">
        <ele>564.747</ele>
        <time>2025-06-26T16:15:53.622Z</time>
      </trkpt>
      <trkpt lat="37.173538000000015" lon="34.71459200000006">
        <ele>563.813</ele>
        <time>2025-06-26T16:15:58.622Z</time>
      </trkpt>
      <trkpt lat="37.173493000000015" lon="34.71456300000006">
        <ele>562.975</ele>
        <time>2025-06-26T16:16:01.622Z</time>
      </trkpt>
      <trkpt lat="37.173451000000014" lon="34.71453900000006">
        <ele>562.274</ele>
        <time>2025-06-26T16:16:06.622Z</time>
      </trkpt>
      <trkpt lat="37.17341300000001" lon="34.71449200000006">
        <ele>561.55</ele>
        <time>2025-06-26T16:16:11.622Z</time>
      </trkpt>
      <trkpt lat="37.173378000000014" lon="34.714453000000056">
        <ele>560.693</ele>
        <time>2025-06-26T16:16:15.622Z</time>
      </trkpt>
      <trkpt lat="37.173349000000016" lon="34.714405000000056">
        <ele>559.785</ele>
        <time>2025-06-26T16:16:18.622Z</time>
      </trkpt>
      <trkpt lat="37.17330800000001" lon="34.714366000000055">
        <ele>558.996</ele>
        <time>2025-06-26T16:16:24.622Z</time>
      </trkpt>
      <trkpt lat="37.17326900000001" lon="34.71431900000005">
        <ele>558.209</ele>
        <time>2025-06-26T16:16:31.622Z</time>
      </trkpt>
      <trkpt lat="37.17322800000001" lon="34.71427700000005">
        <ele>557.514</ele>
        <time>2025-06-26T16:16:36.622Z</time>
      </trkpt>
      <trkpt lat="37.17319400000001" lon="34.714228000000055">
        <ele>556.922</ele>
        <time>2025-06-26T16:16:41.622Z</time>
      </trkpt>
      <trkpt lat="37.17315900000001" lon="34.714183000000055">
        <ele>556.342</ele>
        <time>2025-06-26T16:16:46.622Z</time>
      </trkpt>
      <trkpt lat="37.173130000000015" lon="34.71413600000005">
        <ele>555.743</ele>
        <time>2025-06-26T16:16:50.622Z</time>
      </trkpt>
      <trkpt lat="37.173090000000016" lon="34.71408600000005">
        <ele>555.165</ele>
        <time>2025-06-26T16:16:55.622Z</time>
      </trkpt>
      <trkpt lat="37.17304900000001" lon="34.71405900000005">
        <ele>554.651</ele>
        <time>2025-06-26T16:16:59.622Z</time>
      </trkpt>
      <trkpt lat="37.17301300000001" lon="34.71401300000005">
        <ele>553.983</ele>
        <time>2025-06-26T16:17:04.622Z</time>
      </trkpt>
      <trkpt lat="37.17297600000001" lon="34.71397600000005">
        <ele>553.242</ele>
        <time>2025-06-26T16:17:08.622Z</time>
      </trkpt>
      <trkpt lat="37.17294600000001" lon="34.71392600000005">
        <ele>552.768</ele>
        <time>2025-06-26T16:17:13.622Z</time>
      </trkpt>
      <trkpt lat="37.17291000000001" lon="34.71386800000005">
        <ele>552.131</ele>
        <time>2025-06-26T16:17:18.622Z</time>
      </trkpt>
      <trkpt lat="37.17288400000001" lon="34.713818000000046">
        <ele>551.893</ele>
        <time>2025-06-26T16:17:22.622Z</time>
      </trkpt>
      <trkpt lat="37.17286100000001" lon="34.713762000000045">
        <ele>551.114</ele>
        <time>2025-06-26T16:17:26.622Z</time>
      </trkpt>
      <trkpt lat="37.17282200000001" lon="34.713712000000044">
        <ele>549.709</ele>
        <time>2025-06-26T16:17:30.622Z</time>
      </trkpt>
      <trkpt lat="37.17278400000001" lon="34.71366200000004">
        <ele>548.811</ele>
        <time>2025-06-26T16:17:34.622Z</time>
      </trkpt>
      <trkpt lat="37.17273000000001" lon="34.713633000000044">
        <ele>548.147</ele>
        <time>2025-06-26T16:17:39.622Z</time>
      </trkpt>
      <trkpt lat="37.17270900000001" lon="34.71369100000005">
        <ele>547.726</ele>
        <time>2025-06-26T16:17:44.622Z</time>
      </trkpt>
      <trkpt lat="37.17271600000001" lon="34.713759000000046">
        <ele>547.255</ele>
        <time>2025-06-26T16:17:49.622Z</time>
      </trkpt>
      <trkpt lat="37.17272100000001" lon="34.713821000000046">
        <ele>546.517</ele>
        <time>2025-06-26T16:17:53.622Z</time>
      </trkpt>
      <trkpt lat="37.17272700000001" lon="34.71388400000004">
        <ele>545.773</ele>
        <time>2025-06-26T16:17:57.622Z</time>
      </trkpt>
      <trkpt lat="37.17271500000001" lon="34.71394300000004">
        <ele>545.185</ele>
        <time>2025-06-26T16:18:01.622Z</time>
      </trkpt>
      <trkpt lat="37.17267000000001" lon="34.713956000000046">
        <ele>544.654</ele>
        <time>2025-06-26T16:18:07.622Z</time>
      </trkpt>
      <trkpt lat="37.17263200000001" lon="34.713914000000045">
        <ele>543.99</ele>
        <time>2025-06-26T16:18:11.622Z</time>
      </trkpt>
      <trkpt lat="37.17261800000001" lon="34.713858000000045">
        <ele>543.393</ele>
        <time>2025-06-26T16:18:15.622Z</time>
      </trkpt>
      <trkpt lat="37.17258700000001" lon="34.71380800000004">
        <ele>542.855</ele>
        <time>2025-06-26T16:18:19.622Z</time>
      </trkpt>
      <trkpt lat="37.17255800000001" lon="34.713757000000044">
        <ele>542.266</ele>
        <time>2025-06-26T16:18:24.622Z</time>
      </trkpt>
      <trkpt lat="37.172534000000006" lon="34.713700000000046">
        <ele>541.609</ele>
        <time>2025-06-26T16:18:28.622Z</time>
      </trkpt>
      <trkpt lat="37.172506000000006" lon="34.713636000000044">
        <ele>540.916</ele>
        <time>2025-06-26T16:18:33.622Z</time>
      </trkpt>
      <trkpt lat="37.17247400000001" lon="34.71359400000004">
        <ele>540.088</ele>
        <time>2025-06-26T16:18:37.622Z</time>
      </trkpt>
      <trkpt lat="37.172444000000006" lon="34.71355000000004">
        <ele>539.146</ele>
        <time>2025-06-26T16:18:41.622Z</time>
      </trkpt>
      <trkpt lat="37.172410000000006" lon="34.71350300000004">
        <ele>538.486</ele>
        <time>2025-06-26T16:18:46.622Z</time>
      </trkpt>
      <trkpt lat="37.17237500000001" lon="34.71345800000004">
        <ele>537.868</ele>
        <time>2025-06-26T16:18:51.622Z</time>
      </trkpt>
      <trkpt lat="37.17233600000001" lon="34.71341500000004">
        <ele>537.314</ele>
        <time>2025-06-26T16:18:56.622Z</time>
      </trkpt>
      <trkpt lat="37.172298000000005" lon="34.71337500000004">
        <ele>536.846</ele>
        <time>2025-06-26T16:19:01.622Z</time>
      </trkpt>
      <trkpt lat="37.172261000000006" lon="34.71333800000004">
        <ele>536.315</ele>
        <time>2025-06-26T16:19:06.622Z</time>
      </trkpt>
      <trkpt lat="37.17222" lon="34.71330400000004">
        <ele>535.871</ele>
        <time>2025-06-26T16:19:11.622Z</time>
      </trkpt>
      <trkpt lat="37.172172" lon="34.713261000000045">
        <ele>535.354</ele>
        <time>2025-06-26T16:19:16.622Z</time>
      </trkpt>
      <trkpt lat="37.172141" lon="34.71321700000004">
        <ele>534.826</ele>
        <time>2025-06-26T16:19:20.622Z</time>
      </trkpt>
      <trkpt lat="37.172113" lon="34.71317200000004">
        <ele>534.417</ele>
        <time>2025-06-26T16:19:24.622Z</time>
      </trkpt>
      <trkpt lat="37.172079000000004" lon="34.71313000000004">
        <ele>533.909</ele>
        <time>2025-06-26T16:19:28.622Z</time>
      </trkpt>
      <trkpt lat="37.17204" lon="34.71309200000004">
        <ele>533.211</ele>
        <time>2025-06-26T16:19:32.622Z</time>
      </trkpt>
      <trkpt lat="37.172003000000004" lon="34.71305700000004">
        <ele>532.801</ele>
        <time>2025-06-26T16:19:36.622Z</time>
      </trkpt>
      <trkpt lat="37.171962" lon="34.71300900000004">
        <ele>532.051</ele>
        <time>2025-06-26T16:19:41.622Z</time>
      </trkpt>
      <trkpt lat="37.171909" lon="34.71299800000004">
        <ele>531.528</ele>
        <time>2025-06-26T16:19:45.622Z</time>
      </trkpt>
      <trkpt lat="37.171858" lon="34.712983000000044">
        <ele>531.13</ele>
        <time>2025-06-26T16:19:49.622Z</time>
      </trkpt>
      <trkpt lat="37.171808" lon="34.712952000000044">
        <ele>530.396</ele>
        <time>2025-06-26T16:19:55.622Z</time>
      </trkpt>
      <trkpt lat="37.171755" lon="34.71294500000005">
        <ele>529.438</ele>
        <time>2025-06-26T16:20:00.622Z</time>
      </trkpt>
      <trkpt lat="37.171721" lon="34.712907000000044">
        <ele>528.797</ele>
        <time>2025-06-26T16:20:03.622Z</time>
      </trkpt>
      <trkpt lat="37.17169" lon="34.71285200000004">
        <ele>527.983</ele>
        <time>2025-06-26T16:20:09.622Z</time>
      </trkpt>
      <trkpt lat="37.17172" lon="34.71280200000004">
        <ele>527.256</ele>
        <time>2025-06-26T16:20:14.622Z</time>
      </trkpt>
      <trkpt lat="37.171776" lon="34.71276500000004">
        <ele>526.458</ele>
        <time>2025-06-26T16:20:20.622Z</time>
      </trkpt>
      <trkpt lat="37.171819" lon="34.71273900000004">
        <ele>525.429</ele>
        <time>2025-06-26T16:20:25.622Z</time>
      </trkpt>
      <trkpt lat="37.171859" lon="34.712710000000044">
        <ele>524.409</ele>
        <time>2025-06-26T16:20:30.622Z</time>
      </trkpt>
      <trkpt lat="37.171901999999996" lon="34.71266600000004">
        <ele>523.713</ele>
        <time>2025-06-26T16:20:35.622Z</time>
      </trkpt>
      <trkpt lat="37.171941" lon="34.71262800000004">
        <ele>523.185</ele>
        <time>2025-06-26T16:20:40.622Z</time>
      </trkpt>
      <trkpt lat="37.171974999999996" lon="34.71258300000004">
        <ele>522.273</ele>
        <time>2025-06-26T16:20:45.622Z</time>
      </trkpt>
      <trkpt lat="37.171997999999995" lon="34.71253200000004">
        <ele>521.412</ele>
        <time>2025-06-26T16:20:50.622Z</time>
      </trkpt>
      <trkpt lat="37.172011999999995" lon="34.712471000000036">
        <ele>520.854</ele>
        <time>2025-06-26T16:20:55.622Z</time>
      </trkpt>
      <trkpt lat="37.172025" lon="34.712415000000036">
        <ele>520.15</ele>
        <time>2025-06-26T16:21:00.622Z</time>
      </trkpt>
      <trkpt lat="37.172048" lon="34.712364000000036">
        <ele>519.062</ele>
        <time>2025-06-26T16:21:04.622Z</time>
      </trkpt>
      <trkpt lat="37.172059" lon="34.712306000000034">
        <ele>517.861</ele>
        <time>2025-06-26T16:21:09.622Z</time>
      </trkpt>
      <trkpt lat="37.172075" lon="34.712249000000035">
        <ele>516.897</ele>
        <time>2025-06-26T16:21:13.622Z</time>
      </trkpt>
      <trkpt lat="37.172105" lon="34.71219700000004">
        <ele>515.86</ele>
        <time>2025-06-26T16:21:19.622Z</time>
      </trkpt>
      <trkpt lat="37.172123" lon="34.71214300000004">
        <ele>515.112</ele>
        <time>2025-06-26T16:21:24.622Z</time>
      </trkpt>
      <trkpt lat="37.172146" lon="34.71208200000004">
        <ele>514.393</ele>
        <time>2025-06-26T16:21:29.622Z</time>
      </trkpt>
      <trkpt lat="37.172177999999995" lon="34.71204200000004">
        <ele>513.109</ele>
        <time>2025-06-26T16:21:34.622Z</time>
      </trkpt>
      <trkpt lat="37.172205999999996" lon="34.71199400000004">
        <ele>512.119</ele>
        <time>2025-06-26T16:21:38.622Z</time>
      </trkpt>
      <trkpt lat="37.172233" lon="34.71194000000004">
        <ele>511.409</ele>
        <time>2025-06-26T16:21:44.622Z</time>
      </trkpt>
      <trkpt lat="37.172252" lon="34.71188900000004">
        <ele>511.119</ele>
        <time>2025-06-26T16:21:51.622Z</time>
      </trkpt>
      <trkpt lat="37.172297" lon="34.71187800000004">
        <ele>511.019</ele>
        <time>2025-06-26T16:21:56.622Z</time>
      </trkpt>
      <trkpt lat="37.17234" lon="34.71183900000004">
        <ele>511.171</ele>
        <time>2025-06-26T16:22:00.622Z</time>
      </trkpt>
      <trkpt lat="37.172387" lon="34.71180200000004">
        <ele>511.567</ele>
        <time>2025-06-26T16:22:04.622Z</time>
      </trkpt>
      <trkpt lat="37.172427" lon="34.71176000000004">
        <ele>511.999</ele>
        <time>2025-06-26T16:22:08.622Z</time>
      </trkpt>
      <trkpt lat="37.172467" lon="34.71170900000004">
        <ele>512.398</ele>
        <time>2025-06-26T16:22:12.622Z</time>
      </trkpt>
      <trkpt lat="37.172487" lon="34.71164500000004">
        <ele>512.734</ele>
        <time>2025-06-26T16:22:16.622Z</time>
      </trkpt>
      <trkpt lat="37.172503" lon="34.71158900000004">
        <ele>513.137</ele>
        <time>2025-06-26T16:22:19.622Z</time>
      </trkpt>
      <trkpt lat="37.172516" lon="34.71152100000004">
        <ele>513.529</ele>
        <time>2025-06-26T16:22:22.622Z</time>
      </trkpt>
      <trkpt lat="37.172525" lon="34.71146100000004">
        <ele>513.77</ele>
        <time>2025-06-26T16:22:25.622Z</time>
      </trkpt>
      <trkpt lat="37.172541" lon="34.71140500000004">
        <ele>513.709</ele>
        <time>2025-06-26T16:22:28.622Z</time>
      </trkpt>
      <trkpt lat="37.172554000000005" lon="34.71134000000004">
        <ele>513.726</ele>
        <time>2025-06-26T16:22:33.622Z</time>
      </trkpt>
      <trkpt lat="37.172555" lon="34.71128400000004">
        <ele>513.324</ele>
        <time>2025-06-26T16:22:36.622Z</time>
      </trkpt>
      <trkpt lat="37.172558" lon="34.71122200000004">
        <ele>512.488</ele>
        <time>2025-06-26T16:22:40.622Z</time>
      </trkpt>
      <trkpt lat="37.172567" lon="34.711162000000044">
        <ele>511.752</ele>
        <time>2025-06-26T16:22:44.622Z</time>
      </trkpt>
      <trkpt lat="37.172583" lon="34.71109800000004">
        <ele>511.314</ele>
        <time>2025-06-26T16:22:49.622Z</time>
      </trkpt>
      <trkpt lat="37.172603" lon="34.711021000000045">
        <ele>510.94</ele>
        <time>2025-06-26T16:22:54.622Z</time>
      </trkpt>
      <trkpt lat="37.172636000000004" lon="34.71098000000004">
        <ele>510.392</ele>
        <time>2025-06-26T16:22:58.622Z</time>
      </trkpt>
      <trkpt lat="37.172669000000006" lon="34.71094000000004">
        <ele>509.371</ele>
        <time>2025-06-26T16:23:02.622Z</time>
      </trkpt>
      <trkpt lat="37.17271900000001" lon="34.710925000000046">
        <ele>508.217</ele>
        <time>2025-06-26T16:23:06.622Z</time>
      </trkpt>
      <trkpt lat="37.172762000000006" lon="34.71090500000005">
        <ele>507.03</ele>
        <time>2025-06-26T16:23:12.622Z</time>
      </trkpt>
      <trkpt lat="37.172808" lon="34.71088800000005">
        <ele>505.692</ele>
        <time>2025-06-26T16:23:20.622Z</time>
      </trkpt>
      <trkpt lat="37.172855000000006" lon="34.71086700000005">
        <ele>504.393</ele>
        <time>2025-06-26T16:23:27.622Z</time>
      </trkpt>
      <trkpt lat="37.17289900000001" lon="34.71083300000005">
        <ele>503.109</ele>
        <time>2025-06-26T16:23:34.622Z</time>
      </trkpt>
      <trkpt lat="37.17293000000001" lon="34.71078600000005">
        <ele>501.917</ele>
        <time>2025-06-26T16:23:42.622Z</time>
      </trkpt>
      <trkpt lat="37.17297500000001" lon="34.71076000000005">
        <ele>500.898</ele>
        <time>2025-06-26T16:23:48.622Z</time>
      </trkpt>
      <trkpt lat="37.17298100000001" lon="34.71070100000005">
        <ele>499.918</ele>
        <time>2025-06-26T16:23:56.622Z</time>
      </trkpt>
      <trkpt lat="37.17297500000001" lon="34.71063800000005">
        <ele>498.974</ele>
        <time>2025-06-26T16:24:05.622Z</time>
      </trkpt>
      <trkpt lat="37.17297500000001" lon="34.71058000000005">
        <ele>497.556</ele>
        <time>2025-06-26T16:24:12.622Z</time>
      </trkpt>
      <trkpt lat="37.17296000000001" lon="34.71052600000005">
        <ele>495.832</ele>
        <time>2025-06-26T16:24:18.622Z</time>
      </trkpt>
      <trkpt lat="37.17298100000001" lon="34.71046700000005">
        <ele>493.764</ele>
        <time>2025-06-26T16:24:25.622Z</time>
      </trkpt>
      <trkpt lat="37.172985000000004" lon="34.71040600000005">
        <ele>491.423</ele>
        <time>2025-06-26T16:24:35.622Z</time>
      </trkpt>
      <trkpt lat="37.173013000000005" lon="34.71035000000005">
        <ele>489.699</ele>
        <time>2025-06-26T16:24:45.622Z</time>
      </trkpt>
      <trkpt lat="37.173" lon="34.71029400000005">
        <ele>487.542</ele>
        <time>2025-06-26T16:24:57.622Z</time>
      </trkpt>
      <trkpt lat="37.172961" lon="34.71026600000005">
        <ele>485.494</ele>
        <time>2025-06-26T16:26:12.622Z</time>
      </trkpt>
      <trkpt lat="37.172923" lon="34.71029600000005">
        <ele>483.695</ele>
        <time>2025-06-26T16:26:22.622Z</time>
      </trkpt>
      <trkpt lat="37.17288" lon="34.71031600000005">
        <ele>481.809</ele>
        <time>2025-06-26T16:26:35.622Z</time>
      </trkpt>
      <trkpt lat="37.172837" lon="34.71034700000005">
        <ele>480.611</ele>
        <time>2025-06-26T16:26:44.622Z</time>
      </trkpt>
      <trkpt lat="37.17279" lon="34.71037200000005">
        <ele>479.692</ele>
        <time>2025-06-26T16:26:57.622Z</time>
      </trkpt>
      <trkpt lat="37.172756" lon="34.71040900000005">
        <ele>478.732</ele>
        <time>2025-06-26T16:27:04.622Z</time>
      </trkpt>
      <trkpt lat="37.172715" lon="34.710441000000046">
        <ele>478.158</ele>
        <time>2025-06-26T16:27:11.622Z</time>
      </trkpt>
      <trkpt lat="37.172667999999994" lon="34.71047300000004">
        <ele>477.57</ele>
        <time>2025-06-26T16:27:18.622Z</time>
      </trkpt>
      <trkpt lat="37.172619" lon="34.710483000000046">
        <ele>475.916</ele>
        <time>2025-06-26T16:27:25.622Z</time>
      </trkpt>
      <trkpt lat="37.172574" lon="34.71049100000005">
        <ele>472.938</ele>
        <time>2025-06-26T16:27:31.622Z</time>
      </trkpt>
      <trkpt lat="37.17254" lon="34.71054100000005">
        <ele>471.117</ele>
        <time>2025-06-26T16:27:36.622Z</time>
      </trkpt>
      <trkpt lat="37.172495" lon="34.71053900000005">
        <ele>471.043</ele>
        <time>2025-06-26T16:27:52.622Z</time>
      </trkpt>
      <trkpt lat="37.172458999999996" lon="34.71049400000005">
        <ele>470.966</ele>
        <time>2025-06-26T16:28:10.622Z</time>
      </trkpt>
      <trkpt lat="37.172425999999994" lon="34.71045400000005">
        <ele>470.888</ele>
        <time>2025-06-26T16:28:14.622Z</time>
      </trkpt>
      <trkpt lat="37.17240199999999" lon="34.71039800000005">
        <ele>470.779</ele>
        <time>2025-06-26T16:28:26.622Z</time>
      </trkpt>
      <trkpt lat="37.17244699999999" lon="34.710385000000045">
        <ele>470.609</ele>
        <time>2025-06-26T16:28:30.622Z</time>
      </trkpt>
      <trkpt lat="37.17249299999999" lon="34.71038300000004">
        <ele>470.521</ele>
        <time>2025-06-26T16:28:44.622Z</time>
      </trkpt>
      <trkpt lat="37.172524999999986" lon="34.71033900000004">
        <ele>470.356</ele>
        <time>2025-06-26T16:28:53.622Z</time>
      </trkpt>
      <trkpt lat="37.172555999999986" lon="34.71029500000004">
        <ele>470.374</ele>
        <time>2025-06-26T16:28:59.622Z</time>
      </trkpt>
      <trkpt lat="37.172530999999985" lon="34.710237000000035">
        <ele>470.387</ele>
        <time>2025-06-26T16:29:40.622Z</time>
      </trkpt>
      <trkpt lat="37.172496999999986" lon="34.71028100000004">
        <ele>471.529</ele>
        <time>2025-06-26T16:30:03.622Z</time>
      </trkpt>
      <trkpt lat="37.172451999999986" lon="34.710290000000036">
        <ele>473.645</ele>
        <time>2025-06-26T16:30:40.622Z</time>
      </trkpt>
      <trkpt lat="37.17241399999998" lon="34.710254000000035">
        <ele>475.747</ele>
        <time>2025-06-26T16:31:43.622Z</time>
      </trkpt>
      <trkpt lat="37.17238899999998" lon="34.71020100000003">
        <ele>477.936</ele>
        <time>2025-06-26T16:33:20.622Z</time>
      </trkpt>
      <trkpt lat="37.172398999999984" lon="34.71014000000003">
        <ele>479.792</ele>
        <time>2025-06-26T16:33:37.622Z</time>
      </trkpt>
      <trkpt lat="37.172384999999984" lon="34.71008200000003">
        <ele>482.765</ele>
        <time>2025-06-26T16:34:09.622Z</time>
      </trkpt>
      <trkpt lat="37.172341999999986" lon="34.71006400000003">
        <ele>485.897</ele>
        <time>2025-06-26T16:34:17.622Z</time>
      </trkpt>
      <trkpt lat="37.17230799999999" lon="34.710012000000035">
        <ele>487.498</ele>
        <time>2025-06-26T16:34:43.622Z</time>
      </trkpt>
      <trkpt lat="37.17226799999999" lon="34.709975000000036">
        <ele>488.409</ele>
        <time>2025-06-26T16:35:35.622Z</time>
      </trkpt>
      <trkpt lat="37.17225099999999" lon="34.70992300000004">
        <ele>489.211</ele>
        <time>2025-06-26T16:35:50.622Z</time>
      </trkpt>
      <trkpt lat="37.17224399999999" lon="34.70986200000004">
        <ele>490.683</ele>
        <time>2025-06-26T16:36:08.622Z</time>
      </trkpt>
      <trkpt lat="37.172231999999994" lon="34.709806000000036">
        <ele>492.462</ele>
        <time>2025-06-26T16:36:21.622Z</time>
      </trkpt>
      <trkpt lat="37.172267999999995" lon="34.70976900000004">
        <ele>493.837</ele>
        <time>2025-06-26T16:37:23.622Z</time>
      </trkpt>
      <trkpt lat="37.172248999999994" lon="34.70971200000004">
        <ele>494.879</ele>
        <time>2025-06-26T16:37:30.622Z</time>
      </trkpt>
      <trkpt lat="37.172245999999994" lon="34.70964900000004">
        <ele>495.315</ele>
        <time>2025-06-26T16:37:37.622Z</time>
      </trkpt>
      <trkpt lat="37.172262999999994" lon="34.70959200000004">
        <ele>495.717</ele>
        <time>2025-06-26T16:38:02.622Z</time>
      </trkpt>
      <trkpt lat="37.172276999999994" lon="34.70953300000004">
        <ele>496.736</ele>
        <time>2025-06-26T16:38:27.622Z</time>
      </trkpt>
      <trkpt lat="37.172281999999996" lon="34.70946400000004">
        <ele>498.172</ele>
        <time>2025-06-26T16:39:59.622Z</time>
      </trkpt>
      <trkpt lat="37.172326" lon="34.70945300000004">
        <ele>499.615</ele>
        <time>2025-06-26T16:40:29.622Z</time>
      </trkpt>
      <trkpt lat="37.172345" lon="34.70940000000004">
        <ele>502.167</ele>
        <time>2025-06-26T16:41:34.622Z</time>
      </trkpt>
      <trkpt lat="37.172389" lon="34.70938500000004">
        <ele>505.238</ele>
        <time>2025-06-26T16:42:17.622Z</time>
      </trkpt>
      <trkpt lat="37.172361" lon="34.70934000000004">
        <ele>506.609</ele>
        <time>2025-06-26T16:42:35.622Z</time>
      </trkpt>
      <trkpt lat="37.172355" lon="34.70927900000004">
        <ele>508.624</ele>
        <time>2025-06-26T16:43:15.622Z</time>
      </trkpt>
      <trkpt lat="37.172383" lon="34.70923300000004">
        <ele>509.904</ele>
        <time>2025-06-26T16:43:32.622Z</time>
      </trkpt>
      <trkpt lat="37.172388000000005" lon="34.70917600000004">
        <ele>512.069</ele>
        <time>2025-06-26T16:43:51.622Z</time>
      </trkpt>
      <trkpt lat="37.17234200000001" lon="34.709192000000044">
        <ele>513.187</ele>
        <time>2025-06-26T16:44:10.622Z</time>
      </trkpt>
      <trkpt lat="37.172419000000005" lon="34.70914500000004">
        <ele>513.289</ele>
        <time>2025-06-26T16:44:28.622Z</time>
      </trkpt>
      <trkpt lat="37.172462" lon="34.709110000000045">
        <ele>513.535</ele>
        <time>2025-06-26T16:44:44.622Z</time>
      </trkpt>
      <trkpt lat="37.172493" lon="34.70906400000005">
        <ele>514.297</ele>
        <time>2025-06-26T16:44:50.622Z</time>
      </trkpt>
      <trkpt lat="37.172489000000006" lon="34.70900500000005">
        <ele>515.126</ele>
        <time>2025-06-26T16:44:55.622Z</time>
      </trkpt>
      <trkpt lat="37.172481000000005" lon="34.70894800000005">
        <ele>515.632</ele>
        <time>2025-06-26T16:45:00.622Z</time>
      </trkpt>
      <trkpt lat="37.17245200000001" lon="34.70888900000005">
        <ele>515.915</ele>
        <time>2025-06-26T16:45:04.622Z</time>
      </trkpt>
      <trkpt lat="37.17244900000001" lon="34.70882700000005">
        <ele>516.397</ele>
        <time>2025-06-26T16:45:09.622Z</time>
      </trkpt>
      <trkpt lat="37.172461000000006" lon="34.708772000000046">
        <ele>517.138</ele>
        <time>2025-06-26T16:45:22.622Z</time>
      </trkpt>
      <trkpt lat="37.172461000000006" lon="34.70871200000005">
        <ele>518.009</ele>
        <time>2025-06-26T16:45:27.622Z</time>
      </trkpt>
      <trkpt lat="37.172465" lon="34.70865200000005">
        <ele>518.824</ele>
        <time>2025-06-26T16:45:49.622Z</time>
      </trkpt>
      <trkpt lat="37.172422000000005" lon="34.70862700000005">
        <ele>519.504</ele>
        <time>2025-06-26T16:45:54.622Z</time>
      </trkpt>
      <trkpt lat="37.172436000000005" lon="34.70855400000005">
        <ele>519.969</ele>
        <time>2025-06-26T16:45:57.622Z</time>
      </trkpt>
      <trkpt lat="37.172425000000004" lon="34.70849800000005">
        <ele>520.275</ele>
        <time>2025-06-26T16:46:12.622Z</time>
      </trkpt>
      <trkpt lat="37.172408000000004" lon="34.708440000000046">
        <ele>520.487</ele>
        <time>2025-06-26T16:46:19.622Z</time>
      </trkpt>
      <trkpt lat="37.17239300000001" lon="34.70837900000004">
        <ele>520.643</ele>
        <time>2025-06-26T16:46:23.622Z</time>
      </trkpt>
      <trkpt lat="37.172366000000004" lon="34.708432000000045">
        <ele>521.695</ele>
        <time>2025-06-26T16:46:31.622Z</time>
      </trkpt>
      <trkpt lat="37.172377000000004" lon="34.708376000000044">
        <ele>522.644</ele>
        <time>2025-06-26T16:46:35.622Z</time>
      </trkpt>
      <trkpt lat="37.172349000000004" lon="34.70832000000004">
        <ele>523.48</ele>
        <time>2025-06-26T16:46:39.622Z</time>
      </trkpt>
      <trkpt lat="37.172312000000005" lon="34.70827500000004">
        <ele>525.383</ele>
        <time>2025-06-26T16:46:43.622Z</time>
      </trkpt>
      <trkpt lat="37.17228000000001" lon="34.70822000000004">
        <ele>526.925</ele>
        <time>2025-06-26T16:46:47.622Z</time>
      </trkpt>
      <trkpt lat="37.17224100000001" lon="34.70817400000004">
        <ele>527.136</ele>
        <time>2025-06-26T16:47:00.622Z</time>
      </trkpt>
      <trkpt lat="37.17219500000001" lon="34.708190000000045">
        <ele>527.809</ele>
        <time>2025-06-26T16:47:23.622Z</time>
      </trkpt>
      <trkpt lat="37.17219700000001" lon="34.70813200000004">
        <ele>528.711</ele>
        <time>2025-06-26T16:47:28.622Z</time>
      </trkpt>
      <trkpt lat="37.17222000000001" lon="34.70807300000004">
        <ele>529.947</ele>
        <time>2025-06-26T16:47:36.622Z</time>
      </trkpt>
      <trkpt lat="37.17221900000001" lon="34.708010000000044">
        <ele>531.645</ele>
        <time>2025-06-26T16:47:41.622Z</time>
      </trkpt>
      <trkpt lat="37.17218300000001" lon="34.707976000000045">
        <ele>533.13</ele>
        <time>2025-06-26T16:47:49.622Z</time>
      </trkpt>
      <trkpt lat="37.17214900000001" lon="34.70792400000005">
        <ele>533.942</ele>
        <time>2025-06-26T16:47:58.622Z</time>
      </trkpt>
      <trkpt lat="37.172148000000014" lon="34.70786200000005">
        <ele>534.268</ele>
        <time>2025-06-26T16:48:07.622Z</time>
      </trkpt>
      <trkpt lat="37.172190000000015" lon="34.70788800000005">
        <ele>534.61</ele>
        <time>2025-06-26T16:48:57.622Z</time>
      </trkpt>
      <trkpt lat="37.172181000000016" lon="34.707832000000046">
        <ele>535.129</ele>
        <time>2025-06-26T16:49:04.622Z</time>
      </trkpt>
      <trkpt lat="37.17214600000002" lon="34.70778900000005">
        <ele>535.465</ele>
        <time>2025-06-26T16:49:20.622Z</time>
      </trkpt>
      <trkpt lat="37.17212100000002" lon="34.707739000000046">
        <ele>536.118</ele>
        <time>2025-06-26T16:49:37.622Z</time>
      </trkpt>
      <trkpt lat="37.17209800000002" lon="34.707689000000045">
        <ele>537.87</ele>
        <time>2025-06-26T16:49:57.622Z</time>
      </trkpt>
      <trkpt lat="37.17206500000002" lon="34.707650000000044">
        <ele>539.161</ele>
        <time>2025-06-26T16:50:12.622Z</time>
      </trkpt>
      <trkpt lat="37.17202500000002" lon="34.707621000000046">
        <ele>540.009</ele>
        <time>2025-06-26T16:50:25.622Z</time>
      </trkpt>
      <trkpt lat="37.171967000000016" lon="34.707571000000044">
        <ele>541.923</ele>
        <time>2025-06-26T16:50:37.622Z</time>
      </trkpt>
      <trkpt lat="37.17197800000002" lon="34.70751000000004">
        <ele>543.549</ele>
        <time>2025-06-26T16:50:49.622Z</time>
      </trkpt>
      <trkpt lat="37.171945000000015" lon="34.70746900000004">
        <ele>544.495</ele>
        <time>2025-06-26T16:50:58.622Z</time>
      </trkpt>
      <trkpt lat="37.17191200000001" lon="34.707425000000036">
        <ele>545.246</ele>
        <time>2025-06-26T16:51:34.622Z</time>
      </trkpt>
      <trkpt lat="37.171863000000016" lon="34.707397000000036">
        <ele>545.928</ele>
        <time>2025-06-26T16:51:39.622Z</time>
      </trkpt>
      <trkpt lat="37.171844000000014" lon="34.707344000000035">
        <ele>546.434</ele>
        <time>2025-06-26T16:51:49.622Z</time>
      </trkpt>
      <trkpt lat="37.17182200000001" lon="34.70729100000003">
        <ele>547.036</ele>
        <time>2025-06-26T16:51:54.622Z</time>
      </trkpt>
      <trkpt lat="37.17180800000001" lon="34.70723000000003">
        <ele>547.995</ele>
        <time>2025-06-26T16:51:59.622Z</time>
      </trkpt>
      <trkpt lat="37.171779000000015" lon="34.70718500000003">
        <ele>548.891</ele>
        <time>2025-06-26T16:52:03.622Z</time>
      </trkpt>
      <trkpt lat="37.17175300000002" lon="34.70713400000003">
        <ele>549.324</ele>
        <time>2025-06-26T16:52:11.622Z</time>
      </trkpt>
      <trkpt lat="37.171714000000016" lon="34.707167000000034">
        <ele>549.586</ele>
        <time>2025-06-26T16:52:25.622Z</time>
      </trkpt>
      <trkpt lat="37.17166800000002" lon="34.707175000000035">
        <ele>550.337</ele>
        <time>2025-06-26T16:52:31.622Z</time>
      </trkpt>
      <trkpt lat="37.171720000000015" lon="34.707212000000034">
        <ele>551.109</ele>
        <time>2025-06-26T16:52:45.622Z</time>
      </trkpt>
      <trkpt lat="37.17168400000001" lon="34.70717400000003">
        <ele>551.311</ele>
        <time>2025-06-26T16:52:51.622Z</time>
      </trkpt>
      <trkpt lat="37.17164200000001" lon="34.70713000000003">
        <ele>552.001</ele>
        <time>2025-06-26T16:53:02.622Z</time>
      </trkpt>
      <trkpt lat="37.17160300000001" lon="34.70709800000003">
        <ele>553.351</ele>
        <time>2025-06-26T16:53:05.622Z</time>
      </trkpt>
      <trkpt lat="37.17157700000001" lon="34.70705000000003">
        <ele>555.31</ele>
        <time>2025-06-26T16:53:11.622Z</time>
      </trkpt>
      <trkpt lat="37.17154900000001" lon="34.706998000000034">
        <ele>556.842</ele>
        <time>2025-06-26T16:53:17.622Z</time>
      </trkpt>
      <trkpt lat="37.17150500000001" lon="34.706975000000035">
        <ele>557.578</ele>
        <time>2025-06-26T16:53:48.622Z</time>
      </trkpt>
      <trkpt lat="37.17145700000001" lon="34.706975000000035">
        <ele>560.66</ele>
        <time>2025-06-26T16:54:08.622Z</time>
      </trkpt>
      <trkpt lat="37.17145900000001" lon="34.70691700000003">
        <ele>564.049</ele>
        <time>2025-06-26T16:54:43.622Z</time>
      </trkpt>
      <trkpt lat="37.171439000000014" lon="34.70686600000003">
        <ele>565.425</ele>
        <time>2025-06-26T16:55:00.622Z</time>
      </trkpt>
      <trkpt lat="37.171394000000014" lon="34.70687000000003">
        <ele>566.298</ele>
        <time>2025-06-26T16:56:01.622Z</time>
      </trkpt>
      <trkpt lat="37.17138900000001" lon="34.70681400000003">
        <ele>567.39</ele>
        <time>2025-06-26T16:56:40.622Z</time>
      </trkpt>
      <trkpt lat="37.17137000000001" lon="34.70687100000003">
        <ele>569.021</ele>
        <time>2025-06-26T16:57:59.622Z</time>
      </trkpt>
      <trkpt lat="37.17137200000001" lon="34.70681100000003">
        <ele>570.809</ele>
        <time>2025-06-26T16:58:07.622Z</time>
      </trkpt>
      <trkpt lat="37.171360000000014" lon="34.70674800000003">
        <ele>572.123</ele>
        <time>2025-06-26T16:58:23.622Z</time>
      </trkpt>
      <trkpt lat="37.17131300000001" lon="34.70676500000003">
        <ele>572.749</ele>
        <time>2025-06-26T16:58:34.622Z</time>
      </trkpt>
      <trkpt lat="37.17126800000001" lon="34.706759000000034">
        <ele>573.095</ele>
        <time>2025-06-26T16:58:51.622Z</time>
      </trkpt>
      <trkpt lat="37.17125200000001" lon="34.706812000000035">
        <ele>573.372</ele>
        <time>2025-06-26T16:59:49.622Z</time>
      </trkpt>
      <trkpt lat="37.17125800000001" lon="34.70675200000004">
        <ele>573.694</ele>
        <time>2025-06-26T16:59:54.622Z</time>
      </trkpt>
      <trkpt lat="37.17125800000001" lon="34.706688000000035">
        <ele>574.27</ele>
        <time>2025-06-26T16:59:59.622Z</time>
      </trkpt>
      <trkpt lat="37.17125000000001" lon="34.706629000000035">
        <ele>574.982</ele>
        <time>2025-06-26T17:00:04.622Z</time>
      </trkpt>
      <trkpt lat="37.171251000000005" lon="34.70657200000004">
        <ele>575.791</ele>
        <time>2025-06-26T17:00:09.622Z</time>
      </trkpt>
      <trkpt lat="37.171266" lon="34.706516000000036">
        <ele>576.537</ele>
        <time>2025-06-26T17:00:14.622Z</time>
      </trkpt>
      <trkpt lat="37.171266" lon="34.70645100000004">
        <ele>577.19</ele>
        <time>2025-06-26T17:00:18.622Z</time>
      </trkpt>
      <trkpt lat="37.171272" lon="34.706390000000034">
        <ele>577.992</ele>
        <time>2025-06-26T17:00:24.622Z</time>
      </trkpt>
      <trkpt lat="37.171251000000005" lon="34.706339000000035">
        <ele>578.763</ele>
        <time>2025-06-26T17:00:27.622Z</time>
      </trkpt>
      <trkpt lat="37.17123600000001" lon="34.70627100000004">
        <ele>579.509</ele>
        <time>2025-06-26T17:00:31.622Z</time>
      </trkpt>
      <trkpt lat="37.17119000000001" lon="34.70628400000004">
        <ele>580.305</ele>
        <time>2025-06-26T17:00:36.622Z</time>
      </trkpt>
      <trkpt lat="37.17116800000001" lon="34.70634200000004">
        <ele>580.932</ele>
        <time>2025-06-26T17:00:40.622Z</time>
      </trkpt>
      <trkpt lat="37.17114300000001" lon="34.706397000000045">
        <ele>581.312</ele>
        <time>2025-06-26T17:00:46.622Z</time>
      </trkpt>
      <trkpt lat="37.17112200000001" lon="34.706459000000045">
        <ele>581.875</ele>
        <time>2025-06-26T17:00:50.622Z</time>
      </trkpt>
      <trkpt lat="37.17110200000001" lon="34.70651400000005">
        <ele>582.827</ele>
        <time>2025-06-26T17:00:54.622Z</time>
      </trkpt>
      <trkpt lat="37.17106300000001" lon="34.70655100000005">
        <ele>583.913</ele>
        <time>2025-06-26T17:00:57.622Z</time>
      </trkpt>
      <trkpt lat="37.17104300000001" lon="34.70660900000005">
        <ele>584.915</ele>
        <time>2025-06-26T17:01:01.622Z</time>
      </trkpt>
      <trkpt lat="37.171036000000015" lon="34.70667700000005">
        <ele>585.814</ele>
        <time>2025-06-26T17:01:07.622Z</time>
      </trkpt>
      <trkpt lat="37.17101700000001" lon="34.70673700000005">
        <ele>586.53</ele>
        <time>2025-06-26T17:01:12.622Z</time>
      </trkpt>
      <trkpt lat="37.171014000000014" lon="34.70680100000005">
        <ele>587.163</ele>
        <time>2025-06-26T17:01:17.622Z</time>
      </trkpt>
      <trkpt lat="37.171000000000014" lon="34.70685800000005">
        <ele>587.635</ele>
        <time>2025-06-26T17:01:22.622Z</time>
      </trkpt>
      <trkpt lat="37.170980000000014" lon="34.706915000000045">
        <ele>587.996</ele>
        <time>2025-06-26T17:01:33.622Z</time>
      </trkpt>
      <trkpt lat="37.17098700000001" lon="34.70697600000005">
        <ele>588.209</ele>
        <time>2025-06-26T17:01:40.622Z</time>
      </trkpt>
      <trkpt lat="37.170966000000014" lon="34.707027000000046">
        <ele>588.51</ele>
        <time>2025-06-26T17:01:46.622Z</time>
      </trkpt>
      <trkpt lat="37.170943000000015" lon="34.70707600000004">
        <ele>588.864</ele>
        <time>2025-06-26T17:01:50.622Z</time>
      </trkpt>
      <trkpt lat="37.17094800000002" lon="34.70714100000004">
        <ele>589.143</ele>
        <time>2025-06-26T17:01:55.622Z</time>
      </trkpt>
      <trkpt lat="37.170952000000014" lon="34.707213000000046">
        <ele>589.46</ele>
        <time>2025-06-26T17:02:01.622Z</time>
      </trkpt>
      <trkpt lat="37.17093000000001" lon="34.70726200000004">
        <ele>589.772</ele>
        <time>2025-06-26T17:02:06.622Z</time>
      </trkpt>
      <trkpt lat="37.17091700000001" lon="34.70731600000004">
        <ele>590.088</ele>
        <time>2025-06-26T17:02:23.622Z</time>
      </trkpt>
      <trkpt lat="37.17091800000001" lon="34.707377000000044">
        <ele>590.59</ele>
        <time>2025-06-26T17:02:27.622Z</time>
      </trkpt>
      <trkpt lat="37.170930000000006" lon="34.70743700000004">
        <ele>591.279</ele>
        <time>2025-06-26T17:02:32.622Z</time>
      </trkpt>
      <trkpt lat="37.170944000000006" lon="34.707498000000044">
        <ele>592.085</ele>
        <time>2025-06-26T17:02:37.622Z</time>
      </trkpt>
      <trkpt lat="37.17094600000001" lon="34.70756300000004">
        <ele>592.788</ele>
        <time>2025-06-26T17:02:41.622Z</time>
      </trkpt>
      <trkpt lat="37.17094800000001" lon="34.70762900000004">
        <ele>593.26</ele>
        <time>2025-06-26T17:02:45.622Z</time>
      </trkpt>
      <trkpt lat="37.17094700000001" lon="34.70768700000004">
        <ele>593.691</ele>
        <time>2025-06-26T17:02:50.622Z</time>
      </trkpt>
      <trkpt lat="37.17095400000001" lon="34.70775700000004">
        <ele>594.109</ele>
        <time>2025-06-26T17:02:57.622Z</time>
      </trkpt>
      <trkpt lat="37.17094600000001" lon="34.707818000000046">
        <ele>594.822</ele>
        <time>2025-06-26T17:03:02.622Z</time>
      </trkpt>
      <trkpt lat="37.170967000000005" lon="34.70787000000004">
        <ele>595.557</ele>
        <time>2025-06-26T17:03:07.622Z</time>
      </trkpt>
      <trkpt lat="37.170967000000005" lon="34.70793300000004">
        <ele>596.194</ele>
        <time>2025-06-26T17:03:12.622Z</time>
      </trkpt>
      <trkpt lat="37.17094900000001" lon="34.70799900000004">
        <ele>596.458</ele>
        <time>2025-06-26T17:03:17.622Z</time>
      </trkpt>
      <trkpt lat="37.170930000000006" lon="34.708070000000035">
        <ele>596.56</ele>
        <time>2025-06-26T17:03:22.622Z</time>
      </trkpt>
      <trkpt lat="37.170922000000004" lon="34.70814100000003">
        <ele>596.526</ele>
        <time>2025-06-26T17:03:28.622Z</time>
      </trkpt>
      <trkpt lat="37.17090700000001" lon="34.708194000000034">
        <ele>596.898</ele>
        <time>2025-06-26T17:03:33.622Z</time>
      </trkpt>
      <trkpt lat="37.170902000000005" lon="34.70825400000003">
        <ele>597.487</ele>
        <time>2025-06-26T17:03:38.622Z</time>
      </trkpt>
      <trkpt lat="37.170892" lon="34.70831300000003">
        <ele>598.063</ele>
        <time>2025-06-26T17:03:43.622Z</time>
      </trkpt>
      <trkpt lat="37.170885000000006" lon="34.70837800000003">
        <ele>598.956</ele>
        <time>2025-06-26T17:03:50.622Z</time>
      </trkpt>
      <trkpt lat="37.170886" lon="34.70843700000003">
        <ele>599.978</ele>
        <time>2025-06-26T17:03:55.622Z</time>
      </trkpt>
      <trkpt lat="37.170879000000006" lon="34.70850200000003">
        <ele>600.839</ele>
        <time>2025-06-26T17:04:03.622Z</time>
      </trkpt>
      <trkpt lat="37.170860000000005" lon="34.70856700000003">
        <ele>601.509</ele>
        <time>2025-06-26T17:04:21.622Z</time>
      </trkpt>
      <trkpt lat="37.170860000000005" lon="34.70862400000003">
        <ele>602.02</ele>
        <time>2025-06-26T17:04:33.622Z</time>
      </trkpt>
      <trkpt lat="37.170866000000004" lon="34.70868500000003">
        <ele>602.528</ele>
        <time>2025-06-26T17:04:44.622Z</time>
      </trkpt>
      <trkpt lat="37.170853" lon="34.70873900000003">
        <ele>603.275</ele>
        <time>2025-06-26T17:04:50.622Z</time>
      </trkpt>
      <trkpt lat="37.170843" lon="34.70879900000003">
        <ele>603.918</ele>
        <time>2025-06-26T17:04:56.622Z</time>
      </trkpt>
      <trkpt lat="37.170834" lon="34.708862000000025">
        <ele>604.49</ele>
        <time>2025-06-26T17:05:03.622Z</time>
      </trkpt>
      <trkpt lat="37.170819" lon="34.70892000000003">
        <ele>605.166</ele>
        <time>2025-06-26T17:05:10.622Z</time>
      </trkpt>
      <trkpt lat="37.170788" lon="34.70897600000003">
        <ele>605.798</ele>
        <time>2025-06-26T17:05:20.622Z</time>
      </trkpt>
      <trkpt lat="37.170765" lon="34.70903000000003">
        <ele>606.467</ele>
        <time>2025-06-26T17:05:47.622Z</time>
      </trkpt>
      <trkpt lat="37.170729" lon="34.70907400000003">
        <ele>607.573</ele>
        <time>2025-06-26T17:05:52.622Z</time>
      </trkpt>
      <trkpt lat="37.170691" lon="34.709109000000026">
        <ele>608.536</ele>
        <time>2025-06-26T17:05:57.622Z</time>
      </trkpt>
      <trkpt lat="37.170652" lon="34.70915800000002">
        <ele>609.628</ele>
        <time>2025-06-26T17:06:02.622Z</time>
      </trkpt>
      <trkpt lat="37.170595999999996" lon="34.70916500000002">
        <ele>610.849</ele>
        <time>2025-06-26T17:06:07.622Z</time>
      </trkpt>
      <trkpt lat="37.170550999999996" lon="34.70917600000002">
        <ele>611.809</ele>
        <time>2025-06-26T17:06:15.622Z</time>
      </trkpt>
      <trkpt lat="37.170514" lon="34.70921000000002">
        <ele>612.515</ele>
        <time>2025-06-26T17:06:22.622Z</time>
      </trkpt>
      <trkpt lat="37.170463999999996" lon="34.70923100000002">
        <ele>612.841</ele>
        <time>2025-06-26T17:06:28.622Z</time>
      </trkpt>
      <trkpt lat="37.170418" lon="34.709234000000016">
        <ele>613.271</ele>
        <time>2025-06-26T17:06:38.622Z</time>
      </trkpt>
      <trkpt lat="37.170384" lon="34.709195000000015">
        <ele>613.73</ele>
        <time>2025-06-26T17:06:43.622Z</time>
      </trkpt>
      <trkpt lat="37.170389" lon="34.709139000000015">
        <ele>614.472</ele>
        <time>2025-06-26T17:06:47.622Z</time>
      </trkpt>
      <trkpt lat="37.170436" lon="34.70909300000002">
        <ele>615.268</ele>
        <time>2025-06-26T17:06:52.622Z</time>
      </trkpt>
      <trkpt lat="37.170462" lon="34.709032000000015">
        <ele>615.69</ele>
        <time>2025-06-26T17:06:58.622Z</time>
      </trkpt>
      <trkpt lat="37.170477" lon="34.70896800000001">
        <ele>616.059</ele>
        <time>2025-06-26T17:07:06.622Z</time>
      </trkpt>
      <trkpt lat="37.17049" lon="34.708914000000014">
        <ele>616.815</ele>
        <time>2025-06-26T17:07:11.622Z</time>
      </trkpt>
      <trkpt lat="37.170494" lon="34.70885400000002">
        <ele>617.548</ele>
        <time>2025-06-26T17:07:16.622Z</time>
      </trkpt>
      <trkpt lat="37.170524" lon="34.70880900000002">
        <ele>618.25</ele>
        <time>2025-06-26T17:07:46.622Z</time>
      </trkpt>
      <trkpt lat="37.170506" lon="34.70875700000002">
        <ele>618.681</ele>
        <time>2025-06-26T17:07:50.622Z</time>
      </trkpt>
      <trkpt lat="37.170461" lon="34.70873500000002">
        <ele>619.109</ele>
        <time>2025-06-26T17:07:54.622Z</time>
      </trkpt>
      <trkpt lat="37.170418000000005" lon="34.70877800000002">
        <ele>619.621</ele>
        <time>2025-06-26T17:07:58.622Z</time>
      </trkpt>
      <trkpt lat="37.170393000000004" lon="34.708846000000015">
        <ele>621.065</ele>
        <time>2025-06-26T17:08:02.622Z</time>
      </trkpt>
      <trkpt lat="37.170350000000006" lon="34.708869000000014">
        <ele>621.693</ele>
        <time>2025-06-26T17:08:05.622Z</time>
      </trkpt>
      <trkpt lat="37.17031800000001" lon="34.70894000000001">
        <ele>623.075</ele>
        <time>2025-06-26T17:08:10.622Z</time>
      </trkpt>
      <trkpt lat="37.170288000000006" lon="34.70899600000001">
        <ele>623.587</ele>
        <time>2025-06-26T17:08:16.622Z</time>
      </trkpt>
      <trkpt lat="37.170263000000006" lon="34.70905500000001">
        <ele>624.233</ele>
        <time>2025-06-26T17:08:20.622Z</time>
      </trkpt>
      <trkpt lat="37.17023100000001" lon="34.709097000000014">
        <ele>625.025</ele>
        <time>2025-06-26T17:08:24.622Z</time>
      </trkpt>
      <trkpt lat="37.170201000000006" lon="34.709164000000015">
        <ele>625.844</ele>
        <time>2025-06-26T17:08:26.622Z</time>
      </trkpt>
      <trkpt lat="37.170165000000004" lon="34.70912300000001">
        <ele>626.18</ele>
        <time>2025-06-26T17:08:28.622Z</time>
      </trkpt>
      <trkpt lat="37.170171" lon="34.70904500000001">
        <ele>626.623</ele>
        <time>2025-06-26T17:08:30.622Z</time>
      </trkpt>
      <trkpt lat="37.170176000000005" lon="34.70895200000001">
        <ele>627.095</ele>
        <time>2025-06-26T17:08:32.622Z</time>
      </trkpt>
      <trkpt lat="37.170221000000005" lon="34.70887800000001">
        <ele>627.536</ele>
        <time>2025-06-26T17:08:34.622Z</time>
      </trkpt>
      <trkpt lat="37.17022600000001" lon="34.708815000000016">
        <ele>628.109</ele>
        <time>2025-06-26T17:08:36.622Z</time>
      </trkpt>
      <trkpt lat="37.170229000000006" lon="34.70875700000001">
        <ele>628.822</ele>
        <time>2025-06-26T17:08:38.622Z</time>
      </trkpt>
      <trkpt lat="37.170227000000004" lon="34.708689000000014">
        <ele>629.302</ele>
        <time>2025-06-26T17:08:40.622Z</time>
      </trkpt>
      <trkpt lat="37.170264" lon="34.70860800000001">
        <ele>629.649</ele>
        <time>2025-06-26T17:08:42.622Z</time>
      </trkpt>
      <trkpt lat="37.170285" lon="34.70851200000001">
        <ele>629.784</ele>
        <time>2025-06-26T17:08:44.622Z</time>
      </trkpt>
      <trkpt lat="37.170319" lon="34.708449000000016">
        <ele>630.196</ele>
        <time>2025-06-26T17:08:46.622Z</time>
      </trkpt>
      <trkpt lat="37.170298" lon="34.708396000000015">
        <ele>630.642</ele>
        <time>2025-06-26T17:08:48.622Z</time>
      </trkpt>
      <trkpt lat="37.170321" lon="34.708317000000015">
        <ele>631.114</ele>
        <time>2025-06-26T17:08:51.622Z</time>
      </trkpt>
      <trkpt lat="37.170325" lon="34.708244000000015">
        <ele>631.693</ele>
        <time>2025-06-26T17:08:53.622Z</time>
      </trkpt>
      <trkpt lat="37.170353999999996" lon="34.70818100000002">
        <ele>632.029</ele>
        <time>2025-06-26T17:08:55.622Z</time>
      </trkpt>
      <trkpt lat="37.170384" lon="34.70811800000002">
        <ele>632.572</ele>
        <time>2025-06-26T17:08:57.622Z</time>
      </trkpt>
      <trkpt lat="37.170398" lon="34.70803700000002">
        <ele>632.794</ele>
        <time>2025-06-26T17:08:59.622Z</time>
      </trkpt>
      <trkpt lat="37.170406" lon="34.707979000000016">
        <ele>633.245</ele>
        <time>2025-06-26T17:09:01.622Z</time>
      </trkpt>
      <trkpt lat="37.170394" lon="34.70789400000002">
        <ele>633.509</ele>
        <time>2025-06-26T17:09:03.622Z</time>
      </trkpt>
      <trkpt lat="37.170410000000004" lon="34.70782300000002">
        <ele>633.818</ele>
        <time>2025-06-26T17:09:05.622Z</time>
      </trkpt>
      <trkpt lat="37.170404000000005" lon="34.70776600000002">
        <ele>633.917</ele>
        <time>2025-06-26T17:09:06.622Z</time>
      </trkpt>
      <trkpt lat="37.170408" lon="34.70770200000002">
        <ele>633.936</ele>
        <time>2025-06-26T17:09:08.622Z</time>
      </trkpt>
      <trkpt lat="37.170397" lon="34.70763700000002">
        <ele>634.029</ele>
        <time>2025-06-26T17:09:10.622Z</time>
      </trkpt>
      <trkpt lat="37.170411" lon="34.70754100000002">
        <ele>634.361</ele>
        <time>2025-06-26T17:09:15.622Z</time>
      </trkpt>
      <trkpt lat="37.170403" lon="34.70747100000002">
        <ele>634.857</ele>
        <time>2025-06-26T17:09:18.622Z</time>
      </trkpt>
      <trkpt lat="37.1704" lon="34.70739200000002">
        <ele>635.269</ele>
        <time>2025-06-26T17:09:22.622Z</time>
      </trkpt>
      <trkpt lat="37.170392" lon="34.70733100000002">
        <ele>635.378</ele>
        <time>2025-06-26T17:09:26.622Z</time>
      </trkpt>
      <trkpt lat="37.170416" lon="34.70728200000002">
        <ele>635.394</ele>
        <time>2025-06-26T17:09:31.622Z</time>
      </trkpt>
      <trkpt lat="37.170404000000005" lon="34.70722100000002">
        <ele>635.567</ele>
        <time>2025-06-26T17:09:33.622Z</time>
      </trkpt>
      <trkpt lat="37.170405" lon="34.70715700000002">
        <ele>635.829</ele>
        <time>2025-06-26T17:09:35.622Z</time>
      </trkpt>
      <trkpt lat="37.170399" lon="34.70708300000002">
        <ele>636.35</ele>
        <time>2025-06-26T17:09:37.622Z</time>
      </trkpt>
      <trkpt lat="37.170375" lon="34.707014000000015">
        <ele>637.109</ele>
        <time>2025-06-26T17:09:39.622Z</time>
      </trkpt>
      <trkpt lat="37.170362" lon="34.706930000000014">
        <ele>637.426</ele>
        <time>2025-06-26T17:09:41.622Z</time>
      </trkpt>
      <trkpt lat="37.170367" lon="34.706851000000015">
        <ele>637.724</ele>
        <time>2025-06-26T17:09:43.622Z</time>
      </trkpt>
      <trkpt lat="37.170369" lon="34.70677900000001">
        <ele>638.188</ele>
        <time>2025-06-26T17:09:44.622Z</time>
      </trkpt>
      <trkpt lat="37.170361" lon="34.70672300000001">
        <ele>638.364</ele>
        <time>2025-06-26T17:09:45.622Z</time>
      </trkpt>
      <trkpt lat="37.170353" lon="34.70665400000001">
        <ele>638.456</ele>
        <time>2025-06-26T17:09:47.622Z</time>
      </trkpt>
      <trkpt lat="37.170344" lon="34.706585000000004">
        <ele>638.452</ele>
        <time>2025-06-26T17:09:49.622Z</time>
      </trkpt>
      <trkpt lat="37.170314" lon="34.70650500000001">
        <ele>638.444</ele>
        <time>2025-06-26T17:09:53.622Z</time>
      </trkpt>
      <trkpt lat="37.170334" lon="34.70645400000001">
        <ele>638.273</ele>
        <time>2025-06-26T17:09:56.622Z</time>
      </trkpt>
      <trkpt lat="37.170320999999994" lon="34.70639100000001">
        <ele>637.899</ele>
        <time>2025-06-26T17:10:00.622Z</time>
      </trkpt>
      <trkpt lat="37.170334999999994" lon="34.70633700000001">
        <ele>637.652</ele>
        <time>2025-06-26T17:10:02.622Z</time>
      </trkpt>
      <trkpt lat="37.17034699999999" lon="34.70626900000001">
        <ele>637.424</ele>
        <time>2025-06-26T17:10:07.622Z</time>
      </trkpt>
      <trkpt lat="37.17037499999999" lon="34.706223000000016">
        <ele>637.365</ele>
        <time>2025-06-26T17:10:10.622Z</time>
      </trkpt>
      <trkpt lat="37.17038599999999" lon="34.70614800000001">
        <ele>637.209</ele>
        <time>2025-06-26T17:10:12.622Z</time>
      </trkpt>
      <trkpt lat="37.170399999999994" lon="34.70608600000001">
        <ele>637.111</ele>
        <time>2025-06-26T17:10:14.622Z</time>
      </trkpt>
      <trkpt lat="37.17041799999999" lon="34.706015000000015">
        <ele>637.092</ele>
        <time>2025-06-26T17:10:16.622Z</time>
      </trkpt>
      <trkpt lat="37.17042899999999" lon="34.70596000000001">
        <ele>637.032</ele>
        <time>2025-06-26T17:10:18.622Z</time>
      </trkpt>
      <trkpt lat="37.170427999999994" lon="34.70589800000001">
        <ele>637.064</ele>
        <time>2025-06-26T17:10:20.622Z</time>
      </trkpt>
      <trkpt lat="37.17045699999999" lon="34.70583300000001">
        <ele>637.156</ele>
        <time>2025-06-26T17:10:22.622Z</time>
      </trkpt>
      <trkpt lat="37.17048599999999" lon="34.70576600000001">
        <ele>637.382</ele>
        <time>2025-06-26T17:10:24.622Z</time>
      </trkpt>
      <trkpt lat="37.17050099999999" lon="34.705689000000014">
        <ele>637.444</ele>
        <time>2025-06-26T17:10:27.622Z</time>
      </trkpt>
      <trkpt lat="37.17051699999999" lon="34.70563400000001">
        <ele>637.653</ele>
        <time>2025-06-26T17:10:29.622Z</time>
      </trkpt>
      <trkpt lat="37.17053499999999" lon="34.70556100000001">
        <ele>637.789</ele>
        <time>2025-06-26T17:10:31.622Z</time>
      </trkpt>
      <trkpt lat="37.17054299999999" lon="34.70548500000001">
        <ele>637.792</ele>
        <time>2025-06-26T17:10:33.622Z</time>
      </trkpt>
      <trkpt lat="37.170546999999985" lon="34.70541400000001">
        <ele>637.784</ele>
        <time>2025-06-26T17:10:35.622Z</time>
      </trkpt>
      <trkpt lat="37.17054899999999" lon="34.70533300000001">
        <ele>637.555</ele>
        <time>2025-06-26T17:10:37.622Z</time>
      </trkpt>
      <trkpt lat="37.17053999999999" lon="34.70524600000001">
        <ele>637.109</ele>
        <time>2025-06-26T17:10:39.622Z</time>
      </trkpt>
      <trkpt lat="37.170543999999985" lon="34.70517400000001">
        <ele>637.117</ele>
        <time>2025-06-26T17:10:41.622Z</time>
      </trkpt>
      <trkpt lat="37.17053699999999" lon="34.705110000000005">
        <ele>637.17</ele>
        <time>2025-06-26T17:10:43.622Z</time>
      </trkpt>
      <trkpt lat="37.17053199999999" lon="34.705029">
        <ele>637.138</ele>
        <time>2025-06-26T17:10:45.622Z</time>
      </trkpt>
      <trkpt lat="37.17053099999999" lon="34.704963000000006">
        <ele>637.132</ele>
        <time>2025-06-26T17:10:47.622Z</time>
      </trkpt>
      <trkpt lat="37.17052699999999" lon="34.704893000000006">
        <ele>636.984</ele>
        <time>2025-06-26T17:10:50.622Z</time>
      </trkpt>
      <trkpt lat="37.17051599999999" lon="34.70483600000001">
        <ele>636.72</ele>
        <time>2025-06-26T17:10:53.622Z</time>
      </trkpt>
      <trkpt lat="37.170511999999995" lon="34.704778000000005">
        <ele>636.582</ele>
        <time>2025-06-26T17:10:56.622Z</time>
      </trkpt>
      <trkpt lat="37.170508999999996" lon="34.704719000000004">
        <ele>636.311</ele>
        <time>2025-06-26T17:11:00.622Z</time>
      </trkpt>
      <trkpt lat="37.170517999999994" lon="34.704645000000006">
        <ele>635.997</ele>
        <time>2025-06-26T17:11:04.622Z</time>
      </trkpt>
      <trkpt lat="37.170531" lon="34.704575000000006">
        <ele>635.12</ele>
        <time>2025-06-26T17:11:08.622Z</time>
      </trkpt>
      <trkpt lat="37.170556999999995" lon="34.70449000000001">
        <ele>634.232</ele>
        <time>2025-06-26T17:11:12.622Z</time>
      </trkpt>
      <trkpt lat="37.17057199999999" lon="34.70442700000001">
        <ele>633.823</ele>
        <time>2025-06-26T17:11:18.622Z</time>
      </trkpt>
      <trkpt lat="37.170579999999994" lon="34.70436900000001">
        <ele>633.209</ele>
        <time>2025-06-26T17:11:21.622Z</time>
      </trkpt>
      <trkpt lat="37.17059999999999" lon="34.704316000000006">
        <ele>632.809</ele>
        <time>2025-06-26T17:11:26.622Z</time>
      </trkpt>
      <trkpt lat="37.170615999999995" lon="34.704240000000006">
        <ele>631.754</ele>
        <time>2025-06-26T17:11:32.622Z</time>
      </trkpt>
      <trkpt lat="37.170638999999994" lon="34.704178000000006">
        <ele>630.314</ele>
        <time>2025-06-26T17:11:36.622Z</time>
      </trkpt>
      <trkpt lat="37.170669" lon="34.70411300000001">
        <ele>629.793</ele>
        <time>2025-06-26T17:11:42.622Z</time>
      </trkpt>
      <trkpt lat="37.170699" lon="34.704060000000005">
        <ele>629.795</ele>
        <time>2025-06-26T17:11:47.622Z</time>
      </trkpt>
      <trkpt lat="37.170747999999996" lon="34.70404800000001">
        <ele>629.731</ele>
        <time>2025-06-26T17:11:52.622Z</time>
      </trkpt>
      <trkpt lat="37.17079699999999" lon="34.70407000000001">
        <ele>631.073</ele>
        <time>2025-06-26T17:11:59.622Z</time>
      </trkpt>
      <trkpt lat="37.17078099999999" lon="34.70412600000001">
        <ele>632.542</ele>
        <time>2025-06-26T17:12:20.622Z</time>
      </trkpt>
      <trkpt lat="37.17079999999999" lon="34.704071000000006">
        <ele>633.718</ele>
        <time>2025-06-26T17:12:36.622Z</time>
      </trkpt>
      <trkpt lat="37.17075899999999" lon="34.70403700000001">
        <ele>635.041</ele>
        <time>2025-06-26T17:12:48.622Z</time>
      </trkpt>
      <trkpt lat="37.17071699999999" lon="34.703998000000006">
        <ele>635.673</ele>
        <time>2025-06-26T17:13:01.622Z</time>
      </trkpt>
      <trkpt lat="37.17067299999999" lon="34.704018000000005">
        <ele>636.964</ele>
        <time>2025-06-26T17:13:05.622Z</time>
      </trkpt>
      <trkpt lat="37.17062999999999" lon="34.704058">
        <ele>637.809</ele>
        <time>2025-06-26T17:13:09.622Z</time>
      </trkpt>
      <trkpt lat="37.17058499999999" lon="34.704101">
        <ele>638.511</ele>
        <time>2025-06-26T17:13:13.622Z</time>
      </trkpt>
      <trkpt lat="37.17053499999999" lon="34.704141">
        <ele>638.747</ele>
        <time>2025-06-26T17:13:17.622Z</time>
      </trkpt>
      <trkpt lat="37.170501999999985" lon="34.704195">
        <ele>640.426</ele>
        <time>2025-06-26T17:13:21.622Z</time>
      </trkpt>
      <trkpt lat="37.17048299999998" lon="34.704248">
        <ele>641.553</ele>
        <time>2025-06-26T17:13:24.622Z</time>
      </trkpt>
      <trkpt lat="37.170433999999986" lon="34.704275">
        <ele>642.925</ele>
        <time>2025-06-26T17:13:31.622Z</time>
      </trkpt>
      <trkpt lat="37.17038299999999" lon="34.704258">
        <ele>643.941</ele>
        <time>2025-06-26T17:13:34.622Z</time>
      </trkpt>
      <trkpt lat="37.170349999999985" lon="34.704175000000006">
        <ele>645.633</ele>
        <time>2025-06-26T17:13:37.622Z</time>
      </trkpt>
      <trkpt lat="37.17032899999999" lon="34.70411500000001">
        <ele>646.452</ele>
        <time>2025-06-26T17:13:39.622Z</time>
      </trkpt>
      <trkpt lat="37.170304999999985" lon="34.70405800000001">
        <ele>647.118</ele>
        <time>2025-06-26T17:13:41.622Z</time>
      </trkpt>
      <trkpt lat="37.170276999999984" lon="34.70401100000001">
        <ele>647.691</ele>
        <time>2025-06-26T17:13:43.622Z</time>
      </trkpt>
      <trkpt lat="37.17023399999999" lon="34.70395200000001">
        <ele>648.973</ele>
        <time>2025-06-26T17:13:45.622Z</time>
      </trkpt>
      <trkpt lat="37.170220999999984" lon="34.703891000000006">
        <ele>649.374</ele>
        <time>2025-06-26T17:13:47.622Z</time>
      </trkpt>
      <trkpt lat="37.17019099999998" lon="34.70383700000001">
        <ele>650.009</ele>
        <time>2025-06-26T17:13:49.622Z</time>
      </trkpt>
      <trkpt lat="37.17015499999998" lon="34.70378300000001">
        <ele>650.708</ele>
        <time>2025-06-26T17:13:51.622Z</time>
      </trkpt>
      <trkpt lat="37.17012299999998" lon="34.70372900000001">
        <ele>651.862</ele>
        <time>2025-06-26T17:13:53.622Z</time>
      </trkpt>
      <trkpt lat="37.17010399999998" lon="34.70366800000001">
        <ele>652.522</ele>
        <time>2025-06-26T17:13:55.622Z</time>
      </trkpt>
      <trkpt lat="37.17009899999998" lon="34.703582000000004">
        <ele>653.447</ele>
        <time>2025-06-26T17:13:58.622Z</time>
      </trkpt>
      <trkpt lat="37.17011299999998" lon="34.703523000000004">
        <ele>654.249</ele>
        <time>2025-06-26T17:14:01.622Z</time>
      </trkpt>
      <trkpt lat="37.17012199999998" lon="34.703467">
        <ele>654.885</ele>
        <time>2025-06-26T17:14:05.622Z</time>
      </trkpt>
      <trkpt lat="37.17013199999998" lon="34.703406">
        <ele>655.767</ele>
        <time>2025-06-26T17:14:08.622Z</time>
      </trkpt>
      <trkpt lat="37.17008499999998" lon="34.703408">
        <ele>656.446</ele>
        <time>2025-06-26T17:14:11.622Z</time>
      </trkpt>
      <trkpt lat="37.17003599999998" lon="34.70342">
        <ele>657.322</ele>
        <time>2025-06-26T17:14:13.622Z</time>
      </trkpt>
      <trkpt lat="37.16999699999998" lon="34.703451">
        <ele>660.365</ele>
        <time>2025-06-26T17:14:19.622Z</time>
      </trkpt>
      <trkpt lat="37.16995099999998" lon="34.703503">
        <ele>660.867</ele>
        <time>2025-06-26T17:14:24.622Z</time>
      </trkpt>
      <trkpt lat="37.16991499999998" lon="34.703539">
        <ele>661.888</ele>
        <time>2025-06-26T17:14:30.622Z</time>
      </trkpt>
      <trkpt lat="37.16985899999998" lon="34.703603">
        <ele>663.209</ele>
        <time>2025-06-26T17:14:32.622Z</time>
      </trkpt>
      <trkpt lat="37.16983299999998" lon="34.703656">
        <ele>664.213</ele>
        <time>2025-06-26T17:14:34.622Z</time>
      </trkpt>
      <trkpt lat="37.16979399999998" lon="34.703698">
        <ele>664.721</ele>
        <time>2025-06-26T17:14:36.622Z</time>
      </trkpt>
      <trkpt lat="37.16975499999998" lon="34.703744">
        <ele>665.961</ele>
        <time>2025-06-26T17:14:38.622Z</time>
      </trkpt>
      <trkpt lat="37.16971499999998" lon="34.703784">
        <ele>667.068</ele>
        <time>2025-06-26T17:14:40.622Z</time>
      </trkpt>
      <trkpt lat="37.16967299999998" lon="34.703825">
        <ele>668.27</ele>
        <time>2025-06-26T17:14:42.622Z</time>
      </trkpt>
      <trkpt lat="37.16965399999998" lon="34.703891">
        <ele>668.736</ele>
        <time>2025-06-26T17:14:44.622Z</time>
      </trkpt>
      <trkpt lat="37.16962199999998" lon="34.703963">
        <ele>670.088</ele>
        <time>2025-06-26T17:14:46.622Z</time>
      </trkpt>
      <trkpt lat="37.16961099999998" lon="34.70405">
        <ele>671.477</ele>
        <time>2025-06-26T17:14:48.622Z</time>
      </trkpt>
      <trkpt lat="37.169589999999985" lon="34.704115">
        <ele>672.923</ele>
        <time>2025-06-26T17:14:50.622Z</time>
      </trkpt>
      <trkpt lat="37.16955799999999" lon="34.704174">
        <ele>673.426</ele>
        <time>2025-06-26T17:14:52.622Z</time>
      </trkpt>
      <trkpt lat="37.16954699999999" lon="34.704234">
        <ele>673.858</ele>
        <time>2025-06-26T17:14:54.622Z</time>
      </trkpt>
      <trkpt lat="37.169510999999986" lon="34.704298">
        <ele>674.339</ele>
        <time>2025-06-26T17:14:57.622Z</time>
      </trkpt>
      <trkpt lat="37.169476999999986" lon="34.704341">
        <ele>674.709</ele>
        <time>2025-06-26T17:14:59.622Z</time>
      </trkpt>
      <trkpt lat="37.16948799999999" lon="34.704397">
        <ele>675.325</ele>
        <time>2025-06-26T17:15:02.622Z</time>
      </trkpt>
      <trkpt lat="37.16947899999999" lon="34.704457">
        <ele>676.005</ele>
        <time>2025-06-26T17:15:05.622Z</time>
      </trkpt>
      <trkpt lat="37.16946699999999" lon="34.704527999999996">
        <ele>676.879</ele>
        <time>2025-06-26T17:15:08.622Z</time>
      </trkpt>
      <trkpt lat="37.16949799999999" lon="34.704578">
        <ele>677.23</ele>
        <time>2025-06-26T17:15:11.622Z</time>
      </trkpt>
      <trkpt lat="37.16953499999999" lon="34.704626">
        <ele>677.612</ele>
        <time>2025-06-26T17:15:14.622Z</time>
      </trkpt>
      <trkpt lat="37.16953699999999" lon="34.70469">
        <ele>678.068</ele>
        <time>2025-06-26T17:15:17.622Z</time>
      </trkpt>
      <trkpt lat="37.169504999999994" lon="34.704748">
        <ele>679.12</ele>
        <time>2025-06-26T17:15:20.622Z</time>
      </trkpt>
      <trkpt lat="37.169487999999994" lon="34.704816">
        <ele>680.099</ele>
        <time>2025-06-26T17:15:23.622Z</time>
      </trkpt>
      <trkpt lat="37.16947" lon="34.704885000000004">
        <ele>680.125</ele>
        <time>2025-06-26T17:15:28.622Z</time>
      </trkpt>
      <trkpt lat="37.169435" lon="34.704953">
        <ele>680.368</ele>
        <time>2025-06-26T17:15:32.622Z</time>
      </trkpt>
      <trkpt lat="37.169415" lon="34.705012">
        <ele>680.49</ele>
        <time>2025-06-26T17:15:37.622Z</time>
      </trkpt>
      <trkpt lat="37.169407" lon="34.70508100000001">
        <ele>681.081</ele>
        <time>2025-06-26T17:15:41.622Z</time>
      </trkpt>
      <trkpt lat="37.169398" lon="34.70514000000001">
        <ele>681.209</ele>
        <time>2025-06-26T17:15:44.622Z</time>
      </trkpt>
      <trkpt lat="37.169379" lon="34.705211000000006">
        <ele>682.522</ele>
        <time>2025-06-26T17:15:48.622Z</time>
      </trkpt>
      <trkpt lat="37.16935" lon="34.70526100000001">
        <ele>683.057</ele>
        <time>2025-06-26T17:15:51.622Z</time>
      </trkpt>
      <trkpt lat="37.169308" lon="34.705313000000004">
        <ele>684.094</ele>
        <time>2025-06-26T17:15:54.622Z</time>
      </trkpt>
      <trkpt lat="37.169284" lon="34.705367">
        <ele>685.389</ele>
        <time>2025-06-26T17:15:58.622Z</time>
      </trkpt>
      <trkpt lat="37.169253" lon="34.705423">
        <ele>685.861</ele>
        <time>2025-06-26T17:16:01.622Z</time>
      </trkpt>
      <trkpt lat="37.169214999999994" lon="34.705463">
        <ele>686.897</ele>
        <time>2025-06-26T17:16:05.622Z</time>
      </trkpt>
      <trkpt lat="37.169188999999996" lon="34.705536">
        <ele>687.599</ele>
        <time>2025-06-26T17:16:08.622Z</time>
      </trkpt>
      <trkpt lat="37.169146999999995" lon="34.70559">
        <ele>688.748</ele>
        <time>2025-06-26T17:16:11.622Z</time>
      </trkpt>
      <trkpt lat="37.169110999999994" lon="34.70564">
        <ele>689.724</ele>
        <time>2025-06-26T17:16:13.622Z</time>
      </trkpt>
      <trkpt lat="37.169053999999996" lon="34.705693000000004">
        <ele>690.767</ele>
        <time>2025-06-26T17:16:16.622Z</time>
      </trkpt>
      <trkpt lat="37.16903799999999" lon="34.705763000000005">
        <ele>691.589</ele>
        <time>2025-06-26T17:16:18.622Z</time>
      </trkpt>
      <trkpt lat="37.169003999999994" lon="34.705814000000004">
        <ele>692.65</ele>
        <time>2025-06-26T17:16:20.622Z</time>
      </trkpt>
      <trkpt lat="37.16898499999999" lon="34.70588600000001">
        <ele>694.109</ele>
        <time>2025-06-26T17:16:23.622Z</time>
      </trkpt>
      <trkpt lat="37.16894599999999" lon="34.70594400000001">
        <ele>694.926</ele>
        <time>2025-06-26T17:16:26.622Z</time>
      </trkpt>
      <trkpt lat="37.16891899999999" lon="34.70600600000001">
        <ele>695.606</ele>
        <time>2025-06-26T17:16:29.622Z</time>
      </trkpt>
      <trkpt lat="37.168902999999986" lon="34.70606300000001">
        <ele>696.389</ele>
        <time>2025-06-26T17:16:32.622Z</time>
      </trkpt>
      <trkpt lat="37.16886499999998" lon="34.70610100000001">
        <ele>697.17</ele>
        <time>2025-06-26T17:16:35.622Z</time>
      </trkpt>
      <trkpt lat="37.16884499999998" lon="34.70616200000001">
        <ele>697.972</ele>
        <time>2025-06-26T17:16:39.622Z</time>
      </trkpt>
      <trkpt lat="37.168810999999984" lon="34.706209000000015">
        <ele>698.988</ele>
        <time>2025-06-26T17:16:42.622Z</time>
      </trkpt>
      <trkpt lat="37.16880099999998" lon="34.706271000000015">
        <ele>699.98</ele>
        <time>2025-06-26T17:16:45.622Z</time>
      </trkpt>
      <trkpt lat="37.16878599999998" lon="34.706327000000016">
        <ele>700.369</ele>
        <time>2025-06-26T17:16:48.622Z</time>
      </trkpt>
      <trkpt lat="37.16874699999998" lon="34.70637700000002">
        <ele>701.315</ele>
        <time>2025-06-26T17:16:52.622Z</time>
      </trkpt>
      <trkpt lat="37.16871699999998" lon="34.706445000000016">
        <ele>701.918</ele>
        <time>2025-06-26T17:16:56.622Z</time>
      </trkpt>
      <trkpt lat="37.16867999999998" lon="34.70649400000001">
        <ele>702.48</ele>
        <time>2025-06-26T17:17:00.622Z</time>
      </trkpt>
      <trkpt lat="37.16866299999998" lon="34.70654800000001">
        <ele>702.531</ele>
        <time>2025-06-26T17:17:03.622Z</time>
      </trkpt>
      <trkpt lat="37.16865299999998" lon="34.70661900000001">
        <ele>702.909</ele>
        <time>2025-06-26T17:17:07.622Z</time>
      </trkpt>
      <trkpt lat="37.16863799999998" lon="34.70667600000001">
        <ele>703.225</ele>
        <time>2025-06-26T17:17:09.622Z</time>
      </trkpt>
      <trkpt lat="37.16865499999998" lon="34.70674400000001">
        <ele>703.623</ele>
        <time>2025-06-26T17:17:11.622Z</time>
      </trkpt>
      <trkpt lat="37.16866799999998" lon="34.70681600000001">
        <ele>704.297</ele>
        <time>2025-06-26T17:17:13.622Z</time>
      </trkpt>
      <trkpt lat="37.168680999999985" lon="34.70689200000001">
        <ele>704.662</ele>
        <time>2025-06-26T17:17:16.622Z</time>
      </trkpt>
      <trkpt lat="37.168672999999984" lon="34.70696200000001">
        <ele>705.464</ele>
        <time>2025-06-26T17:17:19.622Z</time>
      </trkpt>
      <trkpt lat="37.168675999999984" lon="34.70703500000001">
        <ele>705.85</ele>
        <time>2025-06-26T17:17:21.622Z</time>
      </trkpt>
      <trkpt lat="37.168689999999984" lon="34.70710200000001">
        <ele>706.362</ele>
        <time>2025-06-26T17:17:24.622Z</time>
      </trkpt>
      <trkpt lat="37.16868599999999" lon="34.70717900000001">
        <ele>706.911</ele>
        <time>2025-06-26T17:17:28.622Z</time>
      </trkpt>
      <trkpt lat="37.168686999999984" lon="34.70723700000001">
        <ele>707.627</ele>
        <time>2025-06-26T17:17:31.622Z</time>
      </trkpt>
      <trkpt lat="37.16869099999998" lon="34.707296000000014">
        <ele>708.22</ele>
        <time>2025-06-26T17:17:34.622Z</time>
      </trkpt>
      <trkpt lat="37.168686999999984" lon="34.707357000000016">
        <ele>708.842</ele>
        <time>2025-06-26T17:17:37.622Z</time>
      </trkpt>
      <trkpt lat="37.168683999999985" lon="34.707422000000015">
        <ele>709.313</ele>
        <time>2025-06-26T17:17:40.622Z</time>
      </trkpt>
      <trkpt lat="37.168683999999985" lon="34.70749700000002">
        <ele>709.809</ele>
        <time>2025-06-26T17:17:44.622Z</time>
      </trkpt>
      <trkpt lat="37.16867999999999" lon="34.707557000000016">
        <ele>710.219</ele>
        <time>2025-06-26T17:17:47.622Z</time>
      </trkpt>
      <trkpt lat="37.168694999999985" lon="34.70762400000002">
        <ele>712.009</ele>
        <time>2025-06-26T17:17:50.622Z</time>
      </trkpt>
      <trkpt lat="37.168694999999985" lon="34.707689000000016">
        <ele>713.119</ele>
        <time>2025-06-26T17:17:56.622Z</time>
      </trkpt>
      <trkpt lat="37.16869299999998" lon="34.707754000000016">
        <ele>713.892</ele>
        <time>2025-06-26T17:18:01.622Z</time>
      </trkpt>
      <trkpt lat="37.168700999999984" lon="34.70782100000002">
        <ele>714.214</ele>
        <time>2025-06-26T17:18:05.622Z</time>
      </trkpt>
      <trkpt lat="37.168711999999985" lon="34.70789100000002">
        <ele>714.69</ele>
        <time>2025-06-26T17:18:09.622Z</time>
      </trkpt>
      <trkpt lat="37.16869399999999" lon="34.70794900000002">
        <ele>715.092</ele>
        <time>2025-06-26T17:18:12.622Z</time>
      </trkpt>
      <trkpt lat="37.16864499999999" lon="34.70795300000002">
        <ele>715.271</ele>
        <time>2025-06-26T17:18:15.622Z</time>
      </trkpt>
      <trkpt lat="37.16860699999999" lon="34.70791800000002">
        <ele>715.747</ele>
        <time>2025-06-26T17:18:18.622Z</time>
      </trkpt>
      <trkpt lat="37.16861499999999" lon="34.70785700000002">
        <ele>716.08</ele>
        <time>2025-06-26T17:18:21.622Z</time>
      </trkpt>
      <trkpt lat="37.16858099999999" lon="34.70780900000002">
        <ele>716.452</ele>
        <time>2025-06-26T17:18:25.622Z</time>
      </trkpt>
      <trkpt lat="37.16855299999999" lon="34.70773900000002">
        <ele>717.073</ele>
        <time>2025-06-26T17:18:28.622Z</time>
      </trkpt>
      <trkpt lat="37.16856199999999" lon="34.70765900000002">
        <ele>717.609</ele>
        <time>2025-06-26T17:18:30.622Z</time>
      </trkpt>
      <trkpt lat="37.16854699999999" lon="34.70759900000002">
        <ele>717.917</ele>
        <time>2025-06-26T17:18:32.622Z</time>
      </trkpt>
      <trkpt lat="37.16850799999999" lon="34.707542000000025">
        <ele>718.398</ele>
        <time>2025-06-26T17:18:34.622Z</time>
      </trkpt>
      <trkpt lat="37.16849599999999" lon="34.70748200000003">
        <ele>718.518</ele>
        <time>2025-06-26T17:18:36.622Z</time>
      </trkpt>
      <trkpt lat="37.16848099999999" lon="34.707424000000024">
        <ele>719.117</ele>
        <time>2025-06-26T17:18:38.622Z</time>
      </trkpt>
      <trkpt lat="37.16845599999999" lon="34.707368000000024">
        <ele>719.449</ele>
        <time>2025-06-26T17:18:40.622Z</time>
      </trkpt>
      <trkpt lat="37.168412999999994" lon="34.70732900000002">
        <ele>720.115</ele>
        <time>2025-06-26T17:18:42.622Z</time>
      </trkpt>
      <trkpt lat="37.16839699999999" lon="34.707252000000025">
        <ele>720.967</ele>
        <time>2025-06-26T17:18:44.622Z</time>
      </trkpt>
      <trkpt lat="37.16838299999999" lon="34.70718300000002">
        <ele>721.746</ele>
        <time>2025-06-26T17:18:46.622Z</time>
      </trkpt>
      <trkpt lat="37.168353999999994" lon="34.707137000000024">
        <ele>722.332</ele>
        <time>2025-06-26T17:18:48.622Z</time>
      </trkpt>
      <trkpt lat="37.168330999999995" lon="34.707078000000024">
        <ele>722.855</ele>
        <time>2025-06-26T17:18:50.622Z</time>
      </trkpt>
      <trkpt lat="37.16828999999999" lon="34.70703100000002">
        <ele>723.467</ele>
        <time>2025-06-26T17:18:52.622Z</time>
      </trkpt>
      <trkpt lat="37.16827299999999" lon="34.70693600000002">
        <ele>723.738</ele>
        <time>2025-06-26T17:18:55.622Z</time>
      </trkpt>
      <trkpt lat="37.16823699999999" lon="34.70686800000002">
        <ele>724.509</ele>
        <time>2025-06-26T17:18:58.622Z</time>
      </trkpt>
      <trkpt lat="37.16820599999999" lon="34.70681100000002">
        <ele>725.316</ele>
        <time>2025-06-26T17:19:00.622Z</time>
      </trkpt>
      <trkpt lat="37.16818399999999" lon="34.70673900000002">
        <ele>726.006</ele>
        <time>2025-06-26T17:19:02.622Z</time>
      </trkpt>
      <trkpt lat="37.16815499999999" lon="34.70668900000002">
        <ele>726.664</ele>
        <time>2025-06-26T17:19:04.622Z</time>
      </trkpt>
      <trkpt lat="37.16813599999999" lon="34.70660500000002">
        <ele>727.258</ele>
        <time>2025-06-26T17:19:06.622Z</time>
      </trkpt>
      <trkpt lat="37.16812099999999" lon="34.70653900000002">
        <ele>727.96</ele>
        <time>2025-06-26T17:19:08.622Z</time>
      </trkpt>
      <trkpt lat="37.16810399999999" lon="34.70646100000002">
        <ele>728.666</ele>
        <time>2025-06-26T17:19:10.622Z</time>
      </trkpt>
      <trkpt lat="37.16810099999999" lon="34.70638000000002">
        <ele>728.958</ele>
        <time>2025-06-26T17:19:12.622Z</time>
      </trkpt>
      <trkpt lat="37.16809899999999" lon="34.70630700000002">
        <ele>729.517</ele>
        <time>2025-06-26T17:19:14.622Z</time>
      </trkpt>
      <trkpt lat="37.16810199999999" lon="34.70624200000002">
        <ele>730.193</ele>
        <time>2025-06-26T17:19:16.622Z</time>
      </trkpt>
      <trkpt lat="37.16811399999999" lon="34.70617100000002">
        <ele>730.756</ele>
        <time>2025-06-26T17:19:18.622Z</time>
      </trkpt>
      <trkpt lat="37.16811099999999" lon="34.70609400000002">
        <ele>731.118</ele>
        <time>2025-06-26T17:19:20.622Z</time>
      </trkpt>
      <trkpt lat="37.168097999999986" lon="34.70602700000002">
        <ele>731.459</ele>
        <time>2025-06-26T17:19:22.622Z</time>
      </trkpt>
      <trkpt lat="37.16811099999999" lon="34.70595100000002">
        <ele>731.909</ele>
        <time>2025-06-26T17:19:24.622Z</time>
      </trkpt>
      <trkpt lat="37.16811999999999" lon="34.70587800000002">
        <ele>732.221</ele>
        <time>2025-06-26T17:19:26.622Z</time>
      </trkpt>
      <trkpt lat="37.16811899999999" lon="34.70580300000002">
        <ele>732.456</ele>
        <time>2025-06-26T17:19:28.622Z</time>
      </trkpt>
      <trkpt lat="37.16812199999999" lon="34.70574000000002">
        <ele>732.774</ele>
        <time>2025-06-26T17:19:30.622Z</time>
      </trkpt>
      <trkpt lat="37.16811399999999" lon="34.70567500000002">
        <ele>733.178</ele>
        <time>2025-06-26T17:19:32.622Z</time>
      </trkpt>
      <trkpt lat="37.16811199999999" lon="34.70561600000002">
        <ele>733.36</ele>
        <time>2025-06-26T17:19:34.622Z</time>
      </trkpt>
      <trkpt lat="37.168106999999985" lon="34.705550000000024">
        <ele>733.896</ele>
        <time>2025-06-26T17:19:36.622Z</time>
      </trkpt>
      <trkpt lat="37.16809199999999" lon="34.70549400000002">
        <ele>734.778</ele>
        <time>2025-06-26T17:19:38.622Z</time>
      </trkpt>
      <trkpt lat="37.16809199999999" lon="34.70543300000002">
        <ele>735.347</ele>
        <time>2025-06-26T17:19:40.622Z</time>
      </trkpt>
      <trkpt lat="37.168097999999986" lon="34.705350000000024">
        <ele>735.843</ele>
        <time>2025-06-26T17:19:43.622Z</time>
      </trkpt>
      <trkpt lat="37.16810199999998" lon="34.705276000000026">
        <ele>736.496</ele>
        <time>2025-06-26T17:19:46.622Z</time>
      </trkpt>
      <trkpt lat="37.168098999999984" lon="34.705186000000026">
        <ele>737.088</ele>
        <time>2025-06-26T17:19:48.622Z</time>
      </trkpt>
      <trkpt lat="37.168084999999984" lon="34.705122000000024">
        <ele>737.539</ele>
        <time>2025-06-26T17:19:50.622Z</time>
      </trkpt>
      <trkpt lat="37.16810199999998" lon="34.70503100000003">
        <ele>738.009</ele>
        <time>2025-06-26T17:19:52.622Z</time>
      </trkpt>
      <trkpt lat="37.16808799999998" lon="34.70495200000003">
        <ele>738.319</ele>
        <time>2025-06-26T17:19:54.622Z</time>
      </trkpt>
      <trkpt lat="37.16808599999998" lon="34.704880000000024">
        <ele>738.69</ele>
        <time>2025-06-26T17:19:56.622Z</time>
      </trkpt>
      <trkpt lat="37.16807299999998" lon="34.70479900000002">
        <ele>738.776</ele>
        <time>2025-06-26T17:19:58.622Z</time>
      </trkpt>
      <trkpt lat="37.168056999999976" lon="34.704716000000026">
        <ele>738.952</ele>
        <time>2025-06-26T17:20:00.622Z</time>
      </trkpt>
      <trkpt lat="37.16804199999998" lon="34.70463900000003">
        <ele>739.284</ele>
        <time>2025-06-26T17:20:02.622Z</time>
      </trkpt>
      <trkpt lat="37.168025999999976" lon="34.70456600000003">
        <ele>739.29</ele>
        <time>2025-06-26T17:20:04.622Z</time>
      </trkpt>
      <trkpt lat="37.16803599999998" lon="34.70446700000003">
        <ele>739.222</ele>
        <time>2025-06-26T17:20:06.622Z</time>
      </trkpt>
      <trkpt lat="37.16805399999998" lon="34.70438700000003">
        <ele>739.121</ele>
        <time>2025-06-26T17:20:08.622Z</time>
      </trkpt>
      <trkpt lat="37.168040999999974" lon="34.704324000000035">
        <ele>739.197</ele>
        <time>2025-06-26T17:20:10.622Z</time>
      </trkpt>
      <trkpt lat="37.16804399999997" lon="34.70426700000004">
        <ele>739.14</ele>
        <time>2025-06-26T17:20:12.622Z</time>
      </trkpt>
      <trkpt lat="37.168037999999974" lon="34.70418500000004">
        <ele>739.172</ele>
        <time>2025-06-26T17:20:13.622Z</time>
      </trkpt>
      <trkpt lat="37.168025999999976" lon="34.70411700000004">
        <ele>739.153</ele>
        <time>2025-06-26T17:20:14.622Z</time>
      </trkpt>
      <trkpt lat="37.168026999999974" lon="34.70405800000004">
        <ele>739.109</ele>
        <time>2025-06-26T17:20:15.622Z</time>
      </trkpt>
      <trkpt lat="37.168020999999975" lon="34.70399800000004">
        <ele>739.017</ele>
        <time>2025-06-26T17:20:17.622Z</time>
      </trkpt>
      <trkpt lat="37.168014999999976" lon="34.70393600000004">
        <ele>738.898</ele>
        <time>2025-06-26T17:20:19.622Z</time>
      </trkpt>
      <trkpt lat="37.16801299999997" lon="34.703876000000044">
        <ele>738.618</ele>
        <time>2025-06-26T17:20:21.622Z</time>
      </trkpt>
      <trkpt lat="37.168011999999976" lon="34.703802000000046">
        <ele>738.559</ele>
        <time>2025-06-26T17:20:24.622Z</time>
      </trkpt>
      <trkpt lat="37.168009999999974" lon="34.70374400000004">
        <ele>738.421</ele>
        <time>2025-06-26T17:20:27.622Z</time>
      </trkpt>
      <trkpt lat="37.168000999999975" lon="34.70367500000004">
        <ele>738.467</ele>
        <time>2025-06-26T17:20:31.622Z</time>
      </trkpt>
      <trkpt lat="37.16798599999998" lon="34.70360400000004">
        <ele>738.899</ele>
        <time>2025-06-26T17:20:35.622Z</time>
      </trkpt>
      <trkpt lat="37.16797099999998" lon="34.70353300000004">
        <ele>740.048</ele>
        <time>2025-06-26T17:20:39.622Z</time>
      </trkpt>
      <trkpt lat="37.16795699999998" lon="34.703476000000045">
        <ele>740.454</ele>
        <time>2025-06-26T17:20:42.622Z</time>
      </trkpt>
      <trkpt lat="37.16793799999998" lon="34.70340700000004">
        <ele>741.617</ele>
        <time>2025-06-26T17:20:46.622Z</time>
      </trkpt>
      <trkpt lat="37.167921999999976" lon="34.70334000000004">
        <ele>742.319</ele>
        <time>2025-06-26T17:20:50.622Z</time>
      </trkpt>
      <trkpt lat="37.16789499999997" lon="34.70328800000004">
        <ele>743.18</ele>
        <time>2025-06-26T17:20:53.622Z</time>
      </trkpt>
      <trkpt lat="37.16789299999997" lon="34.703222000000046">
        <ele>743.909</ele>
        <time>2025-06-26T17:20:57.622Z</time>
      </trkpt>
      <trkpt lat="37.16788499999997" lon="34.70315100000005">
        <ele>744.226</ele>
        <time>2025-06-26T17:21:02.622Z</time>
      </trkpt>
      <trkpt lat="37.16787299999997" lon="34.70309100000005">
        <ele>744.242</ele>
        <time>2025-06-26T17:21:10.622Z</time>
      </trkpt>
      <trkpt lat="37.167902999999974" lon="34.70304200000005">
        <ele>744.287</ele>
        <time>2025-06-26T17:21:17.622Z</time>
      </trkpt>
      <trkpt lat="37.167924999999975" lon="34.70298300000005">
        <ele>744.519</ele>
        <time>2025-06-26T17:21:22.622Z</time>
      </trkpt>
      <trkpt lat="37.16789299999998" lon="34.702940000000055">
        <ele>745.121</ele>
        <time>2025-06-26T17:21:44.622Z</time>
      </trkpt>
      <trkpt lat="37.16784799999998" lon="34.70294400000005">
        <ele>745.457</ele>
        <time>2025-06-26T17:23:35.622Z</time>
      </trkpt>
      <trkpt lat="37.167882999999975" lon="34.70298700000005">
        <ele>746.399</ele>
        <time>2025-06-26T17:23:45.622Z</time>
      </trkpt>
      <trkpt lat="37.16784799999998" lon="34.70303300000005">
        <ele>747.358</ele>
        <time>2025-06-26T17:23:49.622Z</time>
      </trkpt>
      <trkpt lat="37.16779899999998" lon="34.70305000000005">
        <ele>747.844</ele>
        <time>2025-06-26T17:23:52.622Z</time>
      </trkpt>
      <trkpt lat="37.16778699999998" lon="34.70311700000005">
        <ele>748.057</ele>
        <time>2025-06-26T17:23:54.622Z</time>
      </trkpt>
      <trkpt lat="37.167774999999985" lon="34.70319900000005">
        <ele>748.919</ele>
        <time>2025-06-26T17:23:56.622Z</time>
      </trkpt>
      <trkpt lat="37.16775699999999" lon="34.70325500000005">
        <ele>749.56</ele>
        <time>2025-06-26T17:23:58.622Z</time>
      </trkpt>
      <trkpt lat="37.167743999999985" lon="34.70331100000005">
        <ele>750.009</ele>
        <time>2025-06-26T17:24:00.622Z</time>
      </trkpt>
      <trkpt lat="37.167726999999985" lon="34.70337000000005">
        <ele>750.626</ele>
        <time>2025-06-26T17:24:02.622Z</time>
      </trkpt>
      <trkpt lat="37.167723999999986" lon="34.70345700000005">
        <ele>751.124</ele>
        <time>2025-06-26T17:24:04.622Z</time>
      </trkpt>
      <trkpt lat="37.16773199999999" lon="34.70353300000005">
        <ele>751.488</ele>
        <time>2025-06-26T17:24:07.622Z</time>
      </trkpt>
      <trkpt lat="37.167735999999984" lon="34.70359900000005">
        <ele>751.648</ele>
        <time>2025-06-26T17:24:10.622Z</time>
      </trkpt>
      <trkpt lat="37.167732999999984" lon="34.703664000000046">
        <ele>752.62</ele>
        <time>2025-06-26T17:24:13.622Z</time>
      </trkpt>
      <trkpt lat="37.167718999999984" lon="34.703735000000044">
        <ele>753.156</ele>
        <time>2025-06-26T17:24:16.622Z</time>
      </trkpt>
      <trkpt lat="37.16773099999998" lon="34.70381500000004">
        <ele>753.558</ele>
        <time>2025-06-26T17:24:22.622Z</time>
      </trkpt>
      <trkpt lat="37.16773199999998" lon="34.70388000000004">
        <ele>754.037</ele>
        <time>2025-06-26T17:24:24.622Z</time>
      </trkpt>
      <trkpt lat="37.16771399999998" lon="34.70395500000004">
        <ele>754.313</ele>
        <time>2025-06-26T17:24:26.622Z</time>
      </trkpt>
      <trkpt lat="37.16771199999998" lon="34.704028000000044">
        <ele>754.816</ele>
        <time>2025-06-26T17:24:28.622Z</time>
      </trkpt>
      <trkpt lat="37.16771199999998" lon="34.704095000000045">
        <ele>755.338</ele>
        <time>2025-06-26T17:24:30.622Z</time>
      </trkpt>
      <trkpt lat="37.16769899999998" lon="34.70417600000005">
        <ele>755.719</ele>
        <time>2025-06-26T17:24:32.622Z</time>
      </trkpt>
      <trkpt lat="37.16770499999998" lon="34.70424000000005">
        <ele>756.009</ele>
        <time>2025-06-26T17:24:34.622Z</time>
      </trkpt>
      <trkpt lat="37.167702999999975" lon="34.70431300000005">
        <ele>756.32</ele>
        <time>2025-06-26T17:24:36.622Z</time>
      </trkpt>
      <trkpt lat="37.16771899999998" lon="34.70437400000005">
        <ele>756.628</ele>
        <time>2025-06-26T17:24:38.622Z</time>
      </trkpt>
      <trkpt lat="37.167707999999976" lon="34.70444200000005">
        <ele>757.075</ele>
        <time>2025-06-26T17:24:40.622Z</time>
      </trkpt>
      <trkpt lat="37.16769899999998" lon="34.70451000000005">
        <ele>757.313</ele>
        <time>2025-06-26T17:24:42.622Z</time>
      </trkpt>
      <trkpt lat="37.16771199999998" lon="34.704587000000046">
        <ele>758.015</ele>
        <time>2025-06-26T17:24:44.622Z</time>
      </trkpt>
      <trkpt lat="37.16769299999998" lon="34.70464600000005">
        <ele>758.831</ele>
        <time>2025-06-26T17:24:46.622Z</time>
      </trkpt>
      <trkpt lat="37.167676999999976" lon="34.70471800000005">
        <ele>759.483</ele>
        <time>2025-06-26T17:24:48.622Z</time>
      </trkpt>
      <trkpt lat="37.167660999999974" lon="34.70478100000005">
        <ele>759.922</ele>
        <time>2025-06-26T17:24:50.622Z</time>
      </trkpt>
      <trkpt lat="37.16765699999998" lon="34.70486200000005">
        <ele>760.488</ele>
        <time>2025-06-26T17:24:52.622Z</time>
      </trkpt>
      <trkpt lat="37.16763399999998" lon="34.70493300000005">
        <ele>761.011</ele>
        <time>2025-06-26T17:24:54.622Z</time>
      </trkpt>
      <trkpt lat="37.16760599999998" lon="34.70499900000004">
        <ele>761.653</ele>
        <time>2025-06-26T17:24:56.622Z</time>
      </trkpt>
      <trkpt lat="37.16759399999998" lon="34.70507500000004">
        <ele>762.024</ele>
        <time>2025-06-26T17:24:58.622Z</time>
      </trkpt>
      <trkpt lat="37.16757199999998" lon="34.70514100000004">
        <ele>763.109</ele>
        <time>2025-06-26T17:25:00.622Z</time>
      </trkpt>
      <trkpt lat="37.16756299999998" lon="34.70520900000004">
        <ele>763.808</ele>
        <time>2025-06-26T17:25:02.622Z</time>
      </trkpt>
      <trkpt lat="37.16755899999998" lon="34.70526900000004">
        <ele>764.462</ele>
        <time>2025-06-26T17:25:04.622Z</time>
      </trkpt>
      <trkpt lat="37.167537999999986" lon="34.70532500000004">
        <ele>764.722</ele>
        <time>2025-06-26T17:25:06.622Z</time>
      </trkpt>
      <trkpt lat="37.167521999999984" lon="34.70539800000004">
        <ele>765.117</ele>
        <time>2025-06-26T17:25:08.622Z</time>
      </trkpt>
      <trkpt lat="37.167507999999984" lon="34.70546000000004">
        <ele>765.379</ele>
        <time>2025-06-26T17:25:10.622Z</time>
      </trkpt>
      <trkpt lat="37.167515999999985" lon="34.70552500000004">
        <ele>765.485</ele>
        <time>2025-06-26T17:25:12.622Z</time>
      </trkpt>
      <trkpt lat="37.16750399999999" lon="34.70558600000004">
        <ele>765.637</ele>
        <time>2025-06-26T17:25:14.622Z</time>
      </trkpt>
      <trkpt lat="37.167467999999985" lon="34.70564300000004">
        <ele>766.036</ele>
        <time>2025-06-26T17:25:16.622Z</time>
      </trkpt>
      <trkpt lat="37.16744499999999" lon="34.705711000000036">
        <ele>766.522</ele>
        <time>2025-06-26T17:25:18.622Z</time>
      </trkpt>
      <trkpt lat="37.16745199999998" lon="34.70579100000003">
        <ele>767.155</ele>
        <time>2025-06-26T17:25:20.622Z</time>
      </trkpt>
      <trkpt lat="37.167439999999985" lon="34.70586000000004">
        <ele>767.627</ele>
        <time>2025-06-26T17:25:22.622Z</time>
      </trkpt>
      <trkpt lat="37.167431999999984" lon="34.70592900000004">
        <ele>768.278</ele>
        <time>2025-06-26T17:25:24.622Z</time>
      </trkpt>
      <trkpt lat="37.167397999999984" lon="34.705998000000044">
        <ele>768.909</ele>
        <time>2025-06-26T17:25:26.622Z</time>
      </trkpt>
      <trkpt lat="37.16736599999999" lon="34.706071000000044">
        <ele>769.226</ele>
        <time>2025-06-26T17:25:28.622Z</time>
      </trkpt>
      <trkpt lat="37.16735999999999" lon="34.706147000000044">
        <ele>769.842</ele>
        <time>2025-06-26T17:25:30.622Z</time>
      </trkpt>
      <trkpt lat="37.16733899999999" lon="34.70622100000004">
        <ele>770.368</ele>
        <time>2025-06-26T17:25:32.622Z</time>
      </trkpt>
      <trkpt lat="37.167303999999994" lon="34.70628700000004">
        <ele>770.746</ele>
        <time>2025-06-26T17:25:34.622Z</time>
      </trkpt>
      <trkpt lat="37.167280999999996" lon="34.706353000000036">
        <ele>771.228</ele>
        <time>2025-06-26T17:25:36.622Z</time>
      </trkpt>
      <trkpt lat="37.16726799999999" lon="34.70643600000003">
        <ele>772.334</ele>
        <time>2025-06-26T17:25:38.622Z</time>
      </trkpt>
      <trkpt lat="37.167252999999995" lon="34.70650100000003">
        <ele>772.886</ele>
        <time>2025-06-26T17:25:40.622Z</time>
      </trkpt>
      <trkpt lat="37.16723699999999" lon="34.70657900000003">
        <ele>773.185</ele>
        <time>2025-06-26T17:25:43.622Z</time>
      </trkpt>
      <trkpt lat="37.16722899999999" lon="34.706638000000034">
        <ele>773.471</ele>
        <time>2025-06-26T17:25:45.622Z</time>
      </trkpt>
      <trkpt lat="37.16722399999999" lon="34.706694000000034">
        <ele>773.834</ele>
        <time>2025-06-26T17:25:47.622Z</time>
      </trkpt>
      <trkpt lat="37.16722799999999" lon="34.706756000000034">
        <ele>774.116</ele>
        <time>2025-06-26T17:25:49.622Z</time>
      </trkpt>
      <trkpt lat="37.16721699999999" lon="34.706817000000036">
        <ele>774.467</ele>
        <time>2025-06-26T17:25:51.622Z</time>
      </trkpt>
      <trkpt lat="37.16721299999999" lon="34.70687600000004">
        <ele>774.709</ele>
        <time>2025-06-26T17:25:53.622Z</time>
      </trkpt>
      <trkpt lat="37.16721399999999" lon="34.70693700000004">
        <ele>775.017</ele>
        <time>2025-06-26T17:25:55.622Z</time>
      </trkpt>
      <trkpt lat="37.167217999999984" lon="34.70701900000004">
        <ele>775.307</ele>
        <time>2025-06-26T17:25:58.622Z</time>
      </trkpt>
      <trkpt lat="37.167211999999985" lon="34.70708000000004">
        <ele>775.955</ele>
        <time>2025-06-26T17:26:01.622Z</time>
      </trkpt>
      <trkpt lat="37.16720799999999" lon="34.70714100000004">
        <ele>776.767</ele>
        <time>2025-06-26T17:26:04.622Z</time>
      </trkpt>
      <trkpt lat="37.16720199999999" lon="34.70720300000004">
        <ele>777.619</ele>
        <time>2025-06-26T17:26:07.622Z</time>
      </trkpt>
      <trkpt lat="37.16719299999999" lon="34.70726600000004">
        <ele>778.395</ele>
        <time>2025-06-26T17:26:11.622Z</time>
      </trkpt>
      <trkpt lat="37.16719099999999" lon="34.70732700000004">
        <ele>778.847</ele>
        <time>2025-06-26T17:26:14.622Z</time>
      </trkpt>
      <trkpt lat="37.167163999999985" lon="34.70738100000004">
        <ele>779.466</ele>
        <time>2025-06-26T17:26:17.622Z</time>
      </trkpt>
      <trkpt lat="37.16711699999998" lon="34.70736400000004">
        <ele>780.152</ele>
        <time>2025-06-26T17:26:20.622Z</time>
      </trkpt>
      <trkpt lat="37.16708999999998" lon="34.70730400000004">
        <ele>780.525</ele>
        <time>2025-06-26T17:26:24.622Z</time>
      </trkpt>
      <trkpt lat="37.16710799999998" lon="34.70724800000004">
        <ele>781.027</ele>
        <time>2025-06-26T17:26:27.622Z</time>
      </trkpt>
      <trkpt lat="37.16709999999998" lon="34.70718600000004">
        <ele>781.678</ele>
        <time>2025-06-26T17:26:30.622Z</time>
      </trkpt>
      <trkpt lat="37.16709399999998" lon="34.70711900000004">
        <ele>781.909</ele>
        <time>2025-06-26T17:26:32.622Z</time>
      </trkpt>
      <trkpt lat="37.16708699999998" lon="34.70704900000004">
        <ele>782.711</ele>
        <time>2025-06-26T17:26:34.622Z</time>
      </trkpt>
      <trkpt lat="37.16706099999998" lon="34.70697600000004">
        <ele>783.183</ele>
        <time>2025-06-26T17:26:36.622Z</time>
      </trkpt>
      <trkpt lat="37.167059999999985" lon="34.70689200000004">
        <ele>784.262</ele>
        <time>2025-06-26T17:26:38.622Z</time>
      </trkpt>
      <trkpt lat="37.167039999999986" lon="34.70682200000004">
        <ele>785.079</ele>
        <time>2025-06-26T17:26:40.622Z</time>
      </trkpt>
      <trkpt lat="37.167017999999985" lon="34.70673400000004">
        <ele>785.891</ele>
        <time>2025-06-26T17:26:42.622Z</time>
      </trkpt>
      <trkpt lat="37.16700999999998" lon="34.70664400000004">
        <ele>786.357</ele>
        <time>2025-06-26T17:26:44.622Z</time>
      </trkpt>
      <trkpt lat="37.16700999999998" lon="34.70658400000004">
        <ele>786.989</ele>
        <time>2025-06-26T17:26:46.622Z</time>
      </trkpt>
      <trkpt lat="37.16701099999998" lon="34.706496000000044">
        <ele>787.168</ele>
        <time>2025-06-26T17:26:48.622Z</time>
      </trkpt>
      <trkpt lat="37.16700799999998" lon="34.70641300000005">
        <ele>787.794</ele>
        <time>2025-06-26T17:26:50.622Z</time>
      </trkpt>
      <trkpt lat="37.166992999999984" lon="34.706346000000046">
        <ele>788.367</ele>
        <time>2025-06-26T17:26:52.622Z</time>
      </trkpt>
      <trkpt lat="37.166983999999985" lon="34.706279000000045">
        <ele>789.159</ele>
        <time>2025-06-26T17:26:54.622Z</time>
      </trkpt>
      <trkpt lat="37.16697999999999" lon="34.706203000000045">
        <ele>789.96</ele>
        <time>2025-06-26T17:26:56.622Z</time>
      </trkpt>
      <trkpt lat="37.16697899999999" lon="34.706130000000044">
        <ele>790.609</ele>
        <time>2025-06-26T17:26:58.622Z</time>
      </trkpt>
      <trkpt lat="37.16698999999999" lon="34.70604900000004">
        <ele>791.226</ele>
        <time>2025-06-26T17:27:00.622Z</time>
      </trkpt>
      <trkpt lat="37.16698099999999" lon="34.70597100000004">
        <ele>791.706</ele>
        <time>2025-06-26T17:27:02.622Z</time>
      </trkpt>
      <trkpt lat="37.16694799999999" lon="34.70591100000004">
        <ele>792.089</ele>
        <time>2025-06-26T17:27:04.622Z</time>
      </trkpt>
      <trkpt lat="37.16695099999999" lon="34.705848000000046">
        <ele>792.666</ele>
        <time>2025-06-26T17:27:06.622Z</time>
      </trkpt>
      <trkpt lat="37.16696399999999" lon="34.70576600000005">
        <ele>793.338</ele>
        <time>2025-06-26T17:27:08.622Z</time>
      </trkpt>
      <trkpt lat="37.166937999999995" lon="34.705699000000045">
        <ele>793.924</ele>
        <time>2025-06-26T17:27:10.622Z</time>
      </trkpt>
      <trkpt lat="37.16695299999999" lon="34.70563000000004">
        <ele>794.596</ele>
        <time>2025-06-26T17:27:12.622Z</time>
      </trkpt>
      <trkpt lat="37.16695099999999" lon="34.70554300000004">
        <ele>795.155</ele>
        <time>2025-06-26T17:27:14.622Z</time>
      </trkpt>
      <trkpt lat="37.16696299999999" lon="34.70546100000004">
        <ele>795.841</ele>
        <time>2025-06-26T17:27:16.622Z</time>
      </trkpt>
      <trkpt lat="37.16695999999999" lon="34.70540000000004">
        <ele>796.134</ele>
        <time>2025-06-26T17:27:18.622Z</time>
      </trkpt>
      <trkpt lat="37.16693799999999" lon="34.70533000000004">
        <ele>796.746</ele>
        <time>2025-06-26T17:27:20.622Z</time>
      </trkpt>
      <trkpt lat="37.16692599999999" lon="34.70524800000004">
        <ele>797.397</ele>
        <time>2025-06-26T17:27:22.622Z</time>
      </trkpt>
      <trkpt lat="37.16692499999999" lon="34.70518300000004">
        <ele>798.009</ele>
        <time>2025-06-26T17:27:24.622Z</time>
      </trkpt>
      <trkpt lat="37.16690899999999" lon="34.70511600000004">
        <ele>798.808</ele>
        <time>2025-06-26T17:27:26.622Z</time>
      </trkpt>
      <trkpt lat="37.16689499999999" lon="34.70504200000004">
        <ele>799.553</ele>
        <time>2025-06-26T17:27:28.622Z</time>
      </trkpt>
      <trkpt lat="37.16688099999999" lon="34.70496700000004">
        <ele>800.252</ele>
        <time>2025-06-26T17:27:30.622Z</time>
      </trkpt>
      <trkpt lat="37.16687499999999" lon="34.70489900000004">
        <ele>801.035</ele>
        <time>2025-06-26T17:27:32.622Z</time>
      </trkpt>
      <trkpt lat="37.16686099999999" lon="34.70482300000004">
        <ele>801.347</ele>
        <time>2025-06-26T17:27:34.622Z</time>
      </trkpt>
      <trkpt lat="37.16684399999999" lon="34.70474700000004">
        <ele>802.063</ele>
        <time>2025-06-26T17:27:36.622Z</time>
      </trkpt>
      <trkpt lat="37.16683399999999" lon="34.70468000000004">
        <ele>802.775</ele>
        <time>2025-06-26T17:27:38.622Z</time>
      </trkpt>
      <trkpt lat="37.16680799999999" lon="34.70461200000004">
        <ele>803.454</ele>
        <time>2025-06-26T17:27:40.622Z</time>
      </trkpt>
      <trkpt lat="37.16678999999999" lon="34.70454400000004">
        <ele>804.12</ele>
        <time>2025-06-26T17:27:42.622Z</time>
      </trkpt>
      <trkpt lat="37.16676699999999" lon="34.70448200000004">
        <ele>804.733</ele>
        <time>2025-06-26T17:27:44.622Z</time>
      </trkpt>
      <trkpt lat="37.16674499999999" lon="34.70441000000004">
        <ele>805.165</ele>
        <time>2025-06-26T17:27:46.622Z</time>
      </trkpt>
      <trkpt lat="37.16673899999999" lon="34.70434300000004">
        <ele>805.636</ele>
        <time>2025-06-26T17:27:48.622Z</time>
      </trkpt>
      <trkpt lat="37.16673099999999" lon="34.70426900000004">
        <ele>805.809</ele>
        <time>2025-06-26T17:27:50.622Z</time>
      </trkpt>
      <trkpt lat="37.16671099999999" lon="34.70421000000004">
        <ele>806.416</ele>
        <time>2025-06-26T17:27:52.622Z</time>
      </trkpt>
      <trkpt lat="37.16669399999999" lon="34.70415000000004">
        <ele>806.988</ele>
        <time>2025-06-26T17:27:54.622Z</time>
      </trkpt>
      <trkpt lat="37.16666599999999" lon="34.704070000000044">
        <ele>807.446</ele>
        <time>2025-06-26T17:27:56.622Z</time>
      </trkpt>
      <trkpt lat="37.166650999999995" lon="34.70401200000004">
        <ele>808.048</ele>
        <time>2025-06-26T17:27:58.622Z</time>
      </trkpt>
      <trkpt lat="37.16665499999999" lon="34.70393700000004">
        <ele>808.71</ele>
        <time>2025-06-26T17:28:00.622Z</time>
      </trkpt>
      <trkpt lat="37.166656999999994" lon="34.70387100000004">
        <ele>809.496</ele>
        <time>2025-06-26T17:28:02.622Z</time>
      </trkpt>
      <trkpt lat="37.166650999999995" lon="34.70377600000004">
        <ele>810.048</ele>
        <time>2025-06-26T17:28:04.622Z</time>
      </trkpt>
      <trkpt lat="37.166624999999996" lon="34.70370900000004">
        <ele>810.387</ele>
        <time>2025-06-26T17:28:06.622Z</time>
      </trkpt>
      <trkpt lat="37.166594999999994" lon="34.70364200000004">
        <ele>810.993</ele>
        <time>2025-06-26T17:28:08.622Z</time>
      </trkpt>
      <trkpt lat="37.166574999999995" lon="34.70356800000004">
        <ele>811.526</ele>
        <time>2025-06-26T17:28:10.622Z</time>
      </trkpt>
      <trkpt lat="37.166585999999995" lon="34.70350200000004">
        <ele>812.038</ele>
        <time>2025-06-26T17:28:12.622Z</time>
      </trkpt>
      <trkpt lat="37.16656999999999" lon="34.703417000000044">
        <ele>812.619</ele>
        <time>2025-06-26T17:28:14.622Z</time>
      </trkpt>
      <trkpt lat="37.16654599999999" lon="34.703352000000045">
        <ele>813.209</ele>
        <time>2025-06-26T17:28:16.622Z</time>
      </trkpt>
      <trkpt lat="37.16653899999999" lon="34.703296000000044">
        <ele>813.826</ele>
        <time>2025-06-26T17:28:18.622Z</time>
      </trkpt>
      <trkpt lat="37.166549999999994" lon="34.703208000000046">
        <ele>814.433</ele>
        <time>2025-06-26T17:28:20.622Z</time>
      </trkpt>
      <trkpt lat="37.16653399999999" lon="34.70314800000005">
        <ele>814.778</ele>
        <time>2025-06-26T17:28:22.622Z</time>
      </trkpt>
      <trkpt lat="37.16652899999999" lon="34.70308000000005">
        <ele>815.495</ele>
        <time>2025-06-26T17:28:24.622Z</time>
      </trkpt>
      <trkpt lat="37.16652999999999" lon="34.70301000000005">
        <ele>816.177</ele>
        <time>2025-06-26T17:28:26.622Z</time>
      </trkpt>
      <trkpt lat="37.166516999999985" lon="34.70292000000005">
        <ele>816.873</ele>
        <time>2025-06-26T17:28:28.622Z</time>
      </trkpt>
      <trkpt lat="37.16651599999999" lon="34.70285000000005">
        <ele>817.435</ele>
        <time>2025-06-26T17:28:30.622Z</time>
      </trkpt>
      <trkpt lat="37.16651899999999" lon="34.70276300000005">
        <ele>818.094</ele>
        <time>2025-06-26T17:28:32.622Z</time>
      </trkpt>
      <trkpt lat="37.16651499999999" lon="34.70269800000005">
        <ele>818.61</ele>
        <time>2025-06-26T17:28:34.622Z</time>
      </trkpt>
      <trkpt lat="37.16652599999999" lon="34.702631000000046">
        <ele>819.213</ele>
        <time>2025-06-26T17:28:36.622Z</time>
      </trkpt>
      <trkpt lat="37.16652499999999" lon="34.70255500000005">
        <ele>819.545</ele>
        <time>2025-06-26T17:28:38.622Z</time>
      </trkpt>
      <trkpt lat="37.16651999999999" lon="34.70249500000005">
        <ele>819.926</ele>
        <time>2025-06-26T17:28:40.622Z</time>
      </trkpt>
      <trkpt lat="37.166501999999994" lon="34.70243000000005">
        <ele>820.509</ele>
        <time>2025-06-26T17:28:42.622Z</time>
      </trkpt>
      <trkpt lat="37.166481999999995" lon="34.70236900000005">
        <ele>820.81</ele>
        <time>2025-06-26T17:28:44.622Z</time>
      </trkpt>
      <trkpt lat="37.16647699999999" lon="34.70230900000005">
        <ele>821.464</ele>
        <time>2025-06-26T17:28:46.622Z</time>
      </trkpt>
      <trkpt lat="37.16647199999999" lon="34.70223900000005">
        <ele>822.143</ele>
        <time>2025-06-26T17:28:48.622Z</time>
      </trkpt>
      <trkpt lat="37.16646299999999" lon="34.70217400000005">
        <ele>823.342</ele>
        <time>2025-06-26T17:28:50.622Z</time>
      </trkpt>
      <trkpt lat="37.16646299999999" lon="34.702102000000046">
        <ele>823.724</ele>
        <time>2025-06-26T17:28:52.622Z</time>
      </trkpt>
      <trkpt lat="37.166472999999996" lon="34.70202000000005">
        <ele>824.71</ele>
        <time>2025-06-26T17:28:55.622Z</time>
      </trkpt>
      <trkpt lat="37.166509" lon="34.701953000000046">
        <ele>825.442</ele>
        <time>2025-06-26T17:28:57.622Z</time>
      </trkpt>
      <trkpt lat="37.16655" lon="34.701880000000045">
        <ele>826.151</ele>
        <time>2025-06-26T17:29:00.622Z</time>
      </trkpt>
      <trkpt lat="37.166579" lon="34.701821000000045">
        <ele>826.537</ele>
        <time>2025-06-26T17:29:02.622Z</time>
      </trkpt>
      <trkpt lat="37.166618" lon="34.701768000000044">
        <ele>826.87</ele>
        <time>2025-06-26T17:29:04.622Z</time>
      </trkpt>
      <trkpt lat="37.166646" lon="34.701714000000045">
        <ele>827.142</ele>
        <time>2025-06-26T17:29:06.622Z</time>
      </trkpt>
      <trkpt lat="37.166676" lon="34.701638000000045">
        <ele>827.513</ele>
        <time>2025-06-26T17:29:09.622Z</time>
      </trkpt>
      <trkpt lat="37.166699" lon="34.70157200000005">
        <ele>827.909</ele>
        <time>2025-06-26T17:29:11.622Z</time>
      </trkpt>
      <trkpt lat="37.166734" lon="34.70152900000005">
        <ele>828.311</ele>
        <time>2025-06-26T17:29:13.622Z</time>
      </trkpt>
      <trkpt lat="37.166756" lon="34.701477000000054">
        <ele>828.665</ele>
        <time>2025-06-26T17:29:15.622Z</time>
      </trkpt>
      <trkpt lat="37.166796" lon="34.70141600000005">
        <ele>828.915</ele>
        <time>2025-06-26T17:29:17.622Z</time>
      </trkpt>
      <trkpt lat="37.166816" lon="34.70135400000005">
        <ele>829.192</ele>
        <time>2025-06-26T17:29:19.622Z</time>
      </trkpt>
      <trkpt lat="37.166829" lon="34.701291000000055">
        <ele>829.624</ele>
        <time>2025-06-26T17:29:21.622Z</time>
      </trkpt>
      <trkpt lat="37.16685" lon="34.70123000000005">
        <ele>830.27</ele>
        <time>2025-06-26T17:29:23.622Z</time>
      </trkpt>
      <trkpt lat="37.166872" lon="34.70117700000005">
        <ele>830.582</ele>
        <time>2025-06-26T17:29:25.622Z</time>
      </trkpt>
      <trkpt lat="37.166899" lon="34.70110900000005">
        <ele>831.291</ele>
        <time>2025-06-26T17:29:27.622Z</time>
      </trkpt>
      <trkpt lat="37.166928" lon="34.70102800000005">
        <ele>832.257</ele>
        <time>2025-06-26T17:29:29.622Z</time>
      </trkpt>
      <trkpt lat="37.166947" lon="34.70095800000005">
        <ele>832.79</ele>
        <time>2025-06-26T17:29:31.622Z</time>
      </trkpt>
      <trkpt lat="37.166967" lon="34.70087400000005">
        <ele>833.282</ele>
        <time>2025-06-26T17:29:34.622Z</time>
      </trkpt>
      <trkpt lat="37.166975" lon="34.70081200000005">
        <ele>833.843</ele>
        <time>2025-06-26T17:29:36.622Z</time>
      </trkpt>
      <trkpt lat="37.166992" lon="34.70073400000005">
        <ele>834.409</ele>
        <time>2025-06-26T17:29:38.622Z</time>
      </trkpt>
      <trkpt lat="37.166984" lon="34.700678000000046">
        <ele>834.707</ele>
        <time>2025-06-26T17:29:40.622Z</time>
      </trkpt>
      <trkpt lat="37.166986" lon="34.700603000000044">
        <ele>835.243</ele>
        <time>2025-06-26T17:29:42.622Z</time>
      </trkpt>
      <trkpt lat="37.167003" lon="34.700540000000046">
        <ele>835.713</ele>
        <time>2025-06-26T17:29:44.622Z</time>
      </trkpt>
      <trkpt lat="37.167006" lon="34.700467000000046">
        <ele>836.359</ele>
        <time>2025-06-26T17:29:46.622Z</time>
      </trkpt>
      <trkpt lat="37.167" lon="34.70037300000005">
        <ele>836.951</ele>
        <time>2025-06-26T17:29:48.622Z</time>
      </trkpt>
      <trkpt lat="37.166997" lon="34.70031100000005">
        <ele>837.467</ele>
        <time>2025-06-26T17:29:50.622Z</time>
      </trkpt>
      <trkpt lat="37.167004" lon="34.70024500000005">
        <ele>837.829</ele>
        <time>2025-06-26T17:29:52.622Z</time>
      </trkpt>
      <trkpt lat="37.166976999999996" lon="34.70018400000005">
        <ele>838.388</ele>
        <time>2025-06-26T17:29:54.622Z</time>
      </trkpt>
      <trkpt lat="37.16696399999999" lon="34.70012400000005">
        <ele>838.534</ele>
        <time>2025-06-26T17:29:56.622Z</time>
      </trkpt>
      <trkpt lat="37.16694799999999" lon="34.70004600000005">
        <ele>838.837</ele>
        <time>2025-06-26T17:29:59.622Z</time>
      </trkpt>
      <trkpt lat="37.16692299999999" lon="34.69996900000005">
        <ele>839.299</ele>
        <time>2025-06-26T17:30:02.622Z</time>
      </trkpt>
      <trkpt lat="37.16689599999999" lon="34.69989600000005">
        <ele>839.92</ele>
        <time>2025-06-26T17:30:05.622Z</time>
      </trkpt>
      <trkpt lat="37.16686699999999" lon="34.69981800000005">
        <ele>840.409</ele>
        <time>2025-06-26T17:30:08.622Z</time>
      </trkpt>
      <trkpt lat="37.16685999999999" lon="34.69976000000005">
        <ele>841.217</ele>
        <time>2025-06-26T17:30:11.622Z</time>
      </trkpt>
      <trkpt lat="37.166847999999995" lon="34.69970300000005">
        <ele>842.325</ele>
        <time>2025-06-26T17:30:14.622Z</time>
      </trkpt>
      <trkpt lat="37.16681499999999" lon="34.69965500000005">
        <ele>843.283</ele>
        <time>2025-06-26T17:30:18.622Z</time>
      </trkpt>
      <trkpt lat="37.16677099999999" lon="34.69963500000005">
        <ele>843.66</ele>
        <time>2025-06-26T17:30:22.622Z</time>
      </trkpt>
      <trkpt lat="37.16674999999999" lon="34.69968600000005">
        <ele>844.392</ele>
        <time>2025-06-26T17:30:25.622Z</time>
      </trkpt>
      <trkpt lat="37.166771999999995" lon="34.69974500000005">
        <ele>844.668</ele>
        <time>2025-06-26T17:30:27.622Z</time>
      </trkpt>
      <trkpt lat="37.166771999999995" lon="34.69981700000005">
        <ele>845.36</ele>
        <time>2025-06-26T17:30:29.622Z</time>
      </trkpt>
      <trkpt lat="37.16678399999999" lon="34.699875000000056">
        <ele>845.969</ele>
        <time>2025-06-26T17:30:31.622Z</time>
      </trkpt>
      <trkpt lat="37.166796999999995" lon="34.69995800000005">
        <ele>846.555</ele>
        <time>2025-06-26T17:30:33.622Z</time>
      </trkpt>
      <trkpt lat="37.166807999999996" lon="34.70002300000005">
        <ele>847.128</ele>
        <time>2025-06-26T17:30:35.622Z</time>
      </trkpt>
      <trkpt lat="37.166796" lon="34.70008600000005">
        <ele>847.76</ele>
        <time>2025-06-26T17:30:37.622Z</time>
      </trkpt>
      <trkpt lat="37.166802999999994" lon="34.70016500000005">
        <ele>848.251</ele>
        <time>2025-06-26T17:30:39.622Z</time>
      </trkpt>
      <trkpt lat="37.166802" lon="34.70023500000005">
        <ele>848.709</ele>
        <time>2025-06-26T17:30:41.622Z</time>
      </trkpt>
      <trkpt lat="37.166788999999994" lon="34.70030400000005">
        <ele>848.924</ele>
        <time>2025-06-26T17:30:43.622Z</time>
      </trkpt>
      <trkpt lat="37.166746999999994" lon="34.700385000000054">
        <ele>849.431</ele>
        <time>2025-06-26T17:30:45.622Z</time>
      </trkpt>
      <trkpt lat="37.166723999999995" lon="34.700447000000054">
        <ele>849.996</ele>
        <time>2025-06-26T17:30:47.622Z</time>
      </trkpt>
      <trkpt lat="37.166698999999994" lon="34.700514000000055">
        <ele>850.627</ele>
        <time>2025-06-26T17:30:49.622Z</time>
      </trkpt>
      <trkpt lat="37.166672999999996" lon="34.70058800000005">
        <ele>851.399</ele>
        <time>2025-06-26T17:30:51.622Z</time>
      </trkpt>
      <trkpt lat="37.166658" lon="34.700652000000055">
        <ele>852.115</ele>
        <time>2025-06-26T17:30:53.622Z</time>
      </trkpt>
      <trkpt lat="37.16663" lon="34.70069900000006">
        <ele>852.867</ele>
        <time>2025-06-26T17:30:55.622Z</time>
      </trkpt>
      <trkpt lat="37.166602999999995" lon="34.700764000000056">
        <ele>853.416</ele>
        <time>2025-06-26T17:30:57.622Z</time>
      </trkpt>
      <trkpt lat="37.166557" lon="34.700810000000054">
        <ele>853.782</ele>
        <time>2025-06-26T17:30:59.622Z</time>
      </trkpt>
      <trkpt lat="37.166512999999995" lon="34.70086700000005">
        <ele>854.285</ele>
        <time>2025-06-26T17:31:01.622Z</time>
      </trkpt>
      <trkpt lat="37.166495999999995" lon="34.70093400000005">
        <ele>854.747</ele>
        <time>2025-06-26T17:31:03.622Z</time>
      </trkpt>
      <trkpt lat="37.166464" lon="34.70098300000005">
        <ele>855.148</ele>
        <time>2025-06-26T17:31:05.622Z</time>
      </trkpt>
      <trkpt lat="37.166394999999994" lon="34.70103600000005">
        <ele>855.509</ele>
        <time>2025-06-26T17:31:07.622Z</time>
      </trkpt>
      <trkpt lat="37.166352999999994" lon="34.70110900000005">
        <ele>855.924</ele>
        <time>2025-06-26T17:31:10.622Z</time>
      </trkpt>
      <trkpt lat="37.16631699999999" lon="34.70117100000005">
        <ele>856.304</ele>
        <time>2025-06-26T17:31:12.622Z</time>
      </trkpt>
      <trkpt lat="37.16627499999999" lon="34.701198000000055">
        <ele>856.369</ele>
        <time>2025-06-26T17:31:14.622Z</time>
      </trkpt>
      <trkpt lat="37.16623799999999" lon="34.70125300000006">
        <ele>856.332</ele>
        <time>2025-06-26T17:31:17.622Z</time>
      </trkpt>
      <trkpt lat="37.16621299999999" lon="34.701310000000056">
        <ele>856.654</ele>
        <time>2025-06-26T17:31:19.622Z</time>
      </trkpt>
      <trkpt lat="37.166180999999995" lon="34.70137300000005">
        <ele>857.02</ele>
        <time>2025-06-26T17:31:22.622Z</time>
      </trkpt>
      <trkpt lat="37.166146999999995" lon="34.70141600000005">
        <ele>857.672</ele>
        <time>2025-06-26T17:31:24.622Z</time>
      </trkpt>
      <trkpt lat="37.16610299999999" lon="34.701463000000054">
        <ele>858.121</ele>
        <time>2025-06-26T17:31:26.622Z</time>
      </trkpt>
      <trkpt lat="37.16606099999999" lon="34.701527000000056">
        <ele>858.727</ele>
        <time>2025-06-26T17:31:29.622Z</time>
      </trkpt>
      <trkpt lat="37.16602499999999" lon="34.70157400000006">
        <ele>859.26</ele>
        <time>2025-06-26T17:31:31.622Z</time>
      </trkpt>
      <trkpt lat="37.16599399999999" lon="34.70162500000006">
        <ele>860.092</ele>
        <time>2025-06-26T17:31:33.622Z</time>
      </trkpt>
      <trkpt lat="37.16595299999999" lon="34.70167700000005">
        <ele>860.643</ele>
        <time>2025-06-26T17:31:36.622Z</time>
      </trkpt>
      <trkpt lat="37.16591899999999" lon="34.70175700000005">
        <ele>861.409</ele>
        <time>2025-06-26T17:31:39.622Z</time>
      </trkpt>
      <trkpt lat="37.165899999999986" lon="34.70181300000005">
        <ele>861.717</ele>
        <time>2025-06-26T17:31:41.622Z</time>
      </trkpt>
      <trkpt lat="37.16586799999999" lon="34.70186200000005">
        <ele>862.298</ele>
        <time>2025-06-26T17:31:43.622Z</time>
      </trkpt>
      <trkpt lat="37.16585099999999" lon="34.70193200000005">
        <ele>862.818</ele>
        <time>2025-06-26T17:31:45.622Z</time>
      </trkpt>
      <trkpt lat="37.16584599999999" lon="34.70199000000005">
        <ele>863.137</ele>
        <time>2025-06-26T17:31:47.622Z</time>
      </trkpt>
      <trkpt lat="37.16582899999999" lon="34.70206600000005">
        <ele>863.789</ele>
        <time>2025-06-26T17:31:49.622Z</time>
      </trkpt>
      <trkpt lat="37.16579999999999" lon="34.70212600000005">
        <ele>864.465</ele>
        <time>2025-06-26T17:31:51.622Z</time>
      </trkpt>
      <trkpt lat="37.165792999999994" lon="34.702209000000046">
        <ele>865.157</ele>
        <time>2025-06-26T17:31:53.622Z</time>
      </trkpt>
      <trkpt lat="37.165761999999994" lon="34.702271000000046">
        <ele>865.816</ele>
        <time>2025-06-26T17:31:55.622Z</time>
      </trkpt>
      <trkpt lat="37.16573699999999" lon="34.70234100000005">
        <ele>866.362</ele>
        <time>2025-06-26T17:31:57.622Z</time>
      </trkpt>
      <trkpt lat="37.16571799999999" lon="34.70240500000005">
        <ele>866.855</ele>
        <time>2025-06-26T17:31:59.622Z</time>
      </trkpt>
      <trkpt lat="37.16567999999999" lon="34.70248300000005">
        <ele>867.057</ele>
        <time>2025-06-26T17:32:01.622Z</time>
      </trkpt>
      <trkpt lat="37.16565699999999" lon="34.70254800000005">
        <ele>867.638</ele>
        <time>2025-06-26T17:32:03.622Z</time>
      </trkpt>
      <trkpt lat="37.16565099999999" lon="34.70261400000005">
        <ele>868.409</ele>
        <time>2025-06-26T17:32:05.622Z</time>
      </trkpt>
      <trkpt lat="37.16561199999999" lon="34.702674000000044">
        <ele>869.118</ele>
        <time>2025-06-26T17:32:07.622Z</time>
      </trkpt>
      <trkpt lat="37.16557799999999" lon="34.70272800000004">
        <ele>869.744</ele>
        <time>2025-06-26T17:32:09.622Z</time>
      </trkpt>
      <trkpt lat="37.16554899999999" lon="34.70280400000004">
        <ele>870.263</ele>
        <time>2025-06-26T17:32:11.622Z</time>
      </trkpt>
      <trkpt lat="37.16552999999999" lon="34.70288300000004">
        <ele>870.827</ele>
        <time>2025-06-26T17:32:13.622Z</time>
      </trkpt>
      <trkpt lat="37.16550399999999" lon="34.702967000000044">
        <ele>871.419</ele>
        <time>2025-06-26T17:32:15.622Z</time>
      </trkpt>
      <trkpt lat="37.16548699999999" lon="34.703043000000044">
        <ele>871.745</ele>
        <time>2025-06-26T17:32:17.622Z</time>
      </trkpt>
      <trkpt lat="37.165457999999994" lon="34.70311200000005">
        <ele>872.397</ele>
        <time>2025-06-26T17:32:19.622Z</time>
      </trkpt>
      <trkpt lat="37.16543399999999" lon="34.703186000000045">
        <ele>872.776</ele>
        <time>2025-06-26T17:32:21.622Z</time>
      </trkpt>
      <trkpt lat="37.16540999999999" lon="34.70326600000004">
        <ele>873.162</ele>
        <time>2025-06-26T17:32:23.622Z</time>
      </trkpt>
      <trkpt lat="37.165396999999984" lon="34.70334000000004">
        <ele>873.595</ele>
        <time>2025-06-26T17:32:25.622Z</time>
      </trkpt>
      <trkpt lat="37.165385999999984" lon="34.70342700000004">
        <ele>874.197</ele>
        <time>2025-06-26T17:32:27.622Z</time>
      </trkpt>
      <trkpt lat="37.165376999999985" lon="34.70348900000004">
        <ele>874.468</ele>
        <time>2025-06-26T17:32:29.622Z</time>
      </trkpt>
      <trkpt lat="37.16537299999999" lon="34.70354700000004">
        <ele>874.609</ele>
        <time>2025-06-26T17:32:31.622Z</time>
      </trkpt>
      <trkpt lat="37.16536799999999" lon="34.70360400000004">
        <ele>874.811</ele>
        <time>2025-06-26T17:32:33.622Z</time>
      </trkpt>
      <trkpt lat="37.165351999999984" lon="34.70367800000004">
        <ele>875.383</ele>
        <time>2025-06-26T17:32:36.622Z</time>
      </trkpt>
      <trkpt lat="37.16534799999999" lon="34.70373800000004">
        <ele>875.962</ele>
        <time>2025-06-26T17:32:39.622Z</time>
      </trkpt>
      <trkpt lat="37.165339999999986" lon="34.703795000000035">
        <ele>876.332</ele>
        <time>2025-06-26T17:32:42.622Z</time>
      </trkpt>
      <trkpt lat="37.16532999999998" lon="34.703865000000036">
        <ele>876.724</ele>
        <time>2025-06-26T17:32:46.622Z</time>
      </trkpt>
      <trkpt lat="37.16532999999998" lon="34.703933000000035">
        <ele>877.22</ele>
        <time>2025-06-26T17:32:50.622Z</time>
      </trkpt>
      <trkpt lat="37.16531599999998" lon="34.70399100000004">
        <ele>877.862</ele>
        <time>2025-06-26T17:32:53.622Z</time>
      </trkpt>
      <trkpt lat="37.165300999999985" lon="34.704048000000036">
        <ele>878.191</ele>
        <time>2025-06-26T17:32:56.622Z</time>
      </trkpt>
      <trkpt lat="37.16529399999999" lon="34.704124000000036">
        <ele>879.017</ele>
        <time>2025-06-26T17:33:00.622Z</time>
      </trkpt>
      <trkpt lat="37.16528999999999" lon="34.70418800000004">
        <ele>879.46</ele>
        <time>2025-06-26T17:33:03.622Z</time>
      </trkpt>
      <trkpt lat="37.16528999999999" lon="34.70425700000004">
        <ele>880.072</ele>
        <time>2025-06-26T17:33:06.622Z</time>
      </trkpt>
      <trkpt lat="37.16530699999999" lon="34.70431100000004">
        <ele>880.433</ele>
        <time>2025-06-26T17:33:08.622Z</time>
      </trkpt>
      <trkpt lat="37.16531399999999" lon="34.70439000000004">
        <ele>880.709</ele>
        <time>2025-06-26T17:33:11.622Z</time>
      </trkpt>
      <trkpt lat="37.16533099999999" lon="34.70444400000004">
        <ele>880.903</ele>
        <time>2025-06-26T17:33:14.622Z</time>
      </trkpt>
      <trkpt lat="37.16533899999999" lon="34.704507000000035">
        <ele>881.421</ele>
        <time>2025-06-26T17:33:17.622Z</time>
      </trkpt>
      <trkpt lat="37.165359999999986" lon="34.70456500000004">
        <ele>881.811</ele>
        <time>2025-06-26T17:33:32.622Z</time>
      </trkpt>
      <trkpt lat="37.16536199999999" lon="34.70463300000004">
        <ele>882.169</ele>
        <time>2025-06-26T17:33:35.622Z</time>
      </trkpt>
      <trkpt lat="37.165393999999985" lon="34.704696000000034">
        <ele>882.251</ele>
        <time>2025-06-26T17:33:37.622Z</time>
      </trkpt>
      <trkpt lat="37.16538699999999" lon="34.70477900000003">
        <ele>883.137</ele>
        <time>2025-06-26T17:33:39.622Z</time>
      </trkpt>
      <trkpt lat="37.16535199999999" lon="34.70484900000003">
        <ele>883.499</ele>
        <time>2025-06-26T17:33:41.622Z</time>
      </trkpt>
      <trkpt lat="37.165319999999994" lon="34.70489500000003">
        <ele>884.198</ele>
        <time>2025-06-26T17:36:13.622Z</time>
      </trkpt>
      <trkpt lat="37.16532899999999" lon="34.70495300000003">
        <ele>885.454</ele>
        <time>2025-06-26T17:36:18.622Z</time>
      </trkpt>
      <trkpt lat="37.165350999999994" lon="34.70500200000003">
        <ele>886.317</ele>
        <time>2025-06-26T17:37:44.622Z</time>
      </trkpt>
      <trkpt lat="37.16530699999999" lon="34.70502600000003">
        <ele>886.759</ele>
        <time>2025-06-26T17:37:57.622Z</time>
      </trkpt>
      <trkpt lat="37.165254999999995" lon="34.70504000000003">
        <ele>887.26</ele>
        <time>2025-06-26T17:38:02.622Z</time>
      </trkpt>
      <trkpt lat="37.16520499999999" lon="34.70504100000003">
        <ele>888.609</ele>
        <time>2025-06-26T17:38:06.622Z</time>
      </trkpt>
      <trkpt lat="37.165158999999996" lon="34.70503600000003">
        <ele>889.917</ele>
        <time>2025-06-26T17:38:20.622Z</time>
      </trkpt>
      <trkpt lat="37.165116999999995" lon="34.70501100000003">
        <ele>890.561</ele>
        <time>2025-06-26T17:38:41.622Z</time>
      </trkpt>
      <trkpt lat="37.16506999999999" lon="34.705001000000024">
        <ele>890.981</ele>
        <time>2025-06-26T17:39:41.622Z</time>
      </trkpt>
      <trkpt lat="37.165037999999996" lon="34.704950000000025">
        <ele>891.085</ele>
        <time>2025-06-26T17:39:44.622Z</time>
      </trkpt>
      <trkpt lat="37.164989999999996" lon="34.704911000000024">
        <ele>891.047</ele>
        <time>2025-06-26T17:39:47.622Z</time>
      </trkpt>
      <trkpt lat="37.164964" lon="34.70486200000003">
        <ele>891.063</ele>
        <time>2025-06-26T17:39:51.622Z</time>
      </trkpt>
      <trkpt lat="37.164918" lon="34.704860000000025">
        <ele>891.015</ele>
        <time>2025-06-26T17:40:06.622Z</time>
      </trkpt>
      <trkpt lat="37.164939" lon="34.704809000000026">
        <ele>890.934</ele>
        <time>2025-06-26T17:40:51.622Z</time>
      </trkpt>
      <trkpt lat="37.164887" lon="34.704815000000025">
        <ele>890.84</ele>
        <time>2025-06-26T17:40:56.622Z</time>
      </trkpt>
      <trkpt lat="37.164849" lon="34.70477900000002">
        <ele>890.483</ele>
        <time>2025-06-26T17:41:18.622Z</time>
      </trkpt>
      <trkpt lat="37.164812" lon="34.704747000000026">
        <ele>889.935</ele>
        <time>2025-06-26T17:41:24.622Z</time>
      </trkpt>
      <trkpt lat="37.164781999999995" lon="34.70469500000003">
        <ele>889.176</ele>
        <time>2025-06-26T17:41:27.622Z</time>
      </trkpt>
      <trkpt lat="37.164767" lon="34.70463500000003">
        <ele>888.109</ele>
        <time>2025-06-26T17:41:32.622Z</time>
      </trkpt>
      <trkpt lat="37.16475" lon="34.70457600000003">
        <ele>887.416</ele>
        <time>2025-06-26T17:41:35.622Z</time>
      </trkpt>
      <trkpt lat="37.164746" lon="34.70451200000003">
        <ele>886.888</ele>
        <time>2025-06-26T17:41:40.622Z</time>
      </trkpt>
      <trkpt lat="37.164744" lon="34.70444500000003">
        <ele>886.246</ele>
        <time>2025-06-26T17:41:46.622Z</time>
      </trkpt>
      <trkpt lat="37.164724" lon="34.70439300000003">
        <ele>885.785</ele>
        <time>2025-06-26T17:41:50.622Z</time>
      </trkpt>
      <trkpt lat="37.164714" lon="34.70433400000003">
        <ele>885.157</ele>
        <time>2025-06-26T17:41:55.622Z</time>
      </trkpt>
      <trkpt lat="37.164699" lon="34.704271000000034">
        <ele>884.473</ele>
        <time>2025-06-26T17:41:59.622Z</time>
      </trkpt>
      <trkpt lat="37.164674999999995" lon="34.70422200000004">
        <ele>883.745</ele>
        <time>2025-06-26T17:42:04.622Z</time>
      </trkpt>
      <trkpt lat="37.164649999999995" lon="34.70417000000004">
        <ele>883.194</ele>
        <time>2025-06-26T17:42:09.622Z</time>
      </trkpt>
      <trkpt lat="37.16462299999999" lon="34.70412300000004">
        <ele>882.46</ele>
        <time>2025-06-26T17:42:13.622Z</time>
      </trkpt>
      <trkpt lat="37.16460099999999" lon="34.704068000000035">
        <ele>881.343</ele>
        <time>2025-06-26T17:42:17.622Z</time>
      </trkpt>
      <trkpt lat="37.16455899999999" lon="34.704043000000034">
        <ele>880.115</ele>
        <time>2025-06-26T17:42:21.622Z</time>
      </trkpt>
      <trkpt lat="37.16453599999999" lon="34.703989000000036">
        <ele>878.886</ele>
        <time>2025-06-26T17:42:26.622Z</time>
      </trkpt>
      <trkpt lat="37.16450699999999" lon="34.70394500000003">
        <ele>877.309</ele>
        <time>2025-06-26T17:42:31.622Z</time>
      </trkpt>
      <trkpt lat="37.16446499999999" lon="34.70390000000003">
        <ele>875.714</ele>
        <time>2025-06-26T17:42:38.622Z</time>
      </trkpt>
      <trkpt lat="37.16442299999999" lon="34.70387200000003">
        <ele>874.522</ele>
        <time>2025-06-26T17:42:44.622Z</time>
      </trkpt>
      <trkpt lat="37.164376999999995" lon="34.703820000000036">
        <ele>873.742</ele>
        <time>2025-06-26T17:42:51.622Z</time>
      </trkpt>
      <trkpt lat="37.164351999999994" lon="34.70376800000004">
        <ele>873.175</ele>
        <time>2025-06-26T17:42:59.622Z</time>
      </trkpt>
      <trkpt lat="37.16430999999999" lon="34.70374700000004">
        <ele>872.877</ele>
        <time>2025-06-26T17:43:03.622Z</time>
      </trkpt>
      <trkpt lat="37.16425499999999" lon="34.703738000000044">
        <ele>872.883</ele>
        <time>2025-06-26T17:43:07.622Z</time>
      </trkpt>
      <trkpt lat="37.16421299999999" lon="34.70370500000004">
        <ele>872.865</ele>
        <time>2025-06-26T17:43:11.622Z</time>
      </trkpt>
      <trkpt lat="37.16417699999999" lon="34.703653000000045">
        <ele>872.614</ele>
        <time>2025-06-26T17:43:16.622Z</time>
      </trkpt>
      <trkpt lat="37.16414299999999" lon="34.70360700000005">
        <ele>872.64</ele>
        <time>2025-06-26T17:43:20.622Z</time>
      </trkpt>
      <trkpt lat="37.164101999999986" lon="34.70357000000005">
        <ele>872.663</ele>
        <time>2025-06-26T17:43:24.622Z</time>
      </trkpt>
      <trkpt lat="37.16407499999998" lon="34.70352100000005">
        <ele>872.515</ele>
        <time>2025-06-26T17:43:27.622Z</time>
      </trkpt>
      <trkpt lat="37.16402799999998" lon="34.70347100000005">
        <ele>871.696</ele>
        <time>2025-06-26T17:43:31.622Z</time>
      </trkpt>
      <trkpt lat="37.16400099999998" lon="34.70341500000005">
        <ele>871.109</ele>
        <time>2025-06-26T17:43:34.622Z</time>
      </trkpt>
      <trkpt lat="37.16397199999998" lon="34.70337000000005">
        <ele>870.221</ele>
        <time>2025-06-26T17:43:39.622Z</time>
      </trkpt>
      <trkpt lat="37.16391899999998" lon="34.70334000000005">
        <ele>869.529</ele>
        <time>2025-06-26T17:43:43.622Z</time>
      </trkpt>
      <trkpt lat="37.16386899999998" lon="34.703315000000046">
        <ele>869.547</ele>
        <time>2025-06-26T17:43:46.622Z</time>
      </trkpt>
      <trkpt lat="37.16381799999998" lon="34.703296000000044">
        <ele>869.544</ele>
        <time>2025-06-26T17:43:49.622Z</time>
      </trkpt>
      <trkpt lat="37.163756999999976" lon="34.70329500000005">
        <ele>869.766</ele>
        <time>2025-06-26T17:43:52.622Z</time>
      </trkpt>
      <trkpt lat="37.163703999999974" lon="34.703287000000046">
        <ele>870.172</ele>
        <time>2025-06-26T17:43:54.622Z</time>
      </trkpt>
      <trkpt lat="37.163641999999975" lon="34.703293000000045">
        <ele>870.474</ele>
        <time>2025-06-26T17:43:57.622Z</time>
      </trkpt>
      <trkpt lat="37.163596999999974" lon="34.70330500000004">
        <ele>870.443</ele>
        <time>2025-06-26T17:43:59.622Z</time>
      </trkpt>
      <trkpt lat="37.16355299999997" lon="34.70334800000004">
        <ele>870.429</ele>
        <time>2025-06-26T17:44:02.622Z</time>
      </trkpt>
      <trkpt lat="37.163509999999974" lon="34.70337900000004">
        <ele>870.412</ele>
        <time>2025-06-26T17:44:05.622Z</time>
      </trkpt>
      <trkpt lat="37.163463999999976" lon="34.70337000000004">
        <ele>870.314</ele>
        <time>2025-06-26T17:44:26.622Z</time>
      </trkpt>
      <trkpt lat="37.163407999999976" lon="34.703380000000045">
        <ele>869.095</ele>
        <time>2025-06-26T17:44:29.622Z</time>
      </trkpt>
      <trkpt lat="37.16335599999998" lon="34.70334200000004">
        <ele>868.709</ele>
        <time>2025-06-26T17:44:32.622Z</time>
      </trkpt>
      <trkpt lat="37.16331599999998" lon="34.70330900000004">
        <ele>868.621</ele>
        <time>2025-06-26T17:44:35.622Z</time>
      </trkpt>
      <trkpt lat="37.16328499999998" lon="34.70325900000004">
        <ele>868.501</ele>
        <time>2025-06-26T17:44:39.622Z</time>
      </trkpt>
      <trkpt lat="37.16323799999998" lon="34.703215000000036">
        <ele>868.539</ele>
        <time>2025-06-26T17:44:42.622Z</time>
      </trkpt>
      <trkpt lat="37.16318899999998" lon="34.703193000000034">
        <ele>868.454</ele>
        <time>2025-06-26T17:44:46.622Z</time>
      </trkpt>
      <trkpt lat="37.16313799999998" lon="34.70318000000003">
        <ele>868.026</ele>
        <time>2025-06-26T17:44:50.622Z</time>
      </trkpt>
      <trkpt lat="37.16309299999998" lon="34.70319100000003">
        <ele>867.392</ele>
        <time>2025-06-26T17:44:53.584Z</time>
      </trkpt>
      <trkpt lat="37.16309299999998" lon="34.70319100000003">
        <ele>895.2251764892144</ele>
        <time>2025-06-26T17:44:53.584Z</time>
      </trkpt>
      <trkpt lat="37.16269765525877" lon="34.703459828664194">
        <ele>891.2279306337927</ele>
        <time>2025-06-26T17:45:22.642Z</time>
      </trkpt>
      <trkpt lat="37.16260342774241" lon="34.7035239020025">
        <ele>891.2367643653891</ele>
        <time>2025-06-26T17:45:29.567Z</time>
      </trkpt>
      <trkpt lat="37.162591368955106" lon="34.70396776394702">
        <ele>874.8383548269675</ele>
        <time>2025-06-26T17:45:52.439Z</time>
      </trkpt>
      <trkpt lat="37.162591368955106" lon="34.70396776394702">
        <ele>874.8383548269675</ele>
        <time>2025-06-26T17:45:52.439Z</time>
      </trkpt>
      <trkpt lat="37.162591368955106" lon="34.70396776394702">
        <ele>874.8383548269675</ele>
        <time>2025-06-26T17:45:52.439Z</time>
      </trkpt>
      <trkpt lat="37.16219436963395" lon="34.70423272339139">
        <ele>874.5462721228835</ele>
        <time>2025-06-26T17:46:19.555Z</time>
      </trkpt>
      <trkpt lat="37.16196798012092" lon="34.70438381694845">
        <ele>873.8345633919726</ele>
        <time>2025-06-26T17:46:35.018Z</time>
      </trkpt>
      <trkpt lat="37.16174700409054" lon="34.70430732499187">
        <ele>882.0914122821486</ele>
        <time>2025-06-26T17:46:48.841Z</time>
      </trkpt>
      <trkpt lat="37.16174700409054" lon="34.70430732499187">
        <ele>882.0914122821486</ele>
        <time>2025-06-26T17:46:48.841Z</time>
      </trkpt>
      <trkpt lat="37.16143982444452" lon="34.70471938154015">
        <ele>872.6208071016251</ele>
        <time>2025-06-26T17:47:13.167Z</time>
      </trkpt>
      <trkpt lat="37.16142935859142" lon="34.704733420632124">
        <ele>872.2931310957772</ele>
        <time>2025-06-26T17:47:14.092Z</time>
      </trkpt>
      <trkpt lat="37.16142935859142" lon="34.704733420632124">
        <ele>872.2931310957772</ele>
        <time>2025-06-26T17:47:14.092Z</time>
      </trkpt>
      <trkpt lat="37.161290307334994" lon="34.70505084921921">
        <ele>864.0760631666533</ele>
        <time>2025-06-26T17:56:31.099Z</time>
      </trkpt>
      <trkpt lat="37.16107370691067" lon="34.70554530837353">
        <ele>853.2232883695517</ele>
        <time>2025-06-26T17:57:00.842Z</time>
      </trkpt>
      <trkpt lat="37.16107370691067" lon="34.70554530837353">
        <ele>853.2232883695517</ele>
        <time>2025-06-26T17:57:00.898Z</time>
      </trkpt>
      <trkpt lat="37.16099758837842" lon="34.705728230041004">
        <ele>849.485096131824</ele>
        <time>2025-06-26T17:57:11.776Z</time>
      </trkpt>
      <trkpt lat="37.16078946110845" lon="34.70622838402645">
        <ele>841.4987774521119</ele>
        <time>2025-06-26T17:57:41.756Z</time>
      </trkpt>
      <trkpt lat="37.16058133383848" lon="34.7067285380119">
        <ele>833.9145187365758</ele>
        <time>2025-06-26T17:58:11.736Z</time>
      </trkpt>
      <trkpt lat="37.16058133383848" lon="34.7067285380119">
        <ele>833.9145187365758</ele>
        <time>2025-06-26T17:58:11.736Z</time>
      </trkpt>
      <trkpt lat="37.16045475350772" lon="34.70681188896904">
        <ele>836.5884392757911</ele>
        <time>2025-06-26T17:58:21.266Z</time>
      </trkpt>
      <trkpt lat="37.16045475350772" lon="34.70681188896904">
        <ele>836.5884392757911</ele>
        <time>2025-06-26T17:58:21.266Z</time>
      </trkpt>
      <trkpt lat="37.16045475350772" lon="34.70681188896904">
        <ele>836.5884392757911</ele>
        <time>2025-06-26T17:58:21.266Z</time>
      </trkpt>
      <trkpt lat="37.160294932509316" lon="34.70690976543318">
        <ele>843.511404921674</ele>
        <time>2025-06-26T17:58:31.947Z</time>
      </trkpt>
      <trkpt lat="37.160173795573854" lon="34.70712540969535">
        <ele>847.6255864605779</ele>
        <time>2025-06-26T17:58:44.575Z</time>
      </trkpt>
      <trkpt lat="37.160173795573854" lon="34.70712540969535">
        <ele>847.6255864605779</ele>
        <time>2025-06-26T17:58:44.575Z</time>
      </trkpt>
      <trkpt lat="37.160398425562875" lon="34.70738844937631">
        <ele>832.9341198835457</ele>
        <time>2025-06-26T17:59:03.028Z</time>
      </trkpt>
      <trkpt lat="37.160398425562875" lon="34.70738844937631">
        <ele>832.9341198835457</ele>
        <time>2025-06-26T17:59:03.028Z</time>
      </trkpt>
      <trkpt lat="37.160398425562875" lon="34.70738844937631">
        <ele>832.9341198835457</ele>
        <time>2025-06-26T17:59:03.028Z</time>
      </trkpt>
      <trkpt lat="37.16042441441802" lon="34.70747370087544">
        <ele>830.6771656304962</ele>
        <time>2025-06-26T17:59:07.525Z</time>
      </trkpt>
      <trkpt lat="37.160585066804856" lon="34.70800069049238">
        <ele>821.9307346574178</ele>
        <time>2025-06-26T17:59:33.478Z</time>
      </trkpt>
      <trkpt lat="37.160585066804856" lon="34.70800069049238">
        <ele>821.9307346574178</ele>
        <time>2025-06-26T17:59:33.478Z</time>
      </trkpt>
      <trkpt lat="37.16065734740894" lon="34.70835790018552">
        <ele>818.7799483479708</ele>
        <time>2025-06-26T18:11:04.523Z</time>
      </trkpt>
      <trkpt lat="37.16065734740894" lon="34.70835790018552">
        <ele>818.7799483479708</ele>
        <time>2025-06-26T18:11:04.523Z</time>
      </trkpt>
      <trkpt lat="37.160661398466004" lon="34.708362357447236">
        <ele>818.6150289010905</ele>
        <time>2025-06-26T18:11:05.151Z</time>
      </trkpt>
      <trkpt lat="37.160661398466004" lon="34.708362357447236">
        <ele>818.6159681937329</ele>
        <time>2025-06-26T18:11:05.151Z</time>
      </trkpt>
      <trkpt lat="37.160565866714954" lon="34.70891370631252">
        <ele>817.6472109321516</ele>
        <time>2025-06-26T18:11:57.610Z</time>
      </trkpt>
      <trkpt lat="37.16053627086353" lon="34.709084514854396">
        <ele>815.5844315285208</ele>
        <time>2025-06-26T18:12:10.454Z</time>
      </trkpt>
      <trkpt lat="37.16053627086353" lon="34.709084514854396">
        <ele>815.5844315285208</ele>
        <time>2025-06-26T18:12:10.454Z</time>
      </trkpt>
      <trkpt lat="37.16038896555736" lon="34.70952669704727">
        <ele>813.961453550263</ele>
        <time>2025-06-26T18:12:42.490Z</time>
      </trkpt>
      <trkpt lat="37.16038896555736" lon="34.70952669704727">
        <ele>813.961453550263</ele>
        <time>2025-06-26T18:12:42.490Z</time>
      </trkpt>
      <trkpt lat="37.16020480677568" lon="34.71004143302739">
        <ele>811.1873742691166</ele>
        <time>2025-06-26T18:13:20.205Z</time>
      </trkpt>
      <trkpt lat="37.160020647994" lon="34.710556169007525">
        <ele>806.5841210014656</ele>
        <time>2025-06-26T18:13:57.920Z</time>
      </trkpt>
      <trkpt lat="37.159836489212324" lon="34.71107090498765">
        <ele>800.107716792218</ele>
        <time>2025-06-26T18:14:35.635Z</time>
      </trkpt>
      <trkpt lat="37.159808605783766" lon="34.711148841015444">
        <ele>798.9650994494624</ele>
        <time>2025-06-26T18:14:40.888Z</time>
      </trkpt>
      <trkpt lat="37.159808605783766" lon="34.711148841015444">
        <ele>798.9650994494624</ele>
        <time>2025-06-26T18:14:40.888Z</time>
      </trkpt>
      <trkpt lat="37.159425350190546" lon="34.71144393832792">
        <ele>807.6616836735956</ele>
        <time>2025-06-26T18:15:15.583Z</time>
      </trkpt>
      <trkpt lat="37.15940062364365" lon="34.711462977156486">
        <ele>808.0770413690717</ele>
        <time>2025-06-26T18:15:17.782Z</time>
      </trkpt>
      <trkpt lat="37.15940062364365" lon="34.711462977156486">
        <ele>808.0770413690717</ele>
        <time>2025-06-26T18:15:17.782Z</time>
      </trkpt>
      <trkpt lat="37.15934498954489" lon="34.711625862562386">
        <ele>804.595233457257</ele>
        <time>2025-06-26T18:15:28.483Z</time>
      </trkpt>
      <trkpt lat="37.15934498954489" lon="34.711625862562386">
        <ele>804.595233457257</ele>
        <time>2025-06-26T18:15:28.483Z</time>
      </trkpt>
      <trkpt lat="37.159521164050915" lon="34.711462977156486">
        <ele>802.4713809125132</ele>
        <time>2025-06-26T18:15:44.957Z</time>
      </trkpt>
      <trkpt lat="37.159521164050915" lon="34.711462977156486">
        <ele>802.4713809125132</ele>
        <time>2025-06-26T18:15:44.957Z</time>
      </trkpt>
      <trkpt lat="37.15971124660993" lon="34.711416438468774">
        <ele>794.9549042059114</ele>
        <time>2025-06-26T18:15:59.537Z</time>
      </trkpt>
      <trkpt lat="37.15993378168115" lon="34.71120119703937">
        <ele>789.9986898322411</ele>
        <time>2025-06-26T18:16:20.689Z</time>
      </trkpt>
      <trkpt lat="37.15993378168115" lon="34.71120119703937">
        <ele>789.9986898322411</ele>
        <time>2025-06-26T18:16:20.689Z</time>
      </trkpt>
      <trkpt lat="37.15993378168115" lon="34.71120119703937">
        <ele>789.9986898322411</ele>
        <time>2025-06-26T18:16:20.689Z</time>
      </trkpt>
      <trkpt lat="37.160177178665265" lon="34.710837613538814">
        <ele>788.0550571845848</ele>
        <time>2025-06-26T18:16:48.967Z</time>
      </trkpt>
      <trkpt lat="37.16041130264401" lon="34.71063109811334">
        <ele>780.6560256938224</ele>
        <time>2025-06-26T18:17:10.352Z</time>
      </trkpt>
      <trkpt lat="37.16041130264401" lon="34.71063109811334">
        <ele>780.6560256938224</ele>
        <time>2025-06-26T18:17:10.352Z</time>
      </trkpt>
      <trkpt lat="37.16041130264401" lon="34.71063109811334">
        <ele>780.6560256938224</ele>
        <time>2025-06-26T18:17:10.352Z</time>
      </trkpt>
      <trkpt lat="37.160860794691814" lon="34.71061566985016">
        <ele>764.4448970079899</ele>
        <time>2025-06-26T18:17:43.913Z</time>
      </trkpt>
      <trkpt lat="37.16120555407085" lon="34.71060383640736">
        <ele>752.6931022606335</ele>
        <time>2025-06-26T18:18:06.180Z</time>
      </trkpt>
      <trkpt lat="37.16120555407085" lon="34.71060383640736">
        <ele>752.6931022606335</ele>
        <time>2025-06-26T18:18:06.180Z</time>
      </trkpt>
      <trkpt lat="37.161655196330464" lon="34.71060887402711">
        <ele>742.7831126986785</ele>
        <time>2025-06-26T18:18:35.211Z</time>
      </trkpt>
      <trkpt lat="37.16171420185377" lon="34.71060953510241">
        <ele>741.5131987317474</ele>
        <time>2025-06-26T18:18:39.020Z</time>
      </trkpt>
      <trkpt lat="37.16195386621709" lon="34.710132120142084">
        <ele>750.3199213833086</ele>
        <time>2025-06-26T18:19:08.051Z</time>
      </trkpt>
      <trkpt lat="37.16207751960337" lon="34.70988580076573">
        <ele>754.398186435201</ele>
        <time>2025-06-26T18:19:23.029Z</time>
      </trkpt>
      <trkpt lat="37.16207751960337" lon="34.70988580076573">
        <ele>754.398186435201</ele>
        <time>2025-06-26T18:19:23.029Z</time>
      </trkpt>
      <trkpt lat="37.16207751960337" lon="34.70988580076573">
        <ele>754.398186435201</ele>
        <time>2025-06-26T18:19:23.029Z</time>
      </trkpt>
      <trkpt lat="37.16240450408465" lon="34.70982311511395">
        <ele>747.7687829831843</ele>
        <time>2025-06-26T18:19:51.380Z</time>
      </trkpt>
      <trkpt lat="37.16240450408465" lon="34.70982311511395">
        <ele>747.7687829831843</ele>
        <time>2025-06-26T18:19:51.380Z</time>
      </trkpt>
      <trkpt lat="37.16271340405389" lon="34.71001417923404">
        <ele>732.8970527652948</ele>
        <time>2025-06-26T18:20:19.594Z</time>
      </trkpt>
      <trkpt lat="37.16271340405389" lon="34.71001417923404">
        <ele>732.8970527652948</ele>
        <time>2025-06-26T18:20:19.594Z</time>
      </trkpt>
      <trkpt lat="37.16244847887779" lon="34.710470094727015">
        <ele>724.9965242492507</ele>
        <time>2025-06-26T18:20:56.433Z</time>
      </trkpt>
      <trkpt lat="37.162424030283915" lon="34.710512168843536">
        <ele>724.3760451715558</ele>
        <time>2025-06-26T18:20:59.819Z</time>
      </trkpt>
      <trkpt lat="37.162424030283915" lon="34.710512168843536">
        <ele>724.3760451715558</ele>
        <time>2025-06-26T18:20:59.819Z</time>
      </trkpt>
      <trkpt lat="37.16233306658253" lon="34.71088957497207">
        <ele>714.0997328792126</ele>
        <time>2025-06-26T18:21:25.462Z</time>
      </trkpt>
      <trkpt lat="37.16214151494047" lon="34.711225503268054">
        <ele>707.220732939969</ele>
        <time>2025-06-26T18:21:52.326Z</time>
      </trkpt>
      <trkpt lat="37.16214151494047" lon="34.711225503268054">
        <ele>707.220732939969</ele>
        <time>2025-06-26T18:21:52.326Z</time>
      </trkpt>
      <trkpt lat="37.1618256341138" lon="34.7115713915322">
        <ele>701.4864203573684</ele>
        <time>2025-06-26T18:22:37.493Z</time>
      </trkpt>
      <trkpt lat="37.1618256341138" lon="34.7115713915322">
        <ele>701.4864203573684</ele>
        <time>2025-06-26T18:22:37.493Z</time>
      </trkpt>
      <trkpt lat="37.16146387360857" lon="34.71189995769211">
        <ele>700.5798632474622</ele>
        <time>2025-06-26T18:23:13.698Z</time>
      </trkpt>
      <trkpt lat="37.16146387360857" lon="34.71189995769211">
        <ele>700.5798632474622</ele>
        <time>2025-06-26T18:23:13.698Z</time>
      </trkpt>
      <trkpt lat="37.161138719717414" lon="34.712289690885356">
        <ele>699.1285567224222</ele>
        <time>2025-06-26T18:23:46.419Z</time>
      </trkpt>
      <trkpt lat="37.16081356582625" lon="34.7126794240786">
        <ele>698.4278390246694</ele>
        <time>2025-06-26T18:24:20.066Z</time>
      </trkpt>
      <trkpt lat="37.1604884119351" lon="34.71306915727185">
        <ele>694.0265470860248</ele>
        <time>2025-06-26T18:24:53.713Z</time>
      </trkpt>
      <trkpt lat="37.16029817099066" lon="34.713297182255644">
        <ele>694.5762753462892</ele>
        <time>2025-06-26T18:25:13.399Z</time>
      </trkpt>
      <trkpt lat="37.16029817099066" lon="34.713297182255644">
        <ele>694.5762753462892</ele>
        <time>2025-06-26T18:25:13.399Z</time>
      </trkpt>
      <trkpt lat="37.16029817099066" lon="34.713297182255644">
        <ele>694.5762753462892</ele>
        <time>2025-06-26T18:25:18.565Z</time>
      </trkpt>
      <trkpt lat="37.15991574871203" lon="34.71359397844352">
        <ele>704.0607924947429</ele>
        <time>2025-06-26T18:25:45.249Z</time>
      </trkpt>
      <trkpt lat="37.159742584378705" lon="34.713728370493556">
        <ele>707.8248600100849</ele>
        <time>2025-06-26T18:25:57.330Z</time>
      </trkpt>
      <trkpt lat="37.159742584378705" lon="34.713728370493556">
        <ele>707.8248600100849</ele>
        <time>2025-06-26T18:25:57.330Z</time>
      </trkpt>
      <trkpt lat="37.15947902964876" lon="34.7141855167682">
        <ele>702.6202399506626</ele>
        <time>2025-06-26T18:26:24.012Z</time>
      </trkpt>
      <trkpt lat="37.15938466057662" lon="34.71434920371769">
        <ele>700.9373075578148</ele>
        <time>2025-06-26T18:26:33.565Z</time>
      </trkpt>
      <trkpt lat="37.15905904458277" lon="34.71473832014063">
        <ele>702.4465367426636</ele>
        <time>2025-06-26T18:27:00.247Z</time>
      </trkpt>
      <trkpt lat="37.15894251707017" lon="34.71487757241857">
        <ele>702.138424857493</ele>
        <time>2025-06-26T18:27:09.795Z</time>
      </trkpt>
      <trkpt lat="37.15894251707017" lon="34.71487757241857">
        <ele>702.138424857493</ele>
        <time>2025-06-26T18:27:09.795Z</time>
      </trkpt>
      <trkpt lat="37.158670748535094" lon="34.71532707793053">
        <ele>690.7054462153002</ele>
        <time>2025-06-26T18:27:35.086Z</time>
      </trkpt>
      <trkpt lat="37.15847931633718" lon="34.715643707035895">
        <ele>681.9940130758004</ele>
        <time>2025-06-26T18:27:53.885Z</time>
      </trkpt>
      <trkpt lat="37.15847931633718" lon="34.715643707035895">
        <ele>681.9940130758004</ele>
        <time>2025-06-26T18:27:53.885Z</time>
      </trkpt>
      <trkpt lat="37.15847931633718" lon="34.715643707035895">
        <ele>681.9940130758004</ele>
        <time>2025-06-26T18:27:53.885Z</time>
      </trkpt>
      <trkpt lat="37.15807565922386" lon="34.71589230961043">
        <ele>681.1675206657508</ele>
        <time>2025-06-26T18:28:20.482Z</time>
      </trkpt>
      <trkpt lat="37.157694850266154" lon="34.71612684056299">
        <ele>676.4722677172881</ele>
        <time>2025-06-26T18:28:45.573Z</time>
      </trkpt>
      <trkpt lat="37.15736468829263" lon="34.71650986945771">
        <ele>663.704421300457</ele>
        <time>2025-06-26T18:29:12.170Z</time>
      </trkpt>
      <trkpt lat="37.15712441860258" lon="34.71678861213917">
        <ele>658.9654827757516</ele>
        <time>2025-06-26T18:29:31.525Z</time>
      </trkpt>
      <trkpt lat="37.15712441860258" lon="34.71678861213917">
        <ele>658.9654827757516</ele>
        <time>2025-06-26T18:29:31.525Z</time>
      </trkpt>
      <trkpt lat="37.15712441860258" lon="34.71678861213917">
        <ele>658.9654827757516</ele>
        <time>2025-06-26T18:29:31.525Z</time>
      </trkpt>
      <trkpt lat="37.15757272223152" lon="34.716744819412526">
        <ele>651.412119277009</ele>
        <time>2025-06-26T18:29:58.235Z</time>
      </trkpt>
      <trkpt lat="37.15802102586046" lon="34.71670102668588">
        <ele>644.7694718939726</ele>
        <time>2025-06-26T18:30:24.945Z</time>
      </trkpt>
      <trkpt lat="37.15809280445178" lon="34.716694014964304">
        <ele>643.9338174774316</ele>
        <time>2025-06-26T18:30:29.221Z</time>
      </trkpt>
      <trkpt lat="37.15849913213336" lon="34.716452357245274">
        <ele>645.7058747102841</ele>
        <time>2025-06-26T18:30:55.931Z</time>
      </trkpt>
      <trkpt lat="37.15890545981493" lon="34.716210699526236">
        <ele>646.4615049557523</ele>
        <time>2025-06-26T18:31:22.641Z</time>
      </trkpt>
      <trkpt lat="37.159142123104104" lon="34.71606994733722">
        <ele>646.014219545352</ele>
        <time>2025-06-26T18:31:38.198Z</time>
      </trkpt>
      <trkpt lat="37.159142123104104" lon="34.71606994733722">
        <ele>646.014219545352</ele>
        <time>2025-06-26T18:31:38.198Z</time>
      </trkpt>
      <trkpt lat="37.159142123104104" lon="34.71606994733722">
        <ele>646.014219545352</ele>
        <time>2025-06-26T18:31:38.198Z</time>
      </trkpt>
      <trkpt lat="37.15927035081181" lon="34.71581133893082">
        <ele>651.5315474076717</ele>
        <time>2025-06-26T18:31:52.715Z</time>
      </trkpt>
      <trkpt lat="37.15968718994977" lon="34.71559973422448">
        <ele>643.9403406628471</ele>
        <time>2025-06-26T18:32:19.608Z</time>
      </trkpt>
      <trkpt lat="37.15971240859213" lon="34.71558693220345">
        <ele>643.4452255883616</ele>
        <time>2025-06-26T18:32:21.235Z</time>
      </trkpt>
      <trkpt lat="37.15971240859213" lon="34.71558693220345">
        <ele>643.4452255883616</ele>
        <time>2025-06-26T18:32:21.235Z</time>
      </trkpt>
      <trkpt lat="37.15971240859213" lon="34.71558693220345">
        <ele>643.4452255883616</ele>
        <time>2025-06-26T18:32:47.182Z</time>
      </trkpt>
      <trkpt lat="37.16014691998072" lon="34.71544171198855">
        <ele>633.9597056334625</ele>
        <time>2025-06-26T18:33:13.751Z</time>
      </trkpt>
      <trkpt lat="37.16058143136931" lon="34.715296491773636">
        <ele>626.5635112572462</ele>
        <time>2025-06-26T18:33:40.320Z</time>
      </trkpt>
      <trkpt lat="37.16093009095279" lon="34.71517996451803">
        <ele>625.1197451665008</ele>
        <time>2025-06-26T18:34:01.633Z</time>
      </trkpt>
      <trkpt lat="37.16093009095279" lon="34.71517996451803">
        <ele>625.1197451665008</ele>
        <time>2025-06-26T18:34:01.633Z</time>
      </trkpt>
      <trkpt lat="37.16128306726216" lon="34.714899091938776">
        <ele>627.2291368825377</ele>
        <time>2025-06-26T18:34:26.316Z</time>
      </trkpt>
      <trkpt lat="37.16128306726216" lon="34.714899091938776">
        <ele>627.2291368825377</ele>
        <time>2025-06-26T18:34:26.316Z</time>
      </trkpt>
      <trkpt lat="37.16151551417535" lon="34.71471544448329">
        <ele>628.9310873563409</ele>
        <time>2025-06-26T18:34:42.536Z</time>
      </trkpt>
      <trkpt lat="37.16151551417535" lon="34.71471544448329">
        <ele>628.9310873563409</ele>
        <time>2025-06-26T18:34:42.536Z</time>
      </trkpt>
      <trkpt lat="37.16195780287889" lon="34.71481719237225">
        <ele>621.7469276147432</ele>
        <time>2025-06-26T18:35:09.089Z</time>
      </trkpt>
      <trkpt lat="37.16203206031285" lon="34.71483427518962">
        <ele>620.3171608860612</ele>
        <time>2025-06-26T18:35:13.545Z</time>
      </trkpt>
      <trkpt lat="37.16203206031285" lon="34.71483427518962">
        <ele>620.3171608860612</ele>
        <time>2025-06-26T18:35:13.545Z</time>
      </trkpt>
      <trkpt lat="37.1624510969133" lon="34.71462961044237">
        <ele>619.1294563244596</ele>
        <time>2025-06-26T18:35:40.088Z</time>
      </trkpt>
      <trkpt lat="37.16249696736487" lon="34.714607206517826">
        <ele>619.0057162555514</ele>
        <time>2025-06-26T18:35:42.992Z</time>
      </trkpt>
      <trkpt lat="37.16249696736487" lon="34.714607206517826">
        <ele>619.0057162555514</ele>
        <time>2025-06-26T18:35:42.992Z</time>
      </trkpt>
      <trkpt lat="37.162944646685794" lon="34.71455430230916">
        <ele>613.049690095336</ele>
        <time>2025-06-26T18:36:09.521Z</time>
      </trkpt>
      <trkpt lat="37.16338534001778" lon="34.714502223665136">
        <ele>606.2718345348729</ele>
        <time>2025-06-26T18:36:35.628Z</time>
      </trkpt>
      <trkpt lat="37.16338534001778" lon="34.714502223665136">
        <ele>606.2718345348729</ele>
        <time>2025-06-26T18:36:35.628Z</time>
      </trkpt>
      <trkpt lat="37.163815518168896" lon="34.71466651245473">
        <ele>597.3720646941749</ele>
        <time>2025-06-26T18:37:02.149Z</time>
      </trkpt>
      <trkpt lat="37.16407835479856" lon="34.71476689205707">
        <ele>592.9437592161358</ele>
        <time>2025-06-26T18:37:18.343Z</time>
      </trkpt>
      <trkpt lat="37.16407835479856" lon="34.71476689205707">
        <ele>592.9437592161358</ele>
        <time>2025-06-26T18:37:18.343Z</time>
      </trkpt>
      <trkpt lat="37.16432515942056" lon="34.71491573750015">
        <ele>587.9881786729346</ele>
        <time>2025-06-26T18:37:34.483Z</time>
      </trkpt>
      <trkpt lat="37.16443151916745" lon="34.71516787753052">
        <ele>582.1250332125474</ele>
        <time>2025-06-26T18:37:47.883Z</time>
      </trkpt>
      <trkpt lat="37.16443151916745" lon="34.71516787753052">
        <ele>582.1250332125474</ele>
        <time>2025-06-26T18:37:47.883Z</time>
      </trkpt>
      <trkpt lat="37.16435258827538" lon="34.71521809661425">
        <ele>582.2859714500613</ele>
        <time>2025-06-26T18:37:51.662Z</time>
      </trkpt>
      <trkpt lat="37.16435258827538" lon="34.71521809661425">
        <ele>582.2859714500613</ele>
        <time>2025-06-26T18:37:51.662Z</time>
      </trkpt>
      <trkpt lat="37.16435258827538" lon="34.71521809661425">
        <ele>582.2859714500613</ele>
        <time>2025-06-26T18:37:51.662Z</time>
      </trkpt>
      <trkpt lat="37.164179546046014" lon="34.715287952419885">
        <ele>582.3883970901503</ele>
        <time>2025-06-26T18:38:01.131Z</time>
      </trkpt>
      <trkpt lat="37.16396520711261" lon="34.71540954685071">
        <ele>581.2411378400873</ele>
        <time>2025-06-26T18:38:13.384Z</time>
      </trkpt>
      <trkpt lat="37.16396520711261" lon="34.71540954685071">
        <ele>581.2411378400873</ele>
        <time>2025-06-26T18:38:13.384Z</time>
      </trkpt>
      <trkpt lat="37.16396520711261" lon="34.71540954685071">
        <ele>581.2411378400873</ele>
        <time>2025-06-26T18:38:13.384Z</time>
      </trkpt>
      <trkpt lat="37.16386142645071" lon="34.71550617719305">
        <ele>579.9135279455272</ele>
        <time>2025-06-26T18:38:21.491Z</time>
      </trkpt>
      <trkpt lat="37.16371359613824" lon="34.71555862328563">
        <ele>579.655267762321</ele>
        <time>2025-06-26T18:38:31.128Z</time>
      </trkpt>
      <trkpt lat="37.16371359613824" lon="34.71555862328563">
        <ele>579.655267762321</ele>
        <time>2025-06-26T18:38:31.128Z</time>
      </trkpt>
      <trkpt lat="37.16348746720091" lon="34.71561531648888">
        <ele>580.0397095762203</ele>
        <time>2025-06-26T18:38:45.595Z</time>
      </trkpt>
      <trkpt lat="37.16348746720091" lon="34.71561531648888">
        <ele>580.0397095762203</ele>
        <time>2025-06-26T18:38:45.648Z</time>
      </trkpt>
      <trkpt lat="37.16348746720091" lon="34.71561531648888">
        <ele>580.0397095762203</ele>
        <time>2025-06-26T18:38:45.701Z</time>
      </trkpt>
      <trkpt lat="37.163410320284044" lon="34.715614510117206">
        <ele>580.9570471681658</ele>
        <time>2025-06-26T18:38:49.726Z</time>
      </trkpt>
      <trkpt lat="37.163391155346304" lon="34.715634677245234">
        <ele>580.7871656045634</ele>
        <time>2025-06-26T18:38:51.155Z</time>
      </trkpt>
      <trkpt lat="37.163391155346304" lon="34.715634677245234">
        <ele>580.8079810328088</ele>
        <time>2025-06-26T18:38:51.155Z</time>
      </trkpt>
      <trkpt lat="37.1634903436707" lon="34.71616373622152">
        <ele>569.8876457189542</ele>
        <time>2025-06-26T18:39:15.904Z</time>
      </trkpt>
      <trkpt lat="37.16352687299873" lon="34.71661545580841">
        <ele>559.8879667439503</ele>
        <time>2025-06-26T18:39:36.579Z</time>
      </trkpt>
      <trkpt lat="37.16352687299873" lon="34.71661545580841">
        <ele>559.8879667439503</ele>
        <time>2025-06-26T18:39:36.579Z</time>
      </trkpt>
      <trkpt lat="37.16338185265338" lon="34.717149556294494">
        <ele>546.5424220554073</ele>
        <time>2025-06-26T18:40:02.176Z</time>
      </trkpt>
      <trkpt lat="37.163376266072916" lon="34.71717013130646">
        <ele>546.03191230537</ele>
        <time>2025-06-26T18:40:03.165Z</time>
      </trkpt>
      <trkpt lat="37.163376266072916" lon="34.71717013130646">
        <ele>546.03191230537</ele>
        <time>2025-06-26T18:40:03.165Z</time>
      </trkpt>
      <trkpt lat="37.163376266072916" lon="34.71717013130646">
        <ele>546.03191230537</ele>
        <time>2025-06-26T18:40:03.165Z</time>
      </trkpt>
      <trkpt lat="37.16359587114112" lon="34.717662514315045">
        <ele>530.1670366047052</ele>
        <time>2025-06-26T18:40:27.794Z</time>
      </trkpt>
      <trkpt lat="37.16359877614107" lon="34.71766902770122">
        <ele>529.9500584371395</ele>
        <time>2025-06-26T18:40:28.119Z</time>
      </trkpt>
      <trkpt lat="37.16395337398673" lon="34.71777766856883">
        <ele>525.6946313327677</ele>
        <time>2025-06-26T18:40:48.112Z</time>
      </trkpt>
      <trkpt lat="37.16395337398673" lon="34.71777766856883">
        <ele>525.6946313327677</ele>
        <time>2025-06-26T18:40:48.112Z</time>
      </trkpt>
      <trkpt lat="37.16395337398673" lon="34.71777766856883">
        <ele>525.6946313327677</ele>
        <time>2025-06-26T18:40:48.112Z</time>
      </trkpt>
      <trkpt lat="37.16417510952047" lon="34.71779394568205">
        <ele>524.6854104541482</ele>
        <time>2025-06-26T18:41:00.459Z</time>
      </trkpt>
      <trkpt lat="37.16451990083962" lon="34.71743174370335">
        <ele>534.0440262533117</ele>
        <time>2025-06-26T18:41:25.455Z</time>
      </trkpt>
      <trkpt lat="37.16484324974007" lon="34.71709206690451">
        <ele>536.610648467916</ele>
        <time>2025-06-26T18:41:48.896Z</time>
      </trkpt>
      <trkpt lat="37.16484324974007" lon="34.71709206690451">
        <ele>536.610648467916</ele>
        <time>2025-06-26T18:41:48.896Z</time>
      </trkpt>
      <trkpt lat="37.16484324974007" lon="34.71709206690451">
        <ele>536.610648467916</ele>
        <time>2025-06-26T18:41:48.896Z</time>
      </trkpt>
      <trkpt lat="37.16516716049975" lon="34.71699709746213">
        <ele>532.3295252185792</ele>
        <time>2025-06-26T18:42:06.654Z</time>
      </trkpt>
      <trkpt lat="37.16516716049975" lon="34.71699709746213">
        <ele>532.3295252185792</ele>
        <time>2025-06-26T18:42:06.654Z</time>
      </trkpt>
      <trkpt lat="37.165579274080486" lon="34.71719739954062">
        <ele>516.3100791108427</ele>
        <time>2025-06-26T18:42:30.327Z</time>
      </trkpt>
      <trkpt lat="37.165579274080486" lon="34.71719739954062">
        <ele>516.3100791108427</ele>
        <time>2025-06-26T18:42:30.327Z</time>
      </trkpt>
      <trkpt lat="37.165686176798786" lon="34.71704167340798">
        <ele>516.68803574343</ele>
        <time>2025-06-26T18:42:39.108Z</time>
      </trkpt>
      <trkpt lat="37.165686176798786" lon="34.71704167340798">
        <ele>516.68803574343</ele>
        <time>2025-06-26T18:42:39.108Z</time>
      </trkpt>
      <trkpt lat="37.165546677046564" lon="34.7167505246494">
        <ele>527.6264576036717</ele>
        <time>2025-06-26T18:42:53.658Z</time>
      </trkpt>
      <trkpt lat="37.165546677046564" lon="34.7167505246494">
        <ele>527.6264576036717</ele>
        <time>2025-06-26T18:42:53.658Z</time>
      </trkpt>
      <trkpt lat="37.16538457666725" lon="34.716253728223194">
        <ele>542.0222114506232</ele>
        <time>2025-06-26T18:43:15.843Z</time>
      </trkpt>
      <trkpt lat="37.16538457666725" lon="34.716253728223194">
        <ele>542.0222114506232</ele>
        <time>2025-06-26T18:43:15.843Z</time>
      </trkpt>
      <trkpt lat="37.165295964183656" lon="34.715798237340834">
        <ele>553.137989454577</ele>
        <time>2025-06-26T18:43:35.296Z</time>
      </trkpt>
      <trkpt lat="37.165295964183656" lon="34.715798237340834">
        <ele>553.137989454577</ele>
        <time>2025-06-26T18:43:35.296Z</time>
      </trkpt>
      <trkpt lat="37.165272923653376" lon="34.715565729910395">
        <ele>558.1701348333006</ele>
        <time>2025-06-26T18:43:45.017Z</time>
      </trkpt>
      <trkpt lat="37.16536411152751" lon="34.71529353602793">
        <ele>558.1275542853873</ele>
        <time>2025-06-26T18:43:57.268Z</time>
      </trkpt>
      <trkpt lat="37.16536411152751" lon="34.71529353602793">
        <ele>558.1275542853873</ele>
        <time>2025-06-26T18:43:57.268Z</time>
      </trkpt>
      <trkpt lat="37.16536411152751" lon="34.71529353602793">
        <ele>558.1275542853873</ele>
        <time>2025-06-26T18:43:57.268Z</time>
      </trkpt>
      <trkpt lat="37.16537045673782" lon="34.71472932708606">
        <ele>566.1762577475521</ele>
        <time>2025-06-26T18:44:22.410Z</time>
      </trkpt>
      <trkpt lat="37.16537089066736" lon="34.71469074256078">
        <ele>566.7403613672129</ele>
        <time>2025-06-26T18:44:24.129Z</time>
      </trkpt>
      <trkpt lat="37.16543289273051" lon="34.71431169464793">
        <ele>570.6579182967549</ele>
        <time>2025-06-26T18:44:41.370Z</time>
      </trkpt>
      <trkpt lat="37.16543289273051" lon="34.71431169464793">
        <ele>570.6579182967549</ele>
        <time>2025-06-26T18:44:41.370Z</time>
      </trkpt>
      <trkpt lat="37.16562324804117" lon="34.714026718003936">
        <ele>567.8868378476711</ele>
        <time>2025-06-26T18:44:57.750Z</time>
      </trkpt>
      <trkpt lat="37.16562324804117" lon="34.714026718003936">
        <ele>567.8868378476711</ele>
        <time>2025-06-26T18:44:57.750Z</time>
      </trkpt>
      <trkpt lat="37.165852970297664" lon="34.7135416435232">
        <ele>567.9350734192694</ele>
        <time>2025-06-26T18:45:20.308Z</time>
      </trkpt>
      <trkpt lat="37.16595776032541" lon="34.71332037211019">
        <ele>566.8988947213173</ele>
        <time>2025-06-26T18:45:31.751Z</time>
      </trkpt>
      <trkpt lat="37.16595776032541" lon="34.71332037211019">
        <ele>566.8988947213173</ele>
        <time>2025-06-26T18:45:31.751Z</time>
      </trkpt>
      <trkpt lat="37.16595776032541" lon="34.71332037211019">
        <ele>566.8988947213173</ele>
        <time>2025-06-26T18:45:31.884Z</time>
      </trkpt>
      <trkpt lat="37.1660076611478" lon="34.71299118917841">
        <ele>571.0399534233154</ele>
        <time>2025-06-26T18:45:42.662Z</time>
      </trkpt>
      <trkpt lat="37.1660076611478" lon="34.71299118917841">
        <ele>571.0399534233154</ele>
        <time>2025-06-26T18:45:42.662Z</time>
      </trkpt>
      <trkpt lat="37.16605092110582" lon="34.712731559986366">
        <ele>574.3343041937412</ele>
        <time>2025-06-26T18:45:51.193Z</time>
      </trkpt>
      <trkpt lat="37.16605258321502" lon="34.71243733055803">
        <ele>579.4482871459555</ele>
        <time>2025-06-26T18:46:00.657Z</time>
      </trkpt>
      <trkpt lat="37.16605258321502" lon="34.71243733055803">
        <ele>579.4482871459555</ele>
        <time>2025-06-26T18:46:00.657Z</time>
      </trkpt>
      <trkpt lat="37.16605258321502" lon="34.71243733055803">
        <ele>579.4482871459555</ele>
        <time>2025-06-26T18:46:09.346Z</time>
      </trkpt>
      <trkpt lat="37.16612744330729" lon="34.71230581373112">
        <ele>578.3740999865917</ele>
        <time>2025-06-26T18:46:15.261Z</time>
      </trkpt>
      <trkpt lat="37.16612744330729" lon="34.71230581373112">
        <ele>578.3740999865917</ele>
        <time>2025-06-26T18:46:15.261Z</time>
      </trkpt>
      <trkpt lat="37.16632706985784" lon="34.71229955102385">
        <ele>570.9055026632743</ele>
        <time>2025-06-26T18:46:24.432Z</time>
      </trkpt>
      <trkpt lat="37.16668140568642" lon="34.71230581373112">
        <ele>559.1061180070303</ele>
        <time>2025-06-26T18:46:40.707Z</time>
      </trkpt>
      <trkpt lat="37.16668140568642" lon="34.71230581373112">
        <ele>559.1061180070303</ele>
        <time>2025-06-26T18:46:40.707Z</time>
      </trkpt>
      <trkpt lat="37.167115053605166" lon="34.71245505541478">
        <ele>552.3745907460283</ele>
        <time>2025-06-26T18:47:06.042Z</time>
      </trkpt>
      <trkpt lat="37.167150435907956" lon="34.712467232377264">
        <ele>551.6743054991198</ele>
        <time>2025-06-26T18:47:07.955Z</time>
      </trkpt>
      <trkpt lat="37.167150435907956" lon="34.712467232377264">
        <ele>551.6743054991198</ele>
        <time>2025-06-26T18:47:07.955Z</time>
      </trkpt>
      <trkpt lat="37.16747256788314" lon="34.71273910676487">
        <ele>540.6781169776752</ele>
        <time>2025-06-26T18:47:26.654Z</time>
      </trkpt>
      <trkpt lat="37.16747256788314" lon="34.71273910676487">
        <ele>540.6781169776752</ele>
        <time>2025-06-26T18:47:26.654Z</time>
      </trkpt>
      <trkpt lat="37.167560021837005" lon="34.71287593354057">
        <ele>537.7646918884492</ele>
        <time>2025-06-26T18:47:35.466Z</time>
      </trkpt>
      <trkpt lat="37.167560021837005" lon="34.71287593354057">
        <ele>537.7646918884492</ele>
        <time>2025-06-26T18:47:35.466Z</time>
      </trkpt>
      <trkpt lat="37.167560021837005" lon="34.71287593354057">
        <ele>537.7646918884492</ele>
        <time>2025-06-26T18:47:43.596Z</time>
      </trkpt>
      <trkpt lat="37.167630439235126" lon="34.71301988670831">
        <ele>534.0168462913022</ele>
        <time>2025-06-26T18:47:47.661Z</time>
      </trkpt>
      <trkpt lat="37.16766905519829" lon="34.713129633183314">
        <ele>530.8161428825006</ele>
        <time>2025-06-26T18:47:50.548Z</time>
      </trkpt>
      <trkpt lat="37.16766905519829" lon="34.713129633183314">
        <ele>530.8161428825006</ele>
        <time>2025-06-26T18:47:50.548Z</time>
      </trkpt>
      <trkpt lat="37.16766905519829" lon="34.713129633183314">
        <ele>530.8161428825006</ele>
        <time>2025-06-26T18:47:58.530Z</time>
      </trkpt>
      <trkpt lat="37.16768041283056" lon="34.71322085103361">
        <ele>527.659210483806</ele>
        <time>2025-06-26T18:48:00.560Z</time>
      </trkpt>
      <trkpt lat="37.167697545246966" lon="34.71330635064621">
        <ele>524.822735117001</ele>
        <time>2025-06-26T18:48:02.498Z</time>
      </trkpt>
      <trkpt lat="37.167697545246966" lon="34.71330635064621">
        <ele>524.822735117001</ele>
        <time>2025-06-26T18:48:02.498Z</time>
      </trkpt>
      <trkpt lat="37.16764399127615" lon="34.7132941313518">
        <ele>524.2740131743825</ele>
        <time>2025-06-26T18:48:25.461Z</time>
      </trkpt>
      <trkpt lat="37.16764399127615" lon="34.7132941313518">
        <ele>524.2740131743825</ele>
        <time>2025-06-26T18:48:25.461Z</time>
      </trkpt>
      <trkpt lat="37.16759206018321" lon="34.71308233301929">
        <ele>530.9758526118941</ele>
        <time>2025-06-26T18:48:30.875Z</time>
      </trkpt>
      <trkpt lat="37.16759206018321" lon="34.71308233301929">
        <ele>530.9758526118941</ele>
        <time>2025-06-26T18:48:30.875Z</time>
      </trkpt>
      <trkpt lat="37.16745733757318" lon="34.712985401215775">
        <ele>531.6427930378485</ele>
        <time>2025-06-26T18:48:34.962Z</time>
      </trkpt>
      <trkpt lat="37.16745733757318" lon="34.712985401215775">
        <ele>531.6427930378485</ele>
        <time>2025-06-26T18:48:34.962Z</time>
      </trkpt>
      <trkpt lat="37.16729829809259" lon="34.71290756326994">
        <ele>534.6463657208412</ele>
        <time>2025-06-26T18:48:44.898Z</time>
      </trkpt>
      <trkpt lat="37.16729829809259" lon="34.71290756326994">
        <ele>534.6463657208412</ele>
        <time>2025-06-26T18:48:44.898Z</time>
      </trkpt>
      <trkpt lat="37.16684954328137" lon="34.71287177345366">
        <ele>541.392911650846</ele>
        <time>2025-06-26T18:48:58.370Z</time>
      </trkpt>
      <trkpt lat="37.16656636471137" lon="34.71284918894037">
        <ele>547.6971767120075</ele>
        <time>2025-06-26T18:49:14.887Z</time>
      </trkpt>
      <trkpt lat="37.16656636471137" lon="34.71284918894037">
        <ele>547.6971767120075</ele>
        <time>2025-06-26T18:49:14.887Z</time>
      </trkpt>
      <trkpt lat="37.1664438099024" lon="34.71339209991435">
        <ele>540.5456151291488</ele>
        <time>2025-06-26T18:49:47.351Z</time>
      </trkpt>
      <trkpt lat="37.16639241339881" lon="34.713619783561">
        <ele>537.5702214655696</ele>
        <time>2025-06-26T18:49:58.328Z</time>
      </trkpt>
      <trkpt lat="37.16639241339881" lon="34.713619783561">
        <ele>537.5702214655696</ele>
        <time>2025-06-26T18:49:58.328Z</time>
      </trkpt>
      <trkpt lat="37.16639241339881" lon="34.713619783561">
        <ele>537.5702214655696</ele>
        <time>2025-06-26T18:49:58.328Z</time>
      </trkpt>
      <trkpt lat="37.166623604523025" lon="34.7132688293369">
        <ele>534.73375840115</ele>
        <time>2025-06-26T18:50:19.228Z</time>
      </trkpt>
      <trkpt lat="37.166798875492375" lon="34.71329842056636">
        <ele>530.3038070718734</ele>
        <time>2025-06-26T18:50:29.414Z</time>
      </trkpt>
      <trkpt lat="37.166798875492375" lon="34.71329842056636">
        <ele>530.3038070718734</ele>
        <time>2025-06-26T18:50:29.414Z</time>
      </trkpt>
      <trkpt lat="37.16700762473394" lon="34.71361316574837">
        <ele>517.015827766061</ele>
        <time>2025-06-26T18:50:44.753Z</time>
      </trkpt>
      <trkpt lat="37.16700762473394" lon="34.71361316574837">
        <ele>517.015827766061</ele>
        <time>2025-06-26T18:50:44.753Z</time>
      </trkpt>
      <trkpt lat="37.167090687245405" lon="34.71394903402549">
        <ele>504.23978846291436</ele>
        <time>2025-06-26T18:50:50.800Z</time>
      </trkpt>
      <trkpt lat="37.167090687245405" lon="34.71394903402549">
        <ele>504.23978846291436</ele>
        <time>2025-06-26T18:50:50.800Z</time>
      </trkpt>
      <trkpt lat="37.16673880163222" lon="34.71430033936987">
        <ele>502.619270269212</ele>
        <time>2025-06-26T18:51:10.379Z</time>
      </trkpt>
      <trkpt lat="37.166726531510264" lon="34.71431258925807">
        <ele>502.60025307299816</ele>
        <time>2025-06-26T18:51:11.262Z</time>
      </trkpt>
      <trkpt lat="37.166726531510264" lon="34.71431258925807">
        <ele>502.60025307299816</ele>
        <time>2025-06-26T18:51:11.262Z</time>
      </trkpt>
      <trkpt lat="37.16666780953781" lon="34.7146984396976">
        <ele>494.31096421796957</ele>
        <time>2025-06-26T18:51:21.318Z</time>
      </trkpt>
      <trkpt lat="37.16666780953781" lon="34.7146984396976">
        <ele>494.31096421796957</ele>
        <time>2025-06-26T18:51:21.318Z</time>
      </trkpt>
      <trkpt lat="37.16666780953781" lon="34.7146984396976">
        <ele>494.31096421796957</ele>
        <time>2025-06-26T18:51:21.318Z</time>
      </trkpt>
      <trkpt lat="37.16686273830243" lon="34.714946670971585">
        <ele>482.1305839696837</ele>
        <time>2025-06-26T18:51:37.502Z</time>
      </trkpt>
      <trkpt lat="37.16686273830243" lon="34.714946670971585">
        <ele>482.1305839696837</ele>
        <time>2025-06-26T18:51:37.502Z</time>
      </trkpt>
      <trkpt lat="37.16651589622421" lon="34.715305786768404">
        <ele>489.41425594004767</ele>
        <time>2025-06-26T18:52:03.707Z</time>
      </trkpt>
      <trkpt lat="37.16645888916919" lon="34.71536481113503">
        <ele>492.07013346760164</ele>
        <time>2025-06-26T18:52:08.014Z</time>
      </trkpt>
      <trkpt lat="37.16623702496622" lon="34.71543760891791">
        <ele>506.1315032105897</ele>
        <time>2025-06-26T18:52:21.378Z</time>
      </trkpt>
      <trkpt lat="37.16623702496622" lon="34.71543760891791">
        <ele>506.1315032105897</ele>
        <time>2025-06-26T18:52:21.378Z</time>
      </trkpt>
      <trkpt lat="37.16605981444779" lon="34.71588307694486">
        <ele>514.7437676729584</ele>
        <time>2025-06-26T18:52:26.864Z</time>
      </trkpt>
      <trkpt lat="37.16605981444779" lon="34.71588307694486">
        <ele>514.7437676729584</ele>
        <time>2025-06-26T18:52:26.864Z</time>
      </trkpt>
      <trkpt lat="37.16617647514296" lon="34.716343177005996">
        <ele>504.241940311834</ele>
        <time>2025-06-26T18:52:49.214Z</time>
      </trkpt>
      <trkpt lat="37.16617647514296" lon="34.716343177005996">
        <ele>504.241940311834</ele>
        <time>2025-06-26T18:52:49.214Z</time>
      </trkpt>
      <trkpt lat="37.16649443290704" lon="34.716742177917865">
        <ele>482.9833044405105</ele>
        <time>2025-06-26T18:53:15.291Z</time>
      </trkpt>
      <trkpt lat="37.16653478900861" lon="34.7167928202457">
        <ele>480.7412013616427</ele>
        <time>2025-06-26T18:53:18.595Z</time>
      </trkpt>
      <trkpt lat="37.16653478900861" lon="34.7167928202457">
        <ele>480.7412013616427</ele>
        <time>2025-06-26T18:53:18.595Z</time>
      </trkpt>
      <trkpt lat="37.16652761579198" lon="34.71735702224726">
        <ele>477.2106606804031</ele>
        <time>2025-06-26T18:53:29.471Z</time>
      </trkpt>
      <trkpt lat="37.16652572652943" lon="34.717505620256816">
        <ele>475.05321759242963</ele>
        <time>2025-06-26T18:53:36.319Z</time>
      </trkpt>
      <trkpt lat="37.16652572652943" lon="34.717505620256816">
        <ele>475.05321759242963</ele>
        <time>2025-06-26T18:53:36.319Z</time>
      </trkpt>
      <trkpt lat="37.16652572652943" lon="34.717505620256816">
        <ele>475.05321759242963</ele>
        <time>2025-06-26T18:53:36.319Z</time>
      </trkpt>
      <trkpt lat="37.16637043788698" lon="34.71768274396098">
        <ele>477.2721892984099</ele>
        <time>2025-06-26T18:53:48.424Z</time>
      </trkpt>
      <trkpt lat="37.16596721714718" lon="34.71793248561743">
        <ele>485.8069600798448</ele>
        <time>2025-06-26T18:54:14.364Z</time>
      </trkpt>
      <trkpt lat="37.16593599666045" lon="34.717951822559456">
        <ele>486.3778407945397</ele>
        <time>2025-06-26T18:54:16.372Z</time>
      </trkpt>
      <trkpt lat="37.16593599666045" lon="34.717951822559456">
        <ele>486.3778407945397</ele>
        <time>2025-06-26T18:54:16.372Z</time>
      </trkpt>
      <trkpt lat="37.16593599666045" lon="34.717951822559456">
        <ele>486.3778407945397</ele>
        <time>2025-06-26T18:54:16.372Z</time>
      </trkpt>
      <trkpt lat="37.165693165376595" lon="34.71802800343923">
        <ele>490.3381909747462</ele>
        <time>2025-06-26T18:54:30.812Z</time>
      </trkpt>
      <trkpt lat="37.16524925766787" lon="34.71793803504622">
        <ele>502.7998155399233</ele>
        <time>2025-06-26T18:54:56.753Z</time>
      </trkpt>
      <trkpt lat="37.16508013126328" lon="34.71790375758147">
        <ele>507.51980245150696</ele>
        <time>2025-06-26T18:55:06.636Z</time>
      </trkpt>
      <trkpt lat="37.16508013126328" lon="34.71790375758147">
        <ele>507.51980245150696</ele>
        <time>2025-06-26T18:55:06.636Z</time>
      </trkpt>
      <trkpt lat="37.16508013126328" lon="34.71790375758147">
        <ele>507.51980245150696</ele>
        <time>2025-06-26T18:55:06.636Z</time>
      </trkpt>
      <trkpt lat="37.16487894697126" lon="34.71796609857719">
        <ele>508.72359824203994</ele>
        <time>2025-06-26T18:55:23.189Z</time>
      </trkpt>
      <trkpt lat="37.16471919069012" lon="34.71831609051554">
        <ele>498.8705890998955</ele>
        <time>2025-06-26T18:55:48.864Z</time>
      </trkpt>
      <trkpt lat="37.16471919069012" lon="34.71831609051554">
        <ele>498.8705890998955</ele>
        <time>2025-06-26T18:55:48.864Z</time>
      </trkpt>
      <trkpt lat="37.16487103844024" lon="34.718659076484016">
        <ele>484.74288007849873</ele>
        <time>2025-06-26T18:56:12.030Z</time>
      </trkpt>
      <trkpt lat="37.16487103844024" lon="34.718659076484016">
        <ele>484.74288007849873</ele>
        <time>2025-06-26T18:56:12.030Z</time>
      </trkpt>
      <trkpt lat="37.16468156175752" lon="34.71900495149217">
        <ele>474.37876284238973</ele>
        <time>2025-06-26T18:56:35.787Z</time>
      </trkpt>
      <trkpt lat="37.16468156175752" lon="34.71900495149217">
        <ele>474.37876284238973</ele>
        <time>2025-06-26T18:56:35.787Z</time>
      </trkpt>
      <trkpt lat="37.164391959738246" lon="34.719436601696046">
        <ele>462.0339742184292</ele>
        <time>2025-06-26T18:57:16.000Z</time>
      </trkpt>
      <trkpt lat="37.16431655979319" lon="34.71954898489605">
        <ele>459.8229991045322</ele>
        <time>2025-06-26T18:57:29.888Z</time>
      </trkpt>
      <trkpt lat="37.16431655979319" lon="34.71954898489605">
        <ele>459.8229991045322</ele>
        <time>2025-06-26T18:57:29.888Z</time>
      </trkpt>
      <trkpt lat="37.16397058680469" lon="34.71990940589763">
        <ele>454.4417262737024</ele>
        <time>2025-06-26T18:57:54.456Z</time>
      </trkpt>
      <trkpt lat="37.163742810036226" lon="34.720146694743164">
        <ele>450.2661430921976</ele>
        <time>2025-06-26T18:58:10.715Z</time>
      </trkpt>
      <trkpt lat="37.163742810036226" lon="34.720146694743164">
        <ele>450.2661430921976</ele>
        <time>2025-06-26T18:58:10.715Z</time>
      </trkpt>
      <trkpt lat="37.16401344725708" lon="34.72048630261037">
        <ele>441.68838674916117</ele>
        <time>2025-06-26T18:58:31.736Z</time>
      </trkpt>
      <trkpt lat="37.16401344725708" lon="34.72048630261037">
        <ele>441.68838674916117</ele>
        <time>2025-06-26T18:58:31.736Z</time>
      </trkpt>
      <trkpt lat="37.164450272733916" lon="34.72035245134729">
        <ele>439.28473249017304</ele>
        <time>2025-06-26T18:58:52.940Z</time>
      </trkpt>
      <trkpt lat="37.16488709821075" lon="34.72021860008421">
        <ele>439.25327888135917</ele>
        <time>2025-06-26T18:59:17.413Z</time>
      </trkpt>
      <trkpt lat="37.16494443189488" lon="34.720201032001654">
        <ele>439.3913746629531</ele>
        <time>2025-06-26T18:59:20.625Z</time>
      </trkpt>
      <trkpt lat="37.16494443189488" lon="34.720201032001654">
        <ele>439.3913746629531</ele>
        <time>2025-06-26T18:59:20.625Z</time>
      </trkpt>
      <trkpt lat="37.16539309615043" lon="34.720238566310336">
        <ele>436.2690573351749</ele>
        <time>2025-06-26T18:59:45.098Z</time>
      </trkpt>
      <trkpt lat="37.16559394926942" lon="34.720255369260144">
        <ele>435.10109593379093</ele>
        <time>2025-06-26T18:59:55.895Z</time>
      </trkpt>
      <trkpt lat="37.16559394926942" lon="34.720255369260144">
        <ele>435.10109593379093</ele>
        <time>2025-06-26T18:59:55.895Z</time>
      </trkpt>
      <trkpt lat="37.165161083472576" lon="34.72040814095398">
        <ele>436.0942182516681</ele>
        <time>2025-06-26T19:00:04.765Z</time>
      </trkpt>
      <trkpt lat="37.16472821767574" lon="34.72056091264781">
        <ele>438.6421849745799</ele>
        <time>2025-06-26T19:00:28.760Z</time>
      </trkpt>
      <trkpt lat="37.16455471879016" lon="34.72062214575706">
        <ele>439.219123365084</ele>
        <time>2025-06-26T19:00:38.377Z</time>
      </trkpt>
      <trkpt lat="37.16455471879016" lon="34.72062214575706">
        <ele>439.219123365084</ele>
        <time>2025-06-26T19:00:38.377Z</time>
      </trkpt>
      <trkpt lat="37.16421947762823" lon="34.720998198897306">
        <ele>439.2215302092393</ele>
        <time>2025-06-26T19:01:02.372Z</time>
      </trkpt>
      <trkpt lat="37.16402058808629" lon="34.721221301085535">
        <ele>437.779745405638</ele>
        <time>2025-06-26T19:01:16.429Z</time>
      </trkpt>
      <trkpt lat="37.16402058808629" lon="34.721221301085535">
        <ele>437.779745405638</ele>
        <time>2025-06-26T19:01:16.429Z</time>
      </trkpt>
      <trkpt lat="37.16402058808629" lon="34.721221301085535">
        <ele>437.779745405638</ele>
        <time>2025-06-26T19:01:16.429Z</time>
      </trkpt>
      <trkpt lat="37.16357822888494" lon="34.721322567112544">
        <ele>435.0552289966985</ele>
        <time>2025-06-26T19:01:38.879Z</time>
      </trkpt>
      <trkpt lat="37.163135869683586" lon="34.72142383313955">
        <ele>435.77039056242404</ele>
        <time>2025-06-26T19:02:01.329Z</time>
      </trkpt>
      <trkpt lat="37.162693510482235" lon="34.72152509916656">
        <ele>436.3279680230075</ele>
        <time>2025-06-26T19:02:23.779Z</time>
      </trkpt>
      <trkpt lat="37.16227814632407" lon="34.72162018541758">
        <ele>438.60744040409645</ele>
        <time>2025-06-26T19:02:44.874Z</time>
      </trkpt>
      <trkpt lat="37.16227814632407" lon="34.72162018541758">
        <ele>438.60744040409645</ele>
        <time>2025-06-26T19:02:44.874Z</time>
      </trkpt>
      <trkpt lat="37.161913510133544" lon="34.72195035748218">
        <ele>435.0504694700252</ele>
        <time>2025-06-26T19:03:07.340Z</time>
      </trkpt>
      <trkpt lat="37.16154887394302" lon="34.72228052954678">
        <ele>432.4661177711805</ele>
        <time>2025-06-26T19:03:29.806Z</time>
      </trkpt>
      <trkpt lat="37.16134028736768" lon="34.722469401255125">
        <ele>432.96262038277195</ele>
        <time>2025-06-26T19:03:42.657Z</time>
      </trkpt>
      <trkpt lat="37.16093013401047" lon="34.722700667573235">
        <ele>439.92916169383153</ele>
        <time>2025-06-26T19:04:05.123Z</time>
      </trkpt>
      <trkpt lat="37.16083454036978" lon="34.72275456836164">
        <ele>442.12479233061964</ele>
        <time>2025-06-26T19:04:10.359Z</time>
      </trkpt>
      <trkpt lat="37.16083454036978" lon="34.72275456836164">
        <ele>442.12479233061964</ele>
        <time>2025-06-26T19:04:10.359Z</time>
      </trkpt>
      <trkpt lat="37.16083454036978" lon="34.72275456836164">
        <ele>442.12479233061964</ele>
        <time>2025-06-26T19:04:10.359Z</time>
      </trkpt>
      <trkpt lat="37.16054440266848" lon="34.723185629824684">
        <ele>446.12339204864196</ele>
        <time>2025-06-26T19:04:32.126Z</time>
      </trkpt>
      <trkpt lat="37.16047878783429" lon="34.72328311466134">
        <ele>446.83047066688783</ele>
        <time>2025-06-26T19:04:37.048Z</time>
      </trkpt>
      <trkpt lat="37.16040150214087" lon="34.72356962724464">
        <ele>445.1949274355967</ele>
        <time>2025-06-26T19:04:48.717Z</time>
      </trkpt>
      <trkpt lat="37.16040150214087" lon="34.72356962724464">
        <ele>445.1949274355967</ele>
        <time>2025-06-26T19:04:48.717Z</time>
      </trkpt>
      <trkpt lat="37.16040150214087" lon="34.72356962724464">
        <ele>445.1949274355967</ele>
        <time>2025-06-26T19:04:53.748Z</time>
      </trkpt>
      <trkpt lat="37.16032847598838" lon="34.72384894302954">
        <ele>441.80494285151383</ele>
        <time>2025-06-26T19:05:04.541Z</time>
      </trkpt>
      <trkpt lat="37.16040363194871" lon="34.72427331430566">
        <ele>435.5391488220533</ele>
        <time>2025-06-26T19:05:20.502Z</time>
      </trkpt>
      <trkpt lat="37.16040363194871" lon="34.72427331430566">
        <ele>435.5391488220533</ele>
        <time>2025-06-26T19:05:20.502Z</time>
      </trkpt>
      <trkpt lat="37.160089539508746" lon="34.724677073651065">
        <ele>439.0701476810971</ele>
        <time>2025-06-26T19:05:44.627Z</time>
      </trkpt>
      <trkpt lat="37.159775447068775" lon="34.725080832996476">
        <ele>439.98570002426413</ele>
        <time>2025-06-26T19:06:05.333Z</time>
      </trkpt>
      <trkpt lat="37.159635628461814" lon="34.7252605669284">
        <ele>440.3553756704872</ele>
        <time>2025-06-26T19:06:14.550Z</time>
      </trkpt>
      <trkpt lat="37.159635628461814" lon="34.7252605669284">
        <ele>440.3553756704872</ele>
        <time>2025-06-26T19:06:14.550Z</time>
      </trkpt>
      <trkpt lat="37.159635628461814" lon="34.7252605669284">
        <ele>440.3553756704872</ele>
        <time>2025-06-26T19:06:14.550Z</time>
      </trkpt>
      <trkpt lat="37.15962288011269" lon="34.725341025506026">
        <ele>439.6587605052752</ele>
        <time>2025-06-26T19:06:16.743Z</time>
      </trkpt>
      <trkpt lat="37.15951918732058" lon="34.72553427148997">
        <ele>439.4185944106638</ele>
        <time>2025-06-26T19:06:22.972Z</time>
      </trkpt>
      <trkpt lat="37.1594383419028" lon="34.725684938204495">
        <ele>439.23134567168853</ele>
        <time>2025-06-26T19:06:27.830Z</time>
      </trkpt>
      <trkpt lat="37.1594383419028" lon="34.725684938204495">
        <ele>439.23134567168853</ele>
        <time>2025-06-26T19:06:27.830Z</time>
      </trkpt>
      <trkpt lat="37.15929573176511" lon="34.72617299678973">
        <ele>434.41359956455017</ele>
        <time>2025-06-26T19:06:51.925Z</time>
      </trkpt>
      <trkpt lat="37.15929573176511" lon="34.72617299678973">
        <ele>434.41359956455017</ele>
        <time>2025-06-26T19:06:51.925Z</time>
      </trkpt>
      <trkpt lat="37.159107032110676" lon="34.72668513026947">
        <ele>438.0000727267997</ele>
        <time>2025-06-26T19:07:26.632Z</time>
      </trkpt>
      <trkpt lat="37.15897866240421" lon="34.72703352743355">
        <ele>438.3703122698648</ele>
        <time>2025-06-26T19:07:39.619Z</time>
      </trkpt>
      <trkpt lat="37.15897866240421" lon="34.72703352743355">
        <ele>438.3703122698648</ele>
        <time>2025-06-26T19:07:39.619Z</time>
      </trkpt>
      <trkpt lat="37.15853929759899" lon="34.72715357093326">
        <ele>439.2292305705146</ele>
        <time>2025-06-26T19:07:49.458Z</time>
      </trkpt>
      <trkpt lat="37.15844795950869" lon="34.72717852637777">
        <ele>439.6280084460981</ele>
        <time>2025-06-26T19:07:53.212Z</time>
      </trkpt>
      <trkpt lat="37.15844795950869" lon="34.72717852637777">
        <ele>439.6280084460981</ele>
        <time>2025-06-26T19:07:53.212Z</time>
      </trkpt>
      <trkpt lat="37.15844795950869" lon="34.72717852637777">
        <ele>439.6280084460981</ele>
        <time>2025-06-26T19:07:53.212Z</time>
      </trkpt>
      <trkpt lat="37.15799844421263" lon="34.72719284797198">
        <ele>439.6279900617909</ele>
        <time>2025-06-26T19:08:15.829Z</time>
      </trkpt>
      <trkpt lat="37.15754892891657" lon="34.727207169566185">
        <ele>439.47581166154794</ele>
        <time>2025-06-26T19:08:38.446Z</time>
      </trkpt>
      <trkpt lat="37.15747532885317" lon="34.727209514470246">
        <ele>439.43651764988954</ele>
        <time>2025-06-26T19:08:42.149Z</time>
      </trkpt>
      <trkpt lat="37.15702681089061" lon="34.72716932543139">
        <ele>437.3444952076302</ele>
        <time>2025-06-26T19:09:04.766Z</time>
      </trkpt>
      <trkpt lat="37.15684727245687" lon="34.72715323805542">
        <ele>436.58484686664366</ele>
        <time>2025-06-26T19:09:13.819Z</time>
      </trkpt>
      <trkpt lat="37.15684727245687" lon="34.72715323805542">
        <ele>436.58484686664366</ele>
        <time>2025-06-26T19:09:13.819Z</time>
      </trkpt>
      <trkpt lat="37.15684727245687" lon="34.72715323805542">
        <ele>436.58484686664366</ele>
        <time>2025-06-26T19:09:13.819Z</time>
      </trkpt>
      <trkpt lat="37.15664076408869" lon="34.72702832218192">
        <ele>437.2753875019734</ele>
        <time>2025-06-26T19:09:25.330Z</time>
      </trkpt>
      <trkpt lat="37.156203122883326" lon="34.72689874895244">
        <ele>441.0961354728048</ele>
        <time>2025-06-26T19:09:47.909Z</time>
      </trkpt>
      <trkpt lat="37.15576548167796" lon="34.72676917572296">
        <ele>446.03653222448224</ele>
        <time>2025-06-26T19:10:10.488Z</time>
      </trkpt>
      <trkpt lat="37.15570813399748" lon="34.726752196690654">
        <ele>446.49930626219196</ele>
        <time>2025-06-26T19:10:13.446Z</time>
      </trkpt>
      <trkpt lat="37.15570813399748" lon="34.726752196690654">
        <ele>446.49930626219196</ele>
        <time>2025-06-26T19:10:13.446Z</time>
      </trkpt>
      <trkpt lat="37.15525923678545" lon="34.72678504906304">
        <ele>444.4361658073834</ele>
        <time>2025-06-26T19:10:35.753Z</time>
      </trkpt>
      <trkpt lat="37.15481033957341" lon="34.72681790143543">
        <ele>441.2187302314219</ele>
        <time>2025-06-26T19:10:58.319Z</time>
      </trkpt>
      <trkpt lat="37.15461569184467" lon="34.72683214665571">
        <ele>439.3371134737333</ele>
        <time>2025-06-26T19:11:08.104Z</time>
      </trkpt>
      <trkpt lat="37.15461569184467" lon="34.72683214665571">
        <ele>439.3371134737333</ele>
        <time>2025-06-26T19:11:08.104Z</time>
      </trkpt>
      <trkpt lat="37.15429943405532" lon="34.7269571123102">
        <ele>433.6141364218669</ele>
        <time>2025-06-26T19:11:27.072Z</time>
      </trkpt>
      <trkpt lat="37.15429943405532" lon="34.7269571123102">
        <ele>433.6141364218669</ele>
        <time>2025-06-26T19:11:27.072Z</time>
      </trkpt>
      <trkpt lat="37.15429943405532" lon="34.7269571123102">
        <ele>433.6141364218669</ele>
        <time>2025-06-26T19:11:27.072Z</time>
      </trkpt>
      <trkpt lat="37.15391386473229" lon="34.72724740281005">
        <ele>428.7054047322602</ele>
        <time>2025-06-26T19:11:49.855Z</time>
      </trkpt>
      <trkpt lat="37.15352829540926" lon="34.72753769330989">
        <ele>427.0493096665951</ele>
        <time>2025-06-26T19:12:12.638Z</time>
      </trkpt>
      <trkpt lat="37.15314272608622" lon="34.72782798380974">
        <ele>431.800211828986</ele>
        <time>2025-06-26T19:12:35.421Z</time>
      </trkpt>
      <trkpt lat="37.15314131705139" lon="34.727829044655095">
        <ele>431.8225731632492</ele>
        <time>2025-06-26T19:12:35.504Z</time>
      </trkpt>
      <trkpt lat="37.152823776339446" lon="34.72790853172495">
        <ele>438.0171953551944</ele>
        <time>2025-06-26T19:12:51.910Z</time>
      </trkpt>
      <trkpt lat="37.152823776339446" lon="34.72790853172495">
        <ele>438.0171953551944</ele>
        <time>2025-06-26T19:12:51.910Z</time>
      </trkpt>
      <trkpt lat="37.152823776339446" lon="34.72790853172495">
        <ele>438.0171953551944</ele>
        <time>2025-06-26T19:12:51.910Z</time>
      </trkpt>
      <trkpt lat="37.1527557934823" lon="34.727811905842714">
        <ele>439.98899329968776</ele>
        <time>2025-06-26T19:12:57.234Z</time>
      </trkpt>
      <trkpt lat="37.15266756935388" lon="34.72760778704145">
        <ele>442.9476545382531</ele>
        <time>2025-06-26T19:13:06.826Z</time>
      </trkpt>
      <trkpt lat="37.15266756935388" lon="34.72760778704145">
        <ele>442.9476545382531</ele>
        <time>2025-06-26T19:13:06.826Z</time>
      </trkpt>
      <trkpt lat="37.15253296002483" lon="34.72761611160149">
        <ele>446.0345170453204</ele>
        <time>2025-06-26T19:13:13.696Z</time>
      </trkpt>
      <trkpt lat="37.15253296002483" lon="34.72761611160149">
        <ele>446.0345170453204</ele>
        <time>2025-06-26T19:13:13.696Z</time>
      </trkpt>
      <trkpt lat="37.15253296002483" lon="34.72761611160149">
        <ele>446.0345170453204</ele>
        <time>2025-06-26T19:13:13.696Z</time>
      </trkpt>
      <trkpt lat="37.152532781067194" lon="34.72813904221411">
        <ele>442.9850086079914</ele>
        <time>2025-06-26T19:13:32.834Z</time>
      </trkpt>
      <trkpt lat="37.152453283893266" lon="34.72862224624231">
        <ele>437.88864557631393</ele>
        <time>2025-06-26T19:13:50.891Z</time>
      </trkpt>
      <trkpt lat="37.152453283893266" lon="34.72862224624231">
        <ele>437.88864557631393</ele>
        <time>2025-06-26T19:13:50.891Z</time>
      </trkpt>
      <trkpt lat="37.152453283893266" lon="34.72862224624231">
        <ele>437.88864557631393</ele>
        <time>2025-06-26T19:13:50.891Z</time>
      </trkpt>
      <trkpt lat="37.15206647966989" lon="34.72890993308402">
        <ele>442.71323117315836</ele>
        <time>2025-06-26T19:14:11.513Z</time>
      </trkpt>
      <trkpt lat="37.15191473855181" lon="34.72902279101157">
        <ele>444.55792122753434</ele>
        <time>2025-06-26T19:14:19.603Z</time>
      </trkpt>
      <trkpt lat="37.151508171083655" lon="34.72926379034189">
        <ele>446.47212080118925</ele>
        <time>2025-06-26T19:14:40.225Z</time>
      </trkpt>
      <trkpt lat="37.15114749209367" lon="34.72947758854724">
        <ele>444.79569299812465</ele>
        <time>2025-06-26T19:14:58.519Z</time>
      </trkpt>
      <trkpt lat="37.15114749209367" lon="34.72947758854724">
        <ele>444.79569299812465</ele>
        <time>2025-06-26T19:14:58.519Z</time>
      </trkpt>
      <trkpt lat="37.15074157678548" lon="34.729720309658475">
        <ele>443.1609690711848</ele>
        <time>2025-06-26T19:15:29.226Z</time>
      </trkpt>
      <trkpt lat="37.150351671986925" lon="34.72995345712562">
        <ele>441.01028889455256</ele>
        <time>2025-06-26T19:15:50.516Z</time>
      </trkpt>
      <trkpt lat="37.150351671986925" lon="34.72995345712562">
        <ele>441.01028889455256</ele>
        <time>2025-06-26T19:15:50.516Z</time>
      </trkpt>
      <trkpt lat="37.15000149941884" lon="34.73030736886422">
        <ele>438.47136129834695</ele>
        <time>2025-06-26T19:16:12.876Z</time>
      </trkpt>
      <trkpt lat="37.14977819788861" lon="34.73053305482594">
        <ele>435.8543837490122</ele>
        <time>2025-06-26T19:16:27.112Z</time>
      </trkpt>
      <trkpt lat="37.14977819788861" lon="34.73053305482594">
        <ele>435.8543837490122</ele>
        <time>2025-06-26T19:16:27.112Z</time>
      </trkpt>
      <trkpt lat="37.14933107885508" lon="34.73047316332183">
        <ele>453.93552485564805</ele>
        <time>2025-06-26T19:16:48.389Z</time>
      </trkpt>
      <trkpt lat="37.14915913286252" lon="34.730450131190906">
        <ele>463.3985831873898</ele>
        <time>2025-06-26T19:16:56.958Z</time>
      </trkpt>
      <trkpt lat="37.14915913286252" lon="34.730450131190906">
        <ele>463.3985831873898</ele>
        <time>2025-06-26T19:16:56.958Z</time>
      </trkpt>
      <trkpt lat="37.14915913286252" lon="34.730450131190906">
        <ele>463.3985831873898</ele>
        <time>2025-06-26T19:16:56.958Z</time>
      </trkpt>
      <trkpt lat="37.149024870025784" lon="34.730383283187905">
        <ele>471.83880482886525</ele>
        <time>2025-06-26T19:17:02.695Z</time>
      </trkpt>
      <trkpt lat="37.149024870025784" lon="34.730383283187905">
        <ele>471.83880482886525</ele>
        <time>2025-06-26T19:17:02.695Z</time>
      </trkpt>
      <trkpt lat="37.14897902495905" lon="34.73066607585238">
        <ele>467.55251957932654</ele>
        <time>2025-06-26T19:17:13.401Z</time>
      </trkpt>
      <trkpt lat="37.14897902495905" lon="34.73066607585238">
        <ele>467.55251957932654</ele>
        <time>2025-06-26T19:17:13.401Z</time>
      </trkpt>
      <trkpt lat="37.14897329432374" lon="34.730761937772854">
        <ele>465.61776276922376</ele>
        <time>2025-06-26T19:17:16.967Z</time>
      </trkpt>
      <trkpt lat="37.14900846990784" lon="34.73110092461968">
        <ele>456.0927682272103</ele>
        <time>2025-06-26T19:17:29.649Z</time>
      </trkpt>
      <trkpt lat="37.14900846990784" lon="34.73110092461968">
        <ele>456.0927682272103</ele>
        <time>2025-06-26T19:17:29.649Z</time>
      </trkpt>
      <trkpt lat="37.148599833891254" lon="34.73133634281902">
        <ele>474.3599457008815</ele>
        <time>2025-06-26T19:17:51.335Z</time>
      </trkpt>
      <trkpt lat="37.14819119787466" lon="34.73157176101836">
        <ele>492.952388020529</ele>
        <time>2025-06-26T19:18:13.347Z</time>
      </trkpt>
      <trkpt lat="37.14788031247252" lon="34.731750864373424">
        <ele>500.4630546820856</ele>
        <time>2025-06-26T19:18:30.093Z</time>
      </trkpt>
      <trkpt lat="37.14788031247252" lon="34.731750864373424">
        <ele>500.4630546820856</ele>
        <time>2025-06-26T19:18:30.093Z</time>
      </trkpt>
      <trkpt lat="37.14788031247252" lon="34.731750864373424">
        <ele>500.4630546820856</ele>
        <time>2025-06-26T19:22:12.974Z</time>
      </trkpt>
      <trkpt lat="37.14788031247252" lon="34.731750864373424">
        <ele>500.4630546820856</ele>
        <time>2025-06-26T19:22:12.974Z</time>
      </trkpt>
      <trkpt lat="37.147739561384924" lon="34.732100729081594">
        <ele>493.99145425225373</ele>
        <time>2025-06-26T19:22:28.707Z</time>
      </trkpt>
      <trkpt lat="37.147719040214795" lon="34.73228422455648">
        <ele>489.38438757234263</ele>
        <time>2025-06-26T19:22:36.145Z</time>
      </trkpt>
      <trkpt lat="37.147719040214795" lon="34.73228422455648">
        <ele>489.38438757234263</ele>
        <time>2025-06-26T19:22:36.145Z</time>
      </trkpt>
      <trkpt lat="37.14770961149135" lon="34.73234731869559">
        <ele>487.89728761189707</ele>
        <time>2025-06-26T19:22:38.722Z</time>
      </trkpt>
      <trkpt lat="37.147626751668994" lon="34.732901791333404">
        <ele>474.17968280074524</ele>
        <time>2025-06-26T19:23:01.331Z</time>
      </trkpt>
      <trkpt lat="37.147626751668994" lon="34.732901791333404">
        <ele>474.17968280074524</ele>
        <time>2025-06-26T19:23:01.331Z</time>
      </trkpt>
      <trkpt lat="37.147626751668994" lon="34.732901791333404">
        <ele>474.17968280074524</ele>
        <time>2025-06-26T19:23:01.331Z</time>
      </trkpt>
      <trkpt lat="37.14753101603428" lon="34.733116610485126">
        <ele>471.75777790796263</ele>
        <time>2025-06-26T19:23:11.570Z</time>
      </trkpt>
      <trkpt lat="37.14734661808265" lon="34.733250586996036">
        <ele>473.4305583182702</ele>
        <time>2025-06-26T19:23:22.692Z</time>
      </trkpt>
      <trkpt lat="37.14734661808265" lon="34.733250586996036">
        <ele>473.4305583182702</ele>
        <time>2025-06-26T19:23:22.692Z</time>
      </trkpt>
      <trkpt lat="37.147047501808714" lon="34.73339794768694">
        <ele>476.6763970704984</ele>
        <time>2025-06-26T19:23:39.465Z</time>
      </trkpt>
      <trkpt lat="37.147047501808714" lon="34.73339794768694">
        <ele>476.6763970704984</ele>
        <time>2025-06-26T19:23:39.465Z</time>
      </trkpt>
      <trkpt lat="37.147047501808714" lon="34.73339794768694">
        <ele>476.6763970704984</ele>
        <time>2025-06-26T19:23:39.465Z</time>
      </trkpt>
      <trkpt lat="37.14693797487517" lon="34.73344285737494">
        <ele>477.982416594304</ele>
        <time>2025-06-26T19:23:51.146Z</time>
      </trkpt>
      <trkpt lat="37.146843626412064" lon="34.73361106586495">
        <ele>475.93207173964583</ele>
        <time>2025-06-26T19:24:07.766Z</time>
      </trkpt>
      <trkpt lat="37.146843626412064" lon="34.73361106586495">
        <ele>475.93207173964583</ele>
        <time>2025-06-26T19:24:07.852Z</time>
      </trkpt>
      <trkpt lat="37.14667144072068" lon="34.73398623741838">
        <ele>471.2131004677068</ele>
        <time>2025-06-26T19:24:42.835Z</time>
      </trkpt>
      <trkpt lat="37.14667144072068" lon="34.73398623741838">
        <ele>471.2131004677068</ele>
        <time>2025-06-26T19:24:42.835Z</time>
      </trkpt>
      <trkpt lat="37.14667144072068" lon="34.73398623741838">
        <ele>471.2131004677068</ele>
        <time>2025-06-26T19:24:42.835Z</time>
      </trkpt>
      <trkpt lat="37.14666623278235" lon="34.7340680857335">
        <ele>470.3097946149305</ele>
        <time>2025-06-26T19:24:46.311Z</time>
      </trkpt>
      <trkpt lat="37.14674322955763" lon="34.734105661750874">
        <ele>468.29134593601333</ele>
        <time>2025-06-26T19:24:50.699Z</time>
      </trkpt>
      <trkpt lat="37.14674322955763" lon="34.734105661750874">
        <ele>468.29134593601333</ele>
        <time>2025-06-26T19:24:50.699Z</time>
      </trkpt>
      <trkpt lat="37.146937996213396" lon="34.7341794422571">
        <ele>463.5689736502254</ele>
        <time>2025-06-26T19:25:01.505Z</time>
      </trkpt>
      <trkpt lat="37.146937996213396" lon="34.7341794422571">
        <ele>463.5689736502254</ele>
        <time>2025-06-26T19:25:01.538Z</time>
      </trkpt>
      <trkpt lat="37.146937996213396" lon="34.7341794422571">
        <ele>463.5689736502254</ele>
        <time>2025-06-26T19:25:01.571Z</time>
      </trkpt>
      <trkpt lat="37.147053322572475" lon="34.734210397676804">
        <ele>461.03981636203383</ele>
        <time>2025-06-26T19:25:06.181Z</time>
      </trkpt>
      <trkpt lat="37.14712042861434" lon="34.734262607323416">
        <ele>459.2794381650636</ele>
        <time>2025-06-26T19:25:09.268Z</time>
      </trkpt>
      <trkpt lat="37.14712042861434" lon="34.734262607323416">
        <ele>459.2794381650636</ele>
        <time>2025-06-26T19:25:09.268Z</time>
      </trkpt>
      <trkpt lat="37.14715185548131" lon="34.734389639347114">
        <ele>457.55239692977875</ele>
        <time>2025-06-26T19:25:13.412Z</time>
      </trkpt>
      <trkpt lat="37.14715185548131" lon="34.734389639347114">
        <ele>457.55239692977875</ele>
        <time>2025-06-26T19:25:13.412Z</time>
      </trkpt>
      <trkpt lat="37.14721035056067" lon="34.73452972596195">
        <ele>455.4074818808597</ele>
        <time>2025-06-26T19:25:18.306Z</time>
      </trkpt>
      <trkpt lat="37.14721035056067" lon="34.73452972596195">
        <ele>455.4074818808597</ele>
        <time>2025-06-26T19:25:18.306Z</time>
      </trkpt>
      <trkpt lat="37.14721035056067" lon="34.73452972596195">
        <ele>455.4074818808597</ele>
        <time>2025-06-26T19:25:18.306Z</time>
      </trkpt>
      <trkpt lat="37.14724743360659" lon="34.734606270371735">
        <ele>454.20338485003504</ele>
        <time>2025-06-26T19:25:22.016Z</time>
      </trkpt>
      <trkpt lat="37.14748098094961" lon="34.73508834359646">
        <ele>446.7025431453727</ele>
        <time>2025-06-26T19:25:58.743Z</time>
      </trkpt>
      <trkpt lat="37.14748098094961" lon="34.73508834359646">
        <ele>446.7025431453727</ele>
        <time>2025-06-26T19:25:58.743Z</time>
      </trkpt>
      <trkpt lat="37.14745403754715" lon="34.735519726476355">
        <ele>445.5832385908955</ele>
        <time>2025-06-26T19:26:29.183Z</time>
      </trkpt>
      <trkpt lat="37.14745403754715" lon="34.735519726476355">
        <ele>445.5832385908955</ele>
        <time>2025-06-26T19:26:29.183Z</time>
      </trkpt>
      <trkpt lat="37.14740966715517" lon="34.73559736565713">
        <ele>446.26542933904665</ele>
        <time>2025-06-26T19:26:30.835Z</time>
      </trkpt>
      <trkpt lat="37.14740696226504" lon="34.73566392031765">
        <ele>446.09606298459744</ele>
        <time>2025-06-26T19:26:31.987Z</time>
      </trkpt>
      <trkpt lat="37.14740696226504" lon="34.73566392031765">
        <ele>446.09606298459744</ele>
        <time>2025-06-26T19:26:31.987Z</time>
      </trkpt>
      <trkpt lat="37.1475174194925" lon="34.735748909650795">
        <ele>443.04489635008014</ele>
        <time>2025-06-26T19:26:34.798Z</time>
      </trkpt>
      <trkpt lat="37.1475174194925" lon="34.735748909650795">
        <ele>443.04489635008014</ele>
        <time>2025-06-26T19:26:34.798Z</time>
      </trkpt>
      <trkpt lat="37.147622813670864" lon="34.73585685141984">
        <ele>439.98776816732754</ele>
        <time>2025-06-26T19:26:38.744Z</time>
      </trkpt>
      <trkpt lat="37.147622813670864" lon="34.73585685141984">
        <ele>439.98776816732754</ele>
        <time>2025-06-26T19:26:38.744Z</time>
      </trkpt>
      <trkpt lat="37.147706917446286" lon="34.735984270739976">
        <ele>438.84356185507573</ele>
        <time>2025-06-26T19:26:42.497Z</time>
      </trkpt>
      <trkpt lat="37.147706917446286" lon="34.735984270739976">
        <ele>438.84356185507573</ele>
        <time>2025-06-26T19:26:42.497Z</time>
      </trkpt>
      <trkpt lat="37.14759042368074" lon="34.73612701487184">
        <ele>443.0024408962121</ele>
        <time>2025-06-26T19:26:47.074Z</time>
      </trkpt>
      <trkpt lat="37.14759042368074" lon="34.73612701487184">
        <ele>443.0024408962121</ele>
        <time>2025-06-26T19:26:47.097Z</time>
      </trkpt>
      <trkpt lat="37.14768733054403" lon="34.73623622118603">
        <ele>441.5037342094864</ele>
        <time>2025-06-26T19:26:50.697Z</time>
      </trkpt>
      <trkpt lat="37.14768733054403" lon="34.73623622118603">
        <ele>441.5037342094864</ele>
        <time>2025-06-26T19:26:50.744Z</time>
      </trkpt>
      <trkpt lat="37.147786369623375" lon="34.73630948148886">
        <ele>439.72156348959646</ele>
        <time>2025-06-26T19:26:57.148Z</time>
      </trkpt>
      <trkpt lat="37.147786369623375" lon="34.73630948148886">
        <ele>439.72156348959646</ele>
        <time>2025-06-26T19:26:57.148Z</time>
      </trkpt>
      <trkpt lat="37.147786369623375" lon="34.73630948148886">
        <ele>439.72156348959646</ele>
        <time>2025-06-26T19:26:57.148Z</time>
      </trkpt>
      <trkpt lat="37.14775128368143" lon="34.73648534166591">
        <ele>442.0859614189567</ele>
        <time>2025-06-26T19:27:04.715Z</time>
      </trkpt>
      <trkpt lat="37.14775924454129" lon="34.73660723070611">
        <ele>442.9591119081822</ele>
        <time>2025-06-26T19:27:09.820Z</time>
      </trkpt>
      <trkpt lat="37.14775924454129" lon="34.73660723070611">
        <ele>442.9591119081822</ele>
        <time>2025-06-26T19:27:09.820Z</time>
      </trkpt>
      <trkpt lat="37.1478005588243" lon="34.73685897357677">
        <ele>444.0793291859839</ele>
        <time>2025-06-26T19:27:20.549Z</time>
      </trkpt>
      <trkpt lat="37.1478005588243" lon="34.73685897357677">
        <ele>444.0793291859839</ele>
        <time>2025-06-26T19:27:20.549Z</time>
      </trkpt>
      <trkpt lat="37.14788362874607" lon="34.737082037273154">
        <ele>443.58831080970344</ele>
        <time>2025-06-26T19:27:30.813Z</time>
      </trkpt>
      <trkpt lat="37.14788362874607" lon="34.737082037273154">
        <ele>443.58831080970344</ele>
        <time>2025-06-26T19:27:30.813Z</time>
      </trkpt>
      <trkpt lat="37.1479963893279" lon="34.73726080325412">
        <ele>442.0713733717841</ele>
        <time>2025-06-26T19:27:40.305Z</time>
      </trkpt>
      <trkpt lat="37.1479963893279" lon="34.73726080325412">
        <ele>442.0713733717841</ele>
        <time>2025-06-26T19:27:40.305Z</time>
      </trkpt>
      <trkpt lat="37.14803389914137" lon="34.73773480316211">
        <ele>444.345710383449</ele>
        <time>2025-06-26T19:27:59.665Z</time>
      </trkpt>
      <trkpt lat="37.14803389914137" lon="34.73773480316211">
        <ele>444.345710383449</ele>
        <time>2025-06-26T19:27:59.665Z</time>
      </trkpt>
      <trkpt lat="37.1480283046716" lon="34.73829889523477">
        <ele>441.8145898709311</ele>
        <time>2025-06-26T19:28:22.593Z</time>
      </trkpt>
      <trkpt lat="37.14802513710296" lon="34.73861828213518">
        <ele>439.90048053683773</ele>
        <time>2025-06-26T19:28:35.758Z</time>
      </trkpt>
      <trkpt lat="37.14802513710296" lon="34.73861828213518">
        <ele>439.90048053683773</ele>
        <time>2025-06-26T19:28:35.758Z</time>
      </trkpt>
      <trkpt lat="37.147954266113814" lon="34.73871554375569">
        <ele>441.26987625116027</ele>
        <time>2025-06-26T19:28:41.189Z</time>
      </trkpt>
      <trkpt lat="37.147523130196085" lon="34.73887579640328">
        <ele>451.9908416835133</ele>
        <time>2025-06-26T19:29:04.441Z</time>
      </trkpt>
      <trkpt lat="37.14735930622513" lon="34.738936689555544">
        <ele>455.93110069183183</ele>
        <time>2025-06-26T19:29:13.276Z</time>
      </trkpt>
      <trkpt lat="37.14735930622513" lon="34.738936689555544">
        <ele>455.93110069183183</ele>
        <time>2025-06-26T19:29:13.276Z</time>
      </trkpt>
      <trkpt lat="37.14735930622513" lon="34.738936689555544">
        <ele>455.93110069183183</ele>
        <time>2025-06-26T19:29:13.276Z</time>
      </trkpt>
      <trkpt lat="37.14752909142298" lon="34.73903173762446">
        <ele>450.1084395269642</ele>
        <time>2025-06-26T19:29:22.996Z</time>
      </trkpt>
      <trkpt lat="37.14752909142298" lon="34.73903173762446">
        <ele>450.1084395269642</ele>
        <time>2025-06-26T19:29:22.996Z</time>
      </trkpt>
      <trkpt lat="37.147250142575025" lon="34.739474196813">
        <ele>451.9938536439797</ele>
        <time>2025-06-26T19:29:46.504Z</time>
      </trkpt>
      <trkpt lat="37.14699262401133" lon="34.7398826640125">
        <ele>448.6914726414494</ele>
        <time>2025-06-26T19:30:08.198Z</time>
      </trkpt>
      <trkpt lat="37.14699262401133" lon="34.7398826640125">
        <ele>448.6914726414494</ele>
        <time>2025-06-26T19:30:08.198Z</time>
      </trkpt>
      <trkpt lat="37.14679166187291" lon="34.73998649826305">
        <ele>448.5732026196092</ele>
        <time>2025-06-26T19:30:19.556Z</time>
      </trkpt>
      <trkpt lat="37.14663567135642" lon="34.74008691964798">
        <ele>448.0632590212403</ele>
        <time>2025-06-26T19:30:28.718Z</time>
      </trkpt>
      <trkpt lat="37.14663567135642" lon="34.74008691964798">
        <ele>448.0632590212403</ele>
        <time>2025-06-26T19:30:28.718Z</time>
      </trkpt>
      <trkpt lat="37.14663567135642" lon="34.74008691964798">
        <ele>448.0632590212403</ele>
        <time>2025-06-26T19:30:29.526Z</time>
      </trkpt>
      <trkpt lat="37.14654074980102" lon="34.74037896055219">
        <ele>442.77247987883226</ele>
        <time>2025-06-26T19:30:42.781Z</time>
      </trkpt>
      <trkpt lat="37.14642971018884" lon="34.74060496369148">
        <ele>438.70717495884844</ele>
        <time>2025-06-26T19:30:53.939Z</time>
      </trkpt>
      <trkpt lat="37.14642971018884" lon="34.74060496369148">
        <ele>438.70717495884844</ele>
        <time>2025-06-26T19:30:53.939Z</time>
      </trkpt>
      <trkpt lat="37.146192952808775" lon="34.74062530276814">
        <ele>439.6270004346044</ele>
        <time>2025-06-26T19:30:56.114Z</time>
      </trkpt>
      <trkpt lat="37.146192952808775" lon="34.74062530276814">
        <ele>439.6270004346044</ele>
        <time>2025-06-26T19:30:56.114Z</time>
      </trkpt>
      <trkpt lat="37.146192952808775" lon="34.74062530276814">
        <ele>439.6270004346044</ele>
        <time>2025-06-26T19:30:56.114Z</time>
      </trkpt>
      <trkpt lat="37.14613010021134" lon="34.74043292164703">
        <ele>443.6051771972102</ele>
        <time>2025-06-26T19:31:04.727Z</time>
      </trkpt>
      <trkpt lat="37.146002488277205" lon="34.740156481284714">
        <ele>449.19762575061225</ele>
        <time>2025-06-26T19:31:17.960Z</time>
      </trkpt>
      <trkpt lat="37.146002488277205" lon="34.740156481284714">
        <ele>449.19762575061225</ele>
        <time>2025-06-26T19:31:17.960Z</time>
      </trkpt>
      <trkpt lat="37.146002488277205" lon="34.740156481284714">
        <ele>449.19762575061225</ele>
        <time>2025-06-26T19:31:17.960Z</time>
      </trkpt>
      <trkpt lat="37.14573937240998" lon="34.73986419907675">
        <ele>454.8237178668859</ele>
        <time>2025-06-26T19:31:35.103Z</time>
      </trkpt>
      <trkpt lat="37.14573937240998" lon="34.73986419907675">
        <ele>454.8237178668859</ele>
        <time>2025-06-26T19:31:35.103Z</time>
      </trkpt>
      <trkpt lat="37.14554438875855" lon="34.73979523362229">
        <ele>458.6036633482906</ele>
        <time>2025-06-26T19:31:45.285Z</time>
      </trkpt>
      <trkpt lat="37.145378280802774" lon="34.73983444433338">
        <ele>460.4961783721108</ele>
        <time>2025-06-26T19:31:53.780Z</time>
      </trkpt>
      <trkpt lat="37.145378280802774" lon="34.73983444433338">
        <ele>460.4961783721108</ele>
        <time>2025-06-26T19:31:53.780Z</time>
      </trkpt>
      <trkpt lat="37.145378280802774" lon="34.73983444433338">
        <ele>460.4961783721108</ele>
        <time>2025-06-26T19:31:53.780Z</time>
      </trkpt>
      <trkpt lat="37.14527430347245" lon="34.74010501701355">
        <ele>458.80809120427875</ele>
        <time>2025-06-26T19:32:06.047Z</time>
      </trkpt>
      <trkpt lat="37.14527408611975" lon="34.74011756142177">
        <ele>458.6639834118133</ele>
        <time>2025-06-26T19:32:06.558Z</time>
      </trkpt>
      <trkpt lat="37.14526431418878" lon="34.74068154380336">
        <ele>452.3992077285837</ele>
        <time>2025-06-26T19:32:29.596Z</time>
      </trkpt>
      <trkpt lat="37.14526431418878" lon="34.74068154380336">
        <ele>452.3992077285837</ele>
        <time>2025-06-26T19:32:29.596Z</time>
      </trkpt>
      <trkpt lat="37.14526431418878" lon="34.74068154380336">
        <ele>452.3992077285837</ele>
        <time>2025-06-26T19:32:29.596Z</time>
      </trkpt>
      <trkpt lat="37.14510221949486" lon="34.74107207310439">
        <ele>452.7130521357596</ele>
        <time>2025-06-26T19:32:47.836Z</time>
      </trkpt>
      <trkpt lat="37.145101334052384" lon="34.74150163084005">
        <ele>449.0213623730941</ele>
        <time>2025-06-26T19:33:05.631Z</time>
      </trkpt>
      <trkpt lat="37.145101334052384" lon="34.74150163084005">
        <ele>449.0213623730941</ele>
        <time>2025-06-26T19:33:05.631Z</time>
      </trkpt>
      <trkpt lat="37.145101334052384" lon="34.74150163084005">
        <ele>449.0213623730941</ele>
        <time>2025-06-26T19:33:05.631Z</time>
      </trkpt>
      <trkpt lat="37.14541038441652" lon="34.741772934600306">
        <ele>439.1278254263815</ele>
        <time>2025-06-26T19:33:25.242Z</time>
      </trkpt>
      <trkpt lat="37.14541038441652" lon="34.741772934600306">
        <ele>439.1278254263815</ele>
        <time>2025-06-26T19:33:25.242Z</time>
      </trkpt>
      <trkpt lat="37.14562111859168" lon="34.741764147828256">
        <ele>433.83175583544704</ele>
        <time>2025-06-26T19:33:36.199Z</time>
      </trkpt>
      <trkpt lat="37.14607053051594" lon="34.741745409148905">
        <ele>426.92935855444574</ele>
        <time>2025-06-26T19:33:59.566Z</time>
      </trkpt>
      <trkpt lat="37.1461977545821" lon="34.74179580092106">
        <ele>425.10685151536114</ele>
        <time>2025-06-26T19:34:06.499Z</time>
      </trkpt>
      <trkpt lat="37.146626551576595" lon="34.74196564174678">
        <ele>419.65316365240216</ele>
        <time>2025-06-26T19:34:29.866Z</time>
      </trkpt>
      <trkpt lat="37.1470553485711" lon="34.74213548257251">
        <ele>416.69095507755486</ele>
        <time>2025-06-26T19:34:53.233Z</time>
      </trkpt>
      <trkpt lat="37.1474841455656" lon="34.74230532339823">
        <ele>416.07408463650364</ele>
        <time>2025-06-26T19:35:16.600Z</time>
      </trkpt>
    </trkseg>
  </trk>
</gpx>
