<?xml version="1.0" encoding="UTF-8"?>
<gpx creator="Wikiloc - http://www.wikiloc.com" version="1.1" schemaLocation="http://www.topografix.com/GPX/1/1 http://www.topografix.com/GPX/1/1/gpx.xsd" xmlns="http://www.topografix.com/GPX/1/1" xmlns:xsi="http://www.w3.org/2001/XMLSchema-instance" xsi:schemaLocation="http://www.topografix.com/GPX/1/1 http://www.topografix.com/GPX/1/1/gpx.xsd http://www.garmin.com/xmlschemas/GpxExtensions/v3 http://www.garmin.com/xmlschemas/GpxExtensionsv3.xsd http://www.garmin.com/xmlschemas/TrackPointExtension/v1 http://www.garmin.com/xmlschemas/TrackPointExtensionv1.xsd http://www.garmin.com/xmlschemas/PowerExtension/v1 http://www.garmin.com/xmlschemas/PowerExtensionv1.xsd http://www.topografix.com/GPX/gpx_style/0/2 http://www.topografix.com/GPX/gpx_style/0/2/gpx_style.xsd" xmlns:gpxtpx="http://www.garmin.com/xmlschemas/TrackPointExtension/v1" xmlns:gpxx="http://www.garmin.com/xmlschemas/GpxExtensions/v3" xmlns:gpxpx="http://www.garmin.com/xmlschemas/PowerExtension/v1" xmlns:gpx_style="http://www.topografix.com/GPX/gpx_style/0/2">
  <metadata>
    <name>33k New Deniz </name>
    <author>
      <name>gpx.studio</name>
      <link href="https://gpx.studio"/>
    </author>
    <link href="https://www.wikiloc.com/wikiloc/view.do?id=219601931">
      <text>Yeni 33 orta kısım on Wikiloc</text>
    </link>
    <time>2025-06-26T12:24:33.000Z</time>
  </metadata>
  <trk>
    <name>33k New Deniz </name>
    <cmt>Dereden geçen yer</cmt>
    <desc>Dereden geçen yer</desc>
    <trkseg>
      <trkpt lat="37.147516647172864" lon="34.74224561327733">
        <ele>416.3671470125211</ele>
        <time>2025-06-26T11:35:56.184Z</time>
      </trkpt>
      <trkpt lat="37.14757641961225" lon="34.74229552119701">
        <ele>416.58932879511343</ele>
        <time>2025-06-26T11:35:59.914Z</time>
      </trkpt>
      <trkpt lat="37.14757641961225" lon="34.74229552119701">
        <ele>416.58932879511343</ele>
        <time>2025-06-26T11:35:59.914Z</time>
      </trkpt>
      <trkpt lat="37.14798498065879" lon="34.742225723789296">
        <ele>418.8478006873238</ele>
        <time>2025-06-26T11:36:21.337Z</time>
      </trkpt>
      <trkpt lat="37.148430528925786" lon="34.742149607589994">
        <ele>425.1729824996098</ele>
        <time>2025-06-26T11:36:44.705Z</time>
      </trkpt>
      <trkpt lat="37.148430528925786" lon="34.742149607589994">
        <ele>425.1729824996098</ele>
        <time>2025-06-26T11:36:44.705Z</time>
      </trkpt>
      <trkpt lat="37.14848342013882" lon="34.74214985062653">
        <ele>426.0234059966635</ele>
        <time>2025-06-26T11:36:47.453Z</time>
      </trkpt>
      <trkpt lat="37.1486112036207" lon="34.74223271937191">
        <ele>428.0780044661842</ele>
        <time>2025-06-26T11:36:54.954Z</time>
      </trkpt>
      <trkpt lat="37.148709093674825" lon="34.74237009437368">
        <ele>429.7519563769932</ele>
        <time>2025-06-26T11:37:02.613Z</time>
      </trkpt>
      <trkpt lat="37.14889720473599" lon="34.74241628902567">
        <ele>432.4905391503132</ele>
        <time>2025-06-26T11:37:12.609Z</time>
      </trkpt>
      <trkpt lat="37.14909862244765" lon="34.74247127027638">
        <ele>434.30824786354896</ele>
        <time>2025-06-26T11:37:23.358Z</time>
      </trkpt>
      <trkpt lat="37.14916004165953" lon="34.74248688023067">
        <ele>434.84691240643286</ele>
        <time>2025-06-26T11:37:26.625Z</time>
      </trkpt>
      <trkpt lat="37.149261396953975" lon="34.74265898512101">
        <ele>435.6673712922732</ele>
        <time>2025-06-26T11:37:35.519Z</time>
      </trkpt>
      <trkpt lat="37.14955172433831" lon="34.74282715572329">
        <ele>438.55454210253885</ele>
        <time>2025-06-26T11:37:52.195Z</time>
      </trkpt>
      <trkpt lat="37.149820030676295" lon="34.74297695661994">
        <ele>441.1853823014083</ele>
        <time>2025-06-26T11:38:07.510Z</time>
      </trkpt>
      <trkpt lat="37.150104640417894" lon="34.74311750547369">
        <ele>443.79099451242985</ele>
        <time>2025-06-26T11:38:23.460Z</time>
      </trkpt>
      <trkpt lat="37.150280315515545" lon="34.74330096553507">
        <ele>445.6024406968385</ele>
        <time>2025-06-26T11:38:35.379Z</time>
      </trkpt>
      <trkpt lat="37.150512683174" lon="34.74352064116013">
        <ele>447.6442798502752</ele>
        <time>2025-06-26T11:38:50.552Z</time>
      </trkpt>
      <trkpt lat="37.15072291284022" lon="34.74360176286348">
        <ele>449.33816517670755</ele>
        <time>2025-06-26T11:39:02.022Z</time>
      </trkpt>
      <trkpt lat="37.15088805569968" lon="34.74368143215122">
        <ele>450.63079434391125</ele>
        <time>2025-06-26T11:39:11.249Z</time>
      </trkpt>
      <trkpt lat="37.1511889467382" lon="34.74375309266367">
        <ele>453.2848596074502</ele>
        <time>2025-06-26T11:39:27.220Z</time>
      </trkpt>
      <trkpt lat="37.1512963009358" lon="34.743765413486415">
        <ele>455.0724365580139</ele>
        <time>2025-06-26T11:39:32.841Z</time>
      </trkpt>
      <trkpt lat="37.15147924857767" lon="34.743676226725285">
        <ele>457.97785590500496</ele>
        <time>2025-06-26T11:39:43.076Z</time>
      </trkpt>
      <trkpt lat="37.15152301873367" lon="34.743613658065385">
        <ele>458.66650443320805</ele>
        <time>2025-06-26T11:39:46.536Z</time>
      </trkpt>
      <trkpt lat="37.151707175549944" lon="34.743563536411614">
        <ele>461.88740051598376</ele>
        <time>2025-06-26T11:39:56.363Z</time>
      </trkpt>
      <trkpt lat="37.15185736688784" lon="34.74357206074194">
        <ele>464.51665333826156</ele>
        <time>2025-06-26T11:40:04.203Z</time>
      </trkpt>
      <trkpt lat="37.15194829108978" lon="34.74362878877912">
        <ele>466.2468167518274</ele>
        <time>2025-06-26T11:40:09.498Z</time>
      </trkpt>
      <trkpt lat="37.15208894108936" lon="34.743718136678865">
        <ele>469.5600689528075</ele>
        <time>2025-06-26T11:40:17.719Z</time>
      </trkpt>
      <trkpt lat="37.152128899767206" lon="34.743779973362734">
        <ele>470.29362290255335</ele>
        <time>2025-06-26T11:40:21.027Z</time>
      </trkpt>
      <trkpt lat="37.152103224592835" lon="34.743911077724334">
        <ele>469.1223384507007</ele>
        <time>2025-06-26T11:40:26.638Z</time>
      </trkpt>
      <trkpt lat="37.1520591821719" lon="34.74405845447319">
        <ele>467.530221357643</ele>
        <time>2025-06-26T11:40:33.180Z</time>
      </trkpt>
      <trkpt lat="37.151990994127544" lon="34.74433838411014">
        <ele>465.2784370683279</ele>
        <time>2025-06-26T11:40:45.346Z</time>
      </trkpt>
      <trkpt lat="37.151991105973735" lon="34.74444591450512">
        <ele>464.99296848639136</ele>
        <time>2025-06-26T11:40:49.815Z</time>
      </trkpt>
      <trkpt lat="37.151939651844444" lon="34.7446256482738">
        <ele>463.8880531392538</ele>
        <time>2025-06-26T11:40:57.752Z</time>
      </trkpt>
      <trkpt lat="37.15192961915977" lon="34.7446851692504">
        <ele>463.75606385232084</ele>
        <time>2025-06-26T11:41:00.280Z</time>
      </trkpt>
      <trkpt lat="37.151845508032025" lon="34.7447953945985">
        <ele>462.83289290480377</ele>
        <time>2025-06-26T11:41:06.622Z</time>
      </trkpt>
      <trkpt lat="37.151817073707335" lon="34.7448764864632">
        <ele>462.53667664400234</ele>
        <time>2025-06-26T11:41:10.304Z</time>
      </trkpt>
      <trkpt lat="37.15176814578433" lon="34.74497317426298">
        <ele>462.02820800133054</ele>
        <time>2025-06-26T11:41:15.064Z</time>
      </trkpt>
      <trkpt lat="37.15167238488783" lon="34.74506877657748">
        <ele>460.96970201777657</ele>
        <time>2025-06-26T11:41:21.446Z</time>
      </trkpt>
      <trkpt lat="37.15163500865641" lon="34.74511604996161">
        <ele>460.5707719141116</ele>
        <time>2025-06-26T11:41:24.213Z</time>
      </trkpt>
      <trkpt lat="37.15150032648512" lon="34.74525808895581">
        <ele>459.08426158090595</ele>
        <time>2025-06-26T11:41:33.388Z</time>
      </trkpt>
      <trkpt lat="37.151157688821" lon="34.745494400252625">
        <ele>455.1894716849555</ele>
        <time>2025-06-26T11:41:53.778Z</time>
      </trkpt>
      <trkpt lat="37.15106776724548" lon="34.745677336594696">
        <ele>454.29185153742276</ele>
        <time>2025-06-26T11:42:02.711Z</time>
      </trkpt>
      <trkpt lat="37.15089218825629" lon="34.74584289020319">
        <ele>452.629047390855</ele>
        <time>2025-06-26T11:42:14.164Z</time>
      </trkpt>
      <trkpt lat="37.15066221046153" lon="34.74602547274017">
        <ele>450.7345921482902</ele>
        <time>2025-06-26T11:42:28.356Z</time>
      </trkpt>
      <trkpt lat="37.15052213908258" lon="34.74607946003741">
        <ele>449.7108497042918</ele>
        <time>2025-06-26T11:42:35.997Z</time>
      </trkpt>
      <trkpt lat="37.150324392034136" lon="34.74627769518631">
        <ele>448.52699012127727</ele>
        <time>2025-06-26T11:42:49.197Z</time>
      </trkpt>
      <trkpt lat="37.150068922312656" lon="34.746671571635204">
        <ele>449.7798729598955</ele>
        <time>2025-06-26T11:43:10.304Z</time>
      </trkpt>
      <trkpt lat="37.15003218417361" lon="34.74675157258358">
        <ele>450.56366974778535</ele>
        <time>2025-06-26T11:43:14.141Z</time>
      </trkpt>
      <trkpt lat="37.14987075718078" lon="34.746799518132946">
        <ele>450.73053663629173</ele>
        <time>2025-06-26T11:43:22.792Z</time>
      </trkpt>
      <trkpt lat="37.149752402070774" lon="34.7468471136082">
        <ele>450.9566082882475</ele>
        <time>2025-06-26T11:43:29.273Z</time>
      </trkpt>
      <trkpt lat="37.14961372756949" lon="34.74702124084422">
        <ele>452.3427028971267</ele>
        <time>2025-06-26T11:43:39.504Z</time>
      </trkpt>
      <trkpt lat="37.149578706722934" lon="34.747105079339036">
        <ele>453.0170498890816</ele>
        <time>2025-06-26T11:43:43.438Z</time>
      </trkpt>
      <trkpt lat="37.14955655697352" lon="34.74739277910598">
        <ele>455.87503977075704</ele>
        <time>2025-06-26T11:43:55.452Z</time>
      </trkpt>
      <trkpt lat="37.149508314247925" lon="34.74749578011466">
        <ele>456.46870941705197</ele>
        <time>2025-06-26T11:44:00.418Z</time>
      </trkpt>
      <trkpt lat="37.1493997031786" lon="34.747579500678654">
        <ele>455.1559099052713</ele>
        <time>2025-06-26T11:44:07.065Z</time>
      </trkpt>
      <trkpt lat="37.149256149839374" lon="34.747654680250776">
        <ele>452.8473248586904</ele>
        <time>2025-06-26T11:44:15.177Z</time>
      </trkpt>
      <trkpt lat="37.149262674570295" lon="34.74780468307566">
        <ele>450.45731063407015</ele>
        <time>2025-06-26T11:44:21.421Z</time>
      </trkpt>
      <trkpt lat="37.14935629736024" lon="34.748005333934685">
        <ele>448.2464934491304</ele>
        <time>2025-06-26T11:44:31.085Z</time>
      </trkpt>
      <trkpt lat="37.14947604960662" lon="34.74811464134589">
        <ele>448.1291999423963</ele>
        <time>2025-06-26T11:44:38.807Z</time>
      </trkpt>
      <trkpt lat="37.14964383514668" lon="34.748336447432905">
        <ele>447.5198032669479</ele>
        <time>2025-06-26T11:44:51.517Z</time>
      </trkpt>
      <trkpt lat="37.14982350293617" lon="34.74846935882974">
        <ele>449.1112533575863</ele>
        <time>2025-06-26T11:45:02.394Z</time>
      </trkpt>
      <trkpt lat="37.14996098563876" lon="34.74872490193735">
        <ele>445.7659826737833</ele>
        <time>2025-06-26T11:45:15.209Z</time>
      </trkpt>
      <trkpt lat="37.15003519008086" lon="34.74882534181668">
        <ele>444.7271683469427</ele>
        <time>2025-06-26T11:45:20.901Z</time>
      </trkpt>
      <trkpt lat="37.15011283635953" lon="34.74887151025353">
        <ele>445.01334418617245</ele>
        <time>2025-06-26T11:45:25.382Z</time>
      </trkpt>
      <trkpt lat="37.150519173721605" lon="34.74911311823729">
        <ele>445.7394513681909</ele>
        <time>2025-06-26T11:45:48.831Z</time>
      </trkpt>
      <trkpt lat="37.15065790299731" lon="34.74918185592418">
        <ele>445.9454102547213</ele>
        <time>2025-06-26T11:45:56.609Z</time>
      </trkpt>
      <trkpt lat="37.15074990911623" lon="34.749303456040934">
        <ele>444.4506780503327</ele>
        <time>2025-06-26T11:46:03.578Z</time>
      </trkpt>
      <trkpt lat="37.15090546438569" lon="34.749486151717605">
        <ele>442.68112232573344</ele>
        <time>2025-06-26T11:46:14.690Z</time>
      </trkpt>
      <trkpt lat="37.15106099762136" lon="34.74963440883141">
        <ele>441.49389076466446</ele>
        <time>2025-06-26T11:46:24.876Z</time>
      </trkpt>
      <trkpt lat="37.15131915945348" lon="34.74996739460079">
        <ele>438.92073650118016</ele>
        <time>2025-06-26T11:46:44.184Z</time>
      </trkpt>
      <trkpt lat="37.151425366727665" lon="34.750009519645346">
        <ele>440.7291773832407</ele>
        <time>2025-06-26T11:46:49.992Z</time>
      </trkpt>
      <trkpt lat="37.15150191844225" lon="34.75006793358372">
        <ele>441.459431175097</ele>
        <time>2025-06-26T11:46:54.664Z</time>
      </trkpt>
      <trkpt lat="37.151600126039554" lon="34.7502867930738">
        <ele>439.4581854741434</ele>
        <time>2025-06-26T11:47:05.103Z</time>
      </trkpt>
      <trkpt lat="37.151660542942565" lon="34.750504061467154">
        <ele>438.88591093074615</ele>
        <time>2025-06-26T11:47:14.667Z</time>
      </trkpt>
      <trkpt lat="37.15168678794373" lon="34.750754012671905">
        <ele>441.47168739612863</ele>
        <time>2025-06-26T11:47:25.146Z</time>
      </trkpt>
      <trkpt lat="37.15159995393549" lon="34.75083805417293">
        <ele>440.63033038617846</ele>
        <time>2025-06-26T11:47:30.865Z</time>
      </trkpt>
      <trkpt lat="37.15150547409921" lon="34.751132063060254">
        <ele>442.9372041657667</ele>
        <time>2025-06-26T11:47:44.041Z</time>
      </trkpt>
      <trkpt lat="37.15146911031043" lon="34.75145870992952">
        <ele>449.7996199271276</ele>
        <time>2025-06-26T11:47:57.750Z</time>
      </trkpt>
      <trkpt lat="37.15155110715821" lon="34.75166435742963">
        <ele>458.6548072886693</ele>
        <time>2025-06-26T11:48:07.307Z</time>
      </trkpt>
      <trkpt lat="37.15181080752423" lon="34.75197692686537">
        <ele>459.32039680618567</ele>
        <time>2025-06-26T11:48:26.074Z</time>
      </trkpt>
      <trkpt lat="37.15213530066903" lon="34.752367479411475">
        <ele>456.93256748393054</ele>
        <time>2025-06-26T11:48:49.523Z</time>
      </trkpt>
      <trkpt lat="37.15218318419815" lon="34.75240772408412">
        <ele>457.7304767885124</ele>
        <time>2025-06-26T11:48:52.528Z</time>
      </trkpt>
      <trkpt lat="37.15255676855489" lon="34.75272171055124">
        <ele>463.20032876531593</ele>
        <time>2025-06-26T11:49:15.977Z</time>
      </trkpt>
      <trkpt lat="37.15262505470956" lon="34.753213133465806">
        <ele>475.0043064151947</ele>
        <time>2025-06-26T11:49:36.711Z</time>
      </trkpt>
      <trkpt lat="37.152899394702885" lon="34.753522880524">
        <ele>481.8319006809054</ele>
        <time>2025-06-26T11:49:55.957Z</time>
      </trkpt>
      <trkpt lat="37.15324219205782" lon="34.75364042806436">
        <ele>477.4423335383373</ele>
        <time>2025-06-26T11:50:14.489Z</time>
      </trkpt>
      <trkpt lat="37.15352884708709" lon="34.75373509368998">
        <ele>471.90062580251373</ele>
        <time>2025-06-26T11:50:29.947Z</time>
      </trkpt>
      <trkpt lat="37.153611423353176" lon="34.75384163903956">
        <ele>473.90801232978504</ele>
        <time>2025-06-26T11:50:36.124Z</time>
      </trkpt>
      <trkpt lat="37.15392490381703" lon="34.75424611222766">
        <ele>472.6381124623664</ele>
        <time>2025-06-26T11:51:01.562Z</time>
      </trkpt>
      <trkpt lat="37.15392490381703" lon="34.75424611222766">
        <ele>472.6381124623664</ele>
        <time>2025-06-26T11:51:01.608Z</time>
      </trkpt>
      <trkpt lat="37.154239733793375" lon="34.75464106172777">
        <ele>470.940194017689</ele>
        <time>2025-06-26T11:51:25.762Z</time>
      </trkpt>
      <trkpt lat="37.154493710498045" lon="34.75478011397536">
        <ele>469.01781924875195</ele>
        <time>2025-06-26T11:51:40.796Z</time>
      </trkpt>
      <trkpt lat="37.154493710498045" lon="34.75478011397536">
        <ele>469.01781924875195</ele>
        <time>2025-06-26T11:51:40.796Z</time>
      </trkpt>
      <trkpt lat="37.15488160054616" lon="34.75484384625523">
        <ele>461.00045652529985</ele>
        <time>2025-06-26T11:52:02.020Z</time>
      </trkpt>
      <trkpt lat="37.15488160054616" lon="34.75484384625523">
        <ele>461.00045652529985</ele>
        <time>2025-06-26T11:52:02.020Z</time>
      </trkpt>
      <trkpt lat="37.154907903729956" lon="34.754845127909796">
        <ele>460.37740504520985</ele>
        <time>2025-06-26T11:52:03.305Z</time>
      </trkpt>
      <trkpt lat="37.15535722491221" lon="34.75486702162996">
        <ele>459.45018240505425</ele>
        <time>2025-06-26T11:52:26.298Z</time>
      </trkpt>
      <trkpt lat="37.15535722491221" lon="34.75486702162996">
        <ele>459.45018240505425</ele>
        <time>2025-06-26T11:52:26.298Z</time>
      </trkpt>
      <trkpt lat="37.15566661003048" lon="34.75491916622184">
        <ele>460.8301022418501</ele>
        <time>2025-06-26T11:52:42.260Z</time>
      </trkpt>
      <trkpt lat="37.15566661003048" lon="34.75491916622184">
        <ele>460.8301022418501</ele>
        <time>2025-06-26T11:52:42.260Z</time>
      </trkpt>
      <trkpt lat="37.15578558985583" lon="34.755041846408666">
        <ele>460.3421468323104</ele>
        <time>2025-06-26T11:52:49.131Z</time>
      </trkpt>
      <trkpt lat="37.15613299415834" lon="34.755400055244564">
        <ele>466.6440636738877</ele>
        <time>2025-06-26T11:53:11.414Z</time>
      </trkpt>
      <trkpt lat="37.15613299415834" lon="34.755400055244564">
        <ele>466.6440636738877</ele>
        <time>2025-06-26T11:53:11.535Z</time>
      </trkpt>
      <trkpt lat="37.15613299415834" lon="34.755400055244564">
        <ele>466.6440636738877</ele>
        <time>2025-06-26T11:53:11.535Z</time>
      </trkpt>
      <trkpt lat="37.15631223705972" lon="34.755583550822365">
        <ele>473.45827159870146</ele>
        <time>2025-06-26T11:53:23.634Z</time>
      </trkpt>
      <trkpt lat="37.15631223705972" lon="34.755583550822365">
        <ele>473.45827159870146</ele>
        <time>2025-06-26T11:53:23.634Z</time>
      </trkpt>
      <trkpt lat="37.156551071227796" lon="34.755800553550046">
        <ele>479.61367958792283</ele>
        <time>2025-06-26T11:53:38.880Z</time>
      </trkpt>
      <trkpt lat="37.15677868109361" lon="34.756048285594915">
        <ele>481.8201125786196</ele>
        <time>2025-06-26T11:53:54.458Z</time>
      </trkpt>
      <trkpt lat="37.15677868109361" lon="34.756048285594915">
        <ele>481.8201125786196</ele>
        <time>2025-06-26T11:53:54.458Z</time>
      </trkpt>
      <trkpt lat="37.15683652758467" lon="34.75610102332508">
        <ele>481.5057597677086</ele>
        <time>2025-06-26T11:53:58.154Z</time>
      </trkpt>
      <trkpt lat="37.1572003005201" lon="34.756432669351625">
        <ele>476.06425386577416</ele>
        <time>2025-06-26T11:54:21.603Z</time>
      </trkpt>
      <trkpt lat="37.1573170685875" lon="34.75662506001393">
        <ele>474.0892203860008</ele>
        <time>2025-06-26T11:54:31.654Z</time>
      </trkpt>
      <trkpt lat="37.15741648906352" lon="34.75679954083495">
        <ele>472.85119760312966</ele>
        <time>2025-06-26T11:54:40.568Z</time>
      </trkpt>
      <trkpt lat="37.15754609860821" lon="34.75707521131187">
        <ele>470.62439669380404</ele>
        <time>2025-06-26T11:54:53.870Z</time>
      </trkpt>
      <trkpt lat="37.15761700968115" lon="34.75719651835408">
        <ele>468.6471088173912</ele>
        <time>2025-06-26T11:55:00.122Z</time>
      </trkpt>
      <trkpt lat="37.15770042462783" lon="34.75731465343483">
        <ele>466.79754027424326</ele>
        <time>2025-06-26T11:55:07.444Z</time>
      </trkpt>
      <trkpt lat="37.15770042462783" lon="34.75731465343483">
        <ele>466.79754027424326</ele>
        <time>2025-06-26T11:55:07.444Z</time>
      </trkpt>
      <trkpt lat="37.15781570605094" lon="34.757385283252745">
        <ele>464.1134597683946</ele>
        <time>2025-06-26T11:55:14.135Z</time>
      </trkpt>
      <trkpt lat="37.15796366807089" lon="34.757460083548864">
        <ele>460.59486831924926</ele>
        <time>2025-06-26T11:55:22.455Z</time>
      </trkpt>
      <trkpt lat="37.15796366807089" lon="34.757460083548864">
        <ele>460.59486831924926</ele>
        <time>2025-06-26T11:55:22.455Z</time>
      </trkpt>
      <trkpt lat="37.15801624019032" lon="34.75748537602229">
        <ele>459.35882672835174</ele>
        <time>2025-06-26T11:55:25.392Z</time>
      </trkpt>
      <trkpt lat="37.15805692555037" lon="34.75755537722077">
        <ele>458.6960194513674</ele>
        <time>2025-06-26T11:55:29.663Z</time>
      </trkpt>
      <trkpt lat="37.15805692555037" lon="34.75755537722077">
        <ele>458.6960194513674</ele>
        <time>2025-06-26T11:55:29.663Z</time>
      </trkpt>
      <trkpt lat="37.15805051797972" lon="34.75766559598276">
        <ele>459.4066990111494</ele>
        <time>2025-06-26T11:55:34.161Z</time>
      </trkpt>
      <trkpt lat="37.15798573493072" lon="34.75776134563969">
        <ele>461.6671680632098</ele>
        <time>2025-06-26T11:55:39.273Z</time>
      </trkpt>
      <trkpt lat="37.15798573493072" lon="34.75776134563969">
        <ele>461.6671680632098</ele>
        <time>2025-06-26T11:55:39.273Z</time>
      </trkpt>
      <trkpt lat="37.15773384614616" lon="34.75796426921352">
        <ele>469.18836101224167</ele>
        <time>2025-06-26T11:55:54.560Z</time>
      </trkpt>
      <trkpt lat="37.15773384614616" lon="34.75796426921352">
        <ele>469.18836101224167</ele>
        <time>2025-06-26T11:55:54.604Z</time>
      </trkpt>
      <trkpt lat="37.15761395875735" lon="34.75810251656054">
        <ele>472.92701771303683</ele>
        <time>2025-06-26T11:56:03.094Z</time>
      </trkpt>
      <trkpt lat="37.15755785190507" lon="34.758201196567256">
        <ele>475.17406209351105</ele>
        <time>2025-06-26T11:56:08.132Z</time>
      </trkpt>
      <trkpt lat="37.15746343041454" lon="34.758208451504515">
        <ele>477.63050148701353</ele>
        <time>2025-06-26T11:56:13.065Z</time>
      </trkpt>
      <trkpt lat="37.15742062711635" lon="34.75810807416846">
        <ele>477.82815630175236</ele>
        <time>2025-06-26T11:56:17.796Z</time>
      </trkpt>
      <trkpt lat="37.15743476738234" lon="34.75800215228517">
        <ele>477.04291104341695</ele>
        <time>2025-06-26T11:56:22.260Z</time>
      </trkpt>
      <trkpt lat="37.15741942408941" lon="34.75784571698509">
        <ele>476.7018243606673</ele>
        <time>2025-06-26T11:56:28.811Z</time>
      </trkpt>
      <trkpt lat="37.15737709359503" lon="34.75775881376518">
        <ele>477.4225738293646</ele>
        <time>2025-06-26T11:56:33.043Z</time>
      </trkpt>
      <trkpt lat="37.157320191819394" lon="34.75769691636515">
        <ele>479.0953331838061</ele>
        <time>2025-06-26T11:56:36.970Z</time>
      </trkpt>
      <trkpt lat="37.1572768646289" lon="34.75763215012148">
        <ele>480.53030917709793</ele>
        <time>2025-06-26T11:56:40.484Z</time>
      </trkpt>
      <trkpt lat="37.15726049087435" lon="34.75755245768727">
        <ele>480.8401642498909</ele>
        <time>2025-06-26T11:56:43.904Z</time>
      </trkpt>
      <trkpt lat="37.15726077691548" lon="34.75737398762172">
        <ele>480.0856941632002</ele>
        <time>2025-06-26T11:56:51.321Z</time>
      </trkpt>
      <trkpt lat="37.157250312948435" lon="34.7572184976533">
        <ele>479.86300084194784</ele>
        <time>2025-06-26T11:56:57.806Z</time>
      </trkpt>
      <trkpt lat="37.1571712264863" lon="34.757040654677496">
        <ele>481.6765050427648</ele>
        <time>2025-06-26T11:57:04.595Z</time>
      </trkpt>
      <trkpt lat="37.1571712264863" lon="34.757040654677496">
        <ele>481.6765050427648</ele>
        <time>2025-06-26T11:57:04.595Z</time>
      </trkpt>
      <trkpt lat="37.15713985114476" lon="34.7569821749137">
        <ele>482.4329490486829</ele>
        <time>2025-06-26T11:57:07.522Z</time>
      </trkpt>
      <trkpt lat="37.157082213634155" lon="34.757029182712444">
        <ele>485.02006396296713</ele>
        <time>2025-06-26T11:57:11.103Z</time>
      </trkpt>
      <trkpt lat="37.157082213634155" lon="34.757029182712444">
        <ele>485.02006396296713</ele>
        <time>2025-06-26T11:57:11.103Z</time>
      </trkpt>
      <trkpt lat="37.15708509551058" lon="34.757155742169715">
        <ele>486.126719648368</ele>
        <time>2025-06-26T11:57:16.360Z</time>
      </trkpt>
      <trkpt lat="37.15708509551058" lon="34.757155742169715">
        <ele>486.126719648368</ele>
        <time>2025-06-26T11:57:16.404Z</time>
      </trkpt>
      <trkpt lat="37.156983143213765" lon="34.75747308279941">
        <ele>491.98717935510314</ele>
        <time>2025-06-26T11:57:30.628Z</time>
      </trkpt>
      <trkpt lat="37.156983143213765" lon="34.75747308279941">
        <ele>491.98717935510314</ele>
        <time>2025-06-26T11:57:32.469Z</time>
      </trkpt>
      <trkpt lat="37.156983143213765" lon="34.75747308279941">
        <ele>491.98717935510314</ele>
        <time>2025-06-26T11:57:32.469Z</time>
      </trkpt>
      <trkpt lat="37.1569121827217" lon="34.757557116447884">
        <ele>495.2187911666941</ele>
        <time>2025-06-26T11:57:37.560Z</time>
      </trkpt>
      <trkpt lat="37.15689198841024" lon="34.75764279071896">
        <ele>496.34484297200186</ele>
        <time>2025-06-26T11:57:41.275Z</time>
      </trkpt>
      <trkpt lat="37.15689198841024" lon="34.75764279071896">
        <ele>496.34484297200186</ele>
        <time>2025-06-26T11:57:41.275Z</time>
      </trkpt>
      <trkpt lat="37.15693407587385" lon="34.757768142312955">
        <ele>495.0795452168453</ele>
        <time>2025-06-26T11:57:46.931Z</time>
      </trkpt>
      <trkpt lat="37.15692014547284" lon="34.75805488959165">
        <ele>496.7327010579413</ele>
        <time>2025-06-26T11:57:58.871Z</time>
      </trkpt>
      <trkpt lat="37.15688044229468" lon="34.758195150864424">
        <ele>499.11723835901427</ele>
        <time>2025-06-26T11:58:05.921Z</time>
      </trkpt>
      <trkpt lat="37.15688044229468" lon="34.758195150864424">
        <ele>499.11723835901427</ele>
        <time>2025-06-26T11:58:05.921Z</time>
      </trkpt>
      <trkpt lat="37.15687879945847" lon="34.75837113563776">
        <ele>502.1086423152817</ele>
        <time>2025-06-26T11:58:14.336Z</time>
      </trkpt>
      <trkpt lat="37.1569477708437" lon="34.75847937219484">
        <ele>501.32434399142016</ele>
        <time>2025-06-26T11:58:20.962Z</time>
      </trkpt>
      <trkpt lat="37.1569477708437" lon="34.75847937219484">
        <ele>501.32434399142016</ele>
        <time>2025-06-26T11:58:20.962Z</time>
      </trkpt>
      <trkpt lat="37.15709683838942" lon="34.75853727847695">
        <ele>496.4836623806052</ele>
        <time>2025-06-26T11:58:30.323Z</time>
      </trkpt>
      <trkpt lat="37.15709683838942" lon="34.75853727847695">
        <ele>496.4836623806052</ele>
        <time>2025-06-26T11:58:30.323Z</time>
      </trkpt>
      <trkpt lat="37.15709683838942" lon="34.75853727847695">
        <ele>496.4836623806052</ele>
        <time>2025-06-26T11:58:30.323Z</time>
      </trkpt>
      <trkpt lat="37.15719292420319" lon="34.75859532667616">
        <ele>493.77320347980185</ele>
        <time>2025-06-26T11:58:35.884Z</time>
      </trkpt>
      <trkpt lat="37.15721951932417" lon="34.75872049262324">
        <ele>495.05674209080246</ele>
        <time>2025-06-26T11:58:41.267Z</time>
      </trkpt>
      <trkpt lat="37.15721951932417" lon="34.75872049262324">
        <ele>495.05674209080246</ele>
        <time>2025-06-26T11:58:41.638Z</time>
      </trkpt>
      <trkpt lat="37.15721951932417" lon="34.75872049262324">
        <ele>495.05674209080246</ele>
        <time>2025-06-26T11:58:41.638Z</time>
      </trkpt>
      <trkpt lat="37.157213832562505" lon="34.7588542741922">
        <ele>497.77491967547604</ele>
        <time>2025-06-26T11:58:47.272Z</time>
      </trkpt>
      <trkpt lat="37.15724001107655" lon="34.759028447751405">
        <ele>499.98862100187694</ele>
        <time>2025-06-26T11:58:54.726Z</time>
      </trkpt>
      <trkpt lat="37.15724001107655" lon="34.759028447751405">
        <ele>499.98862100187694</ele>
        <time>2025-06-26T11:58:54.726Z</time>
      </trkpt>
      <trkpt lat="37.15730752330985" lon="34.759289438731145">
        <ele>503.2392308407537</ele>
        <time>2025-06-26T11:59:06.266Z</time>
      </trkpt>
      <trkpt lat="37.15730752330985" lon="34.759289438731145">
        <ele>503.2392308407537</ele>
        <time>2025-06-26T11:59:07.111Z</time>
      </trkpt>
      <trkpt lat="37.15730752330985" lon="34.759289438731145">
        <ele>503.2392308407537</ele>
        <time>2025-06-26T11:59:07.111Z</time>
      </trkpt>
      <trkpt lat="37.15733667151156" lon="34.75939608884539">
        <ele>505.09689190287736</ele>
        <time>2025-06-26T11:59:11.797Z</time>
      </trkpt>
      <trkpt lat="37.15736679874463" lon="34.759476534235176">
        <ele>506.2506788336084</ele>
        <time>2025-06-26T11:59:15.492Z</time>
      </trkpt>
      <trkpt lat="37.15736679874463" lon="34.759476534235176">
        <ele>506.2506788336084</ele>
        <time>2025-06-26T11:59:15.536Z</time>
      </trkpt>
      <trkpt lat="37.157473435759" lon="34.759602438945734">
        <ele>507.2035733103055</ele>
        <time>2025-06-26T11:59:23.173Z</time>
      </trkpt>
      <trkpt lat="37.15751806771611" lon="34.75976359602774">
        <ele>510.4469621041144</ele>
        <time>2025-06-26T11:59:30.264Z</time>
      </trkpt>
      <trkpt lat="37.15756208911215" lon="34.75995234296835">
        <ele>514.450746905438</ele>
        <time>2025-06-26T11:59:38.437Z</time>
      </trkpt>
      <trkpt lat="37.157558235006874" lon="34.760126422299976">
        <ele>519.0970094487709</ele>
        <time>2025-06-26T11:59:45.674Z</time>
      </trkpt>
      <trkpt lat="37.157532357722275" lon="34.76017985591349">
        <ele>520.963375614426</ele>
        <time>2025-06-26T11:59:48.272Z</time>
      </trkpt>
      <trkpt lat="37.157515362001604" lon="34.76024173920899">
        <ele>522.7704637571247</ele>
        <time>2025-06-26T11:59:50.992Z</time>
      </trkpt>
      <trkpt lat="37.15757161257319" lon="34.76028070762061">
        <ele>522.5807535883225</ele>
        <time>2025-06-26T11:59:54.342Z</time>
      </trkpt>
      <trkpt lat="37.15764742417903" lon="34.760249557574554">
        <ele>520.3005506111608</ele>
        <time>2025-06-26T11:59:58.502Z</time>
      </trkpt>
      <trkpt lat="37.15771149372392" lon="34.76025077253749">
        <ele>519.13777033466</ele>
        <time>2025-06-26T12:00:01.843Z</time>
      </trkpt>
      <trkpt lat="37.15778107142371" lon="34.76020280260025">
        <ele>516.412413049492</ele>
        <time>2025-06-26T12:00:05.983Z</time>
      </trkpt>
      <trkpt lat="37.15795854397487" lon="34.760162818603504">
        <ele>511.57062777406645</ele>
        <time>2025-06-26T12:00:15.386Z</time>
      </trkpt>
      <trkpt lat="37.15806535189594" lon="34.76020210541827">
        <ele>510.58011824363604</ele>
        <time>2025-06-26T12:00:21.190Z</time>
      </trkpt>
      <trkpt lat="37.15815275637918" lon="34.76043746028378">
        <ele>517.865030953947</ele>
        <time>2025-06-26T12:00:31.981Z</time>
      </trkpt>
      <trkpt lat="37.15821495474462" lon="34.76041389488171">
        <ele>518.2498753773293</ele>
        <time>2025-06-26T12:00:35.369Z</time>
      </trkpt>
      <trkpt lat="37.15825947627057" lon="34.760371374228356">
        <ele>517.7088645928317</ele>
        <time>2025-06-26T12:00:38.286Z</time>
      </trkpt>
      <trkpt lat="37.1583344771156" lon="34.76034886913885">
        <ele>518.4014474447031</ele>
        <time>2025-06-26T12:00:42.307Z</time>
      </trkpt>
      <trkpt lat="37.15833685709546" lon="34.760450227824975">
        <ele>521.6920052785663</ele>
        <time>2025-06-26T12:00:46.521Z</time>
      </trkpt>
      <trkpt lat="37.158284397384975" lon="34.76054452339571">
        <ele>523.7524721180939</ele>
        <time>2025-06-26T12:00:51.300Z</time>
      </trkpt>
      <trkpt lat="37.15829536383801" lon="34.760608387137296">
        <ele>526.0028733844903</ele>
        <time>2025-06-26T12:00:54.015Z</time>
      </trkpt>
      <trkpt lat="37.15818479928163" lon="34.76078270287363">
        <ele>529.8323514745572</ele>
        <time>2025-06-26T12:01:03.274Z</time>
      </trkpt>
      <trkpt lat="37.15807603095813" lon="34.76092971487998">
        <ele>534.1193188273355</ele>
        <time>2025-06-26T12:01:11.611Z</time>
      </trkpt>
      <trkpt lat="37.157890775675156" lon="34.76116869086394">
        <ele>542.8568299032136</ele>
        <time>2025-06-26T12:01:25.467Z</time>
      </trkpt>
      <trkpt lat="37.157809185921124" lon="34.76123069117804">
        <ele>545.1182745263283</ele>
        <time>2025-06-26T12:01:30.441Z</time>
      </trkpt>
      <trkpt lat="37.15780704190432" lon="34.76127538259922">
        <ele>546.4744102949915</ele>
        <time>2025-06-26T12:01:32.301Z</time>
      </trkpt>
      <trkpt lat="37.15787808715726" lon="34.76130828620336">
        <ele>547.2989415095135</ele>
        <time>2025-06-26T12:01:36.250Z</time>
      </trkpt>
      <trkpt lat="37.15803954436335" lon="34.761312099165735">
        <ele>547.0589883323212</ele>
        <time>2025-06-26T12:01:44.671Z</time>
      </trkpt>
      <trkpt lat="37.158256426153" lon="34.761327140412675">
        <ele>549.2379855023262</ele>
        <time>2025-06-26T12:01:55.998Z</time>
      </trkpt>
      <trkpt lat="37.15845744931855" lon="34.7612768945165">
        <ele>550.1099209963704</ele>
        <time>2025-06-26T12:02:06.687Z</time>
      </trkpt>
      <trkpt lat="37.158517738078515" lon="34.761319353911745">
        <ele>552.3336394956343</ele>
        <time>2025-06-26T12:02:10.292Z</time>
      </trkpt>
      <trkpt lat="37.15860125246171" lon="34.761327591231804">
        <ele>553.7273510134373</ele>
        <time>2025-06-26T12:02:14.660Z</time>
      </trkpt>
      <trkpt lat="37.15864063423875" lon="34.76140542982259">
        <ele>556.8588801862213</ele>
        <time>2025-06-26T12:02:18.491Z</time>
      </trkpt>
      <trkpt lat="37.158566418235424" lon="34.76137809773107">
        <ele>554.9828680953317</ele>
        <time>2025-06-26T12:02:22.524Z</time>
      </trkpt>
      <trkpt lat="37.1584681796072" lon="34.76139831294614">
        <ele>554.4146270052345</ele>
        <time>2025-06-26T12:02:27.715Z</time>
      </trkpt>
      <trkpt lat="37.1584438211504" lon="34.76144537422692">
        <ele>555.7262921418678</ele>
        <time>2025-06-26T12:02:30.047Z</time>
      </trkpt>
      <trkpt lat="37.158348894186375" lon="34.76151677993187">
        <ele>556.9845589539042</ele>
        <time>2025-06-26T12:02:35.819Z</time>
      </trkpt>
      <trkpt lat="37.15815448415026" lon="34.76155374312598">
        <ele>555.8799795914446</ele>
        <time>2025-06-26T12:02:46.073Z</time>
      </trkpt>
      <trkpt lat="37.15770989836615" lon="34.76163827225301">
        <ele>557.0743071141335</ele>
        <time>2025-06-26T12:03:09.523Z</time>
      </trkpt>
      <trkpt lat="37.157706045015615" lon="34.76163996144757">
        <ele>557.1094418052176</ele>
        <time>2025-06-26T12:03:09.741Z</time>
      </trkpt>
      <trkpt lat="37.15728154679515" lon="34.7618260488745">
        <ele>561.3095868222886</ele>
        <time>2025-06-26T12:03:33.191Z</time>
      </trkpt>
      <trkpt lat="37.15691642209863" lon="34.76190298442498">
        <ele>569.4676710427552</ele>
        <time>2025-06-26T12:03:52.499Z</time>
      </trkpt>
      <trkpt lat="37.15680787960086" lon="34.762036359087006">
        <ele>573.4296257858418</ele>
        <time>2025-06-26T12:04:00.421Z</time>
      </trkpt>
      <trkpt lat="37.156657358575345" lon="34.76205575466537">
        <ele>576.1233056898234</ele>
        <time>2025-06-26T12:04:08.312Z</time>
      </trkpt>
      <trkpt lat="37.15660496269928" lon="34.76178525279019">
        <ele>573.6050426586578</ele>
        <time>2025-06-26T12:04:19.882Z</time>
      </trkpt>
      <trkpt lat="37.15653202305363" lon="34.76166910309476">
        <ele>574.3137899153407</ele>
        <time>2025-06-26T12:04:26.028Z</time>
      </trkpt>
      <trkpt lat="37.15644362778468" lon="34.76152907217269">
        <ele>575.829631609051</ele>
        <time>2025-06-26T12:04:33.452Z</time>
      </trkpt>
      <trkpt lat="37.15636827460534" lon="34.76131221046427">
        <ele>576.0401105488654</ele>
        <time>2025-06-26T12:04:43.284Z</time>
      </trkpt>
      <trkpt lat="37.15634206738392" lon="34.76126715492313">
        <ele>576.4729546195832</ele>
        <time>2025-06-26T12:04:45.602Z</time>
      </trkpt>
      <trkpt lat="37.15628736458763" lon="34.76086166939854">
        <ele>573.0773888703748</ele>
        <time>2025-06-26T12:05:02.695Z</time>
      </trkpt>
      <trkpt lat="37.15625224194761" lon="34.76067895161546">
        <ele>571.3562785299972</ele>
        <time>2025-06-26T12:05:10.507Z</time>
      </trkpt>
      <trkpt lat="37.15622898309428" lon="34.76041693224926">
        <ele>568.7153258147653</ele>
        <time>2025-06-26T12:05:21.464Z</time>
      </trkpt>
      <trkpt lat="37.15623457316157" lon="34.760254000807976">
        <ele>566.1575983196501</ele>
        <time>2025-06-26T12:05:28.242Z</time>
      </trkpt>
      <trkpt lat="37.156135039706115" lon="34.760128677102244">
        <ele>567.2752749726653</ele>
        <time>2025-06-26T12:05:35.595Z</time>
      </trkpt>
      <trkpt lat="37.15606642842597" lon="34.76008787227664">
        <ele>568.438975211328</ele>
        <time>2025-06-26T12:05:39.554Z</time>
      </trkpt>
      <trkpt lat="37.15600844166963" lon="34.76048404246262">
        <ele>576.9428358451145</ele>
        <time>2025-06-26T12:05:56.295Z</time>
      </trkpt>
      <trkpt lat="37.155958462480825" lon="34.76083947547127">
        <ele>584.2918176854041</ele>
        <time>2025-06-26T12:06:11.296Z</time>
      </trkpt>
      <trkpt lat="37.155887649468966" lon="34.761095203582016">
        <ele>590.9881485735067</ele>
        <time>2025-06-26T12:06:22.548Z</time>
      </trkpt>
      <trkpt lat="37.15578248656537" lon="34.7615074998582">
        <ele>599.7105974887739</ele>
        <time>2025-06-26T12:06:40.540Z</time>
      </trkpt>
      <trkpt lat="37.155786757393024" lon="34.76154978989264">
        <ele>600.0812251870434</ele>
        <time>2025-06-26T12:06:42.312Z</time>
      </trkpt>
      <trkpt lat="37.15584328273154" lon="34.76210950775237">
        <ele>604.7088320035265</ele>
        <time>2025-06-26T12:07:05.762Z</time>
      </trkpt>
      <trkpt lat="37.15596567312389" lon="34.76250232329119">
        <ele>605.9604371270171</ele>
        <time>2025-06-26T12:07:23.292Z</time>
      </trkpt>
      <trkpt lat="37.15601569963714" lon="34.76250955548102">
        <ele>604.3012395509696</ele>
        <time>2025-06-26T12:07:25.918Z</time>
      </trkpt>
      <trkpt lat="37.15603629859781" lon="34.76289090530696">
        <ele>609.2168270922223</ele>
        <time>2025-06-26T12:07:41.804Z</time>
      </trkpt>
      <trkpt lat="37.15595546857655" lon="34.763027891697874">
        <ele>613.9819334880244</ele>
        <time>2025-06-26T12:07:48.888Z</time>
      </trkpt>
      <trkpt lat="37.156046387184034" lon="34.763146765573936">
        <ele>612.696968611666</ele>
        <time>2025-06-26T12:07:55.735Z</time>
      </trkpt>
      <trkpt lat="37.15608531084517" lon="34.76340849773928">
        <ele>615.4828507150189</ele>
        <time>2025-06-26T12:08:06.801Z</time>
      </trkpt>
      <trkpt lat="37.156107906077466" lon="34.76352971335865">
        <ele>616.6942624261903</ele>
        <time>2025-06-26T12:08:11.975Z</time>
      </trkpt>
      <trkpt lat="37.1561635250422" lon="34.763701796505586">
        <ele>617.8426676398395</ele>
        <time>2025-06-26T12:08:19.693Z</time>
      </trkpt>
      <trkpt lat="37.15626001874955" lon="34.763785092691734">
        <ele>616.6389225367251</ele>
        <time>2025-06-26T12:08:25.800Z</time>
      </trkpt>
      <trkpt lat="37.156445469952644" lon="34.76392392368473">
        <ele>614.3166626435251</ele>
        <time>2025-06-26T12:08:37.062Z</time>
      </trkpt>
      <trkpt lat="37.156548885218356" lon="34.763946589658445">
        <ele>612.1078323807758</ele>
        <time>2025-06-26T12:08:42.536Z</time>
      </trkpt>
      <trkpt lat="37.15698917986734" lon="34.764058663387516">
        <ele>611.1207461818594</ele>
        <time>2025-06-26T12:09:05.965Z</time>
      </trkpt>
      <trkpt lat="37.1570100526627" lon="34.76408687605047">
        <ele>611.7899332122652</ele>
        <time>2025-06-26T12:09:07.565Z</time>
      </trkpt>
      <trkpt lat="37.15719160334821" lon="34.76406946739161">
        <ele>609.955851976807</ele>
        <time>2025-06-26T12:09:17.060Z</time>
      </trkpt>
      <trkpt lat="37.15730148065002" lon="34.76399391634152">
        <ele>607.0209029237515</ele>
        <time>2025-06-26T12:09:23.594Z</time>
      </trkpt>
      <trkpt lat="37.15735723874687" lon="34.763914092738275">
        <ele>605.2152115947113</ele>
        <time>2025-06-26T12:09:28.005Z</time>
      </trkpt>
      <trkpt lat="37.15735800773213" lon="34.76383029930224">
        <ele>603.3618741298568</ele>
        <time>2025-06-26T12:09:31.488Z</time>
      </trkpt>
      <trkpt lat="37.15735800773213" lon="34.76383029930224">
        <ele>603.3618741298568</ele>
        <time>2025-06-26T12:09:31.913Z</time>
      </trkpt>
      <trkpt lat="37.15735800773213" lon="34.76383029930224">
        <ele>603.3618741298568</ele>
        <time>2025-06-26T12:09:31.913Z</time>
      </trkpt>
      <trkpt lat="37.15731592820572" lon="34.76363380877879">
        <ele>599.0240633948246</ele>
        <time>2025-06-26T12:09:39.859Z</time>
      </trkpt>
      <trkpt lat="37.15731592820572" lon="34.763463857506366">
        <ele>595.2619193025412</ele>
        <time>2025-06-26T12:09:46.497Z</time>
      </trkpt>
      <trkpt lat="37.15731592820572" lon="34.763463857506366">
        <ele>595.2619193025412</ele>
        <time>2025-06-26T12:09:46.497Z</time>
      </trkpt>
      <trkpt lat="37.15740947684104" lon="34.763285843877725">
        <ele>592.0096351437745</ele>
        <time>2025-06-26T12:09:54.825Z</time>
      </trkpt>
      <trkpt lat="37.15740947684104" lon="34.763285843877725">
        <ele>592.0096351437745</ele>
        <time>2025-06-26T12:09:54.825Z</time>
      </trkpt>
      <trkpt lat="37.157500648970085" lon="34.76318313556115">
        <ele>591.3914999966518</ele>
        <time>2025-06-26T12:10:02.339Z</time>
      </trkpt>
      <trkpt lat="37.157500648970085" lon="34.76318313556115">
        <ele>591.3914999966518</ele>
        <time>2025-06-26T12:10:02.339Z</time>
      </trkpt>
      <trkpt lat="37.15769057008052" lon="34.76301547542951">
        <ele>591.3853475095423</ele>
        <time>2025-06-26T12:10:14.450Z</time>
      </trkpt>
      <trkpt lat="37.15773467590144" lon="34.76282998794528">
        <ele>587.788279994159</ele>
        <time>2025-06-26T12:10:22.496Z</time>
      </trkpt>
      <trkpt lat="37.15773467590144" lon="34.76282998794528">
        <ele>587.788279994159</ele>
        <time>2025-06-26T12:10:22.540Z</time>
      </trkpt>
      <trkpt lat="37.15782487019233" lon="34.762694543605136">
        <ele>585.9992374523318</ele>
        <time>2025-06-26T12:10:29.876Z</time>
      </trkpt>
      <trkpt lat="37.157998883996044" lon="34.762618030939706">
        <ele>586.8092989655329</ele>
        <time>2025-06-26T12:10:39.491Z</time>
      </trkpt>
      <trkpt lat="37.158123199696334" lon="34.762666701413025">
        <ele>590.0035771062496</ele>
        <time>2025-06-26T12:10:46.282Z</time>
      </trkpt>
      <trkpt lat="37.15822296898567" lon="34.762800936510274">
        <ele>595.0211622242124</ele>
        <time>2025-06-26T12:10:53.910Z</time>
      </trkpt>
      <trkpt lat="37.15836558117212" lon="34.762850500982665">
        <ele>598.3312968434774</ele>
        <time>2025-06-26T12:11:01.627Z</time>
      </trkpt>
      <trkpt lat="37.15842530238815" lon="34.76286578455027">
        <ele>599.5965536850981</ele>
        <time>2025-06-26T12:11:04.805Z</time>
      </trkpt>
      <trkpt lat="37.15886589206055" lon="34.7629785381493">
        <ele>609.1310530589435</ele>
        <time>2025-06-26T12:11:28.255Z</time>
      </trkpt>
      <trkpt lat="37.15905240068254" lon="34.76306236261337">
        <ele>611.553758913652</ele>
        <time>2025-06-26T12:11:38.586Z</time>
      </trkpt>
      <trkpt lat="37.15915856634342" lon="34.76315809607675">
        <ele>613.3728881119754</ele>
        <time>2025-06-26T12:11:45.404Z</time>
      </trkpt>
      <trkpt lat="37.15925811611619" lon="34.76348806019982">
        <ele>620.584297810635</ele>
        <time>2025-06-26T12:12:00.067Z</time>
      </trkpt>
      <trkpt lat="37.15942993037004" lon="34.763681042557664">
        <ele>625.3850419474538</ele>
        <time>2025-06-26T12:12:12.092Z</time>
      </trkpt>
      <trkpt lat="37.15973720524673" lon="34.76392052101542">
        <ele>632.0119415776026</ele>
        <time>2025-06-26T12:12:30.956Z</time>
      </trkpt>
      <trkpt lat="37.15987806869872" lon="34.76400709505694">
        <ele>633.752120521479</ele>
        <time>2025-06-26T12:12:39.135Z</time>
      </trkpt>
      <trkpt lat="37.160094182135424" lon="34.76411969186199">
        <ele>635.3978465773796</ele>
        <time>2025-06-26T12:12:51.338Z</time>
      </trkpt>
      <trkpt lat="37.16020310346562" lon="34.764183515035455">
        <ele>636.2921244940726</ele>
        <time>2025-06-26T12:12:57.607Z</time>
      </trkpt>
      <trkpt lat="37.16023121768447" lon="34.764027027803564">
        <ele>633.1104681785225</ele>
        <time>2025-06-26T12:13:04.274Z</time>
      </trkpt>
      <trkpt lat="37.16025286935728" lon="34.763650855013765">
        <ele>627.5703200760443</ele>
        <time>2025-06-26T12:13:19.949Z</time>
      </trkpt>
      <trkpt lat="37.16027356596531" lon="34.7633020038528">
        <ele>622.755522168789</ele>
        <time>2025-06-26T12:13:34.487Z</time>
      </trkpt>
      <trkpt lat="37.160286456287864" lon="34.7632285812534">
        <ele>621.9107603527809</ele>
        <time>2025-06-26T12:13:37.611Z</time>
      </trkpt>
      <trkpt lat="37.16024729388248" lon="34.762806772968304">
        <ele>616.5259978282044</ele>
        <time>2025-06-26T12:13:55.260Z</time>
      </trkpt>
      <trkpt lat="37.160345341379255" lon="34.76299704091031">
        <ele>620.662567797117</ele>
        <time>2025-06-26T12:14:04.676Z</time>
      </trkpt>
      <trkpt lat="37.16043614300746" lon="34.763506070167125">
        <ele>626.9103736267579</ele>
        <time>2025-06-26T12:14:26.355Z</time>
      </trkpt>
      <trkpt lat="37.160440069479044" lon="34.76353283016058">
        <ele>627.2360512356079</ele>
        <time>2025-06-26T12:14:27.484Z</time>
      </trkpt>
      <trkpt lat="37.160521489794846" lon="34.76408773220663">
        <ele>634.9672890947076</ele>
        <time>2025-06-26T12:14:51.372Z</time>
      </trkpt>
      <trkpt lat="37.160521489794846" lon="34.76408773220663">
        <ele>634.9672890947076</ele>
        <time>2025-06-26T12:14:51.372Z</time>
      </trkpt>
      <trkpt lat="37.16052129767053" lon="34.764429401425275">
        <ele>640.9333652516373</ele>
        <time>2025-06-26T12:15:05.996Z</time>
      </trkpt>
      <trkpt lat="37.16048671671592" lon="34.764642744509956">
        <ele>644.4121482581407</ele>
        <time>2025-06-26T12:15:15.314Z</time>
      </trkpt>
      <trkpt lat="37.16048671671592" lon="34.764642744509956">
        <ele>644.4121482581407</ele>
        <time>2025-06-26T12:15:15.314Z</time>
      </trkpt>
      <trkpt lat="37.16031432676655" lon="34.76495410689395">
        <ele>650.8463440074989</ele>
        <time>2025-06-26T12:15:31.541Z</time>
      </trkpt>
      <trkpt lat="37.16031432676655" lon="34.76495410689395">
        <ele>650.8463440074989</ele>
        <time>2025-06-26T12:15:31.541Z</time>
      </trkpt>
      <trkpt lat="37.16017237149532" lon="34.764966940798644">
        <ele>652.122791975817</ele>
        <time>2025-06-26T12:15:38.980Z</time>
      </trkpt>
      <trkpt lat="37.16017237149532" lon="34.764966940798644">
        <ele>652.122791975817</ele>
        <time>2025-06-26T12:15:38.980Z</time>
      </trkpt>
      <trkpt lat="37.16003428110717" lon="34.76476207199852">
        <ele>648.853697651625</ele>
        <time>2025-06-26T12:15:50.131Z</time>
      </trkpt>
      <trkpt lat="37.159849807182155" lon="34.76454480470565">
        <ele>645.293680869812</ele>
        <time>2025-06-26T12:16:03.325Z</time>
      </trkpt>
      <trkpt lat="37.159849807182155" lon="34.76454480470565">
        <ele>645.293680869812</ele>
        <time>2025-06-26T12:16:03.325Z</time>
      </trkpt>
      <trkpt lat="37.15961190299349" lon="34.764365470790835">
        <ele>641.8565069786508</ele>
        <time>2025-06-26T12:16:17.798Z</time>
      </trkpt>
      <trkpt lat="37.15944927105036" lon="34.764318925163565">
        <ele>639.7380623790445</ele>
        <time>2025-06-26T12:16:26.497Z</time>
      </trkpt>
      <trkpt lat="37.15912010360459" lon="34.764367844507035">
        <ele>638.3539371920194</ele>
        <time>2025-06-26T12:16:43.783Z</time>
      </trkpt>
      <trkpt lat="37.15906012965645" lon="34.76447364809502">
        <ele>639.8755620360853</ele>
        <time>2025-06-26T12:16:49.179Z</time>
      </trkpt>
      <trkpt lat="37.15901870677499" lon="34.76465511035104">
        <ele>642.9008265085869</ele>
        <time>2025-06-26T12:16:52.648Z</time>
      </trkpt>
      <trkpt lat="37.15901870677499" lon="34.76465511035104">
        <ele>642.9008265085869</ele>
        <time>2025-06-26T12:16:52.648Z</time>
      </trkpt>
      <trkpt lat="37.159030068205226" lon="34.76473428793389">
        <ele>644.4530493577014</ele>
        <time>2025-06-26T12:16:55.987Z</time>
      </trkpt>
      <trkpt lat="37.1591136404281" lon="34.76475959982653">
        <ele>645.7386746561632</ele>
        <time>2025-06-26T12:17:00.465Z</time>
      </trkpt>
      <trkpt lat="37.1591136404281" lon="34.76475959982653">
        <ele>645.7386746561632</ele>
        <time>2025-06-26T12:17:00.465Z</time>
      </trkpt>
      <trkpt lat="37.15922026692273" lon="34.76477406376392">
        <ele>647.0384407989413</ele>
        <time>2025-06-26T12:17:06.051Z</time>
      </trkpt>
      <trkpt lat="37.15922026692273" lon="34.76477406376392">
        <ele>647.0384407989413</ele>
        <time>2025-06-26T12:17:09.496Z</time>
      </trkpt>
      <trkpt lat="37.15922026692273" lon="34.76477406376392">
        <ele>647.0384407989413</ele>
        <time>2025-06-26T12:17:09.496Z</time>
      </trkpt>
      <trkpt lat="37.15926637563058" lon="34.76503441464732">
        <ele>652.6318607491716</ele>
        <time>2025-06-26T12:17:20.580Z</time>
      </trkpt>
      <trkpt lat="37.15936056578276" lon="34.765087569680475">
        <ele>654.685064589662</ele>
        <time>2025-06-26T12:17:25.965Z</time>
      </trkpt>
      <trkpt lat="37.15936056578276" lon="34.765087569680475">
        <ele>654.685064589662</ele>
        <time>2025-06-26T12:17:25.965Z</time>
      </trkpt>
      <trkpt lat="37.15946770199555" lon="34.76505333093783">
        <ele>655.1701690458319</ele>
        <time>2025-06-26T12:17:31.730Z</time>
      </trkpt>
      <trkpt lat="37.159594444107825" lon="34.76514397940869">
        <ele>658.4068075883096</ele>
        <time>2025-06-26T12:17:39.337Z</time>
      </trkpt>
      <trkpt lat="37.15968585714245" lon="34.765456760992606">
        <ele>665.4277294406675</ele>
        <time>2025-06-26T12:17:53.183Z</time>
      </trkpt>
      <trkpt lat="37.15974164013187" lon="34.76559034266671">
        <ele>667.9559061281659</ele>
        <time>2025-06-26T12:17:59.450Z</time>
      </trkpt>
      <trkpt lat="37.159739398342296" lon="34.765941900171526">
        <ele>675.2646205840173</ele>
        <time>2025-06-26T12:18:14.061Z</time>
      </trkpt>
      <trkpt lat="37.15977793767155" lon="34.76601213798638">
        <ele>676.5483746885333</ele>
        <time>2025-06-26T12:18:17.605Z</time>
      </trkpt>
      <trkpt lat="37.160032933003194" lon="34.76647686623252">
        <ele>686.2529542948589</ele>
        <time>2025-06-26T12:18:41.055Z</time>
      </trkpt>
      <trkpt lat="37.160111906080374" lon="34.766719460888">
        <ele>691.9429337556945</ele>
        <time>2025-06-26T12:18:51.946Z</time>
      </trkpt>
      <trkpt lat="37.160433396595664" lon="34.76698546152015">
        <ele>697.9666019940128</ele>
        <time>2025-06-26T12:19:12.028Z</time>
      </trkpt>
      <trkpt lat="37.160808792030465" lon="34.767296062978716">
        <ele>699.6170316212078</ele>
        <time>2025-06-26T12:19:35.478Z</time>
      </trkpt>
      <trkpt lat="37.16109805211218" lon="34.767548519015804">
        <ele>701.3788799434212</ele>
        <time>2025-06-26T12:19:53.853Z</time>
      </trkpt>
      <trkpt lat="37.161272852538005" lon="34.767709488618635">
        <ele>703.1372939957078</ele>
        <time>2025-06-26T12:20:05.160Z</time>
      </trkpt>
      <trkpt lat="37.16127747829301" lon="34.767715837891615">
        <ele>703.2575932526659</ele>
        <time>2025-06-26T12:20:05.516Z</time>
      </trkpt>
      <trkpt lat="37.161580877696196" lon="34.76813228139815">
        <ele>710.6166544885853</ele>
        <time>2025-06-26T12:20:28.966Z</time>
      </trkpt>
      <trkpt lat="37.16181625824828" lon="34.7682987715184">
        <ele>712.4727349632284</ele>
        <time>2025-06-26T12:20:43.057Z</time>
      </trkpt>
      <trkpt lat="37.16189854434245" lon="34.76838405738346">
        <ele>713.9866404861212</ele>
        <time>2025-06-26T12:20:48.623Z</time>
      </trkpt>
      <trkpt lat="37.16228679330375" lon="34.76862630386873">
        <ele>719.2380802192263</ele>
        <time>2025-06-26T12:21:11.235Z</time>
      </trkpt>
      <trkpt lat="37.16239330591236" lon="34.768611250921">
        <ele>718.4974919427082</ele>
        <time>2025-06-26T12:21:16.824Z</time>
      </trkpt>
      <trkpt lat="37.16247238229627" lon="34.76842858514408">
        <ele>714.5632616247198</ele>
        <time>2025-06-26T12:21:25.463Z</time>
      </trkpt>
      <trkpt lat="37.162538373812666" lon="34.76826249925108">
        <ele>711.5518112358963</ele>
        <time>2025-06-26T12:21:33.175Z</time>
      </trkpt>
      <trkpt lat="37.16259988606586" lon="34.76795821918216">
        <ele>706.6116123502994</ele>
        <time>2025-06-26T12:21:46.221Z</time>
      </trkpt>
      <trkpt lat="37.16264390487953" lon="34.767715997813895">
        <ele>705.0521725430482</ele>
        <time>2025-06-26T12:21:56.546Z</time>
      </trkpt>
      <trkpt lat="37.1627074476725" lon="34.76760764126362">
        <ele>705.5387902349394</ele>
        <time>2025-06-26T12:22:02.137Z</time>
      </trkpt>
      <trkpt lat="37.162781178026364" lon="34.76763166850074">
        <ele>706.7295824411794</ele>
        <time>2025-06-26T12:22:06.109Z</time>
      </trkpt>
      <trkpt lat="37.162769066613066" lon="34.76769803320616">
        <ele>706.8713439460844</ele>
        <time>2025-06-26T12:22:08.938Z</time>
      </trkpt>
      <trkpt lat="37.16281235018869" lon="34.767794178367524">
        <ele>707.8055423541881</ele>
        <time>2025-06-26T12:22:13.527Z</time>
      </trkpt>
      <trkpt lat="37.16291099255349" lon="34.7680458234083">
        <ele>711.4553200692171</ele>
        <time>2025-06-26T12:22:25.182Z</time>
      </trkpt>
      <trkpt lat="37.16300648992549" lon="34.768434164716524">
        <ele>717.9147531015385</ele>
        <time>2025-06-26T12:22:42.072Z</time>
      </trkpt>
      <trkpt lat="37.163150907906754" lon="34.76866052063309">
        <ele>722.7998087950054</ele>
        <time>2025-06-26T12:22:54.122Z</time>
      </trkpt>
      <trkpt lat="37.163338093522555" lon="34.76898236489396">
        <ele>730.2297286286256</ele>
        <time>2025-06-26T12:23:10.681Z</time>
      </trkpt>
      <trkpt lat="37.163477614600296" lon="34.76914962387201">
        <ele>734.7551382438785</ele>
        <time>2025-06-26T12:23:20.744Z</time>
      </trkpt>
      <trkpt lat="37.163857879391784" lon="34.76915986540496">
        <ele>738.3790835204476</ele>
        <time>2025-06-26T12:23:40.579Z</time>
      </trkpt>
      <trkpt lat="37.16408433167956" lon="34.76903098144368">
        <ele>738.0646131359047</ele>
        <time>2025-06-26T12:23:53.546Z</time>
      </trkpt>
      <trkpt lat="37.16425439569261" lon="34.76897191571058">
        <ele>738.4436845150323</ele>
        <time>2025-06-26T12:24:02.748Z</time>
      </trkpt>
      <trkpt lat="37.16461345277878" lon="34.76904401245133">
        <ele>742.8936648072679</ele>
        <time>2025-06-26T12:24:21.711Z</time>
      </trkpt>
      <trkpt lat="37.16471789075737" lon="34.768996265665464">
        <ele>742.7251802275896</ele>
        <time>2025-06-26T12:24:27.507Z</time>
      </trkpt>
      <trkpt lat="37.16514038422345" lon="34.768803110787076">
        <ele>740.5067314766357</ele>
        <time>2025-06-26T12:24:50.957Z</time>
      </trkpt>
      <trkpt lat="37.165340938261465" lon="34.7686197564602">
        <ele>735.2552179499335</ele>
        <time>2025-06-26T12:25:03.897Z</time>
      </trkpt>
      <trkpt lat="37.16559060868508" lon="34.76850689373339">
        <ele>733.1038206767249</ele>
        <time>2025-06-26T12:25:17.736Z</time>
      </trkpt>
      <trkpt lat="37.16576352049965" lon="34.7684421182947">
        <ele>732.190786236064</ele>
        <time>2025-06-26T12:25:27.146Z</time>
      </trkpt>
      <trkpt lat="37.16618401764485" lon="34.76857255798933">
        <ele>737.0362334213892</ele>
        <time>2025-06-26T12:25:49.735Z</time>
      </trkpt>
      <trkpt lat="37.16626303039257" lon="34.76856745387272">
        <ele>736.9103069879118</ele>
        <time>2025-06-26T12:25:53.861Z</time>
      </trkpt>
      <trkpt lat="37.166400026792346" lon="34.76842457110172">
        <ele>733.2583812974635</ele>
        <time>2025-06-26T12:26:03.150Z</time>
      </trkpt>
      <trkpt lat="37.16662406867343" lon="34.76848747686935">
        <ele>735.1806867737796</ele>
        <time>2025-06-26T12:26:15.123Z</time>
      </trkpt>
      <trkpt lat="37.16688328519672" lon="34.76855001267913">
        <ele>736.3349714015392</ele>
        <time>2025-06-26T12:26:28.888Z</time>
      </trkpt>
      <trkpt lat="37.167171723222864" lon="34.768674501438106">
        <ele>738.8047490367782</ele>
        <time>2025-06-26T12:26:44.795Z</time>
      </trkpt>
      <trkpt lat="37.167596937343504" lon="34.76885802224112">
        <ele>743.0449199459989</ele>
        <time>2025-06-26T12:27:08.245Z</time>
      </trkpt>
      <trkpt lat="37.1678330628238" lon="34.76890899360262">
        <ele>744.7787379176357</ele>
        <time>2025-06-26T12:27:20.739Z</time>
      </trkpt>
      <trkpt lat="37.167838694850964" lon="34.76890930200963">
        <ele>744.8023932413665</ele>
        <time>2025-06-26T12:27:21.030Z</time>
      </trkpt>
      <trkpt lat="37.16828792809041" lon="34.768933901798675">
        <ele>746.9417435708931</ele>
        <time>2025-06-26T12:27:44.480Z</time>
      </trkpt>
      <trkpt lat="37.168505530604634" lon="34.768915720039786">
        <ele>747.6923665350314</ele>
        <time>2025-06-26T12:27:55.047Z</time>
      </trkpt>
      <trkpt lat="37.168505530604634" lon="34.768915720039786">
        <ele>747.6923665350314</ele>
        <time>2025-06-26T12:27:55.047Z</time>
      </trkpt>
      <trkpt lat="37.168638522561324" lon="34.768894339098225">
        <ele>747.8303389327602</ele>
        <time>2025-06-26T12:28:02.038Z</time>
      </trkpt>
      <trkpt lat="37.16908453782989" lon="34.76882263381145">
        <ele>749.2918904340605</ele>
        <time>2025-06-26T12:28:25.093Z</time>
      </trkpt>
      <trkpt lat="37.16908453782989" lon="34.76882263381145">
        <ele>749.2918904340605</ele>
        <time>2025-06-26T12:28:25.093Z</time>
      </trkpt>
      <trkpt lat="37.169274207433844" lon="34.76876464400982">
        <ele>750.0250423588709</ele>
        <time>2025-06-26T12:28:34.824Z</time>
      </trkpt>
      <trkpt lat="37.169274207433844" lon="34.76876464400982">
        <ele>750.0250423588709</ele>
        <time>2025-06-26T12:28:34.824Z</time>
      </trkpt>
      <trkpt lat="37.169451835715705" lon="34.76867573218712">
        <ele>750.0270873968731</ele>
        <time>2025-06-26T12:28:44.794Z</time>
      </trkpt>
      <trkpt lat="37.16956922641931" lon="34.76851832924541">
        <ele>748.0833467916592</ele>
        <time>2025-06-26T12:28:53.750Z</time>
      </trkpt>
      <trkpt lat="37.16956922641931" lon="34.76851832924541">
        <ele>748.0833467916592</ele>
        <time>2025-06-26T12:28:54.227Z</time>
      </trkpt>
      <trkpt lat="37.16956922641931" lon="34.76851832924541">
        <ele>748.0833467916592</ele>
        <time>2025-06-26T12:28:54.227Z</time>
      </trkpt>
      <trkpt lat="37.16980444103317" lon="34.76835540055993">
        <ele>746.6137250258288</ele>
        <time>2025-06-26T12:29:08.237Z</time>
      </trkpt>
      <trkpt lat="37.170198113767796" lon="34.76808271095061">
        <ele>743.4739845217678</ele>
        <time>2025-06-26T12:29:31.686Z</time>
      </trkpt>
      <trkpt lat="37.170244809786844" lon="34.76806256504314">
        <ele>743.3656053230179</ele>
        <time>2025-06-26T12:29:34.261Z</time>
      </trkpt>
      <trkpt lat="37.17067004339262" lon="34.767879107929446">
        <ele>744.0111600782495</ele>
        <time>2025-06-26T12:29:57.710Z</time>
      </trkpt>
      <trkpt lat="37.17067004339262" lon="34.767879107929446">
        <ele>744.0111600782495</ele>
        <time>2025-06-26T12:29:58.098Z</time>
      </trkpt>
      <trkpt lat="37.17067004339262" lon="34.767879107929446">
        <ele>744.0111600782495</ele>
        <time>2025-06-26T12:29:58.098Z</time>
      </trkpt>
      <trkpt lat="37.17085943541865" lon="34.767799360916015">
        <ele>745.0760498296245</ele>
        <time>2025-06-26T12:30:08.515Z</time>
      </trkpt>
      <trkpt lat="37.1712857397259" lon="34.76761985760731">
        <ele>747.6287964076746</ele>
        <time>2025-06-26T12:30:31.964Z</time>
      </trkpt>
      <trkpt lat="37.17171204403316" lon="34.7674403542986">
        <ele>749.4451726526814</ele>
        <time>2025-06-26T12:30:55.413Z</time>
      </trkpt>
      <trkpt lat="37.1717367428082" lon="34.76743178300817">
        <ele>749.5174350629098</ele>
        <time>2025-06-26T12:30:56.750Z</time>
      </trkpt>
      <trkpt lat="37.17217013763704" lon="34.767281380692935">
        <ele>751.8772134146891</ele>
        <time>2025-06-26T12:31:20.199Z</time>
      </trkpt>
      <trkpt lat="37.17217013763704" lon="34.767281380692935">
        <ele>751.8772134146891</ele>
        <time>2025-06-26T12:31:20.199Z</time>
      </trkpt>
      <trkpt lat="37.1725604791403" lon="34.76728515890815">
        <ele>759.0778116842208</ele>
        <time>2025-06-26T12:31:40.491Z</time>
      </trkpt>
      <trkpt lat="37.1725604791403" lon="34.76728515890815">
        <ele>759.0778116842208</ele>
        <time>2025-06-26T12:31:40.491Z</time>
      </trkpt>
      <trkpt lat="37.17287981000182" lon="34.76732640256901">
        <ele>765.0761599148169</ele>
        <time>2025-06-26T12:31:56.732Z</time>
      </trkpt>
      <trkpt lat="37.17287981000182" lon="34.76732640256901">
        <ele>765.0761599148169</ele>
        <time>2025-06-26T12:31:56.732Z</time>
      </trkpt>
      <trkpt lat="37.17327454355366" lon="34.767387874305115">
        <ele>767.6409286256081</ele>
        <time>2025-06-26T12:32:15.775Z</time>
      </trkpt>
      <trkpt lat="37.17327454355366" lon="34.767387874305115">
        <ele>767.6409286256081</ele>
        <time>2025-06-26T12:32:15.775Z</time>
      </trkpt>
      <trkpt lat="37.17351656894486" lon="34.76739149029018">
        <ele>768.226787771636</ele>
        <time>2025-06-26T12:33:08.023Z</time>
      </trkpt>
      <trkpt lat="37.17351656894486" lon="34.76739149029018">
        <ele>768.226787771636</ele>
        <time>2025-06-26T12:33:08.023Z</time>
      </trkpt>
      <trkpt lat="37.173718256179015" lon="34.767160067281566">
        <ele>762.1225463275805</ele>
        <time>2025-06-26T12:33:22.298Z</time>
      </trkpt>
      <trkpt lat="37.17387672434246" lon="34.76708413160807">
        <ele>760.4000169462531</ele>
        <time>2025-06-26T12:33:31.159Z</time>
      </trkpt>
      <trkpt lat="37.17387672434246" lon="34.76708413160807">
        <ele>760.4000169462531</ele>
        <time>2025-06-26T12:33:35.906Z</time>
      </trkpt>
      <trkpt lat="37.17387672434246" lon="34.76708413160807">
        <ele>760.4000169462531</ele>
        <time>2025-06-26T12:33:35.906Z</time>
      </trkpt>
      <trkpt lat="37.17405915069661" lon="34.7671801393642">
        <ele>763.804096301227</ele>
        <time>2025-06-26T12:33:46.215Z</time>
      </trkpt>
      <trkpt lat="37.174473826911424" lon="34.767398376104666">
        <ele>769.88527556092</ele>
        <time>2025-06-26T12:34:14.562Z</time>
      </trkpt>
      <trkpt lat="37.174473826911424" lon="34.767398376104666">
        <ele>769.88527556092</ele>
        <time>2025-06-26T12:34:14.562Z</time>
      </trkpt>
      <trkpt lat="37.17485990853996" lon="34.76766595895677">
        <ele>771.8013927839705</ele>
        <time>2025-06-26T12:34:40.326Z</time>
      </trkpt>
      <trkpt lat="37.17485990853996" lon="34.76766595895677">
        <ele>771.8013927839705</ele>
        <time>2025-06-26T12:34:40.326Z</time>
      </trkpt>
      <trkpt lat="37.17502701788641" lon="34.767774438491614">
        <ele>771.9784823102884</ele>
        <time>2025-06-26T12:34:54.005Z</time>
      </trkpt>
      <trkpt lat="37.17502701788641" lon="34.767774438491614">
        <ele>771.9784823102884</ele>
        <time>2025-06-26T12:34:54.005Z</time>
      </trkpt>
      <trkpt lat="37.17510950249901" lon="34.76787391567521">
        <ele>773.1597212747679</ele>
        <time>2025-06-26T12:34:59.967Z</time>
      </trkpt>
      <trkpt lat="37.17530484510992" lon="34.767945411287286">
        <ele>771.9361450619306</ele>
        <time>2025-06-26T12:35:10.572Z</time>
      </trkpt>
      <trkpt lat="37.17530484510992" lon="34.767945411287286">
        <ele>771.9361450619306</ele>
        <time>2025-06-26T12:35:10.572Z</time>
      </trkpt>
      <trkpt lat="37.17524688238921" lon="34.767858393461815">
        <ele>770.8559996927868</ele>
        <time>2025-06-26T12:35:15.282Z</time>
      </trkpt>
      <trkpt lat="37.17495847883484" lon="34.767425421202205">
        <ele>764.2354579105513</ele>
        <time>2025-06-26T12:35:38.732Z</time>
      </trkpt>
      <trkpt lat="37.17487838629633" lon="34.7672719579123">
        <ele>761.2629177459902</ele>
        <time>2025-06-26T12:35:46.355Z</time>
      </trkpt>
      <trkpt lat="37.17465261002444" lon="34.76684409049517">
        <ele>752.8041595651775</ele>
        <time>2025-06-26T12:36:07.679Z</time>
      </trkpt>
      <trkpt lat="37.17454401155618" lon="34.76665671931903">
        <ele>749.5214782350705</ele>
        <time>2025-06-26T12:36:17.307Z</time>
      </trkpt>
      <trkpt lat="37.17444941042225" lon="34.766519664271634">
        <ele>747.0155613588313</ele>
        <time>2025-06-26T12:36:24.841Z</time>
      </trkpt>
      <trkpt lat="37.17415499235466" lon="34.76609312094672">
        <ele>736.8185045055584</ele>
        <time>2025-06-26T12:36:48.291Z</time>
      </trkpt>
      <trkpt lat="37.17390326800907" lon="34.76578287517626">
        <ele>730.803216453549</ele>
        <time>2025-06-26T12:37:06.177Z</time>
      </trkpt>
      <trkpt lat="37.17390326800907" lon="34.76578287517626">
        <ele>730.803216453549</ele>
        <time>2025-06-26T12:37:06.177Z</time>
      </trkpt>
      <trkpt lat="37.173737899971485" lon="34.765690271173526">
        <ele>728.862800619126</ele>
        <time>2025-06-26T12:37:15.620Z</time>
      </trkpt>
      <trkpt lat="37.173612282336165" lon="34.76550037922726">
        <ele>725.2292438166456</ele>
        <time>2025-06-26T12:37:25.875Z</time>
      </trkpt>
      <trkpt lat="37.173612282336165" lon="34.76550037922726">
        <ele>725.2292438166456</ele>
        <time>2025-06-26T12:37:25.875Z</time>
      </trkpt>
      <trkpt lat="37.173612282336165" lon="34.76550037922726">
        <ele>725.2292438166456</ele>
        <time>2025-06-26T12:37:25.875Z</time>
      </trkpt>
      <trkpt lat="37.17355926278084" lon="34.765484160057554">
        <ele>724.8566897037674</ele>
        <time>2025-06-26T12:37:28.719Z</time>
      </trkpt>
      <trkpt lat="37.17353621278973" lon="34.76539737643026">
        <ele>723.431634920277</ele>
        <time>2025-06-26T12:37:32.518Z</time>
      </trkpt>
      <trkpt lat="37.17353621278973" lon="34.76539737643026">
        <ele>723.431634920277</ele>
        <time>2025-06-26T12:37:32.518Z</time>
      </trkpt>
      <trkpt lat="37.17353621278973" lon="34.76539737643026">
        <ele>723.431634920277</ele>
        <time>2025-06-26T12:37:32.518Z</time>
      </trkpt>
      <trkpt lat="37.17358519401171" lon="34.765303360832775">
        <ele>721.8122814767067</ele>
        <time>2025-06-26T12:37:38.188Z</time>
      </trkpt>
      <trkpt lat="37.17358519401171" lon="34.765303360832775">
        <ele>721.8122814767067</ele>
        <time>2025-06-26T12:37:38.188Z</time>
      </trkpt>
      <trkpt lat="37.173657225163126" lon="34.76522742515925">
        <ele>721.0595299347838</ele>
        <time>2025-06-26T12:37:43.090Z</time>
      </trkpt>
      <trkpt lat="37.173729256245906" lon="34.76518041736054">
        <ele>720.8831151382542</ele>
        <time>2025-06-26T12:37:47.320Z</time>
      </trkpt>
      <trkpt lat="37.173729256245906" lon="34.76518041736054">
        <ele>720.8831151382542</ele>
        <time>2025-06-26T12:37:47.320Z</time>
      </trkpt>
      <trkpt lat="37.17391635196073" lon="34.76505922384388">
        <ele>720.8181014095419</ele>
        <time>2025-06-26T12:37:58.292Z</time>
      </trkpt>
      <trkpt lat="37.17391635196073" lon="34.76505922384388">
        <ele>720.8181014095419</ele>
        <time>2025-06-26T12:37:58.292Z</time>
      </trkpt>
      <trkpt lat="37.174259356842384" lon="34.76485807229318">
        <ele>722.7786526210851</ele>
        <time>2025-06-26T12:38:18.023Z</time>
      </trkpt>
      <trkpt lat="37.17432710520856" lon="34.76453446078483">
        <ele>722.2172522871017</ele>
        <time>2025-06-26T12:38:31.926Z</time>
      </trkpt>
      <trkpt lat="37.17431143644254" lon="34.764230762362985">
        <ele>720.7726451839333</ele>
        <time>2025-06-26T12:38:44.009Z</time>
      </trkpt>
      <trkpt lat="37.17431143644254" lon="34.764230762362985">
        <ele>720.7726451839333</ele>
        <time>2025-06-26T12:38:44.009Z</time>
      </trkpt>
      <trkpt lat="37.174305138520026" lon="34.76393601277249">
        <ele>719.410494590582</ele>
        <time>2025-06-26T12:38:54.535Z</time>
      </trkpt>
      <trkpt lat="37.174327717807714" lon="34.76356290328863">
        <ele>718.2099276252093</ele>
        <time>2025-06-26T12:39:07.894Z</time>
      </trkpt>
      <trkpt lat="37.174327717807714" lon="34.76356290328863">
        <ele>718.2099276252093</ele>
        <time>2025-06-26T12:39:07.894Z</time>
      </trkpt>
      <trkpt lat="37.174327717807714" lon="34.76356290328863">
        <ele>718.2099276252093</ele>
        <time>2025-06-26T12:39:07.894Z</time>
      </trkpt>
      <trkpt lat="37.17439545563029" lon="34.76317090218609">
        <ele>717.7165365268485</ele>
        <time>2025-06-26T12:39:22.316Z</time>
      </trkpt>
      <trkpt lat="37.17449242033737" lon="34.76289926119486">
        <ele>716.5849286143028</ele>
        <time>2025-06-26T12:39:33.018Z</time>
      </trkpt>
      <trkpt lat="37.17449242033737" lon="34.76289926119486">
        <ele>716.5849286143028</ele>
        <time>2025-06-26T12:39:33.018Z</time>
      </trkpt>
      <trkpt lat="37.17449242033737" lon="34.76289926119486">
        <ele>716.5849286143028</ele>
        <time>2025-06-26T12:39:33.018Z</time>
      </trkpt>
      <trkpt lat="37.17466264311835" lon="34.762613599413555">
        <ele>715.4232349086096</ele>
        <time>2025-06-26T12:39:46.028Z</time>
      </trkpt>
      <trkpt lat="37.17466264311835" lon="34.762613599413555">
        <ele>715.4232349086096</ele>
        <time>2025-06-26T12:39:46.028Z</time>
      </trkpt>
      <trkpt lat="37.17479059172081" lon="34.762401068695">
        <ele>715.0004219588576</ele>
        <time>2025-06-26T12:39:56.903Z</time>
      </trkpt>
      <trkpt lat="37.17494752708295" lon="34.762376311858304">
        <ele>716.7594671710111</ele>
        <time>2025-06-26T12:40:05.008Z</time>
      </trkpt>
      <trkpt lat="37.17494752708295" lon="34.762376311858304">
        <ele>716.7594671710111</ele>
        <time>2025-06-26T12:40:05.008Z</time>
      </trkpt>
      <trkpt lat="37.17494752708295" lon="34.762376311858304">
        <ele>716.7594671710111</ele>
        <time>2025-06-26T12:40:05.008Z</time>
      </trkpt>
      <trkpt lat="37.17511046228053" lon="34.76254275584071">
        <ele>719.748700252735</ele>
        <time>2025-06-26T12:40:15.241Z</time>
      </trkpt>
      <trkpt lat="37.17511046228053" lon="34.76254275584071">
        <ele>719.748700252735</ele>
        <time>2025-06-26T12:40:15.241Z</time>
      </trkpt>
      <trkpt lat="37.17525346279888" lon="34.76269861170044">
        <ele>718.435478261137</ele>
        <time>2025-06-26T12:40:24.740Z</time>
      </trkpt>
      <trkpt lat="37.17525346279888" lon="34.76269861170044">
        <ele>718.435478261137</ele>
        <time>2025-06-26T12:40:24.740Z</time>
      </trkpt>
      <trkpt lat="37.175437857803644" lon="34.76303393794501">
        <ele>715.6291761421596</ele>
        <time>2025-06-26T12:40:40.060Z</time>
      </trkpt>
      <trkpt lat="37.175437857803644" lon="34.76303393794501">
        <ele>715.6291761421596</ele>
        <time>2025-06-26T12:40:40.060Z</time>
      </trkpt>
      <trkpt lat="37.175603436575926" lon="34.76330786630757">
        <ele>710.6712009778951</ele>
        <time>2025-06-26T12:40:56.894Z</time>
      </trkpt>
      <trkpt lat="37.175603436575926" lon="34.76330786630757">
        <ele>710.6712009778951</ele>
        <time>2025-06-26T12:40:56.894Z</time>
      </trkpt>
      <trkpt lat="37.17564483122034" lon="34.763496782501846">
        <ele>709.1024252418439</ele>
        <time>2025-06-26T12:41:06.325Z</time>
      </trkpt>
      <trkpt lat="37.175708804717004" lon="34.76357707188495">
        <ele>707.418634855468</ele>
        <time>2025-06-26T12:41:11.790Z</time>
      </trkpt>
      <trkpt lat="37.175708804717004" lon="34.76357707188495">
        <ele>707.418634855468</ele>
        <time>2025-06-26T12:41:11.790Z</time>
      </trkpt>
      <trkpt lat="37.175708804717004" lon="34.76357707188495">
        <ele>707.418634855468</ele>
        <time>2025-06-26T12:41:11.790Z</time>
      </trkpt>
      <trkpt lat="37.17579159386838" lon="34.76356762607472">
        <ele>705.5274232312565</ele>
        <time>2025-06-26T12:41:17.485Z</time>
      </trkpt>
      <trkpt lat="37.1758442778257" lon="34.763539288645745">
        <ele>704.397206919594</ele>
        <time>2025-06-26T12:41:21.412Z</time>
      </trkpt>
      <trkpt lat="37.1758442778257" lon="34.763539288645745">
        <ele>704.397206919594</ele>
        <time>2025-06-26T12:41:21.412Z</time>
      </trkpt>
      <trkpt lat="37.1758442778257" lon="34.763539288645745">
        <ele>704.397206919594</ele>
        <time>2025-06-26T12:41:21.412Z</time>
      </trkpt>
      <trkpt lat="37.17600232920995" lon="34.76339760351368">
        <ele>700.5934313192479</ele>
        <time>2025-06-26T12:41:38.103Z</time>
      </trkpt>
      <trkpt lat="37.17600232920995" lon="34.76339760351368">
        <ele>700.5934313192479</ele>
        <time>2025-06-26T12:41:38.103Z</time>
      </trkpt>
      <trkpt lat="37.176156665948426" lon="34.76337792484739">
        <ele>696.3675370064101</ele>
        <time>2025-06-26T12:42:05.794Z</time>
      </trkpt>
      <trkpt lat="37.176156665948426" lon="34.76337792484739">
        <ele>696.3675370064101</ele>
        <time>2025-06-26T12:42:05.794Z</time>
      </trkpt>
      <trkpt lat="37.17623945460903" lon="34.76335903322783">
        <ele>694.0674573081086</ele>
        <time>2025-06-26T12:42:27.257Z</time>
      </trkpt>
      <trkpt lat="37.176322243280055" lon="34.76330308424923">
        <ele>691.7507552060366</ele>
        <time>2025-06-26T12:42:51.239Z</time>
      </trkpt>
      <trkpt lat="37.176322243280055" lon="34.76330308424923">
        <ele>691.7507552060366</ele>
        <time>2025-06-26T12:43:05.998Z</time>
      </trkpt>
      <trkpt lat="37.176322243280055" lon="34.76330308424923">
        <ele>691.7507552060366</ele>
        <time>2025-06-26T12:43:05.998Z</time>
      </trkpt>
      <trkpt lat="37.17644266275336" lon="34.7632787438456">
        <ele>688.3324118666822</ele>
        <time>2025-06-26T12:43:24.153Z</time>
      </trkpt>
      <trkpt lat="37.17661426012103" lon="34.76310040074216">
        <ele>682.9056212937872</ele>
        <time>2025-06-26T12:43:57.314Z</time>
      </trkpt>
      <trkpt lat="37.17661426012103" lon="34.76310040074216">
        <ele>682.9056212937872</ele>
        <time>2025-06-26T12:43:57.314Z</time>
      </trkpt>
      <trkpt lat="37.17676712444805" lon="34.7630385124767">
        <ele>678.592002912844</ele>
        <time>2025-06-26T12:44:21.221Z</time>
      </trkpt>
      <trkpt lat="37.17676712444805" lon="34.7630385124767">
        <ele>678.592002912844</ele>
        <time>2025-06-26T12:44:21.221Z</time>
      </trkpt>
      <trkpt lat="37.176870677526026" lon="34.7630385124767">
        <ele>676.169273057814</ele>
        <time>2025-06-26T12:44:43.409Z</time>
      </trkpt>
      <trkpt lat="37.176870677526026" lon="34.7630385124767">
        <ele>676.169273057814</ele>
        <time>2025-06-26T12:44:46.518Z</time>
      </trkpt>
      <trkpt lat="37.176870677526026" lon="34.7630385124767">
        <ele>676.169273057814</ele>
        <time>2025-06-26T12:44:46.518Z</time>
      </trkpt>
      <trkpt lat="37.1769912354078" lon="34.76300631201596">
        <ele>673.0860805028121</ele>
        <time>2025-06-26T12:45:28.634Z</time>
      </trkpt>
      <trkpt lat="37.17712709406126" lon="34.7629271135996">
        <ele>669.1644868971342</ele>
        <time>2025-06-26T12:46:19.820Z</time>
      </trkpt>
      <trkpt lat="37.17712709406126" lon="34.7629271135996">
        <ele>669.1644868971342</ele>
        <time>2025-06-26T12:46:19.820Z</time>
      </trkpt>
      <trkpt lat="37.17712709406126" lon="34.7629271135996">
        <ele>669.1644868971342</ele>
        <time>2025-06-26T12:46:19.820Z</time>
      </trkpt>
      <trkpt lat="37.177323225065265" lon="34.762797007549636">
        <ele>663.0959864341419</ele>
        <time>2025-06-26T12:46:53.756Z</time>
      </trkpt>
      <trkpt lat="37.177323225065265" lon="34.762797007549636">
        <ele>663.0959864341419</ele>
        <time>2025-06-26T12:46:53.756Z</time>
      </trkpt>
      <trkpt lat="37.17741730162851" lon="34.76274033269178">
        <ele>660.1355495946264</ele>
        <time>2025-06-26T12:47:13.321Z</time>
      </trkpt>
      <trkpt lat="37.17755886840882" lon="34.76253305933031">
        <ele>655.0454493525449</ele>
        <time>2025-06-26T12:47:54.102Z</time>
      </trkpt>
      <trkpt lat="37.17755886840882" lon="34.76253305933031">
        <ele>655.0454493525449</ele>
        <time>2025-06-26T12:47:54.102Z</time>
      </trkpt>
      <trkpt lat="37.177617219234605" lon="34.76238659023022">
        <ele>652.2309354655446</ele>
        <time>2025-06-26T12:48:18.564Z</time>
      </trkpt>
      <trkpt lat="37.177617219234605" lon="34.76238659023022">
        <ele>652.2309354655446</ele>
        <time>2025-06-26T12:48:18.564Z</time>
      </trkpt>
      <trkpt lat="37.17772141702547" lon="34.76215642450032">
        <ele>647.5527670787653</ele>
        <time>2025-06-26T12:48:44.798Z</time>
      </trkpt>
      <trkpt lat="37.17772141702547" lon="34.76215642450032">
        <ele>647.5527670787653</ele>
        <time>2025-06-26T12:48:44.798Z</time>
      </trkpt>
      <trkpt lat="37.1779357878721" lon="34.7619987939579">
        <ele>641.3738848310204</ele>
        <time>2025-06-26T12:49:10.626Z</time>
      </trkpt>
      <trkpt lat="37.1779357878721" lon="34.7619987939579">
        <ele>641.3738848310204</ele>
        <time>2025-06-26T12:49:10.626Z</time>
      </trkpt>
      <trkpt lat="37.1779357878721" lon="34.7619987939579">
        <ele>641.3738848310204</ele>
        <time>2025-06-26T12:49:10.626Z</time>
      </trkpt>
      <trkpt lat="37.17818405347046" lon="34.76190533517797">
        <ele>635.2029773178517</ele>
        <time>2025-06-26T12:49:26.859Z</time>
      </trkpt>
      <trkpt lat="37.17834243286768" lon="34.76208319051375">
        <ele>635.9206294134033</ele>
        <time>2025-06-26T12:49:40.169Z</time>
      </trkpt>
      <trkpt lat="37.17834243286768" lon="34.76208319051375">
        <ele>635.9206294134033</ele>
        <time>2025-06-26T12:49:40.169Z</time>
      </trkpt>
      <trkpt lat="37.17834243286768" lon="34.76208319051375">
        <ele>635.9206294134033</ele>
        <time>2025-06-26T12:49:40.169Z</time>
      </trkpt>
      <trkpt lat="37.17841328670056" lon="34.76227673896889">
        <ele>638.1268755421279</ele>
        <time>2025-06-26T12:49:48.537Z</time>
      </trkpt>
      <trkpt lat="37.17864668709272" lon="34.76231335624368">
        <ele>636.4926041789436</ele>
        <time>2025-06-26T12:50:00.136Z</time>
      </trkpt>
      <trkpt lat="37.17864668709272" lon="34.76231335624368">
        <ele>636.4926041789436</ele>
        <time>2025-06-26T12:50:00.136Z</time>
      </trkpt>
      <trkpt lat="37.178955107933874" lon="34.762161656103444">
        <ele>630.9453324860667</ele>
        <time>2025-06-26T12:50:16.471Z</time>
      </trkpt>
      <trkpt lat="37.178955107933874" lon="34.762161656103444">
        <ele>630.9453324860667</ele>
        <time>2025-06-26T12:50:16.471Z</time>
      </trkpt>
      <trkpt lat="37.178955107933874" lon="34.762161656103444">
        <ele>630.9453324860667</ele>
        <time>2025-06-26T12:50:16.471Z</time>
      </trkpt>
      <trkpt lat="37.17922184926746" lon="34.7619105662171">
        <ele>624.8039266463215</ele>
        <time>2025-06-26T12:50:34.204Z</time>
      </trkpt>
      <trkpt lat="37.17922184926746" lon="34.7619105662171">
        <ele>624.8039266463215</ele>
        <time>2025-06-26T12:50:34.204Z</time>
      </trkpt>
      <trkpt lat="37.179355219580714" lon="34.76161762801593">
        <ele>619.8219584148835</ele>
        <time>2025-06-26T12:50:47.014Z</time>
      </trkpt>
      <trkpt lat="37.17931241151963" lon="34.76138373278678">
        <ele>616.7334149888824</ele>
        <time>2025-06-26T12:50:56.125Z</time>
      </trkpt>
      <trkpt lat="37.17931241151963" lon="34.76138373278678">
        <ele>616.7334149888824</ele>
        <time>2025-06-26T12:50:56.125Z</time>
      </trkpt>
      <trkpt lat="37.17918839298534" lon="34.761166263163545">
        <ele>613.935781545794</ele>
        <time>2025-06-26T12:51:06.279Z</time>
      </trkpt>
      <trkpt lat="37.17918839298534" lon="34.761166263163545">
        <ele>613.935781545794</ele>
        <time>2025-06-26T12:51:06.279Z</time>
      </trkpt>
      <trkpt lat="37.17918839298534" lon="34.761166263163545">
        <ele>613.935781545794</ele>
        <time>2025-06-26T12:51:06.279Z</time>
      </trkpt>
      <trkpt lat="37.179082347425535" lon="34.760905479692724">
        <ele>610.6550111296363</ele>
        <time>2025-06-26T12:51:19.233Z</time>
      </trkpt>
      <trkpt lat="37.17876531612974" lon="34.760550898152445">
        <ele>608.7294855621651</ele>
        <time>2025-06-26T12:51:42.815Z</time>
      </trkpt>
      <trkpt lat="37.17876531612974" lon="34.760550898152445">
        <ele>608.7294855621651</ele>
        <time>2025-06-26T12:51:42.815Z</time>
      </trkpt>
      <trkpt lat="37.17865085764575" lon="34.760320192038485">
        <ele>606.844935421871</ele>
        <time>2025-06-26T12:51:54.840Z</time>
      </trkpt>
      <trkpt lat="37.17841317602392" lon="34.75984111349908">
        <ele>605.6768516174523</ele>
        <time>2025-06-26T12:52:18.078Z</time>
      </trkpt>
      <trkpt lat="37.17841317602392" lon="34.75984111349908">
        <ele>605.6768516174523</ele>
        <time>2025-06-26T12:52:18.078Z</time>
      </trkpt>
      <trkpt lat="37.178377779340444" lon="34.75974186261146">
        <ele>605.8094869825995</ele>
        <time>2025-06-26T12:52:22.555Z</time>
      </trkpt>
      <trkpt lat="37.17819407004201" lon="34.759226749071445">
        <ele>607.1240438423474</ele>
        <time>2025-06-26T12:52:45.792Z</time>
      </trkpt>
      <trkpt lat="37.17819407004201" lon="34.759226749071445">
        <ele>607.1240438423474</ele>
        <time>2025-06-26T12:52:45.792Z</time>
      </trkpt>
      <trkpt lat="37.17816854676171" lon="34.75905285111571">
        <ele>605.9654982258045</ele>
        <time>2025-06-26T12:52:53.072Z</time>
      </trkpt>
      <trkpt lat="37.17815031584172" lon="34.758915563257005">
        <ele>604.434691331057</ele>
        <time>2025-06-26T12:52:58.655Z</time>
      </trkpt>
      <trkpt lat="37.178055514987065" lon="34.7587782753975">
        <ele>603.8242210105029</ele>
        <time>2025-06-26T12:53:05.943Z</time>
      </trkpt>
      <trkpt lat="37.17793154445876" lon="34.758618106228">
        <ele>602.9553395019306</ele>
        <time>2025-06-26T12:53:14.901Z</time>
      </trkpt>
      <trkpt lat="37.17782580472972" lon="34.75846251332038">
        <ele>601.5138283301399</ele>
        <time>2025-06-26T12:53:23.104Z</time>
      </trkpt>
      <trkpt lat="37.17772006485272" lon="34.75831607293719">
        <ele>599.9119793596522</ele>
        <time>2025-06-26T12:53:31.032Z</time>
      </trkpt>
      <trkpt lat="37.1776289096684" lon="34.75832980172257">
        <ele>600.8678916293433</ele>
        <time>2025-06-26T12:53:35.654Z</time>
      </trkpt>
      <trkpt lat="37.17762573867728" lon="34.75832493469053">
        <ele>600.8003477523107</ele>
        <time>2025-06-26T12:53:35.908Z</time>
      </trkpt>
      <trkpt lat="37.17734109563439" lon="34.757888047056184">
        <ele>596.8850486070344</ele>
        <time>2025-06-26T12:53:58.548Z</time>
      </trkpt>
      <trkpt lat="37.1770564525915" lon="34.757451159421834">
        <ele>593.4826057336768</ele>
        <time>2025-06-26T12:54:21.188Z</time>
      </trkpt>
      <trkpt lat="37.17680121555411" lon="34.757030143319525">
        <ele>588.7396157758781</ele>
        <time>2025-06-26T12:54:42.411Z</time>
      </trkpt>
      <trkpt lat="37.176710059261055" lon="34.75687912667368">
        <ele>587.107316249191</ele>
        <time>2025-06-26T12:54:50.011Z</time>
      </trkpt>
      <trkpt lat="37.17673193678365" lon="34.75645811043711">
        <ele>579.9176902103482</ele>
        <time>2025-06-26T12:55:06.937Z</time>
      </trkpt>
      <trkpt lat="37.17692154169599" lon="34.75634828015015">
        <ele>576.7399781584286</ele>
        <time>2025-06-26T12:55:17.451Z</time>
      </trkpt>
      <trkpt lat="37.177231471778384" lon="34.756371161460095">
        <ele>574.8398278673892</ele>
        <time>2025-06-26T12:55:33.082Z</time>
      </trkpt>
      <trkpt lat="37.177316853680196" lon="34.75654574660118">
        <ele>576.8598587672693</ele>
        <time>2025-06-26T12:55:41.300Z</time>
      </trkpt>
      <trkpt lat="37.17750801743084" lon="34.75663843123381">
        <ele>576.9728682592985</ele>
        <time>2025-06-26T12:55:51.618Z</time>
      </trkpt>
      <trkpt lat="37.17792746736393" lon="34.75684179909422">
        <ele>578.8264007996772</ele>
        <time>2025-06-26T12:56:14.258Z</time>
      </trkpt>
      <trkpt lat="37.178361363234856" lon="34.756823494219816">
        <ele>577.8305318391892</ele>
        <time>2025-06-26T12:56:36.116Z</time>
      </trkpt>
      <trkpt lat="37.17849002038138" lon="34.75677810628916">
        <ele>577.3497042313455</ele>
        <time>2025-06-26T12:56:42.844Z</time>
      </trkpt>
      <trkpt lat="37.17892290555291" lon="34.756625392175124">
        <ele>575.848438037982</ele>
        <time>2025-06-26T12:57:05.484Z</time>
      </trkpt>
      <trkpt lat="37.17927385314013" lon="34.756645120897616">
        <ele>576.8699580604499</ele>
        <time>2025-06-26T12:57:23.171Z</time>
      </trkpt>
      <trkpt lat="37.17929995661837" lon="34.75668888275194">
        <ele>577.3665125801723</ele>
        <time>2025-06-26T12:57:25.363Z</time>
      </trkpt>
      <trkpt lat="37.179569443170024" lon="34.757140670483295">
        <ele>581.0755251753843</ele>
        <time>2025-06-26T12:57:29.031Z</time>
      </trkpt>
      <trkpt lat="37.179569443170024" lon="34.757140670483295">
        <ele>581.0755251753843</ele>
        <time>2025-06-26T12:57:29.031Z</time>
      </trkpt>
      <trkpt lat="37.17964095123439" lon="34.75735066016347">
        <ele>582.2558367019648</ele>
        <time>2025-06-26T12:59:26.243Z</time>
      </trkpt>
      <trkpt lat="37.17971092233081" lon="34.75736732681165">
        <ele>582.1262199610483</ele>
        <time>2025-06-26T13:00:12.121Z</time>
      </trkpt>
      <trkpt lat="37.17971092233081" lon="34.75736732681165">
        <ele>582.1262199610483</ele>
        <time>2025-06-26T13:00:12.671Z</time>
      </trkpt>
      <trkpt lat="37.179814129735746" lon="34.75740681858102">
        <ele>581.9320790468594</ele>
        <time>2025-06-26T13:01:22.179Z</time>
      </trkpt>
      <trkpt lat="37.179814129735746" lon="34.75740681858102">
        <ele>581.9320790468594</ele>
        <time>2025-06-26T13:01:22.179Z</time>
      </trkpt>
      <trkpt lat="37.179814129735746" lon="34.75740681858102">
        <ele>581.9320790468594</ele>
        <time>2025-06-26T13:01:22.179Z</time>
      </trkpt>
      <trkpt lat="37.179974564331644" lon="34.75730531839221">
        <ele>580.1624332583757</ele>
        <time>2025-06-26T13:03:15.193Z</time>
      </trkpt>
      <trkpt lat="37.179974564331644" lon="34.75730531839221">
        <ele>580.1624332583757</ele>
        <time>2025-06-26T13:03:15.193Z</time>
      </trkpt>
      <trkpt lat="37.18005784154782" lon="34.75734574416845">
        <ele>579.8361430865721</ele>
        <time>2025-06-26T13:03:45.191Z</time>
      </trkpt>
      <trkpt lat="37.18012857028363" lon="34.7573786885834">
        <ele>579.6042429920215</ele>
        <time>2025-06-26T13:04:10.536Z</time>
      </trkpt>
      <trkpt lat="37.18012857028363" lon="34.7573786885834">
        <ele>579.6042429920215</ele>
        <time>2025-06-26T13:04:10.536Z</time>
      </trkpt>
      <trkpt lat="37.18012857028363" lon="34.7573786885834">
        <ele>579.6042429920215</ele>
        <time>2025-06-26T13:04:10.536Z</time>
      </trkpt>
      <trkpt lat="37.18020507843764" lon="34.757467018694996">
        <ele>579.7915314221765</ele>
        <time>2025-06-26T13:04:19.702Z</time>
      </trkpt>
      <trkpt lat="37.18028329791936" lon="34.75755364335697">
        <ele>580.1050628816718</ele>
        <time>2025-06-26T13:04:28.901Z</time>
      </trkpt>
      <trkpt lat="37.18028329791936" lon="34.75755364335697">
        <ele>580.1050628816718</ele>
        <time>2025-06-26T13:04:28.901Z</time>
      </trkpt>
      <trkpt lat="37.18035231504142" lon="34.75763449304171">
        <ele>580.4549363770527</ele>
        <time>2025-06-26T13:04:37.226Z</time>
      </trkpt>
      <trkpt lat="37.18035231504142" lon="34.75763449304171">
        <ele>580.4549363770527</ele>
        <time>2025-06-26T13:04:37.226Z</time>
      </trkpt>
      <trkpt lat="37.18045814117211" lon="34.75770956774923">
        <ele>580.6519830239014</ele>
        <time>2025-06-26T13:04:47.849Z</time>
      </trkpt>
      <trkpt lat="37.18045814117211" lon="34.75770956774923">
        <ele>580.6519830239014</ele>
        <time>2025-06-26T13:04:52.028Z</time>
      </trkpt>
      <trkpt lat="37.18045814117211" lon="34.75770956774923">
        <ele>580.6519830239014</ele>
        <time>2025-06-26T13:04:52.028Z</time>
      </trkpt>
      <trkpt lat="37.18052255700569" lon="34.75799831662238">
        <ele>583.3409056873073</ele>
        <time>2025-06-26T13:05:10.878Z</time>
      </trkpt>
      <trkpt lat="37.18046274230561" lon="34.758211990788084">
        <ele>585.6898970278712</ele>
        <time>2025-06-26T13:05:25.115Z</time>
      </trkpt>
      <trkpt lat="37.18046274230561" lon="34.758211990788084">
        <ele>585.6898970278712</ele>
        <time>2025-06-26T13:05:25.115Z</time>
      </trkpt>
      <trkpt lat="37.18046274230561" lon="34.758211990788084">
        <ele>585.6898970278712</ele>
        <time>2025-06-26T13:05:25.115Z</time>
      </trkpt>
      <trkpt lat="37.18048574796438" lon="34.75832171536021">
        <ele>586.7476112402182</ele>
        <time>2025-06-26T13:05:30.265Z</time>
      </trkpt>
      <trkpt lat="37.18056856828167" lon="34.75833326531463">
        <ele>586.8067570764553</ele>
        <time>2025-06-26T13:05:35.013Z</time>
      </trkpt>
      <trkpt lat="37.18056856828167" lon="34.75833326531463">
        <ele>586.8067570764553</ele>
        <time>2025-06-26T13:05:45.253Z</time>
      </trkpt>
      <trkpt lat="37.18056856828167" lon="34.75833326531463">
        <ele>586.8067570764553</ele>
        <time>2025-06-26T13:05:45.302Z</time>
      </trkpt>
      <trkpt lat="37.18075655415177" lon="34.75820119024036">
        <ele>584.4978885832713</ele>
        <time>2025-06-26T13:05:57.840Z</time>
      </trkpt>
      <trkpt lat="37.180954401826966" lon="34.758328239744145">
        <ele>585.1247848494681</ele>
        <time>2025-06-26T13:06:10.774Z</time>
      </trkpt>
      <trkpt lat="37.180954401826966" lon="34.758328239744145">
        <ele>585.1247848494681</ele>
        <time>2025-06-26T13:06:10.774Z</time>
      </trkpt>
      <trkpt lat="37.18104443667984" lon="34.75856640976838">
        <ele>588.4361172836375</ele>
        <time>2025-06-26T13:06:22.997Z</time>
      </trkpt>
      <trkpt lat="37.18104443667984" lon="34.75856640976838">
        <ele>588.4361172836375</ele>
        <time>2025-06-26T13:06:22.997Z</time>
      </trkpt>
      <trkpt lat="37.18127449118896" lon="34.75876853397966">
        <ele>591.5079047710169</ele>
        <time>2025-06-26T13:06:39.743Z</time>
      </trkpt>
      <trkpt lat="37.18127449118896" lon="34.75876853397966">
        <ele>591.5079047710169</ele>
        <time>2025-06-26T13:06:39.743Z</time>
      </trkpt>
      <trkpt lat="37.18148614072008" lon="34.759005308055464">
        <ele>592.8185981185429</ele>
        <time>2025-06-26T13:06:56.082Z</time>
      </trkpt>
      <trkpt lat="37.18148614072008" lon="34.759005308055464">
        <ele>592.8185981185429</ele>
        <time>2025-06-26T13:06:56.082Z</time>
      </trkpt>
      <trkpt lat="37.18148614072008" lon="34.759005308055464">
        <ele>592.8185981185429</ele>
        <time>2025-06-26T13:06:56.082Z</time>
      </trkpt>
      <trkpt lat="37.18167478436672" lon="34.758999533078196">
        <ele>589.2321770125784</ele>
        <time>2025-06-26T13:07:04.968Z</time>
      </trkpt>
      <trkpt lat="37.181828729750364" lon="34.75908636294696">
        <ele>587.0422321853233</ele>
        <time>2025-06-26T13:07:12.915Z</time>
      </trkpt>
      <trkpt lat="37.181828729750364" lon="34.75908636294696">
        <ele>587.0422321853233</ele>
        <time>2025-06-26T13:07:12.915Z</time>
      </trkpt>
      <trkpt lat="37.18205113584297" lon="34.7591961932348">
        <ele>583.5031766342938</ele>
        <time>2025-06-26T13:07:24.170Z</time>
      </trkpt>
      <trkpt lat="37.182394328580486" lon="34.75933621529279">
        <ele>583.1242057484577</ele>
        <time>2025-06-26T13:07:42.339Z</time>
      </trkpt>
      <trkpt lat="37.182669455255386" lon="34.75942262165196">
        <ele>582.5974038770424</ele>
        <time>2025-06-26T13:07:56.618Z</time>
      </trkpt>
      <trkpt lat="37.183105667349565" lon="34.7595596185422">
        <ele>584.5565877497014</ele>
        <time>2025-06-26T13:08:19.258Z</time>
      </trkpt>
      <trkpt lat="37.18348849063064" lon="34.75967860135364">
        <ele>587.3355557486525</ele>
        <time>2025-06-26T13:08:39.115Z</time>
      </trkpt>
      <trkpt lat="37.183617103013916" lon="34.75967425342881">
        <ele>587.9435052692406</ele>
        <time>2025-06-26T13:08:45.592Z</time>
      </trkpt>
      <trkpt lat="37.184066599786476" lon="34.759659057550095">
        <ele>590.0053060124599</ele>
        <time>2025-06-26T13:09:08.232Z</time>
      </trkpt>
      <trkpt lat="37.184464005159185" lon="34.75943482801284">
        <ele>593.5542687726218</ele>
        <time>2025-06-26T13:09:30.170Z</time>
      </trkpt>
      <trkpt lat="37.1846280695666" lon="34.75912821846023">
        <ele>597.3813599376582</ele>
        <time>2025-06-26T13:09:44.985Z</time>
      </trkpt>
      <trkpt lat="37.18468976896612" lon="34.75906452727841">
        <ele>599.7795625721083</ele>
        <time>2025-06-26T13:09:49.007Z</time>
      </trkpt>
      <trkpt lat="37.1850370666056" lon="34.75870601816368">
        <ele>610.4266271212276</ele>
        <time>2025-06-26T13:10:11.647Z</time>
      </trkpt>
      <trkpt lat="37.18538436424508" lon="34.758347509048946">
        <ele>614.1760842144878</ele>
        <time>2025-06-26T13:10:34.287Z</time>
      </trkpt>
      <trkpt lat="37.185519260028656" lon="34.75803632323448">
        <ele>618.4954784665226</ele>
        <time>2025-06-26T13:10:48.497Z</time>
      </trkpt>
      <trkpt lat="37.185754092291056" lon="34.75762008016415">
        <ele>621.0710747339533</ele>
        <time>2025-06-26T13:11:08.956Z</time>
      </trkpt>
      <trkpt lat="37.18601395988337" lon="34.75715946166398">
        <ele>620.5341007347728</ele>
        <time>2025-06-26T13:11:31.596Z</time>
      </trkpt>
      <trkpt lat="37.186273827475674" lon="34.756698843163804">
        <ele>625.8059750816528</ele>
        <time>2025-06-26T13:11:54.236Z</time>
      </trkpt>
      <trkpt lat="37.18637590959179" lon="34.756190878083686">
        <ele>631.0128306967841</ele>
        <time>2025-06-26T13:12:15.250Z</time>
      </trkpt>
      <trkpt lat="37.18638532848596" lon="34.75599461995586">
        <ele>631.7531662915371</ele>
        <time>2025-06-26T13:12:23.136Z</time>
      </trkpt>
      <trkpt lat="37.186412367456825" lon="34.75543121859434">
        <ele>633.7555788265537</ele>
        <time>2025-06-26T13:12:45.776Z</time>
      </trkpt>
      <trkpt lat="37.186364322026904" lon="34.75491860488993">
        <ele>637.9355685795967</ele>
        <time>2025-06-26T13:13:06.480Z</time>
      </trkpt>
      <trkpt lat="37.18631178314395" lon="34.75435804894399">
        <ele>642.2673120074548</ele>
        <time>2025-06-26T13:13:29.120Z</time>
      </trkpt>
      <trkpt lat="37.186259244260995" lon="34.753797492998046">
        <ele>643.9337111199451</ele>
        <time>2025-06-26T13:13:51.760Z</time>
      </trkpt>
      <trkpt lat="37.18619361995785" lon="34.753335290537706">
        <ele>646.2940477621745</ele>
        <time>2025-06-26T13:14:10.592Z</time>
      </trkpt>
      <trkpt lat="37.18618454224014" lon="34.75324540065382">
        <ele>647.1416594262246</ele>
        <time>2025-06-26T13:14:14.226Z</time>
      </trkpt>
      <trkpt lat="37.186127995598454" lon="34.75268546133623">
        <ele>653.0467202496199</ele>
        <time>2025-06-26T13:14:36.866Z</time>
      </trkpt>
      <trkpt lat="37.186127995598454" lon="34.752355970472735">
        <ele>655.4652124599226</ele>
        <time>2025-06-26T13:14:50.082Z</time>
      </trkpt>
      <trkpt lat="37.18622278632199" lon="34.752081394753674">
        <ele>657.9261954044003</ele>
        <time>2025-06-26T13:15:02.085Z</time>
      </trkpt>
      <trkpt lat="37.18656480147864" lon="34.75189763385032">
        <ele>643.5568197879528</ele>
        <time>2025-06-26T13:15:20.816Z</time>
      </trkpt>
      <trkpt lat="37.186812713993476" lon="34.75153610915336">
        <ele>639.2093859095451</ele>
        <time>2025-06-26T13:15:39.949Z</time>
      </trkpt>
      <trkpt lat="37.1868368241652" lon="34.751503849948946">
        <ele>639.2788035309106</ele>
        <time>2025-06-26T13:15:41.723Z</time>
      </trkpt>
      <trkpt lat="37.187144477997805" lon="34.75109221174114">
        <ele>639.0216670598845</ele>
        <time>2025-06-26T13:16:04.363Z</time>
      </trkpt>
      <trkpt lat="37.187458011871186" lon="34.75091373752355">
        <ele>632.545766696903</ele>
        <time>2025-06-26T13:16:21.696Z</time>
      </trkpt>
      <trkpt lat="37.18765140217477" lon="34.750769778291684">
        <ele>632.906143776235</ele>
        <time>2025-06-26T13:16:33.016Z</time>
      </trkpt>
      <trkpt lat="37.18803816681826" lon="34.75048187171129">
        <ele>635.2791231732224</ele>
        <time>2025-06-26T13:16:55.656Z</time>
      </trkpt>
      <trkpt lat="37.18831159435872" lon="34.750408651519706">
        <ele>635.8374302569115</ele>
        <time>2025-06-26T13:17:09.732Z</time>
      </trkpt>
      <trkpt lat="37.18831159435872" lon="34.750408651519706">
        <ele>635.8374302569115</ele>
        <time>2025-06-26T13:17:09.732Z</time>
      </trkpt>
      <trkpt lat="37.18856681571572" lon="34.75037203866822">
        <ele>639.0674278636006</ele>
        <time>2025-06-26T13:17:22.664Z</time>
      </trkpt>
      <trkpt lat="37.18856681571572" lon="34.75037203866822">
        <ele>639.0674278636006</ele>
        <time>2025-06-26T13:17:22.664Z</time>
      </trkpt>
      <trkpt lat="37.18888034368386" lon="34.75028051342852">
        <ele>644.0832649210007</ele>
        <time>2025-06-26T13:17:38.870Z</time>
      </trkpt>
      <trkpt lat="37.18917666721429" lon="34.7501200896471">
        <ele>649.6842573556124</ele>
        <time>2025-06-26T13:17:55.118Z</time>
      </trkpt>
      <trkpt lat="37.18958956309751" lon="34.74989655586688">
        <ele>655.2780976400715</ele>
        <time>2025-06-26T13:18:17.758Z</time>
      </trkpt>
      <trkpt lat="37.18977549011282" lon="34.74972723417375">
        <ele>658.1504404813339</ele>
        <time>2025-06-26T13:18:29.323Z</time>
      </trkpt>
      <trkpt lat="37.190154633980754" lon="34.74965401398225">
        <ele>656.0271789322039</ele>
        <time>2025-06-26T13:18:48.637Z</time>
      </trkpt>
      <trkpt lat="37.190311394830914" lon="34.749489268550036">
        <ele>655.2099640283155</ele>
        <time>2025-06-26T13:18:58.930Z</time>
      </trkpt>
      <trkpt lat="37.19063220672031" lon="34.74925130292715">
        <ele>656.8633628055615</ele>
        <time>2025-06-26T13:19:17.692Z</time>
      </trkpt>
      <trkpt lat="37.19083550436439" lon="34.74919421172473">
        <ele>656.7509041571993</ele>
        <time>2025-06-26T13:19:28.180Z</time>
      </trkpt>
      <trkpt lat="37.191149022913066" lon="34.749185059201125">
        <ele>654.1906233315832</ele>
        <time>2025-06-26T13:19:43.969Z</time>
      </trkpt>
      <trkpt lat="37.191284126796546" lon="34.74917127949738">
        <ele>653.3743163573565</ele>
        <time>2025-06-26T13:19:50.793Z</time>
      </trkpt>
      <trkpt lat="37.19173230977148" lon="34.74912556779424">
        <ele>653.2397204781556</ele>
        <time>2025-06-26T13:20:13.433Z</time>
      </trkpt>
      <trkpt lat="37.19205918529747" lon="34.74918957981926">
        <ele>651.7872931983171</ele>
        <time>2025-06-26T13:20:30.090Z</time>
      </trkpt>
      <trkpt lat="37.19250347190244" lon="34.74927658445256">
        <ele>650.5591448375496</ele>
        <time>2025-06-26T13:20:52.730Z</time>
      </trkpt>
      <trkpt lat="37.192877371041334" lon="34.74918704058029">
        <ele>652.0153850824576</ele>
        <time>2025-06-26T13:21:11.895Z</time>
      </trkpt>
      <trkpt lat="37.19331906518575" lon="34.74908126070562">
        <ele>653.3519138796487</ele>
        <time>2025-06-26T13:21:34.535Z</time>
      </trkpt>
      <trkpt lat="37.193388528924885" lon="34.749060374062445">
        <ele>653.455659559286</ele>
        <time>2025-06-26T13:21:38.131Z</time>
      </trkpt>
      <trkpt lat="37.193825819913826" lon="34.748928887606866">
        <ele>654.0595112151634</ele>
        <time>2025-06-26T13:22:00.771Z</time>
      </trkpt>
      <trkpt lat="37.19424504293697" lon="34.74901583658382">
        <ele>656.4781862959791</ele>
        <time>2025-06-26T13:22:22.165Z</time>
      </trkpt>
      <trkpt lat="37.194551256543704" lon="34.74906617546549">
        <ele>658.309988214989</ele>
        <time>2025-06-26T13:22:37.714Z</time>
      </trkpt>
      <trkpt lat="37.19490485880593" lon="34.74896549770216">
        <ele>661.3861357963203</ele>
        <time>2025-06-26T13:22:55.970Z</time>
      </trkpt>
      <trkpt lat="37.195327667884115" lon="34.74890143005891">
        <ele>664.6727012236576</ele>
        <time>2025-06-26T13:23:17.413Z</time>
      </trkpt>
      <trkpt lat="37.19547984229586" lon="34.7487988272553">
        <ele>665.1390337970734</ele>
        <time>2025-06-26T13:23:26.110Z</time>
      </trkpt>
      <trkpt lat="37.195875982378865" lon="34.74853173187">
        <ele>664.2140092851597</ele>
        <time>2025-06-26T13:23:48.750Z</time>
      </trkpt>
      <trkpt lat="37.19613842541023" lon="34.74827854661419">
        <ele>668.3259363402844</ele>
        <time>2025-06-26T13:24:05.415Z</time>
      </trkpt>
      <trkpt lat="37.196494967809485" lon="34.74793458138069">
        <ele>673.9356942508198</ele>
        <time>2025-06-26T13:24:28.055Z</time>
      </trkpt>
      <trkpt lat="37.196626198454055" lon="34.747778988473016">
        <ele>675.9114076160753</ele>
        <time>2025-06-26T13:24:37.143Z</time>
      </trkpt>
      <trkpt lat="37.19687772321683" lon="34.747609666779965">
        <ele>677.0713110842512</ele>
        <time>2025-06-26T13:24:51.513Z</time>
      </trkpt>
      <trkpt lat="37.19715111874824" lon="34.74768288697152">
        <ele>676.1057720518218</ele>
        <time>2025-06-26T13:25:05.588Z</time>
      </trkpt>
      <trkpt lat="37.197300574553324" lon="34.747957462690636">
        <ele>671.7780759230966</ele>
        <time>2025-06-26T13:25:18.925Z</time>
      </trkpt>
      <trkpt lat="37.19743544905084" lon="34.748099326811996">
        <ele>670.0559266039411</ele>
        <time>2025-06-26T13:25:27.784Z</time>
      </trkpt>
      <trkpt lat="37.197796328432815" lon="34.748195428521456">
        <ele>673.0110576563438</ele>
        <time>2025-06-26T13:25:46.358Z</time>
      </trkpt>
      <trkpt lat="37.197982235240275" lon="34.74816797094974">
        <ele>676.5519022774299</ele>
        <time>2025-06-26T13:25:55.782Z</time>
      </trkpt>
      <trkpt lat="37.19811710851921" lon="34.748227462355004">
        <ele>677.9962694256551</ele>
        <time>2025-06-26T13:26:02.979Z</time>
      </trkpt>
      <trkpt lat="37.198281143263756" lon="34.74849288555052">
        <ele>677.4639161108842</ele>
        <time>2025-06-26T13:26:16.452Z</time>
      </trkpt>
      <trkpt lat="37.198383209146726" lon="34.748611868361934">
        <ele>679.7655598247185</ele>
        <time>2025-06-26T13:26:23.464Z</time>
      </trkpt>
      <trkpt lat="37.19846340367303" lon="34.748584410790215">
        <ele>681.3445921783909</ele>
        <time>2025-06-26T13:26:27.649Z</time>
      </trkpt>
      <trkpt lat="37.19864566364224" lon="34.748410512834425">
        <ele>686.0219411597277</ele>
        <time>2025-06-26T13:26:39.175Z</time>
      </trkpt>
      <trkpt lat="37.19884614910008" lon="34.748337292642844">
        <ele>691.2829003886291</ele>
        <time>2025-06-26T13:26:49.687Z</time>
      </trkpt>
      <trkpt lat="37.19921877732409" lon="34.74810685997622">
        <ele>700.4794392212044</ele>
        <time>2025-06-26T13:27:10.601Z</time>
      </trkpt>
      <trkpt lat="37.19952497075717" lon="34.74790550444871">
        <ele>705.6663364705613</ele>
        <time>2025-06-26T13:27:28.010Z</time>
      </trkpt>
      <trkpt lat="37.19952497075717" lon="34.74790550444871">
        <ele>705.6663364705613</ele>
        <time>2025-06-26T13:27:30.211Z</time>
      </trkpt>
      <trkpt lat="37.19952497075717" lon="34.74790550444871">
        <ele>705.6663364705613</ele>
        <time>2025-06-26T13:27:30.257Z</time>
      </trkpt>
      <trkpt lat="37.19966019509964" lon="34.747815267178986">
        <ele>707.6246367737957</ele>
        <time>2025-06-26T13:27:38.595Z</time>
      </trkpt>
      <trkpt lat="37.20005724934431" lon="34.747550306815214">
        <ele>711.7370787007042</ele>
        <time>2025-06-26T13:28:05.189Z</time>
      </trkpt>
      <trkpt lat="37.20005724934431" lon="34.747550306815214">
        <ele>711.7370787007042</ele>
        <time>2025-06-26T13:28:05.189Z</time>
      </trkpt>
      <trkpt lat="37.20041447092761" lon="34.74743132400286">
        <ele>715.2491925959569</ele>
        <time>2025-06-26T13:28:25.468Z</time>
      </trkpt>
      <trkpt lat="37.200576073373014" lon="34.74738701942891">
        <ele>716.9009467609701</ele>
        <time>2025-06-26T13:28:34.544Z</time>
      </trkpt>
      <trkpt lat="37.200576073373014" lon="34.74738701942891">
        <ele>716.9009467609701</ele>
        <time>2025-06-26T13:28:34.544Z</time>
      </trkpt>
      <trkpt lat="37.20070266380453" lon="34.74739052028994">
        <ele>717.7325273062113</ele>
        <time>2025-06-26T13:28:41.491Z</time>
      </trkpt>
      <trkpt lat="37.20115221465487" lon="34.74740295262808">
        <ele>719.6999961068163</ele>
        <time>2025-06-26T13:29:06.612Z</time>
      </trkpt>
      <trkpt lat="37.20115221465487" lon="34.74740295262808">
        <ele>719.6999961068163</ele>
        <time>2025-06-26T13:29:06.659Z</time>
      </trkpt>
      <trkpt lat="37.20115221465487" lon="34.74740295262808">
        <ele>719.6999961068163</ele>
        <time>2025-06-26T13:29:06.706Z</time>
      </trkpt>
      <trkpt lat="37.20118037049281" lon="34.747379024238874">
        <ele>720.1302131966694</ele>
        <time>2025-06-26T13:29:08.415Z</time>
      </trkpt>
      <trkpt lat="37.20155273835137" lon="34.74706256542615">
        <ele>726.0553426280812</ele>
        <time>2025-06-26T13:29:31.023Z</time>
      </trkpt>
      <trkpt lat="37.20172971472647" lon="34.747024161422175">
        <ele>726.8343933888948</ele>
        <time>2025-06-26T13:29:40.052Z</time>
      </trkpt>
      <trkpt lat="37.20217280488197" lon="34.74692801053152">
        <ele>728.9255577830598</ele>
        <time>2025-06-26T13:30:02.660Z</time>
      </trkpt>
      <trkpt lat="37.20217280488197" lon="34.74692801053152">
        <ele>728.9255577830598</ele>
        <time>2025-06-26T13:30:02.660Z</time>
      </trkpt>
      <trkpt lat="37.20219512423267" lon="34.74692250066167">
        <ele>729.015430274047</ele>
        <time>2025-06-26T13:30:03.803Z</time>
      </trkpt>
      <trkpt lat="37.202636335563014" lon="34.74681358096058">
        <ele>730.0539773061494</ele>
        <time>2025-06-26T13:30:26.412Z</time>
      </trkpt>
      <trkpt lat="37.20265299554479" lon="34.746799189303246">
        <ele>730.2268923843754</ele>
        <time>2025-06-26T13:30:27.427Z</time>
      </trkpt>
      <trkpt lat="37.20302343936824" lon="34.746479182916744">
        <ele>733.0185126410197</ele>
        <time>2025-06-26T13:30:50.036Z</time>
      </trkpt>
      <trkpt lat="37.20307031285809" lon="34.74608358354237">
        <ele>734.726441262929</ele>
        <time>2025-06-26T13:31:06.053Z</time>
      </trkpt>
      <trkpt lat="37.20301823120053" lon="34.74567490650324">
        <ele>737.1704901098572</ele>
        <time>2025-06-26T13:31:22.628Z</time>
      </trkpt>
      <trkpt lat="37.203296867650565" lon="34.74534469545645">
        <ele>737.3087190340386</ele>
        <time>2025-06-26T13:31:41.893Z</time>
      </trkpt>
      <trkpt lat="37.203296867650565" lon="34.74534469545645">
        <ele>737.3087190340386</ele>
        <time>2025-06-26T13:31:41.893Z</time>
      </trkpt>
      <trkpt lat="37.20352602582868" lon="34.74490659367106">
        <ele>739.9612431475435</ele>
        <time>2025-06-26T13:32:02.883Z</time>
      </trkpt>
      <trkpt lat="37.203572899006915" lon="34.74472677577381">
        <ele>741.4923819232281</ele>
        <time>2025-06-26T13:32:10.460Z</time>
      </trkpt>
      <trkpt lat="37.20376833521931" lon="34.74437491479776">
        <ele>745.1834070557271</ele>
        <time>2025-06-26T13:32:27.639Z</time>
      </trkpt>
      <trkpt lat="37.203828412852616" lon="34.744131224344954">
        <ele>747.7363814601921</ele>
        <time>2025-06-26T13:32:37.855Z</time>
      </trkpt>
      <trkpt lat="37.20385400000001" lon="34.74401200000006">
        <ele>749.0469498860504</ele>
        <time>2025-06-26T13:32:42.800Z</time>
      </trkpt>
      <trkpt lat="37.20389800000001" lon="34.74399800000006">
        <ele>758.217</ele>
        <time>2025-06-26T13:32:45.083Z</time>
      </trkpt>
      <trkpt lat="37.20394400000001" lon="34.74398100000006">
        <ele>758.298</ele>
        <time>2025-06-26T13:32:48.083Z</time>
      </trkpt>
      <trkpt lat="37.203996000000004" lon="34.74394500000006">
        <ele>758.218</ele>
        <time>2025-06-26T13:32:51.083Z</time>
      </trkpt>
      <trkpt lat="37.204036" lon="34.74391700000006">
        <ele>758.289</ele>
        <time>2025-06-26T13:32:53.083Z</time>
      </trkpt>
      <trkpt lat="37.204086000000004" lon="34.74389500000006">
        <ele>759.591</ele>
        <time>2025-06-26T13:32:55.083Z</time>
      </trkpt>
      <trkpt lat="37.204133000000006" lon="34.74388700000006">
        <ele>759.937</ele>
        <time>2025-06-26T13:37:49.083Z</time>
      </trkpt>
      <trkpt lat="37.204173000000004" lon="34.74384100000006">
        <ele>760.669</ele>
        <time>2025-06-26T13:37:53.083Z</time>
      </trkpt>
      <trkpt lat="37.204235000000004" lon="34.74380200000006">
        <ele>761.418</ele>
        <time>2025-06-26T13:37:55.083Z</time>
      </trkpt>
      <trkpt lat="37.204309" lon="34.74376200000006">
        <ele>762.164</ele>
        <time>2025-06-26T13:37:57.083Z</time>
      </trkpt>
      <trkpt lat="37.204384000000005" lon="34.743758000000064">
        <ele>762.677</ele>
        <time>2025-06-26T13:37:59.083Z</time>
      </trkpt>
      <trkpt lat="37.204444" lon="34.74373000000006">
        <ele>763.049</ele>
        <time>2025-06-26T13:38:01.083Z</time>
      </trkpt>
      <trkpt lat="37.204488000000005" lon="34.74369400000006">
        <ele>763.47</ele>
        <time>2025-06-26T13:38:03.083Z</time>
      </trkpt>
      <trkpt lat="37.20454900000001" lon="34.74365500000006">
        <ele>763.909</ele>
        <time>2025-06-26T13:38:05.083Z</time>
      </trkpt>
      <trkpt lat="37.20460800000001" lon="34.74362200000006">
        <ele>763.917</ele>
        <time>2025-06-26T13:38:07.083Z</time>
      </trkpt>
      <trkpt lat="37.20466900000001" lon="34.74360000000006">
        <ele>763.943</ele>
        <time>2025-06-26T13:38:09.083Z</time>
      </trkpt>
      <trkpt lat="37.20473000000001" lon="34.74356800000006">
        <ele>763.782</ele>
        <time>2025-06-26T13:38:11.083Z</time>
      </trkpt>
      <trkpt lat="37.20479600000001" lon="34.74352900000006">
        <ele>763.676</ele>
        <time>2025-06-26T13:38:13.083Z</time>
      </trkpt>
      <trkpt lat="37.20484600000001" lon="34.74349200000006">
        <ele>763.568</ele>
        <time>2025-06-26T13:38:15.083Z</time>
      </trkpt>
      <trkpt lat="37.20490200000001" lon="34.74347400000006">
        <ele>763.354</ele>
        <time>2025-06-26T13:38:17.083Z</time>
      </trkpt>
      <trkpt lat="37.20494100000001" lon="34.74344400000006">
        <ele>763.236</ele>
        <time>2025-06-26T13:38:18.083Z</time>
      </trkpt>
      <trkpt lat="37.205022000000014" lon="34.74339800000006">
        <ele>763.055</ele>
        <time>2025-06-26T13:38:20.083Z</time>
      </trkpt>
      <trkpt lat="37.20506800000001" lon="34.74338400000006">
        <ele>762.931</ele>
        <time>2025-06-26T13:38:21.083Z</time>
      </trkpt>
      <trkpt lat="37.20511600000001" lon="34.74336000000006">
        <ele>762.794</ele>
        <time>2025-06-26T13:38:22.083Z</time>
      </trkpt>
      <trkpt lat="37.20516200000001" lon="34.74333400000006">
        <ele>762.626</ele>
        <time>2025-06-26T13:38:23.083Z</time>
      </trkpt>
      <trkpt lat="37.20520700000001" lon="34.74331500000006">
        <ele>762.257</ele>
        <time>2025-06-26T13:38:24.083Z</time>
      </trkpt>
      <trkpt lat="37.20525200000001" lon="34.74327600000006">
        <ele>761.709</ele>
        <time>2025-06-26T13:38:25.083Z</time>
      </trkpt>
      <trkpt lat="37.20533000000001" lon="34.74321900000006">
        <ele>761.314</ele>
        <time>2025-06-26T13:38:27.083Z</time>
      </trkpt>
      <trkpt lat="37.20540800000001" lon="34.74316900000006">
        <ele>760.959</ele>
        <time>2025-06-26T13:38:29.083Z</time>
      </trkpt>
      <trkpt lat="37.20549000000001" lon="34.74312100000006">
        <ele>760.556</ele>
        <time>2025-06-26T13:38:31.083Z</time>
      </trkpt>
      <trkpt lat="37.20557500000001" lon="34.74309000000006">
        <ele>759.922</ele>
        <time>2025-06-26T13:38:33.083Z</time>
      </trkpt>
      <trkpt lat="37.20565000000001" lon="34.74304500000006">
        <ele>759.084</ele>
        <time>2025-06-26T13:38:35.083Z</time>
      </trkpt>
      <trkpt lat="37.205717000000014" lon="34.74299300000006">
        <ele>758.31</ele>
        <time>2025-06-26T13:38:37.083Z</time>
      </trkpt>
      <trkpt lat="37.205756000000015" lon="34.742930000000065">
        <ele>757.972</ele>
        <time>2025-06-26T13:38:39.083Z</time>
      </trkpt>
      <trkpt lat="37.205787000000015" lon="34.742877000000064">
        <ele>757.121</ele>
        <time>2025-06-26T13:38:41.083Z</time>
      </trkpt>
      <trkpt lat="37.205832000000015" lon="34.74281300000006">
        <ele>756.367</ele>
        <time>2025-06-26T13:38:43.083Z</time>
      </trkpt>
      <trkpt lat="37.20587500000001" lon="34.74274600000006">
        <ele>755.53</ele>
        <time>2025-06-26T13:38:45.083Z</time>
      </trkpt>
      <trkpt lat="37.205942000000015" lon="34.74267900000006">
        <ele>754.932</ele>
        <time>2025-06-26T13:38:47.083Z</time>
      </trkpt>
      <trkpt lat="37.20597500000002" lon="34.74263100000006">
        <ele>754.953</ele>
        <time>2025-06-26T13:38:49.083Z</time>
      </trkpt>
      <trkpt lat="37.206046000000015" lon="34.74259800000006">
        <ele>754.909</ele>
        <time>2025-06-26T13:38:51.083Z</time>
      </trkpt>
      <trkpt lat="37.20610300000001" lon="34.74258600000006">
        <ele>755.015</ele>
        <time>2025-06-26T13:38:53.083Z</time>
      </trkpt>
      <trkpt lat="37.20614600000001" lon="34.74253700000006">
        <ele>756.887</ele>
        <time>2025-06-26T13:38:55.083Z</time>
      </trkpt>
      <trkpt lat="37.206173000000014" lon="34.74246100000006">
        <ele>758.317</ele>
        <time>2025-06-26T13:38:58.083Z</time>
      </trkpt>
      <trkpt lat="37.20614100000002" lon="34.74241000000006">
        <ele>759.253</ele>
        <time>2025-06-26T13:39:14.083Z</time>
      </trkpt>
      <trkpt lat="37.20610900000002" lon="34.74236900000006">
        <ele>759.495</ele>
        <time>2025-06-26T13:39:17.083Z</time>
      </trkpt>
      <trkpt lat="37.20607400000002" lon="34.74230900000006">
        <ele>759.961</ele>
        <time>2025-06-26T13:39:19.083Z</time>
      </trkpt>
      <trkpt lat="37.20604000000002" lon="34.742243000000066">
        <ele>760.883</ele>
        <time>2025-06-26T13:39:21.083Z</time>
      </trkpt>
      <trkpt lat="37.20602700000002" lon="34.74215200000007">
        <ele>761.562</ele>
        <time>2025-06-26T13:39:23.083Z</time>
      </trkpt>
      <trkpt lat="37.20601200000002" lon="34.74206100000007">
        <ele>762.338</ele>
        <time>2025-06-26T13:39:25.083Z</time>
      </trkpt>
      <trkpt lat="37.20601000000002" lon="34.74197100000007">
        <ele>762.931</ele>
        <time>2025-06-26T13:39:27.083Z</time>
      </trkpt>
      <trkpt lat="37.20600600000002" lon="34.74191400000007">
        <ele>763.643</ele>
        <time>2025-06-26T13:39:28.083Z</time>
      </trkpt>
      <trkpt lat="37.20600600000002" lon="34.74185500000007">
        <ele>763.944</ele>
        <time>2025-06-26T13:39:29.083Z</time>
      </trkpt>
      <trkpt lat="37.206005000000026" lon="34.74179600000007">
        <ele>764.609</ele>
        <time>2025-06-26T13:39:30.083Z</time>
      </trkpt>
      <trkpt lat="37.206000000000024" lon="34.74172400000007">
        <ele>765.32</ele>
        <time>2025-06-26T13:39:31.083Z</time>
      </trkpt>
      <trkpt lat="37.205997000000025" lon="34.74165300000007">
        <ele>765.9</ele>
        <time>2025-06-26T13:39:32.083Z</time>
      </trkpt>
      <trkpt lat="37.20599800000002" lon="34.74158400000007">
        <ele>766.529</ele>
        <time>2025-06-26T13:39:33.083Z</time>
      </trkpt>
      <trkpt lat="37.205989000000024" lon="34.741506000000065">
        <ele>766.543</ele>
        <time>2025-06-26T13:39:34.083Z</time>
      </trkpt>
      <trkpt lat="37.20598400000002" lon="34.741438000000066">
        <ele>767.155</ele>
        <time>2025-06-26T13:39:35.083Z</time>
      </trkpt>
      <trkpt lat="37.20596400000002" lon="34.74138400000007">
        <ele>768.371</ele>
        <time>2025-06-26T13:39:36.083Z</time>
      </trkpt>
      <trkpt lat="37.20593700000002" lon="34.74132100000007">
        <ele>768.823</ele>
        <time>2025-06-26T13:39:37.083Z</time>
      </trkpt>
      <trkpt lat="37.20589400000002" lon="34.74124000000007">
        <ele>769.672</ele>
        <time>2025-06-26T13:39:39.083Z</time>
      </trkpt>
      <trkpt lat="37.20588400000002" lon="34.74113900000007">
        <ele>770.378</ele>
        <time>2025-06-26T13:39:41.083Z</time>
      </trkpt>
      <trkpt lat="37.20587600000002" lon="34.741078000000066">
        <ele>771.231</ele>
        <time>2025-06-26T13:39:42.083Z</time>
      </trkpt>
      <trkpt lat="37.20582300000002" lon="34.741013000000066">
        <ele>772.053</ele>
        <time>2025-06-26T13:39:44.083Z</time>
      </trkpt>
      <trkpt lat="37.20577100000002" lon="34.74093900000007">
        <ele>772.714</ele>
        <time>2025-06-26T13:39:46.083Z</time>
      </trkpt>
      <trkpt lat="37.20569500000002" lon="34.74087300000007">
        <ele>773.209</ele>
        <time>2025-06-26T13:39:48.083Z</time>
      </trkpt>
      <trkpt lat="37.20561500000002" lon="34.74083500000007">
        <ele>773.608</ele>
        <time>2025-06-26T13:39:50.083Z</time>
      </trkpt>
      <trkpt lat="37.20553200000003" lon="34.740802000000066">
        <ele>774.226</ele>
        <time>2025-06-26T13:39:52.083Z</time>
      </trkpt>
      <trkpt lat="37.205448000000025" lon="34.74075600000007">
        <ele>774.725</ele>
        <time>2025-06-26T13:39:54.083Z</time>
      </trkpt>
      <trkpt lat="37.205409000000024" lon="34.74072300000007">
        <ele>775.043</ele>
        <time>2025-06-26T13:39:55.083Z</time>
      </trkpt>
      <trkpt lat="37.205364000000024" lon="34.74068000000007">
        <ele>775.225</ele>
        <time>2025-06-26T13:39:56.083Z</time>
      </trkpt>
      <trkpt lat="37.20532800000002" lon="34.740639000000066">
        <ele>775.311</ele>
        <time>2025-06-26T13:39:57.083Z</time>
      </trkpt>
      <trkpt lat="37.205291000000024" lon="34.74059000000007">
        <ele>775.583</ele>
        <time>2025-06-26T13:39:58.083Z</time>
      </trkpt>
      <trkpt lat="37.205260000000024" lon="34.74054400000007">
        <ele>775.712</ele>
        <time>2025-06-26T13:39:59.083Z</time>
      </trkpt>
      <trkpt lat="37.20523000000002" lon="34.74049100000007">
        <ele>775.968</ele>
        <time>2025-06-26T13:40:00.083Z</time>
      </trkpt>
      <trkpt lat="37.20519100000002" lon="34.74043400000007">
        <ele>776.111</ele>
        <time>2025-06-26T13:40:01.083Z</time>
      </trkpt>
      <trkpt lat="37.20515400000002" lon="34.74037700000007">
        <ele>776.153</ele>
        <time>2025-06-26T13:40:02.083Z</time>
      </trkpt>
      <trkpt lat="37.20511000000002" lon="34.74032200000007">
        <ele>776.174</ele>
        <time>2025-06-26T13:40:03.083Z</time>
      </trkpt>
      <trkpt lat="37.205066000000016" lon="34.74026900000007">
        <ele>776.109</ele>
        <time>2025-06-26T13:40:04.083Z</time>
      </trkpt>
      <trkpt lat="37.205022000000014" lon="34.74022200000007">
        <ele>775.914</ele>
        <time>2025-06-26T13:40:05.083Z</time>
      </trkpt>
      <trkpt lat="37.204971000000015" lon="34.74017600000007">
        <ele>775.868</ele>
        <time>2025-06-26T13:40:06.083Z</time>
      </trkpt>
      <trkpt lat="37.20492500000002" lon="34.74013300000007">
        <ele>775.627</ele>
        <time>2025-06-26T13:40:07.083Z</time>
      </trkpt>
      <trkpt lat="37.20487400000002" lon="34.740101000000074">
        <ele>775.466</ele>
        <time>2025-06-26T13:40:08.083Z</time>
      </trkpt>
      <trkpt lat="37.204830000000015" lon="34.74007300000007">
        <ele>775.388</ele>
        <time>2025-06-26T13:40:09.083Z</time>
      </trkpt>
      <trkpt lat="37.20478400000002" lon="34.740055000000076">
        <ele>775.184</ele>
        <time>2025-06-26T13:40:10.083Z</time>
      </trkpt>
      <trkpt lat="37.204740000000015" lon="34.74003800000008">
        <ele>774.916</ele>
        <time>2025-06-26T13:40:11.083Z</time>
      </trkpt>
      <trkpt lat="37.204695000000015" lon="34.740027000000076">
        <ele>774.795</ele>
        <time>2025-06-26T13:40:12.083Z</time>
      </trkpt>
      <trkpt lat="37.204642000000014" lon="34.740013000000076">
        <ele>774.621</ele>
        <time>2025-06-26T13:40:13.083Z</time>
      </trkpt>
      <trkpt lat="37.204560000000015" lon="34.739982000000076">
        <ele>774.674</ele>
        <time>2025-06-26T13:40:15.083Z</time>
      </trkpt>
      <trkpt lat="37.20450500000001" lon="34.739909000000075">
        <ele>775.016</ele>
        <time>2025-06-26T13:40:17.083Z</time>
      </trkpt>
      <trkpt lat="37.20448500000001" lon="34.739816000000076">
        <ele>775.897</ele>
        <time>2025-06-26T13:40:19.083Z</time>
      </trkpt>
      <trkpt lat="37.204504000000014" lon="34.739712000000075">
        <ele>776.409</ele>
        <time>2025-06-26T13:40:21.083Z</time>
      </trkpt>
      <trkpt lat="37.204540000000016" lon="34.73961500000008">
        <ele>776.917</ele>
        <time>2025-06-26T13:40:23.083Z</time>
      </trkpt>
      <trkpt lat="37.20457000000002" lon="34.73954100000008">
        <ele>777.852</ele>
        <time>2025-06-26T13:40:25.083Z</time>
      </trkpt>
      <trkpt lat="37.204585000000016" lon="34.73944500000008">
        <ele>778.658</ele>
        <time>2025-06-26T13:40:27.083Z</time>
      </trkpt>
      <trkpt lat="37.204538000000014" lon="34.73940000000008">
        <ele>779.068</ele>
        <time>2025-06-26T13:40:32.083Z</time>
      </trkpt>
      <trkpt lat="37.20449100000001" lon="34.73937400000008">
        <ele>779.77</ele>
        <time>2025-06-26T13:40:35.083Z</time>
      </trkpt>
      <trkpt lat="37.20443600000001" lon="34.739351000000084">
        <ele>780.676</ele>
        <time>2025-06-26T13:40:37.083Z</time>
      </trkpt>
      <trkpt lat="37.20437100000001" lon="34.739326000000084">
        <ele>781.818</ele>
        <time>2025-06-26T13:40:39.083Z</time>
      </trkpt>
      <trkpt lat="37.204285000000006" lon="34.739280000000086">
        <ele>782.417</ele>
        <time>2025-06-26T13:40:41.083Z</time>
      </trkpt>
      <trkpt lat="37.20423100000001" lon="34.739258000000085">
        <ele>783.053</ele>
        <time>2025-06-26T13:40:42.083Z</time>
      </trkpt>
      <trkpt lat="37.20417700000001" lon="34.73924000000009">
        <ele>783.316</ele>
        <time>2025-06-26T13:40:43.083Z</time>
      </trkpt>
      <trkpt lat="37.20411800000001" lon="34.73921200000009">
        <ele>783.978</ele>
        <time>2025-06-26T13:40:44.083Z</time>
      </trkpt>
      <trkpt lat="37.20405500000001" lon="34.739176000000086">
        <ele>784.559</ele>
        <time>2025-06-26T13:40:45.083Z</time>
      </trkpt>
      <trkpt lat="37.20398700000001" lon="34.739140000000084">
        <ele>785.109</ele>
        <time>2025-06-26T13:40:46.083Z</time>
      </trkpt>
      <trkpt lat="37.20391100000001" lon="34.73909900000008">
        <ele>785.713</ele>
        <time>2025-06-26T13:40:47.083Z</time>
      </trkpt>
      <trkpt lat="37.20383200000001" lon="34.73905800000008">
        <ele>786.285</ele>
        <time>2025-06-26T13:40:48.083Z</time>
      </trkpt>
      <trkpt lat="37.203749000000016" lon="34.739014000000076">
        <ele>786.773</ele>
        <time>2025-06-26T13:40:49.083Z</time>
      </trkpt>
      <trkpt lat="37.20366900000002" lon="34.738969000000075">
        <ele>787.382</ele>
        <time>2025-06-26T13:40:50.083Z</time>
      </trkpt>
      <trkpt lat="37.20359300000002" lon="34.73892200000007">
        <ele>788.044</ele>
        <time>2025-06-26T13:40:51.083Z</time>
      </trkpt>
      <trkpt lat="37.20351600000002" lon="34.73887700000007">
        <ele>788.64</ele>
        <time>2025-06-26T13:40:52.083Z</time>
      </trkpt>
      <trkpt lat="37.20344600000002" lon="34.738829000000074">
        <ele>788.962</ele>
        <time>2025-06-26T13:40:53.083Z</time>
      </trkpt>
      <trkpt lat="37.20338500000002" lon="34.738781000000074">
        <ele>789.271</ele>
        <time>2025-06-26T13:40:54.083Z</time>
      </trkpt>
      <trkpt lat="37.20332800000002" lon="34.73872900000008">
        <ele>789.957</ele>
        <time>2025-06-26T13:40:55.083Z</time>
      </trkpt>
      <trkpt lat="37.20327400000002" lon="34.73867500000008">
        <ele>790.21</ele>
        <time>2025-06-26T13:40:56.083Z</time>
      </trkpt>
      <trkpt lat="37.20322400000002" lon="34.738620000000076">
        <ele>790.412</ele>
        <time>2025-06-26T13:40:57.083Z</time>
      </trkpt>
      <trkpt lat="37.20317700000002" lon="34.73856200000007">
        <ele>790.643</ele>
        <time>2025-06-26T13:40:58.083Z</time>
      </trkpt>
      <trkpt lat="37.20313100000002" lon="34.738505000000075">
        <ele>790.809</ele>
        <time>2025-06-26T13:40:59.083Z</time>
      </trkpt>
      <trkpt lat="37.20308500000002" lon="34.73845000000007">
        <ele>791.017</ele>
        <time>2025-06-26T13:41:00.083Z</time>
      </trkpt>
      <trkpt lat="37.203034000000024" lon="34.73839600000007">
        <ele>791.298</ele>
        <time>2025-06-26T13:41:01.083Z</time>
      </trkpt>
      <trkpt lat="37.20298200000003" lon="34.738347000000076">
        <ele>791.418</ele>
        <time>2025-06-26T13:41:02.083Z</time>
      </trkpt>
      <trkpt lat="37.20292500000003" lon="34.73831200000008">
        <ele>791.756</ele>
        <time>2025-06-26T13:41:03.083Z</time>
      </trkpt>
      <trkpt lat="37.20286000000003" lon="34.73826600000008">
        <ele>792.098</ele>
        <time>2025-06-26T13:41:04.083Z</time>
      </trkpt>
      <trkpt lat="37.20280000000003" lon="34.73823700000008">
        <ele>792.364</ele>
        <time>2025-06-26T13:41:05.083Z</time>
      </trkpt>
      <trkpt lat="37.20274100000003" lon="34.73820900000008">
        <ele>792.636</ele>
        <time>2025-06-26T13:41:06.083Z</time>
      </trkpt>
      <trkpt lat="37.20268500000003" lon="34.73818400000008">
        <ele>793.055</ele>
        <time>2025-06-26T13:41:07.083Z</time>
      </trkpt>
      <trkpt lat="37.20262900000003" lon="34.73815300000008">
        <ele>793.431</ele>
        <time>2025-06-26T13:41:08.083Z</time>
      </trkpt>
      <trkpt lat="37.20257400000003" lon="34.738127000000084">
        <ele>793.634</ele>
        <time>2025-06-26T13:41:09.083Z</time>
      </trkpt>
      <trkpt lat="37.202521000000026" lon="34.73810200000008">
        <ele>794.036</ele>
        <time>2025-06-26T13:41:10.083Z</time>
      </trkpt>
      <trkpt lat="37.202473000000026" lon="34.738082000000084">
        <ele>794.417</ele>
        <time>2025-06-26T13:41:11.083Z</time>
      </trkpt>
      <trkpt lat="37.202426000000024" lon="34.73806600000008">
        <ele>794.809</ele>
        <time>2025-06-26T13:41:12.083Z</time>
      </trkpt>
      <trkpt lat="37.20237900000002" lon="34.738051000000084">
        <ele>795.108</ele>
        <time>2025-06-26T13:41:13.083Z</time>
      </trkpt>
      <trkpt lat="37.20233100000002" lon="34.73802900000008">
        <ele>795.453</ele>
        <time>2025-06-26T13:41:14.083Z</time>
      </trkpt>
      <trkpt lat="37.202279000000026" lon="34.73800100000008">
        <ele>795.752</ele>
        <time>2025-06-26T13:41:15.083Z</time>
      </trkpt>
      <trkpt lat="37.20223200000002" lon="34.73797700000008">
        <ele>796.016</ele>
        <time>2025-06-26T13:41:16.083Z</time>
      </trkpt>
      <trkpt lat="37.202181000000024" lon="34.73795600000008">
        <ele>796.328</ele>
        <time>2025-06-26T13:41:17.083Z</time>
      </trkpt>
      <trkpt lat="37.20213100000002" lon="34.73793300000008">
        <ele>796.554</ele>
        <time>2025-06-26T13:41:18.083Z</time>
      </trkpt>
      <trkpt lat="37.20208300000002" lon="34.73790800000008">
        <ele>796.936</ele>
        <time>2025-06-26T13:41:19.083Z</time>
      </trkpt>
      <trkpt lat="37.20203300000002" lon="34.73788300000008">
        <ele>797.315</ele>
        <time>2025-06-26T13:41:20.083Z</time>
      </trkpt>
      <trkpt lat="37.20198600000002" lon="34.73786000000008">
        <ele>797.691</ele>
        <time>2025-06-26T13:41:21.083Z</time>
      </trkpt>
      <trkpt lat="37.20194200000002" lon="34.73783800000008">
        <ele>798.394</ele>
        <time>2025-06-26T13:41:22.083Z</time>
      </trkpt>
      <trkpt lat="37.201864000000015" lon="34.73779400000008">
        <ele>798.826</ele>
        <time>2025-06-26T13:41:24.083Z</time>
      </trkpt>
      <trkpt lat="37.20178900000001" lon="34.73776500000008">
        <ele>799.397</ele>
        <time>2025-06-26T13:41:26.083Z</time>
      </trkpt>
      <trkpt lat="37.201712000000015" lon="34.73773400000008">
        <ele>799.809</ele>
        <time>2025-06-26T13:41:28.083Z</time>
      </trkpt>
      <trkpt lat="37.201639000000014" lon="34.73768900000008">
        <ele>800.717</ele>
        <time>2025-06-26T13:41:30.083Z</time>
      </trkpt>
      <trkpt lat="37.201591000000015" lon="34.73766200000008">
        <ele>801.107</ele>
        <time>2025-06-26T13:41:31.083Z</time>
      </trkpt>
      <trkpt lat="37.20152400000001" lon="34.73762300000008">
        <ele>801.855</ele>
        <time>2025-06-26T13:41:33.083Z</time>
      </trkpt>
      <trkpt lat="37.201487000000014" lon="34.73756000000008">
        <ele>802.473</ele>
        <time>2025-06-26T13:41:35.083Z</time>
      </trkpt>
      <trkpt lat="37.201444000000016" lon="34.73749400000008">
        <ele>802.965</ele>
        <time>2025-06-26T13:41:37.083Z</time>
      </trkpt>
      <trkpt lat="37.20139200000002" lon="34.737423000000085">
        <ele>803.221</ele>
        <time>2025-06-26T13:41:39.083Z</time>
      </trkpt>
      <trkpt lat="37.20133400000002" lon="34.737350000000085">
        <ele>803.443</ele>
        <time>2025-06-26T13:41:41.083Z</time>
      </trkpt>
      <trkpt lat="37.20127400000002" lon="34.73728300000008">
        <ele>803.762</ele>
        <time>2025-06-26T13:41:43.083Z</time>
      </trkpt>
      <trkpt lat="37.20121300000002" lon="34.73721900000008">
        <ele>804.288</ele>
        <time>2025-06-26T13:41:45.083Z</time>
      </trkpt>
      <trkpt lat="37.20113900000002" lon="34.73717100000008">
        <ele>804.941</ele>
        <time>2025-06-26T13:41:47.083Z</time>
      </trkpt>
      <trkpt lat="37.20107500000002" lon="34.73716100000008">
        <ele>805.713</ele>
        <time>2025-06-26T13:41:49.083Z</time>
      </trkpt>
      <trkpt lat="37.20100200000002" lon="34.737179000000076">
        <ele>806.514</ele>
        <time>2025-06-26T13:41:51.083Z</time>
      </trkpt>
      <trkpt lat="37.20093700000002" lon="34.737207000000076">
        <ele>807.309</ele>
        <time>2025-06-26T13:41:53.083Z</time>
      </trkpt>
      <trkpt lat="37.200882000000014" lon="34.737250000000074">
        <ele>807.817</ele>
        <time>2025-06-26T13:41:55.083Z</time>
      </trkpt>
      <trkpt lat="37.20081600000002" lon="34.73730700000007">
        <ele>807.989</ele>
        <time>2025-06-26T13:41:57.083Z</time>
      </trkpt>
      <trkpt lat="37.200749000000016" lon="34.73735600000007">
        <ele>807.928</ele>
        <time>2025-06-26T13:41:59.083Z</time>
      </trkpt>
      <trkpt lat="37.200674000000014" lon="34.73741100000007">
        <ele>807.815</ele>
        <time>2025-06-26T13:42:01.083Z</time>
      </trkpt>
      <trkpt lat="37.20063000000001" lon="34.73743600000007">
        <ele>807.737</ele>
        <time>2025-06-26T13:42:02.083Z</time>
      </trkpt>
      <trkpt lat="37.20058300000001" lon="34.73745100000007">
        <ele>807.653</ele>
        <time>2025-06-26T13:42:03.083Z</time>
      </trkpt>
      <trkpt lat="37.20053800000001" lon="34.73746300000007">
        <ele>807.645</ele>
        <time>2025-06-26T13:42:04.083Z</time>
      </trkpt>
      <trkpt lat="37.20045800000001" lon="34.737484000000066">
        <ele>807.684</ele>
        <time>2025-06-26T13:42:06.083Z</time>
      </trkpt>
      <trkpt lat="37.20037600000001" lon="34.737507000000065">
        <ele>807.88</ele>
        <time>2025-06-26T13:42:08.083Z</time>
      </trkpt>
      <trkpt lat="37.20028900000001" lon="34.73753000000006">
        <ele>808.023</ele>
        <time>2025-06-26T13:42:10.083Z</time>
      </trkpt>
      <trkpt lat="37.20020800000001" lon="34.73755600000006">
        <ele>808.135</ele>
        <time>2025-06-26T13:42:12.083Z</time>
      </trkpt>
      <trkpt lat="37.20013200000001" lon="34.73760500000006">
        <ele>808.166</ele>
        <time>2025-06-26T13:42:14.083Z</time>
      </trkpt>
      <trkpt lat="37.20009300000001" lon="34.73763500000006">
        <ele>808.109</ele>
        <time>2025-06-26T13:42:15.083Z</time>
      </trkpt>
      <trkpt lat="37.20003000000001" lon="34.73768000000006">
        <ele>808.11</ele>
        <time>2025-06-26T13:42:17.083Z</time>
      </trkpt>
      <trkpt lat="37.19997400000001" lon="34.73770100000006">
        <ele>808.664</ele>
        <time>2025-06-26T13:42:19.083Z</time>
      </trkpt>
      <trkpt lat="37.199925000000015" lon="34.73771800000006">
        <ele>808.843</ele>
        <time>2025-06-26T13:43:06.083Z</time>
      </trkpt>
      <trkpt lat="37.19987500000001" lon="34.73772600000006">
        <ele>809.067</ele>
        <time>2025-06-26T13:43:09.083Z</time>
      </trkpt>
      <trkpt lat="37.19981700000001" lon="34.73773400000006">
        <ele>809.219</ele>
        <time>2025-06-26T13:43:11.083Z</time>
      </trkpt>
      <trkpt lat="37.19975400000001" lon="34.73771600000006">
        <ele>809.465</ele>
        <time>2025-06-26T13:43:13.083Z</time>
      </trkpt>
      <trkpt lat="37.19968700000001" lon="34.73770500000006">
        <ele>809.867</ele>
        <time>2025-06-26T13:43:15.083Z</time>
      </trkpt>
      <trkpt lat="37.19963600000001" lon="34.737676000000064">
        <ele>810.376</ele>
        <time>2025-06-26T13:43:17.083Z</time>
      </trkpt>
      <trkpt lat="37.19957500000001" lon="34.73765500000007">
        <ele>810.632</ele>
        <time>2025-06-26T13:43:19.083Z</time>
      </trkpt>
      <trkpt lat="37.19949900000001" lon="34.737597000000065">
        <ele>811.135</ele>
        <time>2025-06-26T13:43:21.083Z</time>
      </trkpt>
      <trkpt lat="37.19945500000001" lon="34.73756500000007">
        <ele>811.447</ele>
        <time>2025-06-26T13:43:22.083Z</time>
      </trkpt>
      <trkpt lat="37.19941000000001" lon="34.737532000000066">
        <ele>811.698</ele>
        <time>2025-06-26T13:43:23.083Z</time>
      </trkpt>
      <trkpt lat="37.19936200000001" lon="34.737496000000064">
        <ele>811.909</ele>
        <time>2025-06-26T13:43:24.083Z</time>
      </trkpt>
      <trkpt lat="37.199318000000005" lon="34.73746900000006">
        <ele>812.326</ele>
        <time>2025-06-26T13:43:25.083Z</time>
      </trkpt>
      <trkpt lat="37.199274" lon="34.73743500000006">
        <ele>813.042</ele>
        <time>2025-06-26T13:43:26.083Z</time>
      </trkpt>
      <trkpt lat="37.199235" lon="34.737403000000064">
        <ele>813.768</ele>
        <time>2025-06-26T13:43:27.083Z</time>
      </trkpt>
      <trkpt lat="37.199179" lon="34.737346000000066">
        <ele>814.456</ele>
        <time>2025-06-26T13:43:29.083Z</time>
      </trkpt>
      <trkpt lat="37.19914" lon="34.73729400000007">
        <ele>815.278</ele>
        <time>2025-06-26T13:43:31.083Z</time>
      </trkpt>
      <trkpt lat="37.199101" lon="34.73724700000007">
        <ele>816.064</ele>
        <time>2025-06-26T13:43:33.083Z</time>
      </trkpt>
      <trkpt lat="37.199048" lon="34.73718500000007">
        <ele>817.286</ele>
        <time>2025-06-26T13:43:36.083Z</time>
      </trkpt>
      <trkpt lat="37.199023999999994" lon="34.73713700000007">
        <ele>818.535</ele>
        <time>2025-06-26T13:43:38.083Z</time>
      </trkpt>
      <trkpt lat="37.198989999999995" lon="34.737082000000065">
        <ele>820.251</ele>
        <time>2025-06-26T13:43:41.083Z</time>
      </trkpt>
      <trkpt lat="37.19895699999999" lon="34.73700400000006">
        <ele>822.234</ele>
        <time>2025-06-26T13:43:44.083Z</time>
      </trkpt>
      <trkpt lat="37.198927999999995" lon="34.736936000000064">
        <ele>822.816</ele>
        <time>2025-06-26T13:43:47.083Z</time>
      </trkpt>
      <trkpt lat="37.198902" lon="34.73688100000006">
        <ele>824.487</ele>
        <time>2025-06-26T13:43:50.083Z</time>
      </trkpt>
      <trkpt lat="37.198871999999994" lon="34.73682000000006">
        <ele>825.809</ele>
        <time>2025-06-26T13:43:52.083Z</time>
      </trkpt>
      <trkpt lat="37.19884199999999" lon="34.73674300000006">
        <ele>826.717</ele>
        <time>2025-06-26T13:43:55.083Z</time>
      </trkpt>
      <trkpt lat="37.19881399999999" lon="34.73668100000006">
        <ele>828.352</ele>
        <time>2025-06-26T13:43:58.083Z</time>
      </trkpt>
      <trkpt lat="37.19878799999999" lon="34.73663300000006">
        <ele>829.058</ele>
        <time>2025-06-26T13:44:00.083Z</time>
      </trkpt>
      <trkpt lat="37.19877199999999" lon="34.73657100000006">
        <ele>829.573</ele>
        <time>2025-06-26T13:44:02.083Z</time>
      </trkpt>
      <trkpt lat="37.19873599999999" lon="34.73649900000006">
        <ele>831.165</ele>
        <time>2025-06-26T13:44:05.083Z</time>
      </trkpt>
      <trkpt lat="37.198711999999986" lon="34.73644200000006">
        <ele>831.751</ele>
        <time>2025-06-26T13:44:07.083Z</time>
      </trkpt>
      <trkpt lat="37.19867699999999" lon="34.73639800000006">
        <ele>833.493</ele>
        <time>2025-06-26T13:44:09.083Z</time>
      </trkpt>
      <trkpt lat="37.19862999999999" lon="34.736348000000056">
        <ele>834.582</ele>
        <time>2025-06-26T13:44:11.083Z</time>
      </trkpt>
      <trkpt lat="37.19858499999999" lon="34.736295000000055">
        <ele>836.268</ele>
        <time>2025-06-26T13:44:14.083Z</time>
      </trkpt>
      <trkpt lat="37.198551999999985" lon="34.73625700000005">
        <ele>837.761</ele>
        <time>2025-06-26T13:44:16.083Z</time>
      </trkpt>
      <trkpt lat="37.19850299999999" lon="34.73620700000005">
        <ele>838.773</ele>
        <time>2025-06-26T13:44:19.083Z</time>
      </trkpt>
      <trkpt lat="37.19844099999999" lon="34.73614500000005">
        <ele>839.744</ele>
        <time>2025-06-26T13:44:22.083Z</time>
      </trkpt>
      <trkpt lat="37.19837799999999" lon="34.73610500000005">
        <ele>841.209</ele>
        <time>2025-06-26T13:44:25.083Z</time>
      </trkpt>
      <trkpt lat="37.19833299999999" lon="34.73608500000005">
        <ele>842.108</ele>
        <time>2025-06-26T13:44:27.083Z</time>
      </trkpt>
      <trkpt lat="37.19828299999999" lon="34.73605100000005">
        <ele>843.962</ele>
        <time>2025-06-26T13:44:30.083Z</time>
      </trkpt>
      <trkpt lat="37.19823899999999" lon="34.73600700000005">
        <ele>844.422</ele>
        <time>2025-06-26T13:44:32.083Z</time>
      </trkpt>
      <trkpt lat="37.19818699999999" lon="34.73593200000005">
        <ele>845.453</ele>
        <time>2025-06-26T13:44:36.083Z</time>
      </trkpt>
      <trkpt lat="37.19815499999999" lon="34.73587300000005">
        <ele>846.425</ele>
        <time>2025-06-26T13:44:38.083Z</time>
      </trkpt>
      <trkpt lat="37.198128999999994" lon="34.73581000000005">
        <ele>847.671</ele>
        <time>2025-06-26T13:44:40.083Z</time>
      </trkpt>
      <trkpt lat="37.19810499999999" lon="34.73574800000005">
        <ele>848.243</ele>
        <time>2025-06-26T13:44:42.083Z</time>
      </trkpt>
      <trkpt lat="37.19806499999999" lon="34.73568100000005">
        <ele>849.492</ele>
        <time>2025-06-26T13:44:45.083Z</time>
      </trkpt>
      <trkpt lat="37.198007999999994" lon="34.73566800000005">
        <ele>850.518</ele>
        <time>2025-06-26T13:44:47.083Z</time>
      </trkpt>
      <trkpt lat="37.197962" lon="34.73569900000005">
        <ele>851.741</ele>
        <time>2025-06-26T13:44:50.083Z</time>
      </trkpt>
      <trkpt lat="37.19792399999999" lon="34.73573800000005">
        <ele>852.263</ele>
        <time>2025-06-26T13:44:52.083Z</time>
      </trkpt>
      <trkpt lat="37.197903" lon="34.73580200000005">
        <ele>853.284</ele>
        <time>2025-06-26T13:44:54.083Z</time>
      </trkpt>
      <trkpt lat="37.19788" lon="34.73587200000005">
        <ele>854.009</ele>
        <time>2025-06-26T13:44:56.083Z</time>
      </trkpt>
      <trkpt lat="37.19786" lon="34.73595000000005">
        <ele>855.011</ele>
        <time>2025-06-26T13:44:58.083Z</time>
      </trkpt>
      <trkpt lat="37.197852" lon="34.736017000000054">
        <ele>855.347</ele>
        <time>2025-06-26T13:45:00.083Z</time>
      </trkpt>
      <trkpt lat="37.197835" lon="34.73608200000005">
        <ele>855.826</ele>
        <time>2025-06-26T13:45:02.083Z</time>
      </trkpt>
      <trkpt lat="37.197812" lon="34.73614400000005">
        <ele>856.327</ele>
        <time>2025-06-26T13:45:04.083Z</time>
      </trkpt>
      <trkpt lat="37.197789" lon="34.73620900000005">
        <ele>856.829</ele>
        <time>2025-06-26T13:45:06.083Z</time>
      </trkpt>
      <trkpt lat="37.197768" lon="34.73626500000005">
        <ele>857.425</ele>
        <time>2025-06-26T13:45:08.083Z</time>
      </trkpt>
      <trkpt lat="37.197743" lon="34.73632700000005">
        <ele>858.077</ele>
        <time>2025-06-26T13:45:10.083Z</time>
      </trkpt>
      <trkpt lat="37.197713" lon="34.73639700000005">
        <ele>858.876</ele>
        <time>2025-06-26T13:45:13.083Z</time>
      </trkpt>
      <trkpt lat="37.197686" lon="34.736444000000056">
        <ele>860.582</ele>
        <time>2025-06-26T13:45:15.083Z</time>
      </trkpt>
      <trkpt lat="37.197621999999996" lon="34.73649700000006">
        <ele>861.925</ele>
        <time>2025-06-26T13:45:18.083Z</time>
      </trkpt>
      <trkpt lat="37.19757499999999" lon="34.73654200000006">
        <ele>863.297</ele>
        <time>2025-06-26T13:45:23.083Z</time>
      </trkpt>
      <trkpt lat="37.19753099999999" lon="34.73656400000006">
        <ele>863.638</ele>
        <time>2025-06-26T13:45:26.083Z</time>
      </trkpt>
      <trkpt lat="37.19748599999999" lon="34.73659700000006">
        <ele>864.509</ele>
        <time>2025-06-26T13:45:29.083Z</time>
      </trkpt>
      <trkpt lat="37.19744299999999" lon="34.73663000000006">
        <ele>865.613</ele>
        <time>2025-06-26T13:45:31.083Z</time>
      </trkpt>
      <trkpt lat="37.197402999999994" lon="34.73668900000006">
        <ele>866.921</ele>
        <time>2025-06-26T13:45:34.083Z</time>
      </trkpt>
      <trkpt lat="37.197354" lon="34.736727000000066">
        <ele>867.161</ele>
        <time>2025-06-26T13:45:38.083Z</time>
      </trkpt>
      <trkpt lat="37.19734" lon="34.736801000000064">
        <ele>868.035</ele>
        <time>2025-06-26T13:45:42.083Z</time>
      </trkpt>
      <trkpt lat="37.197312999999994" lon="34.73685000000006">
        <ele>869.837</ele>
        <time>2025-06-26T13:45:44.083Z</time>
      </trkpt>
      <trkpt lat="37.19727099999999" lon="34.73687100000006">
        <ele>870.493</ele>
        <time>2025-06-26T13:45:46.083Z</time>
      </trkpt>
      <trkpt lat="37.19721199999999" lon="34.73688400000006">
        <ele>871.725</ele>
        <time>2025-06-26T13:45:49.083Z</time>
      </trkpt>
      <trkpt lat="37.19715299999999" lon="34.73689500000006">
        <ele>872.944</ele>
        <time>2025-06-26T13:45:51.083Z</time>
      </trkpt>
      <trkpt lat="37.197081999999995" lon="34.73691100000006">
        <ele>874.25</ele>
        <time>2025-06-26T13:45:53.083Z</time>
      </trkpt>
      <trkpt lat="37.197002" lon="34.73693100000006">
        <ele>875.173</ele>
        <time>2025-06-26T13:45:55.083Z</time>
      </trkpt>
      <trkpt lat="37.196923999999996" lon="34.73695400000006">
        <ele>876.775</ele>
        <time>2025-06-26T13:45:57.083Z</time>
      </trkpt>
      <trkpt lat="37.196853" lon="34.73697500000006">
        <ele>877.866</ele>
        <time>2025-06-26T13:45:59.083Z</time>
      </trkpt>
      <trkpt lat="37.196793" lon="34.737004000000056">
        <ele>878.709</ele>
        <time>2025-06-26T13:46:01.083Z</time>
      </trkpt>
      <trkpt lat="37.196733" lon="34.73702600000006">
        <ele>879.41</ele>
        <time>2025-06-26T13:46:03.083Z</time>
      </trkpt>
      <trkpt lat="37.196673000000004" lon="34.737052000000055">
        <ele>879.764</ele>
        <time>2025-06-26T13:46:05.083Z</time>
      </trkpt>
      <trkpt lat="37.19661000000001" lon="34.737078000000054">
        <ele>880.843</ele>
        <time>2025-06-26T13:46:07.083Z</time>
      </trkpt>
      <trkpt lat="37.19656500000001" lon="34.737089000000054">
        <ele>881.948</ele>
        <time>2025-06-26T13:46:08.083Z</time>
      </trkpt>
      <trkpt lat="37.196526000000006" lon="34.73713000000006">
        <ele>883.02</ele>
        <time>2025-06-26T13:46:11.083Z</time>
      </trkpt>
      <trkpt lat="37.196488" lon="34.73718100000006">
        <ele>884.226</ele>
        <time>2025-06-26T13:46:17.083Z</time>
      </trkpt>
      <trkpt lat="37.196437" lon="34.73719700000006">
        <ele>885.968</ele>
        <time>2025-06-26T13:46:22.083Z</time>
      </trkpt>
      <trkpt lat="37.196388000000006" lon="34.737204000000055">
        <ele>886.997</ele>
        <time>2025-06-26T13:46:27.083Z</time>
      </trkpt>
      <trkpt lat="37.19633600000001" lon="34.737221000000055">
        <ele>888.873</ele>
        <time>2025-06-26T13:46:34.083Z</time>
      </trkpt>
      <trkpt lat="37.19628300000001" lon="34.73725000000005">
        <ele>890.076</ele>
        <time>2025-06-26T13:46:41.083Z</time>
      </trkpt>
      <trkpt lat="37.19623400000001" lon="34.73722800000005">
        <ele>891.018</ele>
        <time>2025-06-26T13:46:46.083Z</time>
      </trkpt>
      <trkpt lat="37.19620600000001" lon="34.73716900000005">
        <ele>891.779</ele>
        <time>2025-06-26T13:46:50.083Z</time>
      </trkpt>
      <trkpt lat="37.19618300000001" lon="34.73710400000005">
        <ele>892.509</ele>
        <time>2025-06-26T13:46:56.083Z</time>
      </trkpt>
      <trkpt lat="37.196168000000014" lon="34.73704800000005">
        <ele>893.514</ele>
        <time>2025-06-26T13:46:59.083Z</time>
      </trkpt>
      <trkpt lat="37.19615000000002" lon="34.736982000000054">
        <ele>894.913</ele>
        <time>2025-06-26T13:47:06.083Z</time>
      </trkpt>
      <trkpt lat="37.19613500000002" lon="34.736926000000054">
        <ele>896.372</ele>
        <time>2025-06-26T13:47:12.083Z</time>
      </trkpt>
      <trkpt lat="37.19611600000002" lon="34.73687100000005">
        <ele>897.656</ele>
        <time>2025-06-26T13:47:21.083Z</time>
      </trkpt>
      <trkpt lat="37.19607300000002" lon="34.73684300000005">
        <ele>898.468</ele>
        <time>2025-06-26T13:47:44.083Z</time>
      </trkpt>
      <trkpt lat="37.19604600000002" lon="34.73678700000005">
        <ele>899.164</ele>
        <time>2025-06-26T13:47:48.083Z</time>
      </trkpt>
      <trkpt lat="37.19602500000002" lon="34.736718000000046">
        <ele>899.886</ele>
        <time>2025-06-26T13:47:51.083Z</time>
      </trkpt>
      <trkpt lat="37.19599500000002" lon="34.736673000000046">
        <ele>900.115</ele>
        <time>2025-06-26T13:47:53.083Z</time>
      </trkpt>
      <trkpt lat="37.19595800000002" lon="34.73663200000004">
        <ele>901.251</ele>
        <time>2025-06-26T13:47:55.083Z</time>
      </trkpt>
      <trkpt lat="37.195920000000015" lon="34.73658800000004">
        <ele>901.854</ele>
        <time>2025-06-26T13:47:57.083Z</time>
      </trkpt>
      <trkpt lat="37.195881000000014" lon="34.73654500000004">
        <ele>903.046</ele>
        <time>2025-06-26T13:47:59.083Z</time>
      </trkpt>
      <trkpt lat="37.195836000000014" lon="34.73648700000004">
        <ele>905.287</ele>
        <time>2025-06-26T13:48:01.083Z</time>
      </trkpt>
      <trkpt lat="37.195808000000014" lon="34.73642800000004">
        <ele>906.109</ele>
        <time>2025-06-26T13:48:04.083Z</time>
      </trkpt>
      <trkpt lat="37.19578400000001" lon="34.736359000000036">
        <ele>907.411</ele>
        <time>2025-06-26T13:48:07.083Z</time>
      </trkpt>
      <trkpt lat="37.195777000000014" lon="34.73629900000004">
        <ele>908.701</ele>
        <time>2025-06-26T13:48:09.083Z</time>
      </trkpt>
      <trkpt lat="37.195774000000014" lon="34.73624000000004">
        <ele>909.951</ele>
        <time>2025-06-26T13:48:11.083Z</time>
      </trkpt>
      <trkpt lat="37.19577500000001" lon="34.73617000000004">
        <ele>910.899</ele>
        <time>2025-06-26T13:48:14.083Z</time>
      </trkpt>
      <trkpt lat="37.19578300000001" lon="34.73609900000004">
        <ele>911.671</ele>
        <time>2025-06-26T13:48:17.083Z</time>
      </trkpt>
      <trkpt lat="37.19578300000001" lon="34.73604200000004">
        <ele>912.137</ele>
        <time>2025-06-26T13:48:19.083Z</time>
      </trkpt>
      <trkpt lat="37.195782000000015" lon="34.73598100000004">
        <ele>912.839</ele>
        <time>2025-06-26T13:48:21.083Z</time>
      </trkpt>
      <trkpt lat="37.19578300000001" lon="34.73592100000004">
        <ele>913.138</ele>
        <time>2025-06-26T13:48:23.083Z</time>
      </trkpt>
      <trkpt lat="37.19577200000001" lon="34.73583600000004">
        <ele>913.924</ele>
        <time>2025-06-26T13:48:26.083Z</time>
      </trkpt>
      <trkpt lat="37.19574900000001" lon="34.735773000000044">
        <ele>914.957</ele>
        <time>2025-06-26T13:48:28.083Z</time>
      </trkpt>
      <trkpt lat="37.19573000000001" lon="34.73571200000004">
        <ele>915.439</ele>
        <time>2025-06-26T13:48:30.083Z</time>
      </trkpt>
      <trkpt lat="37.19572000000001" lon="34.735635000000045">
        <ele>916.55</ele>
        <time>2025-06-26T13:48:33.083Z</time>
      </trkpt>
      <trkpt lat="37.19571700000001" lon="34.735576000000044">
        <ele>917.509</ele>
        <time>2025-06-26T13:48:35.083Z</time>
      </trkpt>
      <trkpt lat="37.19575600000001" lon="34.73549300000005">
        <ele>918.026</ele>
        <time>2025-06-26T13:48:37.083Z</time>
      </trkpt>
      <trkpt lat="37.19582200000001" lon="34.73542200000005">
        <ele>918.906</ele>
        <time>2025-06-26T13:48:39.083Z</time>
      </trkpt>
      <trkpt lat="37.195845000000006" lon="34.73535500000005">
        <ele>919.389</ele>
        <time>2025-06-26T13:48:41.083Z</time>
      </trkpt>
      <trkpt lat="37.19587500000001" lon="34.73530900000005">
        <ele>920.05</ele>
        <time>2025-06-26T13:48:43.083Z</time>
      </trkpt>
      <trkpt lat="37.19591600000001" lon="34.73526800000005">
        <ele>920.752</ele>
        <time>2025-06-26T13:48:45.083Z</time>
      </trkpt>
      <trkpt lat="37.19596500000001" lon="34.73522000000005">
        <ele>921.538</ele>
        <time>2025-06-26T13:48:47.083Z</time>
      </trkpt>
      <trkpt lat="37.196000000000005" lon="34.73515400000005">
        <ele>922.57</ele>
        <time>2025-06-26T13:48:50.083Z</time>
      </trkpt>
      <trkpt lat="37.196042000000006" lon="34.735108000000054">
        <ele>923.129</ele>
        <time>2025-06-26T13:48:53.083Z</time>
      </trkpt>
      <trkpt lat="37.19607500000001" lon="34.735068000000055">
        <ele>924.335</ele>
        <time>2025-06-26T13:48:55.083Z</time>
      </trkpt>
      <trkpt lat="37.196104000000005" lon="34.73501400000006">
        <ele>924.618</ele>
        <time>2025-06-26T13:48:57.083Z</time>
      </trkpt>
      <trkpt lat="37.196133" lon="34.734955000000056">
        <ele>925.56</ele>
        <time>2025-06-26T13:48:59.083Z</time>
      </trkpt>
      <trkpt lat="37.196176" lon="34.734893000000056">
        <ele>926.371</ele>
        <time>2025-06-26T13:49:01.083Z</time>
      </trkpt>
      <trkpt lat="37.196224" lon="34.734826000000055">
        <ele>927.009</ele>
        <time>2025-06-26T13:49:03.083Z</time>
      </trkpt>
      <trkpt lat="37.196267" lon="34.734744000000056">
        <ele>927.627</ele>
        <time>2025-06-26T13:49:05.083Z</time>
      </trkpt>
      <trkpt lat="37.196297" lon="34.734657000000055">
        <ele>928.007</ele>
        <time>2025-06-26T13:49:07.083Z</time>
      </trkpt>
      <trkpt lat="37.196335000000005" lon="34.734564000000056">
        <ele>928.599</ele>
        <time>2025-06-26T13:49:09.083Z</time>
      </trkpt>
      <trkpt lat="37.19636200000001" lon="34.73447000000006">
        <ele>928.98</ele>
        <time>2025-06-26T13:49:11.083Z</time>
      </trkpt>
      <trkpt lat="37.19637900000001" lon="34.73437500000006">
        <ele>929.242</ele>
        <time>2025-06-26T13:49:13.083Z</time>
      </trkpt>
      <trkpt lat="37.196386000000004" lon="34.734280000000055">
        <ele>929.418</ele>
        <time>2025-06-26T13:49:15.083Z</time>
      </trkpt>
      <trkpt lat="37.196389" lon="34.73418800000005">
        <ele>929.74</ele>
        <time>2025-06-26T13:49:17.083Z</time>
      </trkpt>
      <trkpt lat="37.196396" lon="34.73409500000005">
        <ele>930.069</ele>
        <time>2025-06-26T13:49:19.083Z</time>
      </trkpt>
      <trkpt lat="37.196402" lon="34.734002000000054">
        <ele>930.155</ele>
        <time>2025-06-26T13:49:21.083Z</time>
      </trkpt>
      <trkpt lat="37.196408999999996" lon="34.73392200000006">
        <ele>930.248</ele>
        <time>2025-06-26T13:49:23.083Z</time>
      </trkpt>
      <trkpt lat="37.19641299999999" lon="34.73384000000006">
        <ele>930.36</ele>
        <time>2025-06-26T13:49:25.083Z</time>
      </trkpt>
      <trkpt lat="37.19640799999999" lon="34.733771000000054">
        <ele>930.611</ele>
        <time>2025-06-26T13:49:27.083Z</time>
      </trkpt>
      <trkpt lat="37.19639899999999" lon="34.733714000000056">
        <ele>931.109</ele>
        <time>2025-06-26T13:49:29.083Z</time>
      </trkpt>
      <trkpt lat="37.19639699999999" lon="34.73364800000006">
        <ele>931.419</ele>
        <time>2025-06-26T13:49:33.083Z</time>
      </trkpt>
      <trkpt lat="37.19639299999999" lon="34.73358600000006">
        <ele>932.081</ele>
        <time>2025-06-26T13:49:37.083Z</time>
      </trkpt>
      <trkpt lat="37.19638799999999" lon="34.73351800000006">
        <ele>932.591</ele>
        <time>2025-06-26T13:49:40.083Z</time>
      </trkpt>
      <trkpt lat="37.19637699999999" lon="34.73345400000006">
        <ele>933.654</ele>
        <time>2025-06-26T13:49:42.083Z</time>
      </trkpt>
      <trkpt lat="37.19633699999999" lon="34.73340200000006">
        <ele>934.586</ele>
        <time>2025-06-26T13:49:44.083Z</time>
      </trkpt>
      <trkpt lat="37.19629599999999" lon="34.733314000000064">
        <ele>935.942</ele>
        <time>2025-06-26T13:49:46.083Z</time>
      </trkpt>
      <trkpt lat="37.19624199999999" lon="34.73322700000006">
        <ele>936.724</ele>
        <time>2025-06-26T13:49:48.083Z</time>
      </trkpt>
      <trkpt lat="37.19619399999999" lon="34.733159000000065">
        <ele>937.463</ele>
        <time>2025-06-26T13:49:50.083Z</time>
      </trkpt>
      <trkpt lat="37.196158999999994" lon="34.733094000000065">
        <ele>938.399</ele>
        <time>2025-06-26T13:49:52.083Z</time>
      </trkpt>
      <trkpt lat="37.19614299999999" lon="34.73304000000007">
        <ele>939.422</ele>
        <time>2025-06-26T13:49:54.083Z</time>
      </trkpt>
      <trkpt lat="37.19612899999999" lon="34.73295800000007">
        <ele>940.454</ele>
        <time>2025-06-26T13:49:57.083Z</time>
      </trkpt>
      <trkpt lat="37.19613799999999" lon="34.73288800000007">
        <ele>941.025</ele>
        <time>2025-06-26T13:50:00.083Z</time>
      </trkpt>
      <trkpt lat="37.19616499999999" lon="34.732830000000064">
        <ele>941.509</ele>
        <time>2025-06-26T13:50:02.083Z</time>
      </trkpt>
      <trkpt lat="37.19620199999999" lon="34.73278300000006">
        <ele>942.415</ele>
        <time>2025-06-26T13:50:04.083Z</time>
      </trkpt>
      <trkpt lat="37.19626499999999" lon="34.73273900000006">
        <ele>943.323</ele>
        <time>2025-06-26T13:50:06.083Z</time>
      </trkpt>
      <trkpt lat="37.19634099999999" lon="34.73271000000006">
        <ele>943.833</ele>
        <time>2025-06-26T13:50:08.083Z</time>
      </trkpt>
      <trkpt lat="37.19642699999999" lon="34.732689000000065">
        <ele>944.465</ele>
        <time>2025-06-26T13:50:10.083Z</time>
      </trkpt>
      <trkpt lat="37.196481999999996" lon="34.73268100000006">
        <ele>944.747</ele>
        <time>2025-06-26T13:50:12.083Z</time>
      </trkpt>
      <trkpt lat="37.196527999999994" lon="34.73267100000006">
        <ele>945.193</ele>
        <time>2025-06-26T13:50:14.083Z</time>
      </trkpt>
      <trkpt lat="37.196574999999996" lon="34.73265700000006">
        <ele>945.395</ele>
        <time>2025-06-26T13:50:16.083Z</time>
      </trkpt>
      <trkpt lat="37.19662099999999" lon="34.73264200000006">
        <ele>946.114</ele>
        <time>2025-06-26T13:50:18.083Z</time>
      </trkpt>
      <trkpt lat="37.19667499999999" lon="34.732621000000066">
        <ele>946.76</ele>
        <time>2025-06-26T13:50:21.083Z</time>
      </trkpt>
      <trkpt lat="37.196729999999995" lon="34.732576000000066">
        <ele>948.073</ele>
        <time>2025-06-26T13:50:24.083Z</time>
      </trkpt>
      <trkpt lat="37.196757" lon="34.732528000000066">
        <ele>948.725</ele>
        <time>2025-06-26T13:50:26.083Z</time>
      </trkpt>
      <trkpt lat="37.196767" lon="34.73244300000007">
        <ele>949.346</ele>
        <time>2025-06-26T13:50:29.083Z</time>
      </trkpt>
      <trkpt lat="37.196775" lon="34.73238700000007">
        <ele>949.909</ele>
        <time>2025-06-26T13:50:31.083Z</time>
      </trkpt>
      <trkpt lat="37.196777000000004" lon="34.73232700000007">
        <ele>950.914</ele>
        <time>2025-06-26T13:50:33.083Z</time>
      </trkpt>
      <trkpt lat="37.196772" lon="34.73226800000007">
        <ele>952.222</ele>
        <time>2025-06-26T13:50:35.083Z</time>
      </trkpt>
      <trkpt lat="37.196767" lon="34.73220800000007">
        <ele>953.442</ele>
        <time>2025-06-26T13:50:37.083Z</time>
      </trkpt>
      <trkpt lat="37.196745" lon="34.73213800000007">
        <ele>954.479</ele>
        <time>2025-06-26T13:50:40.083Z</time>
      </trkpt>
      <trkpt lat="37.196725" lon="34.73206500000007">
        <ele>955.411</ele>
        <time>2025-06-26T13:50:43.083Z</time>
      </trkpt>
      <trkpt lat="37.196713" lon="34.732010000000066">
        <ele>956.127</ele>
        <time>2025-06-26T13:50:45.083Z</time>
      </trkpt>
      <trkpt lat="37.196704000000004" lon="34.73194800000007">
        <ele>956.859</ele>
        <time>2025-06-26T13:50:47.083Z</time>
      </trkpt>
      <trkpt lat="37.19670000000001" lon="34.73188600000007">
        <ele>957.778</ele>
        <time>2025-06-26T13:50:49.083Z</time>
      </trkpt>
      <trkpt lat="37.196692000000006" lon="34.731822000000065">
        <ele>958.524</ele>
        <time>2025-06-26T13:50:51.083Z</time>
      </trkpt>
      <trkpt lat="37.196679" lon="34.731757000000066">
        <ele>959.437</ele>
        <time>2025-06-26T13:50:53.083Z</time>
      </trkpt>
      <trkpt lat="37.196673000000004" lon="34.73169400000007">
        <ele>960.499</ele>
        <time>2025-06-26T13:50:55.083Z</time>
      </trkpt>
      <trkpt lat="37.196670000000005" lon="34.731633000000066">
        <ele>961.52</ele>
        <time>2025-06-26T13:50:57.083Z</time>
      </trkpt>
      <trkpt lat="37.19666" lon="34.73157800000006">
        <ele>962.909</ele>
        <time>2025-06-26T13:51:00.083Z</time>
      </trkpt>
      <trkpt lat="37.19664" lon="34.73152200000006">
        <ele>964.226</ele>
        <time>2025-06-26T13:51:04.083Z</time>
      </trkpt>
      <trkpt lat="37.196609" lon="34.73148000000006">
        <ele>964.66</ele>
        <time>2025-06-26T13:51:08.083Z</time>
      </trkpt>
      <trkpt lat="37.196556" lon="34.731462000000064">
        <ele>965.386</ele>
        <time>2025-06-26T13:51:12.083Z</time>
      </trkpt>
      <trkpt lat="37.196507000000004" lon="34.73144700000007">
        <ele>966.09</ele>
        <time>2025-06-26T13:51:14.083Z</time>
      </trkpt>
      <trkpt lat="37.19645800000001" lon="34.73141500000007">
        <ele>967.282</ele>
        <time>2025-06-26T13:51:16.083Z</time>
      </trkpt>
      <trkpt lat="37.19641300000001" lon="34.73138100000007">
        <ele>967.798</ele>
        <time>2025-06-26T13:51:18.083Z</time>
      </trkpt>
      <trkpt lat="37.196349000000005" lon="34.73133100000007">
        <ele>968.78</ele>
        <time>2025-06-26T13:51:21.083Z</time>
      </trkpt>
      <trkpt lat="37.196295000000006" lon="34.73132500000007">
        <ele>969.799</ele>
        <time>2025-06-26T13:51:23.083Z</time>
      </trkpt>
      <trkpt lat="37.19624" lon="34.73133900000007">
        <ele>970.725</ele>
        <time>2025-06-26T13:51:25.083Z</time>
      </trkpt>
      <trkpt lat="37.196192" lon="34.73136900000007">
        <ele>971.758</ele>
        <time>2025-06-26T13:51:27.083Z</time>
      </trkpt>
      <trkpt lat="37.196147" lon="34.73141500000007">
        <ele>973.19</ele>
        <time>2025-06-26T13:51:29.083Z</time>
      </trkpt>
      <trkpt lat="37.196101000000006" lon="34.73146000000007">
        <ele>973.941</ele>
        <time>2025-06-26T13:51:31.083Z</time>
      </trkpt>
      <trkpt lat="37.196056000000006" lon="34.73151100000007">
        <ele>974.509</ele>
        <time>2025-06-26T13:51:33.083Z</time>
      </trkpt>
      <trkpt lat="37.196022000000006" lon="34.731557000000066">
        <ele>975.022</ele>
        <time>2025-06-26T13:51:35.083Z</time>
      </trkpt>
      <trkpt lat="37.195989000000004" lon="34.731608000000065">
        <ele>975.457</ele>
        <time>2025-06-26T13:51:37.083Z</time>
      </trkpt>
      <trkpt lat="37.195967" lon="34.73165800000007">
        <ele>976.694</ele>
        <time>2025-06-26T13:51:39.083Z</time>
      </trkpt>
      <trkpt lat="37.195937" lon="34.73170300000007">
        <ele>977.986</ele>
        <time>2025-06-26T13:51:41.083Z</time>
      </trkpt>
      <trkpt lat="37.195872" lon="34.731695000000066">
        <ele>980.018</ele>
        <time>2025-06-26T13:51:44.083Z</time>
      </trkpt>
      <trkpt lat="37.195851000000005" lon="34.73162900000007">
        <ele>981.134</ele>
        <time>2025-06-26T13:51:47.083Z</time>
      </trkpt>
      <trkpt lat="37.195835" lon="34.73155100000007">
        <ele>982.046</ele>
        <time>2025-06-26T13:51:50.083Z</time>
      </trkpt>
      <trkpt lat="37.195820000000005" lon="34.73149700000007">
        <ele>982.945</ele>
        <time>2025-06-26T13:51:52.083Z</time>
      </trkpt>
      <trkpt lat="37.19581600000001" lon="34.73143700000007">
        <ele>984.091</ele>
        <time>2025-06-26T13:51:54.083Z</time>
      </trkpt>
      <trkpt lat="37.19581200000001" lon="34.73137800000007">
        <ele>985.164</ele>
        <time>2025-06-26T13:51:56.083Z</time>
      </trkpt>
      <trkpt lat="37.19581400000001" lon="34.73132000000007">
        <ele>986.536</ele>
        <time>2025-06-26T13:51:58.083Z</time>
      </trkpt>
      <trkpt lat="37.19581200000001" lon="34.731259000000065">
        <ele>987.457</ele>
        <time>2025-06-26T13:52:00.083Z</time>
      </trkpt>
      <trkpt lat="37.19581300000001" lon="34.731197000000066">
        <ele>988.709</ele>
        <time>2025-06-26T13:52:02.083Z</time>
      </trkpt>
      <trkpt lat="37.195814000000006" lon="34.73111500000007">
        <ele>989.923</ele>
        <time>2025-06-26T13:52:05.083Z</time>
      </trkpt>
      <trkpt lat="37.195812000000004" lon="34.731056000000066">
        <ele>990.503</ele>
        <time>2025-06-26T13:52:07.083Z</time>
      </trkpt>
      <trkpt lat="37.19580800000001" lon="34.73098700000006">
        <ele>991.159</ele>
        <time>2025-06-26T13:52:09.083Z</time>
      </trkpt>
      <trkpt lat="37.19580400000001" lon="34.730907000000066">
        <ele>992.349</ele>
        <time>2025-06-26T13:52:11.083Z</time>
      </trkpt>
      <trkpt lat="37.19581400000001" lon="34.73082100000006">
        <ele>993.441</ele>
        <time>2025-06-26T13:52:13.083Z</time>
      </trkpt>
      <trkpt lat="37.195802000000015" lon="34.730727000000066">
        <ele>994.877</ele>
        <time>2025-06-26T13:52:15.083Z</time>
      </trkpt>
      <trkpt lat="37.19580300000001" lon="34.73062400000006">
        <ele>995.889</ele>
        <time>2025-06-26T13:52:17.083Z</time>
      </trkpt>
      <trkpt lat="37.19584200000001" lon="34.73056000000006">
        <ele>996.758</ele>
        <time>2025-06-26T13:52:19.083Z</time>
      </trkpt>
      <trkpt lat="37.19587100000001" lon="34.73050600000006">
        <ele>997.454</ele>
        <time>2025-06-26T13:52:21.083Z</time>
      </trkpt>
      <trkpt lat="37.19590500000001" lon="34.730463000000064">
        <ele>997.427</ele>
        <time>2025-06-26T13:52:23.083Z</time>
      </trkpt>
      <trkpt lat="37.19595200000001" lon="34.730404000000064">
        <ele>997.589</ele>
        <time>2025-06-26T13:52:26.083Z</time>
      </trkpt>
      <trkpt lat="37.195993000000016" lon="34.73035700000006">
        <ele>998.74</ele>
        <time>2025-06-26T13:52:28.083Z</time>
      </trkpt>
      <trkpt lat="37.19600600000002" lon="34.73028500000006">
        <ele>999.809</ele>
        <time>2025-06-26T13:52:31.083Z</time>
      </trkpt>
      <trkpt lat="37.195979000000015" lon="34.73023200000006">
        <ele>1000.717</ele>
        <time>2025-06-26T13:55:12.083Z</time>
      </trkpt>
      <trkpt lat="37.19595300000002" lon="34.73018600000006">
        <ele>1001.225</ele>
        <time>2025-06-26T13:55:34.083Z</time>
      </trkpt>
      <trkpt lat="37.19592200000002" lon="34.73013500000006">
        <ele>1002.083</ele>
        <time>2025-06-26T13:55:36.083Z</time>
      </trkpt>
      <trkpt lat="37.195878000000015" lon="34.73008000000006">
        <ele>1002.862</ele>
        <time>2025-06-26T13:55:38.083Z</time>
      </trkpt>
      <trkpt lat="37.19583200000002" lon="34.73002900000006">
        <ele>1003.684</ele>
        <time>2025-06-26T13:55:40.083Z</time>
      </trkpt>
      <trkpt lat="37.19579200000002" lon="34.72998900000006">
        <ele>1004.38</ele>
        <time>2025-06-26T13:55:42.083Z</time>
      </trkpt>
      <trkpt lat="37.19574900000002" lon="34.72995100000006">
        <ele>1004.622</ele>
        <time>2025-06-26T13:55:44.083Z</time>
      </trkpt>
      <trkpt lat="37.19570300000002" lon="34.72990200000006">
        <ele>1005.341</ele>
        <time>2025-06-26T13:55:46.083Z</time>
      </trkpt>
      <trkpt lat="37.195657000000026" lon="34.72984900000006">
        <ele>1006.147</ele>
        <time>2025-06-26T13:55:48.083Z</time>
      </trkpt>
      <trkpt lat="37.19560200000002" lon="34.72978700000006">
        <ele>1006.83</ele>
        <time>2025-06-26T13:55:50.083Z</time>
      </trkpt>
      <trkpt lat="37.195542000000025" lon="34.72972200000006">
        <ele>1007.382</ele>
        <time>2025-06-26T13:55:52.083Z</time>
      </trkpt>
      <trkpt lat="37.19548900000002" lon="34.72967500000006">
        <ele>1008.243</ele>
        <time>2025-06-26T13:55:54.083Z</time>
      </trkpt>
      <trkpt lat="37.195424000000024" lon="34.72963000000006">
        <ele>1009.009</ele>
        <time>2025-06-26T13:55:56.083Z</time>
      </trkpt>
      <trkpt lat="37.19535200000002" lon="34.72959900000006">
        <ele>1009.907</ele>
        <time>2025-06-26T13:55:58.083Z</time>
      </trkpt>
      <trkpt lat="37.19529600000002" lon="34.72959000000006">
        <ele>1010.843</ele>
        <time>2025-06-26T13:56:00.083Z</time>
      </trkpt>
      <trkpt lat="37.19524600000002" lon="34.72956800000006">
        <ele>1011.113</ele>
        <time>2025-06-26T13:56:02.083Z</time>
      </trkpt>
      <trkpt lat="37.19517800000002" lon="34.72955000000006">
        <ele>1011.926</ele>
        <time>2025-06-26T13:56:04.083Z</time>
      </trkpt>
      <trkpt lat="37.19510400000002" lon="34.72953600000006">
        <ele>1012.258</ele>
        <time>2025-06-26T13:56:06.083Z</time>
      </trkpt>
      <trkpt lat="37.19503600000002" lon="34.72953400000006">
        <ele>1012.714</ele>
        <time>2025-06-26T13:56:08.083Z</time>
      </trkpt>
      <trkpt lat="37.19497700000002" lon="34.729532000000056">
        <ele>1013.276</ele>
        <time>2025-06-26T13:56:10.083Z</time>
      </trkpt>
      <trkpt lat="37.194926000000024" lon="34.72952500000006">
        <ele>1013.785</ele>
        <time>2025-06-26T13:56:12.083Z</time>
      </trkpt>
      <trkpt lat="37.194864000000024" lon="34.72952100000006">
        <ele>1013.721</ele>
        <time>2025-06-26T13:56:14.083Z</time>
      </trkpt>
      <trkpt lat="37.19479800000003" lon="34.72951500000006">
        <ele>1014.094</ele>
        <time>2025-06-26T13:56:17.083Z</time>
      </trkpt>
      <trkpt lat="37.19475200000003" lon="34.729495000000064">
        <ele>1014.326</ele>
        <time>2025-06-26T13:56:19.083Z</time>
      </trkpt>
      <trkpt lat="37.19470500000003" lon="34.72947100000006">
        <ele>1014.387</ele>
        <time>2025-06-26T13:56:21.083Z</time>
      </trkpt>
      <trkpt lat="37.19466000000003" lon="34.729450000000064">
        <ele>1014.309</ele>
        <time>2025-06-26T13:57:03.083Z</time>
      </trkpt>
      <trkpt lat="37.19461100000003" lon="34.72941500000007">
        <ele>1014.414</ele>
        <time>2025-06-26T13:57:08.083Z</time>
      </trkpt>
      <trkpt lat="37.19456600000003" lon="34.72938400000007">
        <ele>1014.704</ele>
        <time>2025-06-26T13:57:11.083Z</time>
      </trkpt>
      <trkpt lat="37.19451100000003" lon="34.72935300000007">
        <ele>1015.453</ele>
        <time>2025-06-26T13:57:17.083Z</time>
      </trkpt>
      <trkpt lat="37.194467000000024" lon="34.72932400000007">
        <ele>1015.868</ele>
        <time>2025-06-26T13:57:19.083Z</time>
      </trkpt>
      <trkpt lat="37.194408000000024" lon="34.72929300000007">
        <ele>1016.27</ele>
        <time>2025-06-26T13:57:22.083Z</time>
      </trkpt>
      <trkpt lat="37.19436400000002" lon="34.72927700000007">
        <ele>1016.866</ele>
        <time>2025-06-26T13:57:24.083Z</time>
      </trkpt>
      <trkpt lat="37.19430800000002" lon="34.72925700000007">
        <ele>1017.778</ele>
        <time>2025-06-26T13:57:26.083Z</time>
      </trkpt>
      <trkpt lat="37.19424600000002" lon="34.72923700000007">
        <ele>1018.217</ele>
        <time>2025-06-26T13:57:29.083Z</time>
      </trkpt>
      <trkpt lat="37.19419300000002" lon="34.72922500000007">
        <ele>1018.823</ele>
        <time>2025-06-26T13:57:33.083Z</time>
      </trkpt>
      <trkpt lat="37.19414300000002" lon="34.72921600000007">
        <ele>1019.726</ele>
        <time>2025-06-26T13:57:37.083Z</time>
      </trkpt>
      <trkpt lat="37.194099000000016" lon="34.72920500000007">
        <ele>1020.518</ele>
        <time>2025-06-26T13:57:44.083Z</time>
      </trkpt>
      <trkpt lat="37.194049000000014" lon="34.72919600000007">
        <ele>1020.989</ele>
        <time>2025-06-26T13:58:00.083Z</time>
      </trkpt>
      <trkpt lat="37.19400700000001" lon="34.72917400000007">
        <ele>1021.009</ele>
        <time>2025-06-26T13:59:31.083Z</time>
      </trkpt>
      <trkpt lat="37.193950000000015" lon="34.72916800000007">
        <ele>1021.62</ele>
        <time>2025-06-26T13:59:35.083Z</time>
      </trkpt>
      <trkpt lat="37.193894000000014" lon="34.729164000000075">
        <ele>1022.428</ele>
        <time>2025-06-26T13:59:38.083Z</time>
      </trkpt>
      <trkpt lat="37.193849000000014" lon="34.72916200000007">
        <ele>1022.675</ele>
        <time>2025-06-26T13:59:41.083Z</time>
      </trkpt>
      <trkpt lat="37.19380200000001" lon="34.72913400000007">
        <ele>1023.275</ele>
        <time>2025-06-26T13:59:53.083Z</time>
      </trkpt>
      <trkpt lat="37.193742000000015" lon="34.72913400000007">
        <ele>1023.767</ele>
        <time>2025-06-26T13:59:56.083Z</time>
      </trkpt>
      <trkpt lat="37.19369000000002" lon="34.72912000000007">
        <ele>1024.263</ele>
        <time>2025-06-26T13:59:59.083Z</time>
      </trkpt>
      <trkpt lat="37.193635000000015" lon="34.729108000000075">
        <ele>1025.435</ele>
        <time>2025-06-26T14:00:02.083Z</time>
      </trkpt>
      <trkpt lat="37.193573000000015" lon="34.729099000000076">
        <ele>1026.334</ele>
        <time>2025-06-26T14:00:07.083Z</time>
      </trkpt>
      <trkpt lat="37.19352100000002" lon="34.729083000000074">
        <ele>1026.67</ele>
        <time>2025-06-26T14:00:15.083Z</time>
      </trkpt>
      <trkpt lat="37.19349200000002" lon="34.729133000000076">
        <ele>1028.423</ele>
        <time>2025-06-26T14:00:24.083Z</time>
      </trkpt>
      <trkpt lat="37.19348100000002" lon="34.72919300000007">
        <ele>1029.315</ele>
        <time>2025-06-26T14:00:31.083Z</time>
      </trkpt>
      <trkpt lat="37.19345300000002" lon="34.729243000000075">
        <ele>1030.386</ele>
        <time>2025-06-26T14:00:43.083Z</time>
      </trkpt>
      <trkpt lat="37.19348100000002" lon="34.72930900000007">
        <ele>1031.509</ele>
        <time>2025-06-26T14:00:45.083Z</time>
      </trkpt>
      <trkpt lat="37.19353200000002" lon="34.729370000000074">
        <ele>1032.811</ele>
        <time>2025-06-26T14:00:47.083Z</time>
      </trkpt>
      <trkpt lat="37.19359200000002" lon="34.729406000000075">
        <ele>1033.447</ele>
        <time>2025-06-26T14:00:49.083Z</time>
      </trkpt>
      <trkpt lat="37.193643000000016" lon="34.729429000000074">
        <ele>1034.245</ele>
        <time>2025-06-26T14:00:51.083Z</time>
      </trkpt>
      <trkpt lat="37.193708000000015" lon="34.729471000000075">
        <ele>1034.76</ele>
        <time>2025-06-26T14:00:53.083Z</time>
      </trkpt>
      <trkpt lat="37.19374900000002" lon="34.729499000000075">
        <ele>1035.282</ele>
        <time>2025-06-26T14:00:54.083Z</time>
      </trkpt>
      <trkpt lat="37.19387800000002" lon="34.729516000000075">
        <ele>1035.928</ele>
        <time>2025-06-26T14:00:55.083Z</time>
      </trkpt>
      <trkpt lat="37.19392400000002" lon="34.72954200000007">
        <ele>1037.17</ele>
        <time>2025-06-26T14:00:57.083Z</time>
      </trkpt>
      <trkpt lat="37.193970000000014" lon="34.72955600000007">
        <ele>1037.979</ele>
        <time>2025-06-26T14:00:58.083Z</time>
      </trkpt>
      <trkpt lat="37.19403800000001" lon="34.72958700000007">
        <ele>1039.195</ele>
        <time>2025-06-26T14:01:01.083Z</time>
      </trkpt>
      <trkpt lat="37.194094000000014" lon="34.72961100000008">
        <ele>1039.988</ele>
        <time>2025-06-26T14:01:03.083Z</time>
      </trkpt>
      <trkpt lat="37.194139000000014" lon="34.729634000000075">
        <ele>1040.65</ele>
        <time>2025-06-26T14:01:05.083Z</time>
      </trkpt>
      <trkpt lat="37.19418200000001" lon="34.729659000000076">
        <ele>1041.111</ele>
        <time>2025-06-26T14:01:07.083Z</time>
      </trkpt>
      <trkpt lat="37.19422400000001" lon="34.729682000000075">
        <ele>1041.309</ele>
        <time>2025-06-26T14:01:09.083Z</time>
      </trkpt>
      <trkpt lat="37.19426600000001" lon="34.72972900000008">
        <ele>1041.82</ele>
        <time>2025-06-26T14:01:11.083Z</time>
      </trkpt>
      <trkpt lat="37.19425300000001" lon="34.729806000000075">
        <ele>1043.373</ele>
        <time>2025-06-26T14:01:14.083Z</time>
      </trkpt>
      <trkpt lat="37.194201000000014" lon="34.72983300000008">
        <ele>1044.292</ele>
        <time>2025-06-26T14:01:17.083Z</time>
      </trkpt>
      <trkpt lat="37.19415400000001" lon="34.72984900000008">
        <ele>1045.127</ele>
        <time>2025-06-26T14:01:22.083Z</time>
      </trkpt>
      <trkpt lat="37.19410300000001" lon="34.72987800000008">
        <ele>1045.519</ele>
        <time>2025-06-26T14:01:25.083Z</time>
      </trkpt>
      <trkpt lat="37.19405200000001" lon="34.72990600000008">
        <ele>1046.465</ele>
        <time>2025-06-26T14:01:28.083Z</time>
      </trkpt>
      <trkpt lat="37.193998000000015" lon="34.72994200000008">
        <ele>1048.157</ele>
        <time>2025-06-26T14:01:31.083Z</time>
      </trkpt>
      <trkpt lat="37.193942000000014" lon="34.72995100000008">
        <ele>1049.276</ele>
        <time>2025-06-26T14:01:36.083Z</time>
      </trkpt>
      <trkpt lat="37.19389200000001" lon="34.72996800000008">
        <ele>1049.822</ele>
        <time>2025-06-26T14:01:41.083Z</time>
      </trkpt>
      <trkpt lat="37.19384800000001" lon="34.729986000000075">
        <ele>1051.295</ele>
        <time>2025-06-26T14:01:43.083Z</time>
      </trkpt>
      <trkpt lat="37.19379400000001" lon="34.73001800000007">
        <ele>1052.067</ele>
        <time>2025-06-26T14:01:45.083Z</time>
      </trkpt>
      <trkpt lat="37.193728000000014" lon="34.73007500000007">
        <ele>1052.898</ele>
        <time>2025-06-26T14:01:47.083Z</time>
      </trkpt>
      <trkpt lat="37.193688000000016" lon="34.73010400000007">
        <ele>1053.609</ele>
        <time>2025-06-26T14:01:48.083Z</time>
      </trkpt>
      <trkpt lat="37.19364500000002" lon="34.73013100000007">
        <ele>1054.413</ele>
        <time>2025-06-26T14:01:49.083Z</time>
      </trkpt>
      <trkpt lat="37.19360200000002" lon="34.73015900000007">
        <ele>1055.221</ele>
        <time>2025-06-26T14:01:50.083Z</time>
      </trkpt>
      <trkpt lat="37.19355700000002" lon="34.73018100000007">
        <ele>1056.761</ele>
        <time>2025-06-26T14:01:51.083Z</time>
      </trkpt>
      <trkpt lat="37.19347400000002" lon="34.730222000000076">
        <ele>1058.092</ele>
        <time>2025-06-26T14:01:53.083Z</time>
      </trkpt>
      <trkpt lat="37.19340800000003" lon="34.730245000000075">
        <ele>1059.534</ele>
        <time>2025-06-26T14:01:55.083Z</time>
      </trkpt>
      <trkpt lat="37.19333400000003" lon="34.730267000000076">
        <ele>1059.99</ele>
        <time>2025-06-26T14:01:57.083Z</time>
      </trkpt>
      <trkpt lat="37.193259000000026" lon="34.730282000000074">
        <ele>1060.142</ele>
        <time>2025-06-26T14:01:59.083Z</time>
      </trkpt>
      <trkpt lat="37.193206000000025" lon="34.730282000000074">
        <ele>1060.551</ele>
        <time>2025-06-26T14:02:00.083Z</time>
      </trkpt>
      <trkpt lat="37.193147000000025" lon="34.73028300000007">
        <ele>1060.877</ele>
        <time>2025-06-26T14:02:01.083Z</time>
      </trkpt>
      <trkpt lat="37.19309700000002" lon="34.730279000000074">
        <ele>1060.98</ele>
        <time>2025-06-26T14:02:02.083Z</time>
      </trkpt>
      <trkpt lat="37.193045000000026" lon="34.73027100000007">
        <ele>1061.142</ele>
        <time>2025-06-26T14:02:03.083Z</time>
      </trkpt>
      <trkpt lat="37.192992000000025" lon="34.730267000000076">
        <ele>1061.283</ele>
        <time>2025-06-26T14:02:04.083Z</time>
      </trkpt>
      <trkpt lat="37.192941000000026" lon="34.730259000000075">
        <ele>1061.209</ele>
        <time>2025-06-26T14:02:05.083Z</time>
      </trkpt>
      <trkpt lat="37.192891000000024" lon="34.73025400000007">
        <ele>1061.417</ele>
        <time>2025-06-26T14:02:06.083Z</time>
      </trkpt>
      <trkpt lat="37.19280500000002" lon="34.73025200000007">
        <ele>1061.998</ele>
        <time>2025-06-26T14:02:08.083Z</time>
      </trkpt>
      <trkpt lat="37.19273100000002" lon="34.73028600000007">
        <ele>1062.518</ele>
        <time>2025-06-26T14:02:10.083Z</time>
      </trkpt>
      <trkpt lat="37.192660000000025" lon="34.73033700000007">
        <ele>1063.237</ele>
        <time>2025-06-26T14:02:12.083Z</time>
      </trkpt>
      <trkpt lat="37.192626000000025" lon="34.73037500000007">
        <ele>1064.049</ele>
        <time>2025-06-26T14:02:13.083Z</time>
      </trkpt>
      <trkpt lat="37.19257400000003" lon="34.73045500000007">
        <ele>1064.745</ele>
        <time>2025-06-26T14:02:15.083Z</time>
      </trkpt>
      <trkpt lat="37.19252000000003" lon="34.73054100000007">
        <ele>1065.617</ele>
        <time>2025-06-26T14:02:17.083Z</time>
      </trkpt>
      <trkpt lat="37.19246500000003" lon="34.730622000000075">
        <ele>1066.846</ele>
        <time>2025-06-26T14:02:19.083Z</time>
      </trkpt>
      <trkpt lat="37.19242200000003" lon="34.73071300000007">
        <ele>1067.592</ele>
        <time>2025-06-26T14:02:21.083Z</time>
      </trkpt>
      <trkpt lat="37.19241000000003" lon="34.73079200000007">
        <ele>1068.155</ele>
        <time>2025-06-26T14:02:23.083Z</time>
      </trkpt>
      <trkpt lat="37.19242700000003" lon="34.73085200000007">
        <ele>1068.797</ele>
        <time>2025-06-26T14:02:25.083Z</time>
      </trkpt>
      <trkpt lat="37.19247300000003" lon="34.73088900000007">
        <ele>1069.218</ele>
        <time>2025-06-26T14:02:27.083Z</time>
      </trkpt>
      <trkpt lat="37.19252600000003" lon="34.73087700000007">
        <ele>1069.509</ele>
        <time>2025-06-26T14:02:29.083Z</time>
      </trkpt>
      <trkpt lat="37.19258800000003" lon="34.73083000000007">
        <ele>1070.319</ele>
        <time>2025-06-26T14:02:31.083Z</time>
      </trkpt>
      <trkpt lat="37.19265700000003" lon="34.73079400000007">
        <ele>1071.281</ele>
        <time>2025-06-26T14:02:33.083Z</time>
      </trkpt>
      <trkpt lat="37.19270500000003" lon="34.73080800000007">
        <ele>1071.767</ele>
        <time>2025-06-26T14:02:35.083Z</time>
      </trkpt>
      <trkpt lat="37.192724000000034" lon="34.730871000000064">
        <ele>1072.852</ele>
        <time>2025-06-26T14:02:37.083Z</time>
      </trkpt>
      <trkpt lat="37.192690000000034" lon="34.730958000000065">
        <ele>1074.334</ele>
        <time>2025-06-26T14:02:39.083Z</time>
      </trkpt>
      <trkpt lat="37.192642000000035" lon="34.73105000000007">
        <ele>1074.72</ele>
        <time>2025-06-26T14:02:41.083Z</time>
      </trkpt>
      <trkpt lat="37.19258500000004" lon="34.73112900000007">
        <ele>1075.152</ele>
        <time>2025-06-26T14:02:43.083Z</time>
      </trkpt>
      <trkpt lat="37.19255100000004" lon="34.73116700000007">
        <ele>1075.591</ele>
        <time>2025-06-26T14:02:44.083Z</time>
      </trkpt>
      <trkpt lat="37.19251600000004" lon="34.73120400000007">
        <ele>1076.327</ele>
        <time>2025-06-26T14:02:45.083Z</time>
      </trkpt>
      <trkpt lat="37.19248000000004" lon="34.731239000000066">
        <ele>1076.58</ele>
        <time>2025-06-26T14:02:46.083Z</time>
      </trkpt>
      <trkpt lat="37.19240400000004" lon="34.73130000000007">
        <ele>1077.242</ele>
        <time>2025-06-26T14:02:48.083Z</time>
      </trkpt>
      <trkpt lat="37.19233900000004" lon="34.73133100000007">
        <ele>1077.263</ele>
        <time>2025-06-26T14:02:50.083Z</time>
      </trkpt>
      <trkpt lat="37.19227900000004" lon="34.73134400000007">
        <ele>1077.209</ele>
        <time>2025-06-26T14:02:52.083Z</time>
      </trkpt>
      <trkpt lat="37.192219000000044" lon="34.73134900000007">
        <ele>1076.603</ele>
        <time>2025-06-26T14:02:54.083Z</time>
      </trkpt>
      <trkpt lat="37.19215300000005" lon="34.73136100000007">
        <ele>1075.421</ele>
        <time>2025-06-26T14:02:56.083Z</time>
      </trkpt>
      <trkpt lat="37.19210200000005" lon="34.73139400000007">
        <ele>1074.911</ele>
        <time>2025-06-26T14:03:08.083Z</time>
      </trkpt>
      <trkpt lat="37.19205400000005" lon="34.73139800000007">
        <ele>1073.948</ele>
        <time>2025-06-26T14:03:11.083Z</time>
      </trkpt>
      <trkpt lat="37.19198900000005" lon="34.73143400000007">
        <ele>1072.94</ele>
        <time>2025-06-26T14:03:13.083Z</time>
      </trkpt>
      <trkpt lat="37.19192300000005" lon="34.731489000000074">
        <ele>1071.996</ele>
        <time>2025-06-26T14:03:15.083Z</time>
      </trkpt>
      <trkpt lat="37.191849000000055" lon="34.73152900000007">
        <ele>1071.188</ele>
        <time>2025-06-26T14:03:17.083Z</time>
      </trkpt>
      <trkpt lat="37.191778000000056" lon="34.731565000000074">
        <ele>1069.757</ele>
        <time>2025-06-26T14:03:19.083Z</time>
      </trkpt>
      <trkpt lat="37.19170100000006" lon="34.731596000000074">
        <ele>1069.233</ele>
        <time>2025-06-26T14:03:21.083Z</time>
      </trkpt>
      <trkpt lat="37.19161900000006" lon="34.73162500000007">
        <ele>1068.686</ele>
        <time>2025-06-26T14:03:23.083Z</time>
      </trkpt>
      <trkpt lat="37.19157500000006" lon="34.73164200000007">
        <ele>1068.438</ele>
        <time>2025-06-26T14:03:24.083Z</time>
      </trkpt>
      <trkpt lat="37.191528000000055" lon="34.73165900000007">
        <ele>1068.249</ele>
        <time>2025-06-26T14:03:25.083Z</time>
      </trkpt>
      <trkpt lat="37.19148200000006" lon="34.73168200000007">
        <ele>1068.109</ele>
        <time>2025-06-26T14:03:26.083Z</time>
      </trkpt>
      <trkpt lat="37.19142600000006" lon="34.73170500000007">
        <ele>1068.015</ele>
        <time>2025-06-26T14:03:27.083Z</time>
      </trkpt>
      <trkpt lat="37.191370000000056" lon="34.73171400000007">
        <ele>1068.041</ele>
        <time>2025-06-26T14:03:28.083Z</time>
      </trkpt>
      <trkpt lat="37.19131200000005" lon="34.73172200000007">
        <ele>1067.971</ele>
        <time>2025-06-26T14:03:29.083Z</time>
      </trkpt>
      <trkpt lat="37.19125300000005" lon="34.731726000000066">
        <ele>1067.892</ele>
        <time>2025-06-26T14:03:30.083Z</time>
      </trkpt>
      <trkpt lat="37.191188000000054" lon="34.73173100000007">
        <ele>1067.634</ele>
        <time>2025-06-26T14:03:31.083Z</time>
      </trkpt>
      <trkpt lat="37.19112100000005" lon="34.73174200000007">
        <ele>1067.43</ele>
        <time>2025-06-26T14:03:32.083Z</time>
      </trkpt>
      <trkpt lat="37.19105700000005" lon="34.731760000000065">
        <ele>1067.362</ele>
        <time>2025-06-26T14:03:33.083Z</time>
      </trkpt>
      <trkpt lat="37.19099600000005" lon="34.731780000000064">
        <ele>1067.241</ele>
        <time>2025-06-26T14:03:34.083Z</time>
      </trkpt>
      <trkpt lat="37.19093700000005" lon="34.731808000000065">
        <ele>1067.267</ele>
        <time>2025-06-26T14:03:35.083Z</time>
      </trkpt>
      <trkpt lat="37.19088400000005" lon="34.73184000000006">
        <ele>1067.12</ele>
        <time>2025-06-26T14:03:36.083Z</time>
      </trkpt>
      <trkpt lat="37.190828000000046" lon="34.73187500000006">
        <ele>1067.032</ele>
        <time>2025-06-26T14:03:37.083Z</time>
      </trkpt>
      <trkpt lat="37.190769000000046" lon="34.73189900000006">
        <ele>1067.083</ele>
        <time>2025-06-26T14:03:38.083Z</time>
      </trkpt>
      <trkpt lat="37.19071200000005" lon="34.73191400000006">
        <ele>1067.009</ele>
        <time>2025-06-26T14:03:39.083Z</time>
      </trkpt>
      <trkpt lat="37.19065600000005" lon="34.73192200000006">
        <ele>1067.003</ele>
        <time>2025-06-26T14:03:40.083Z</time>
      </trkpt>
      <trkpt lat="37.190600000000046" lon="34.73192500000006">
        <ele>1067.021</ele>
        <time>2025-06-26T14:03:41.083Z</time>
      </trkpt>
      <trkpt lat="37.19054500000004" lon="34.73193000000006">
        <ele>1067.111</ele>
        <time>2025-06-26T14:03:42.083Z</time>
      </trkpt>
      <trkpt lat="37.19048900000004" lon="34.731935000000064">
        <ele>1067.242</ele>
        <time>2025-06-26T14:03:43.083Z</time>
      </trkpt>
      <trkpt lat="37.19043600000004" lon="34.73194400000006">
        <ele>1067.424</ele>
        <time>2025-06-26T14:03:44.083Z</time>
      </trkpt>
      <trkpt lat="37.19038600000004" lon="34.73194800000006">
        <ele>1067.99</ele>
        <time>2025-06-26T14:03:45.083Z</time>
      </trkpt>
      <trkpt lat="37.19033700000004" lon="34.73194700000006">
        <ele>1068.142</ele>
        <time>2025-06-26T14:03:46.083Z</time>
      </trkpt>
      <trkpt lat="37.190291000000045" lon="34.73194800000006">
        <ele>1068.341</ele>
        <time>2025-06-26T14:03:47.083Z</time>
      </trkpt>
      <trkpt lat="37.190212000000045" lon="34.73197600000006">
        <ele>1068.527</ele>
        <time>2025-06-26T14:03:49.083Z</time>
      </trkpt>
      <trkpt lat="37.19016900000005" lon="34.73199500000006">
        <ele>1068.68</ele>
        <time>2025-06-26T14:03:50.083Z</time>
      </trkpt>
      <trkpt lat="37.19012300000005" lon="34.73201200000006">
        <ele>1068.712</ele>
        <time>2025-06-26T14:03:51.083Z</time>
      </trkpt>
      <trkpt lat="37.19007400000005" lon="34.732028000000064">
        <ele>1068.873</ele>
        <time>2025-06-26T14:03:52.083Z</time>
      </trkpt>
      <trkpt lat="37.190028000000055" lon="34.732044000000066">
        <ele>1068.909</ele>
        <time>2025-06-26T14:03:53.083Z</time>
      </trkpt>
      <trkpt lat="37.18997800000005" lon="34.73205900000006">
        <ele>1069.013</ele>
        <time>2025-06-26T14:03:54.083Z</time>
      </trkpt>
      <trkpt lat="37.18992800000005" lon="34.73207100000006">
        <ele>1069.176</ele>
        <time>2025-06-26T14:03:55.083Z</time>
      </trkpt>
      <trkpt lat="37.18987400000005" lon="34.73207900000006">
        <ele>1069.216</ele>
        <time>2025-06-26T14:03:56.083Z</time>
      </trkpt>
      <trkpt lat="37.18982100000005" lon="34.73207900000006">
        <ele>1069.315</ele>
        <time>2025-06-26T14:03:57.083Z</time>
      </trkpt>
      <trkpt lat="37.18976800000005" lon="34.73207400000006">
        <ele>1069.377</ele>
        <time>2025-06-26T14:03:58.083Z</time>
      </trkpt>
      <trkpt lat="37.18970900000005" lon="34.73206300000006">
        <ele>1069.363</ele>
        <time>2025-06-26T14:03:59.083Z</time>
      </trkpt>
      <trkpt lat="37.18965300000005" lon="34.73205000000006">
        <ele>1069.345</ele>
        <time>2025-06-26T14:04:00.083Z</time>
      </trkpt>
      <trkpt lat="37.189598000000046" lon="34.732037000000055">
        <ele>1069.244</ele>
        <time>2025-06-26T14:04:01.083Z</time>
      </trkpt>
      <trkpt lat="37.18954700000005" lon="34.732026000000054">
        <ele>1069.11</ele>
        <time>2025-06-26T14:04:02.083Z</time>
      </trkpt>
      <trkpt lat="37.189497000000046" lon="34.73201800000005">
        <ele>1069.073</ele>
        <time>2025-06-26T14:04:03.083Z</time>
      </trkpt>
      <trkpt lat="37.18944800000005" lon="34.732009000000055">
        <ele>1068.925</ele>
        <time>2025-06-26T14:04:04.083Z</time>
      </trkpt>
      <trkpt lat="37.18939700000005" lon="34.73200400000005">
        <ele>1068.846</ele>
        <time>2025-06-26T14:04:05.083Z</time>
      </trkpt>
      <trkpt lat="37.18934700000005" lon="34.73199900000005">
        <ele>1068.809</ele>
        <time>2025-06-26T14:04:06.083Z</time>
      </trkpt>
      <trkpt lat="37.189292000000044" lon="34.73199900000005">
        <ele>1068.816</ele>
        <time>2025-06-26T14:04:07.083Z</time>
      </trkpt>
      <trkpt lat="37.18923900000004" lon="34.731998000000054">
        <ele>1068.788</ele>
        <time>2025-06-26T14:04:08.083Z</time>
      </trkpt>
      <trkpt lat="37.189185000000045" lon="34.73199400000006">
        <ele>1068.646</ele>
        <time>2025-06-26T14:04:09.083Z</time>
      </trkpt>
      <trkpt lat="37.18913000000004" lon="34.73199100000006">
        <ele>1068.57</ele>
        <time>2025-06-26T14:04:10.083Z</time>
      </trkpt>
      <trkpt lat="37.18907700000004" lon="34.73199000000006">
        <ele>1068.462</ele>
        <time>2025-06-26T14:04:11.083Z</time>
      </trkpt>
      <trkpt lat="37.18902500000004" lon="34.73199300000006">
        <ele>1068.448</ele>
        <time>2025-06-26T14:04:12.083Z</time>
      </trkpt>
      <trkpt lat="37.18897800000004" lon="34.73199800000006">
        <ele>1068.48</ele>
        <time>2025-06-26T14:04:13.083Z</time>
      </trkpt>
      <trkpt lat="37.18892800000004" lon="34.73200400000006">
        <ele>1068.479</ele>
        <time>2025-06-26T14:04:14.083Z</time>
      </trkpt>
      <trkpt lat="37.18887600000004" lon="34.73201200000006">
        <ele>1068.425</ele>
        <time>2025-06-26T14:04:15.083Z</time>
      </trkpt>
      <trkpt lat="37.18882600000004" lon="34.73201900000006">
        <ele>1068.478</ele>
        <time>2025-06-26T14:04:16.083Z</time>
      </trkpt>
      <trkpt lat="37.18877600000004" lon="34.73202800000006">
        <ele>1068.49</ele>
        <time>2025-06-26T14:04:17.083Z</time>
      </trkpt>
      <trkpt lat="37.18872800000004" lon="34.73203500000005">
        <ele>1068.441</ele>
        <time>2025-06-26T14:04:18.083Z</time>
      </trkpt>
      <trkpt lat="37.18863800000004" lon="34.73206300000005">
        <ele>1068.409</ele>
        <time>2025-06-26T14:04:20.083Z</time>
      </trkpt>
      <trkpt lat="37.18857400000004" lon="34.732099000000055">
        <ele>1068.42</ele>
        <time>2025-06-26T14:04:22.083Z</time>
      </trkpt>
      <trkpt lat="37.188530000000036" lon="34.73213700000006">
        <ele>1068.573</ele>
        <time>2025-06-26T14:04:23.083Z</time>
      </trkpt>
      <trkpt lat="37.188454000000036" lon="34.73220700000006">
        <ele>1068.592</ele>
        <time>2025-06-26T14:04:25.083Z</time>
      </trkpt>
      <trkpt lat="37.18840000000004" lon="34.73225500000006">
        <ele>1068.593</ele>
        <time>2025-06-26T14:04:27.083Z</time>
      </trkpt>
      <trkpt lat="37.18834000000004" lon="34.73229200000006">
        <ele>1068.485</ele>
        <time>2025-06-26T14:04:28.083Z</time>
      </trkpt>
      <trkpt lat="37.18828800000004" lon="34.73232200000006">
        <ele>1068.341</ele>
        <time>2025-06-26T14:04:29.083Z</time>
      </trkpt>
      <trkpt lat="37.18823000000004" lon="34.73235000000006">
        <ele>1068.173</ele>
        <time>2025-06-26T14:04:31.083Z</time>
      </trkpt>
      <trkpt lat="37.18817400000004" lon="34.732377000000064">
        <ele>1067.872</ele>
        <time>2025-06-26T14:04:33.083Z</time>
      </trkpt>
      <trkpt lat="37.188116000000036" lon="34.732424000000066">
        <ele>1067.518</ele>
        <time>2025-06-26T14:04:35.083Z</time>
      </trkpt>
      <trkpt lat="37.18803300000004" lon="34.73247600000006">
        <ele>1067.191</ele>
        <time>2025-06-26T14:04:37.083Z</time>
      </trkpt>
      <trkpt lat="37.18797200000004" lon="34.73248700000006">
        <ele>1066.913</ele>
        <time>2025-06-26T14:04:39.083Z</time>
      </trkpt>
      <trkpt lat="37.187911000000035" lon="34.73249400000006">
        <ele>1066.574</ele>
        <time>2025-06-26T14:04:41.083Z</time>
      </trkpt>
      <trkpt lat="37.18784800000004" lon="34.73248200000006">
        <ele>1065.909</ele>
        <time>2025-06-26T14:04:43.083Z</time>
      </trkpt>
      <trkpt lat="37.18777500000004" lon="34.732467000000064">
        <ele>1065.508</ele>
        <time>2025-06-26T14:04:45.083Z</time>
      </trkpt>
      <trkpt lat="37.18769200000004" lon="34.73247100000006">
        <ele>1065.126</ele>
        <time>2025-06-26T14:04:47.083Z</time>
      </trkpt>
      <trkpt lat="37.18764100000004" lon="34.73247800000006">
        <ele>1064.725</ele>
        <time>2025-06-26T14:04:49.083Z</time>
      </trkpt>
      <trkpt lat="37.187592000000045" lon="34.732484000000056">
        <ele>1064.093</ele>
        <time>2025-06-26T14:04:51.083Z</time>
      </trkpt>
      <trkpt lat="37.187539000000044" lon="34.73248900000006">
        <ele>1063.595</ele>
        <time>2025-06-26T14:04:54.083Z</time>
      </trkpt>
      <trkpt lat="37.18747500000004" lon="34.732507000000055">
        <ele>1062.981</ele>
        <time>2025-06-26T14:04:56.083Z</time>
      </trkpt>
      <trkpt lat="37.18734400000004" lon="34.73253100000006">
        <ele>1062.293</ele>
        <time>2025-06-26T14:04:58.083Z</time>
      </trkpt>
      <trkpt lat="37.18729400000004" lon="34.73254000000006">
        <ele>1061.672</ele>
        <time>2025-06-26T14:05:00.083Z</time>
      </trkpt>
      <trkpt lat="37.187208000000034" lon="34.73255000000006">
        <ele>1061.128</ele>
        <time>2025-06-26T14:05:02.083Z</time>
      </trkpt>
      <trkpt lat="37.18712800000004" lon="34.73255300000006">
        <ele>1060.681</ele>
        <time>2025-06-26T14:05:04.083Z</time>
      </trkpt>
      <trkpt lat="37.187047000000035" lon="34.73256400000006">
        <ele>1060.023</ele>
        <time>2025-06-26T14:05:06.083Z</time>
      </trkpt>
      <trkpt lat="37.186963000000034" lon="34.73256600000006">
        <ele>1059.564</ele>
        <time>2025-06-26T14:05:08.083Z</time>
      </trkpt>
      <trkpt lat="37.18688200000003" lon="34.73258000000006">
        <ele>1059.109</ele>
        <time>2025-06-26T14:05:10.083Z</time>
      </trkpt>
      <trkpt lat="37.186799000000036" lon="34.73258600000006">
        <ele>1058.611</ele>
        <time>2025-06-26T14:05:12.083Z</time>
      </trkpt>
      <trkpt lat="37.18672200000004" lon="34.732574000000064">
        <ele>1058.147</ele>
        <time>2025-06-26T14:05:14.083Z</time>
      </trkpt>
      <trkpt lat="37.18664400000004" lon="34.732573000000066">
        <ele>1057.626</ele>
        <time>2025-06-26T14:05:16.083Z</time>
      </trkpt>
      <trkpt lat="37.18655900000004" lon="34.73257800000007">
        <ele>1057.13</ele>
        <time>2025-06-26T14:05:18.083Z</time>
      </trkpt>
      <trkpt lat="37.18647600000004" lon="34.73258000000007">
        <ele>1056.672</ele>
        <time>2025-06-26T14:05:20.083Z</time>
      </trkpt>
      <trkpt lat="37.18640000000004" lon="34.73257500000007">
        <ele>1056.548</ele>
        <time>2025-06-26T14:05:22.083Z</time>
      </trkpt>
      <trkpt lat="37.18632500000004" lon="34.73257700000007">
        <ele>1055.93</ele>
        <time>2025-06-26T14:05:24.083Z</time>
      </trkpt>
      <trkpt lat="37.18626300000004" lon="34.73258700000007">
        <ele>1055.729</ele>
        <time>2025-06-26T14:05:26.083Z</time>
      </trkpt>
      <trkpt lat="37.18621600000004" lon="34.73258500000007">
        <ele>1055.255</ele>
        <time>2025-06-26T14:05:44.083Z</time>
      </trkpt>
      <trkpt lat="37.18615600000004" lon="34.73257300000007">
        <ele>1054.688</ele>
        <time>2025-06-26T14:05:46.083Z</time>
      </trkpt>
      <trkpt lat="37.18608100000004" lon="34.73256500000007">
        <ele>1053.89</ele>
        <time>2025-06-26T14:06:08.083Z</time>
      </trkpt>
      <trkpt lat="37.18603500000004" lon="34.732564000000075">
        <ele>1053.541</ele>
        <time>2025-06-26T14:06:12.083Z</time>
      </trkpt>
      <trkpt lat="37.18597500000004" lon="34.732550000000074">
        <ele>1052.909</ele>
        <time>2025-06-26T14:06:15.083Z</time>
      </trkpt>
      <trkpt lat="37.18592000000004" lon="34.73255100000007">
        <ele>1052.623</ele>
        <time>2025-06-26T14:06:17.083Z</time>
      </trkpt>
      <trkpt lat="37.18585400000004" lon="34.73253800000007">
        <ele>1051.749</ele>
        <time>2025-06-26T14:06:19.083Z</time>
      </trkpt>
      <trkpt lat="37.18578600000004" lon="34.73252300000007">
        <ele>1051.195</ele>
        <time>2025-06-26T14:06:21.083Z</time>
      </trkpt>
      <trkpt lat="37.18572200000004" lon="34.73248900000007">
        <ele>1050.845</ele>
        <time>2025-06-26T14:06:23.083Z</time>
      </trkpt>
      <trkpt lat="37.185656000000044" lon="34.732454000000075">
        <ele>1050.387</ele>
        <time>2025-06-26T14:06:25.083Z</time>
      </trkpt>
      <trkpt lat="37.18561200000004" lon="34.73243600000008">
        <ele>1049.833</ele>
        <time>2025-06-26T14:06:26.083Z</time>
      </trkpt>
      <trkpt lat="37.18555400000004" lon="34.73240500000008">
        <ele>1049.665</ele>
        <time>2025-06-26T14:06:28.083Z</time>
      </trkpt>
      <trkpt lat="37.18549300000004" lon="34.73237100000008">
        <ele>1049.454</ele>
        <time>2025-06-26T14:06:30.083Z</time>
      </trkpt>
      <trkpt lat="37.18542400000003" lon="34.732330000000076">
        <ele>1049.24</ele>
        <time>2025-06-26T14:06:32.083Z</time>
      </trkpt>
      <trkpt lat="37.18537400000003" lon="34.73230600000007">
        <ele>1048.753</ele>
        <time>2025-06-26T14:06:33.083Z</time>
      </trkpt>
      <trkpt lat="37.18533100000003" lon="34.73228200000007">
        <ele>1048.225</ele>
        <time>2025-06-26T14:06:34.083Z</time>
      </trkpt>
      <trkpt lat="37.185266000000034" lon="34.73223900000007">
        <ele>1047.696</ele>
        <time>2025-06-26T14:06:36.083Z</time>
      </trkpt>
      <trkpt lat="37.185207000000034" lon="34.73221500000007">
        <ele>1047.009</ele>
        <time>2025-06-26T14:06:38.083Z</time>
      </trkpt>
      <trkpt lat="37.18515200000003" lon="34.73220300000007">
        <ele>1046.521</ele>
        <time>2025-06-26T14:06:40.083Z</time>
      </trkpt>
      <trkpt lat="37.18509900000003" lon="34.73219100000007">
        <ele>1045.929</ele>
        <time>2025-06-26T14:06:42.083Z</time>
      </trkpt>
      <trkpt lat="37.18504800000003" lon="34.73217700000007">
        <ele>1045.447</ele>
        <time>2025-06-26T14:06:44.083Z</time>
      </trkpt>
      <trkpt lat="37.18499800000003" lon="34.73216200000007">
        <ele>1044.895</ele>
        <time>2025-06-26T14:06:46.083Z</time>
      </trkpt>
      <trkpt lat="37.18493500000003" lon="34.73213200000007">
        <ele>1044.337</ele>
        <time>2025-06-26T14:06:49.083Z</time>
      </trkpt>
      <trkpt lat="37.184869000000035" lon="34.73209200000007">
        <ele>1043.843</ele>
        <time>2025-06-26T14:06:51.083Z</time>
      </trkpt>
      <trkpt lat="37.18481700000004" lon="34.732055000000074">
        <ele>1043.315</ele>
        <time>2025-06-26T14:06:53.083Z</time>
      </trkpt>
      <trkpt lat="37.184767000000036" lon="34.73202200000007">
        <ele>1042.924</ele>
        <time>2025-06-26T14:06:55.083Z</time>
      </trkpt>
      <trkpt lat="37.18472100000004" lon="34.73199200000007">
        <ele>1042.51</ele>
        <time>2025-06-26T14:06:57.083Z</time>
      </trkpt>
      <trkpt lat="37.18465400000004" lon="34.731954000000066">
        <ele>1041.923</ele>
        <time>2025-06-26T14:06:59.083Z</time>
      </trkpt>
      <trkpt lat="37.18460600000004" lon="34.73193300000007">
        <ele>1041.555</ele>
        <time>2025-06-26T14:07:01.083Z</time>
      </trkpt>
      <trkpt lat="37.18455700000004" lon="34.73189900000007">
        <ele>1041.286</ele>
        <time>2025-06-26T14:07:06.083Z</time>
      </trkpt>
      <trkpt lat="37.18451200000004" lon="34.73188100000007">
        <ele>1040.609</ele>
        <time>2025-06-26T14:07:08.083Z</time>
      </trkpt>
      <trkpt lat="37.18445000000004" lon="34.73184000000007">
        <ele>1040.309</ele>
        <time>2025-06-26T14:07:10.083Z</time>
      </trkpt>
      <trkpt lat="37.18440400000004" lon="34.73181100000007">
        <ele>1040.181</ele>
        <time>2025-06-26T14:07:15.083Z</time>
      </trkpt>
      <trkpt lat="37.18435400000004" lon="34.73178000000007">
        <ele>1040.041</ele>
        <time>2025-06-26T14:07:17.083Z</time>
      </trkpt>
      <trkpt lat="37.18429700000004" lon="34.73175200000007">
        <ele>1039.856</ele>
        <time>2025-06-26T14:07:19.083Z</time>
      </trkpt>
      <trkpt lat="37.18424100000004" lon="34.73171100000007">
        <ele>1039.578</ele>
        <time>2025-06-26T14:07:22.083Z</time>
      </trkpt>
      <trkpt lat="37.184184000000045" lon="34.731670000000065">
        <ele>1039.214</ele>
        <time>2025-06-26T14:07:24.083Z</time>
      </trkpt>
      <trkpt lat="37.18407900000005" lon="34.73159300000007">
        <ele>1038.716</ele>
        <time>2025-06-26T14:07:26.083Z</time>
      </trkpt>
      <trkpt lat="37.18404200000005" lon="34.73155300000007">
        <ele>1038.365</ele>
        <time>2025-06-26T14:07:27.083Z</time>
      </trkpt>
      <trkpt lat="37.18398300000005" lon="34.73150100000007">
        <ele>1037.931</ele>
        <time>2025-06-26T14:07:29.083Z</time>
      </trkpt>
      <trkpt lat="37.18393500000005" lon="34.73145700000007">
        <ele>1037.414</ele>
        <time>2025-06-26T14:07:31.083Z</time>
      </trkpt>
      <trkpt lat="37.18389300000005" lon="34.73141500000007">
        <ele>1037.126</ele>
        <time>2025-06-26T14:07:33.083Z</time>
      </trkpt>
      <trkpt lat="37.18383900000005" lon="34.73134400000007">
        <ele>1036.457</ele>
        <time>2025-06-26T14:07:35.083Z</time>
      </trkpt>
      <trkpt lat="37.18380300000005" lon="34.73129900000007">
        <ele>1036.109</ele>
        <time>2025-06-26T14:07:37.083Z</time>
      </trkpt>
      <trkpt lat="37.183767000000046" lon="34.73125700000007">
        <ele>1035.517</ele>
        <time>2025-06-26T14:07:39.083Z</time>
      </trkpt>
      <trkpt lat="37.18373000000005" lon="34.73122000000007">
        <ele>1035.152</ele>
        <time>2025-06-26T14:07:41.083Z</time>
      </trkpt>
      <trkpt lat="37.18368500000005" lon="34.73117700000007">
        <ele>1034.258</ele>
        <time>2025-06-26T14:07:43.083Z</time>
      </trkpt>
      <trkpt lat="37.18363000000004" lon="34.73113600000007">
        <ele>1033.214</ele>
        <time>2025-06-26T14:07:45.083Z</time>
      </trkpt>
      <trkpt lat="37.183559000000045" lon="34.73109500000007">
        <ele>1032.236</ele>
        <time>2025-06-26T14:07:47.083Z</time>
      </trkpt>
      <trkpt lat="37.18348200000005" lon="34.731062000000065">
        <ele>1031.532</ele>
        <time>2025-06-26T14:07:49.083Z</time>
      </trkpt>
      <trkpt lat="37.183407000000045" lon="34.73103800000006">
        <ele>1030.894</ele>
        <time>2025-06-26T14:07:51.083Z</time>
      </trkpt>
      <trkpt lat="37.18332900000004" lon="34.731031000000065">
        <ele>1030.373</ele>
        <time>2025-06-26T14:07:53.083Z</time>
      </trkpt>
      <trkpt lat="37.18325100000004" lon="34.73103600000007">
        <ele>1029.369</ele>
        <time>2025-06-26T14:07:55.083Z</time>
      </trkpt>
      <trkpt lat="37.18318400000004" lon="34.73105200000007">
        <ele>1027.812</ele>
        <time>2025-06-26T14:07:57.083Z</time>
      </trkpt>
      <trkpt lat="37.18303800000004" lon="34.73109100000007">
        <ele>1026.434</ele>
        <time>2025-06-26T14:07:59.083Z</time>
      </trkpt>
      <trkpt lat="37.18297500000004" lon="34.73109000000007">
        <ele>1026.065</ele>
        <time>2025-06-26T14:08:01.083Z</time>
      </trkpt>
      <trkpt lat="37.182926000000045" lon="34.731086000000076">
        <ele>1025.209</ele>
        <time>2025-06-26T14:08:03.083Z</time>
      </trkpt>
      <trkpt lat="37.18286300000005" lon="34.731078000000075">
        <ele>1024.807</ele>
        <time>2025-06-26T14:08:04.083Z</time>
      </trkpt>
      <trkpt lat="37.182816000000045" lon="34.73106800000007">
        <ele>1024.461</ele>
        <time>2025-06-26T14:08:06.083Z</time>
      </trkpt>
      <trkpt lat="37.182746000000044" lon="34.731036000000074">
        <ele>1023.731</ele>
        <time>2025-06-26T14:08:08.083Z</time>
      </trkpt>
      <trkpt lat="37.182672000000046" lon="34.73101400000007">
        <ele>1022.599</ele>
        <time>2025-06-26T14:08:10.083Z</time>
      </trkpt>
      <trkpt lat="37.182628000000044" lon="34.73099800000007">
        <ele>1022.371</ele>
        <time>2025-06-26T14:08:11.083Z</time>
      </trkpt>
      <trkpt lat="37.182557000000045" lon="34.73096200000007">
        <ele>1021.047</ele>
        <time>2025-06-26T14:08:13.083Z</time>
      </trkpt>
      <trkpt lat="37.182484000000045" lon="34.73093200000007">
        <ele>1020.089</ele>
        <time>2025-06-26T14:08:14.083Z</time>
      </trkpt>
      <trkpt lat="37.18244000000004" lon="34.73091400000007">
        <ele>1018.998</ele>
        <time>2025-06-26T14:08:16.083Z</time>
      </trkpt>
      <trkpt lat="37.18236500000004" lon="34.73089100000007">
        <ele>1017.994</ele>
        <time>2025-06-26T14:08:18.083Z</time>
      </trkpt>
      <trkpt lat="37.18230100000004" lon="34.73086900000007">
        <ele>1017.477</ele>
        <time>2025-06-26T14:08:20.083Z</time>
      </trkpt>
      <trkpt lat="37.182243000000035" lon="34.73084600000007">
        <ele>1016.269</ele>
        <time>2025-06-26T14:08:22.083Z</time>
      </trkpt>
      <trkpt lat="37.18218300000004" lon="34.73082000000007">
        <ele>1015.04</ele>
        <time>2025-06-26T14:08:24.083Z</time>
      </trkpt>
      <trkpt lat="37.18211700000004" lon="34.73080400000007">
        <ele>1014.409</ele>
        <time>2025-06-26T14:08:26.083Z</time>
      </trkpt>
      <trkpt lat="37.18205700000004" lon="34.73078300000007">
        <ele>1013.317</ele>
        <time>2025-06-26T14:08:28.083Z</time>
      </trkpt>
      <trkpt lat="37.182000000000045" lon="34.73075500000007">
        <ele>1012.361</ele>
        <time>2025-06-26T14:08:30.083Z</time>
      </trkpt>
      <trkpt lat="37.18192600000005" lon="34.730743000000075">
        <ele>1011.381</ele>
        <time>2025-06-26T14:08:32.083Z</time>
      </trkpt>
      <trkpt lat="37.18184400000005" lon="34.730743000000075">
        <ele>1010.274</ele>
        <time>2025-06-26T14:08:34.083Z</time>
      </trkpt>
      <trkpt lat="37.18176200000005" lon="34.730757000000075">
        <ele>1009.466</ele>
        <time>2025-06-26T14:08:36.083Z</time>
      </trkpt>
      <trkpt lat="37.18168000000005" lon="34.730780000000074">
        <ele>1008.112</ele>
        <time>2025-06-26T14:08:38.083Z</time>
      </trkpt>
      <trkpt lat="37.18159900000005" lon="34.73080600000007">
        <ele>1007.654</ele>
        <time>2025-06-26T14:08:40.083Z</time>
      </trkpt>
      <trkpt lat="37.18151800000005" lon="34.730830000000076">
        <ele>1007.063</ele>
        <time>2025-06-26T14:08:42.083Z</time>
      </trkpt>
      <trkpt lat="37.18147300000005" lon="34.73083800000008">
        <ele>1006.669</ele>
        <time>2025-06-26T14:08:43.083Z</time>
      </trkpt>
      <trkpt lat="37.18142700000005" lon="34.730841000000076">
        <ele>1006.232</ele>
        <time>2025-06-26T14:08:44.083Z</time>
      </trkpt>
      <trkpt lat="37.18138000000005" lon="34.730841000000076">
        <ele>1006.044</ele>
        <time>2025-06-26T14:08:45.083Z</time>
      </trkpt>
      <trkpt lat="37.18132900000005" lon="34.730836000000075">
        <ele>1005.675</ele>
        <time>2025-06-26T14:08:46.083Z</time>
      </trkpt>
      <trkpt lat="37.181282000000046" lon="34.730827000000076">
        <ele>1005.409</ele>
        <time>2025-06-26T14:08:47.083Z</time>
      </trkpt>
      <trkpt lat="37.18123000000005" lon="34.730816000000075">
        <ele>1004.914</ele>
        <time>2025-06-26T14:08:48.083Z</time>
      </trkpt>
      <trkpt lat="37.18118500000005" lon="34.73080600000007">
        <ele>1004.386</ele>
        <time>2025-06-26T14:08:49.083Z</time>
      </trkpt>
      <trkpt lat="37.18110000000005" lon="34.73077900000007">
        <ele>1003.735</ele>
        <time>2025-06-26T14:08:51.083Z</time>
      </trkpt>
      <trkpt lat="37.18101900000005" lon="34.73074900000007">
        <ele>1003.294</ele>
        <time>2025-06-26T14:08:53.083Z</time>
      </trkpt>
      <trkpt lat="37.18093600000005" lon="34.730725000000064">
        <ele>1002.756</ele>
        <time>2025-06-26T14:08:55.083Z</time>
      </trkpt>
      <trkpt lat="37.18085400000005" lon="34.730716000000065">
        <ele>1002.062</ele>
        <time>2025-06-26T14:08:57.083Z</time>
      </trkpt>
      <trkpt lat="37.180777000000056" lon="34.730710000000066">
        <ele>1001.194</ele>
        <time>2025-06-26T14:08:59.083Z</time>
      </trkpt>
      <trkpt lat="37.180701000000056" lon="34.73070400000007">
        <ele>1000.143</ele>
        <time>2025-06-26T14:09:01.083Z</time>
      </trkpt>
      <trkpt lat="37.18062200000006" lon="34.73070600000007">
        <ele>999.139</ele>
        <time>2025-06-26T14:09:03.083Z</time>
      </trkpt>
      <trkpt lat="37.180544000000054" lon="34.73071800000007">
        <ele>997.632</ele>
        <time>2025-06-26T14:09:05.083Z</time>
      </trkpt>
      <trkpt lat="37.18047000000006" lon="34.73072800000007">
        <ele>996.624</ele>
        <time>2025-06-26T14:09:07.083Z</time>
      </trkpt>
      <trkpt lat="37.18040500000006" lon="34.73074400000007">
        <ele>996.135</ele>
        <time>2025-06-26T14:09:09.083Z</time>
      </trkpt>
      <trkpt lat="37.18034800000006" lon="34.73076700000007">
        <ele>995.209</ele>
        <time>2025-06-26T14:09:11.083Z</time>
      </trkpt>
      <trkpt lat="37.18028900000006" lon="34.73079800000007">
        <ele>994.817</ele>
        <time>2025-06-26T14:09:13.083Z</time>
      </trkpt>
      <trkpt lat="37.18022300000006" lon="34.73082600000007">
        <ele>993.57</ele>
        <time>2025-06-26T14:09:15.083Z</time>
      </trkpt>
      <trkpt lat="37.18016200000006" lon="34.73085700000007">
        <ele>992.638</ele>
        <time>2025-06-26T14:09:17.083Z</time>
      </trkpt>
      <trkpt lat="37.18009800000006" lon="34.73088600000007">
        <ele>992.285</ele>
        <time>2025-06-26T14:09:19.083Z</time>
      </trkpt>
      <trkpt lat="37.18003500000006" lon="34.73092200000007">
        <ele>991.457</ele>
        <time>2025-06-26T14:09:21.083Z</time>
      </trkpt>
      <trkpt lat="37.17999000000006" lon="34.73096900000007">
        <ele>990.843</ele>
        <time>2025-06-26T14:09:23.083Z</time>
      </trkpt>
      <trkpt lat="37.17993300000006" lon="34.731007000000076">
        <ele>990.295</ele>
        <time>2025-06-26T14:09:25.083Z</time>
      </trkpt>
      <trkpt lat="37.17982600000006" lon="34.73108200000008">
        <ele>989.434</ele>
        <time>2025-06-26T14:09:27.083Z</time>
      </trkpt>
      <trkpt lat="37.17977500000006" lon="34.73112500000008">
        <ele>988.65</ele>
        <time>2025-06-26T14:09:29.083Z</time>
      </trkpt>
      <trkpt lat="37.179724000000064" lon="34.73115600000008">
        <ele>987.723</ele>
        <time>2025-06-26T14:09:31.083Z</time>
      </trkpt>
      <trkpt lat="37.17965400000006" lon="34.731204000000076">
        <ele>986.855</ele>
        <time>2025-06-26T14:09:33.083Z</time>
      </trkpt>
      <trkpt lat="37.17959900000006" lon="34.731272000000075">
        <ele>986.026</ele>
        <time>2025-06-26T14:09:35.083Z</time>
      </trkpt>
      <trkpt lat="37.17954300000006" lon="34.731345000000076">
        <ele>985.209</ele>
        <time>2025-06-26T14:09:37.083Z</time>
      </trkpt>
      <trkpt lat="37.17949200000006" lon="34.731421000000076">
        <ele>984.621</ele>
        <time>2025-06-26T14:09:39.083Z</time>
      </trkpt>
      <trkpt lat="37.17944500000006" lon="34.73149600000008">
        <ele>984.129</ele>
        <time>2025-06-26T14:09:41.083Z</time>
      </trkpt>
      <trkpt lat="37.179404000000055" lon="34.731573000000076">
        <ele>983.447</ele>
        <time>2025-06-26T14:09:43.083Z</time>
      </trkpt>
      <trkpt lat="37.17936600000005" lon="34.731652000000075">
        <ele>982.882</ele>
        <time>2025-06-26T14:09:45.083Z</time>
      </trkpt>
      <trkpt lat="37.17932900000005" lon="34.731728000000075">
        <ele>982.184</ele>
        <time>2025-06-26T14:09:47.083Z</time>
      </trkpt>
      <trkpt lat="37.179294000000056" lon="34.731801000000075">
        <ele>981.48</ele>
        <time>2025-06-26T14:09:49.083Z</time>
      </trkpt>
      <trkpt lat="37.17925900000006" lon="34.731874000000076">
        <ele>980.762</ele>
        <time>2025-06-26T14:09:51.083Z</time>
      </trkpt>
      <trkpt lat="37.17922400000006" lon="34.73195500000008">
        <ele>979.931</ele>
        <time>2025-06-26T14:09:53.083Z</time>
      </trkpt>
      <trkpt lat="37.17919300000006" lon="34.73203000000008">
        <ele>979.317</ele>
        <time>2025-06-26T14:09:55.083Z</time>
      </trkpt>
      <trkpt lat="37.17916800000006" lon="34.73210900000008">
        <ele>978.77</ele>
        <time>2025-06-26T14:09:57.083Z</time>
      </trkpt>
      <trkpt lat="37.17914000000006" lon="34.732192000000076">
        <ele>977.852</ele>
        <time>2025-06-26T14:09:59.083Z</time>
      </trkpt>
      <trkpt lat="37.17910800000006" lon="34.73226900000007">
        <ele>976.923</ele>
        <time>2025-06-26T14:10:01.083Z</time>
      </trkpt>
      <trkpt lat="37.179071000000064" lon="34.73234500000007">
        <ele>975.909</ele>
        <time>2025-06-26T14:10:03.083Z</time>
      </trkpt>
      <trkpt lat="37.17903300000006" lon="34.73242200000007">
        <ele>974.807</ele>
        <time>2025-06-26T14:10:05.083Z</time>
      </trkpt>
      <trkpt lat="37.17899000000006" lon="34.73250700000007">
        <ele>973.543</ele>
        <time>2025-06-26T14:10:07.083Z</time>
      </trkpt>
      <trkpt lat="37.17894600000006" lon="34.732587000000066">
        <ele>973.013</ele>
        <time>2025-06-26T14:10:10.083Z</time>
      </trkpt>
      <trkpt lat="37.17890500000006" lon="34.732644000000064">
        <ele>972.814</ele>
        <time>2025-06-26T14:10:12.083Z</time>
      </trkpt>
      <trkpt lat="37.17886200000006" lon="34.73268700000006">
        <ele>972.536</ele>
        <time>2025-06-26T14:10:14.083Z</time>
      </trkpt>
      <trkpt lat="37.17880900000006" lon="34.732678000000064">
        <ele>972.212</ele>
        <time>2025-06-26T14:10:16.083Z</time>
      </trkpt>
      <trkpt lat="37.17876600000006" lon="34.732618000000066">
        <ele>971.944</ele>
        <time>2025-06-26T14:10:18.083Z</time>
      </trkpt>
      <trkpt lat="37.17873800000006" lon="34.73254100000007">
        <ele>971.643</ele>
        <time>2025-06-26T14:10:20.083Z</time>
      </trkpt>
      <trkpt lat="37.17871300000006" lon="34.73247800000007">
        <ele>971.279</ele>
        <time>2025-06-26T14:10:22.083Z</time>
      </trkpt>
      <trkpt lat="37.17868800000006" lon="34.73241300000007">
        <ele>970.882</ele>
        <time>2025-06-26T14:10:24.083Z</time>
      </trkpt>
      <trkpt lat="37.17866500000006" lon="34.73234400000007">
        <ele>970.454</ele>
        <time>2025-06-26T14:10:26.083Z</time>
      </trkpt>
      <trkpt lat="37.17864400000006" lon="34.73227100000007">
        <ele>970.355</ele>
        <time>2025-06-26T14:10:28.083Z</time>
      </trkpt>
      <trkpt lat="37.178609000000066" lon="34.732199000000065">
        <ele>969.909</ele>
        <time>2025-06-26T14:10:30.083Z</time>
      </trkpt>
      <trkpt lat="37.17856900000007" lon="34.732129000000064">
        <ele>969.314</ele>
        <time>2025-06-26T14:10:32.083Z</time>
      </trkpt>
      <trkpt lat="37.17853800000007" lon="34.73205400000006">
        <ele>968.686</ele>
        <time>2025-06-26T14:10:34.083Z</time>
      </trkpt>
      <trkpt lat="37.178514000000064" lon="34.73196400000006">
        <ele>967.935</ele>
        <time>2025-06-26T14:10:36.083Z</time>
      </trkpt>
      <trkpt lat="37.17849000000006" lon="34.73186400000006">
        <ele>967.219</ele>
        <time>2025-06-26T14:10:38.083Z</time>
      </trkpt>
      <trkpt lat="37.17846100000006" lon="34.73176500000006">
        <ele>966.421</ele>
        <time>2025-06-26T14:10:40.083Z</time>
      </trkpt>
      <trkpt lat="37.17843700000006" lon="34.73166800000006">
        <ele>965.537</ele>
        <time>2025-06-26T14:10:42.083Z</time>
      </trkpt>
      <trkpt lat="37.17841600000006" lon="34.731574000000066">
        <ele>964.879</ele>
        <time>2025-06-26T14:10:44.083Z</time>
      </trkpt>
      <trkpt lat="37.17839200000006" lon="34.73148300000007">
        <ele>964.178</ele>
        <time>2025-06-26T14:10:46.083Z</time>
      </trkpt>
      <trkpt lat="37.17837400000006" lon="34.73139500000007">
        <ele>963.114</ele>
        <time>2025-06-26T14:10:48.083Z</time>
      </trkpt>
      <trkpt lat="37.17835200000006" lon="34.73131100000007">
        <ele>962.247</ele>
        <time>2025-06-26T14:10:50.083Z</time>
      </trkpt>
      <trkpt lat="37.17833600000006" lon="34.73122900000007">
        <ele>961.499</ele>
        <time>2025-06-26T14:10:52.083Z</time>
      </trkpt>
      <trkpt lat="37.17832700000006" lon="34.73114300000007">
        <ele>960.79</ele>
        <time>2025-06-26T14:10:54.083Z</time>
      </trkpt>
      <trkpt lat="37.17831700000006" lon="34.73104900000007">
        <ele>960.109</ele>
        <time>2025-06-26T14:10:56.083Z</time>
      </trkpt>
      <trkpt lat="37.178298000000055" lon="34.73096100000007">
        <ele>959.417</ele>
        <time>2025-06-26T14:10:58.083Z</time>
      </trkpt>
      <trkpt lat="37.178284000000055" lon="34.73087600000007">
        <ele>958.825</ele>
        <time>2025-06-26T14:11:00.083Z</time>
      </trkpt>
      <trkpt lat="37.178284000000055" lon="34.73078900000007">
        <ele>958.283</ele>
        <time>2025-06-26T14:11:02.083Z</time>
      </trkpt>
      <trkpt lat="37.178281000000055" lon="34.730687000000074">
        <ele>957.364</ele>
        <time>2025-06-26T14:11:04.083Z</time>
      </trkpt>
      <trkpt lat="37.17828000000006" lon="34.730594000000075">
        <ele>956.476</ele>
        <time>2025-06-26T14:11:06.083Z</time>
      </trkpt>
      <trkpt lat="37.178284000000055" lon="34.730501000000075">
        <ele>955.472</ele>
        <time>2025-06-26T14:11:08.083Z</time>
      </trkpt>
      <trkpt lat="37.17829400000006" lon="34.730411000000075">
        <ele>954.484</ele>
        <time>2025-06-26T14:11:10.083Z</time>
      </trkpt>
      <trkpt lat="37.17829100000006" lon="34.73032200000007">
        <ele>953.413</ele>
        <time>2025-06-26T14:11:12.083Z</time>
      </trkpt>
      <trkpt lat="37.17826900000006" lon="34.73023200000007">
        <ele>952.419</ele>
        <time>2025-06-26T14:11:14.083Z</time>
      </trkpt>
      <trkpt lat="37.178247000000056" lon="34.73014700000007">
        <ele>951.732</ele>
        <time>2025-06-26T14:11:16.083Z</time>
      </trkpt>
      <trkpt lat="37.17821500000006" lon="34.73006900000007">
        <ele>951.164</ele>
        <time>2025-06-26T14:11:18.083Z</time>
      </trkpt>
      <trkpt lat="37.17818700000006" lon="34.72999300000007">
        <ele>950.345</ele>
        <time>2025-06-26T14:11:20.083Z</time>
      </trkpt>
      <trkpt lat="37.17816100000006" lon="34.72991100000007">
        <ele>949.609</ele>
        <time>2025-06-26T14:11:22.083Z</time>
      </trkpt>
      <trkpt lat="37.17814200000006" lon="34.72983000000007">
        <ele>948.717</ele>
        <time>2025-06-26T14:11:24.083Z</time>
      </trkpt>
      <trkpt lat="37.178129000000055" lon="34.72974100000007">
        <ele>948.47</ele>
        <time>2025-06-26T14:11:26.083Z</time>
      </trkpt>
      <trkpt lat="37.178138000000054" lon="34.72964700000007">
        <ele>947.738</ele>
        <time>2025-06-26T14:11:28.083Z</time>
      </trkpt>
      <trkpt lat="37.17815000000005" lon="34.72956900000007">
        <ele>947.389</ele>
        <time>2025-06-26T14:11:30.083Z</time>
      </trkpt>
      <trkpt lat="37.178155000000054" lon="34.72950200000007">
        <ele>946.681</ele>
        <time>2025-06-26T14:11:32.083Z</time>
      </trkpt>
      <trkpt lat="37.178168000000056" lon="34.729421000000066">
        <ele>946.377</ele>
        <time>2025-06-26T14:11:34.083Z</time>
      </trkpt>
      <trkpt lat="37.17817300000006" lon="34.72933800000007">
        <ele>945.739</ele>
        <time>2025-06-26T14:11:36.083Z</time>
      </trkpt>
      <trkpt lat="37.17814800000006" lon="34.72926300000007">
        <ele>945.278</ele>
        <time>2025-06-26T14:11:38.083Z</time>
      </trkpt>
      <trkpt lat="37.178101000000055" lon="34.729236000000064">
        <ele>944.754</ele>
        <time>2025-06-26T14:11:40.083Z</time>
      </trkpt>
      <trkpt lat="37.17803700000005" lon="34.729270000000064">
        <ele>944.487</ele>
        <time>2025-06-26T14:11:43.083Z</time>
      </trkpt>
      <trkpt lat="37.17800100000005" lon="34.72931800000006">
        <ele>944.169</ele>
        <time>2025-06-26T14:11:45.083Z</time>
      </trkpt>
      <trkpt lat="37.17795700000005" lon="34.72938600000006">
        <ele>943.66</ele>
        <time>2025-06-26T14:11:47.083Z</time>
      </trkpt>
      <trkpt lat="37.177913000000046" lon="34.729447000000064">
        <ele>943.009</ele>
        <time>2025-06-26T14:11:49.083Z</time>
      </trkpt>
      <trkpt lat="37.17787000000005" lon="34.72951500000006">
        <ele>942.426</ele>
        <time>2025-06-26T14:11:51.083Z</time>
      </trkpt>
      <trkpt lat="37.17783100000005" lon="34.72958600000006">
        <ele>941.824</ele>
        <time>2025-06-26T14:11:53.083Z</time>
      </trkpt>
      <trkpt lat="37.17779100000005" lon="34.729658000000065">
        <ele>941.288</ele>
        <time>2025-06-26T14:11:55.083Z</time>
      </trkpt>
      <trkpt lat="37.17775100000005" lon="34.729731000000065">
        <ele>940.657</ele>
        <time>2025-06-26T14:11:57.083Z</time>
      </trkpt>
      <trkpt lat="37.17770600000005" lon="34.72980500000006">
        <ele>940.069</ele>
        <time>2025-06-26T14:11:59.083Z</time>
      </trkpt>
      <trkpt lat="37.17765900000005" lon="34.729875000000064">
        <ele>939.415</ele>
        <time>2025-06-26T14:12:01.083Z</time>
      </trkpt>
      <trkpt lat="37.17760900000005" lon="34.72995200000006">
        <ele>938.767</ele>
        <time>2025-06-26T14:12:03.083Z</time>
      </trkpt>
      <trkpt lat="37.17756100000005" lon="34.73001200000006">
        <ele>938.056</ele>
        <time>2025-06-26T14:12:05.083Z</time>
      </trkpt>
      <trkpt lat="37.177506000000044" lon="34.73006700000006">
        <ele>937.232</ele>
        <time>2025-06-26T14:12:07.083Z</time>
      </trkpt>
      <trkpt lat="37.177446000000046" lon="34.730122000000065">
        <ele>936.465</ele>
        <time>2025-06-26T14:12:09.083Z</time>
      </trkpt>
      <trkpt lat="37.17739100000004" lon="34.730173000000065">
        <ele>935.687</ele>
        <time>2025-06-26T14:12:11.083Z</time>
      </trkpt>
      <trkpt lat="37.177328000000045" lon="34.730223000000066">
        <ele>934.868</ele>
        <time>2025-06-26T14:12:13.083Z</time>
      </trkpt>
      <trkpt lat="37.17726700000004" lon="34.73027000000007">
        <ele>934.109</ele>
        <time>2025-06-26T14:12:15.083Z</time>
      </trkpt>
      <trkpt lat="37.17721400000004" lon="34.73031500000007">
        <ele>933.413</ele>
        <time>2025-06-26T14:12:17.083Z</time>
      </trkpt>
      <trkpt lat="37.17715000000004" lon="34.73036800000007">
        <ele>932.721</ele>
        <time>2025-06-26T14:12:19.083Z</time>
      </trkpt>
      <trkpt lat="37.17709300000004" lon="34.73042800000007">
        <ele>931.561</ele>
        <time>2025-06-26T14:12:21.083Z</time>
      </trkpt>
      <trkpt lat="37.177050000000044" lon="34.730488000000065">
        <ele>931.174</ele>
        <time>2025-06-26T14:12:23.083Z</time>
      </trkpt>
      <trkpt lat="37.177007000000046" lon="34.730556000000064">
        <ele>930.366</ele>
        <time>2025-06-26T14:12:25.083Z</time>
      </trkpt>
      <trkpt lat="37.17697200000005" lon="34.73062500000007">
        <ele>930.162</ele>
        <time>2025-06-26T14:12:27.083Z</time>
      </trkpt>
      <trkpt lat="37.17694100000005" lon="34.73069200000007">
        <ele>929.574</ele>
        <time>2025-06-26T14:12:29.083Z</time>
      </trkpt>
      <trkpt lat="37.176883000000046" lon="34.73074300000007">
        <ele>928.973</ele>
        <time>2025-06-26T14:12:31.083Z</time>
      </trkpt>
      <trkpt lat="37.176827000000046" lon="34.73078700000007">
        <ele>928.389</ele>
        <time>2025-06-26T14:12:33.083Z</time>
      </trkpt>
      <trkpt lat="37.176788000000045" lon="34.73086900000007">
        <ele>927.742</ele>
        <time>2025-06-26T14:12:35.083Z</time>
      </trkpt>
      <trkpt lat="37.176751000000046" lon="34.73095300000007">
        <ele>927.054</ele>
        <time>2025-06-26T14:12:37.083Z</time>
      </trkpt>
      <trkpt lat="37.17670800000005" lon="34.73104000000007">
        <ele>926.325</ele>
        <time>2025-06-26T14:12:39.083Z</time>
      </trkpt>
      <trkpt lat="37.17666900000005" lon="34.73112200000007">
        <ele>925.709</ele>
        <time>2025-06-26T14:12:41.083Z</time>
      </trkpt>
      <trkpt lat="37.17662600000005" lon="34.73121200000007">
        <ele>925.215</ele>
        <time>2025-06-26T14:12:43.083Z</time>
      </trkpt>
      <trkpt lat="37.17658400000005" lon="34.73129600000007">
        <ele>924.723</ele>
        <time>2025-06-26T14:12:45.083Z</time>
      </trkpt>
      <trkpt lat="37.17654500000005" lon="34.73137000000007">
        <ele>924.633</ele>
        <time>2025-06-26T14:12:47.083Z</time>
      </trkpt>
      <trkpt lat="37.17650300000005" lon="34.73144500000007">
        <ele>924.377</ele>
        <time>2025-06-26T14:12:49.083Z</time>
      </trkpt>
      <trkpt lat="37.17646800000005" lon="34.731503000000075">
        <ele>923.739</ele>
        <time>2025-06-26T14:12:51.083Z</time>
      </trkpt>
      <trkpt lat="37.17643900000005" lon="34.731559000000075">
        <ele>923.715</ele>
        <time>2025-06-26T14:12:54.083Z</time>
      </trkpt>
      <trkpt lat="37.17641600000005" lon="34.73161600000007">
        <ele>923.747</ele>
        <time>2025-06-26T14:12:57.083Z</time>
      </trkpt>
      <trkpt lat="37.176395000000056" lon="34.731680000000075">
        <ele>923.776</ele>
        <time>2025-06-26T14:13:01.083Z</time>
      </trkpt>
      <trkpt lat="37.17636600000006" lon="34.731739000000076">
        <ele>924.152</ele>
        <time>2025-06-26T14:13:05.083Z</time>
      </trkpt>
      <trkpt lat="37.17633000000006" lon="34.73178500000007">
        <ele>924.425</ele>
        <time>2025-06-26T14:13:43.083Z</time>
      </trkpt>
      <trkpt lat="37.17636000000006" lon="34.73174100000007">
        <ele>924.417</ele>
        <time>2025-06-26T14:13:46.083Z</time>
      </trkpt>
      <trkpt lat="37.17639400000006" lon="34.73169900000007">
        <ele>926.468</ele>
        <time>2025-06-26T14:17:47.083Z</time>
      </trkpt>
      <trkpt lat="37.17642400000006" lon="34.73164800000007">
        <ele>927.809</ele>
        <time>2025-06-26T14:17:50.083Z</time>
      </trkpt>
      <trkpt lat="37.17644400000006" lon="34.73158700000007">
        <ele>928.526</ele>
        <time>2025-06-26T14:18:53.083Z</time>
      </trkpt>
      <trkpt lat="37.17646700000006" lon="34.731532000000065">
        <ele>929.142</ele>
        <time>2025-06-26T14:18:55.083Z</time>
      </trkpt>
      <trkpt lat="37.176502000000056" lon="34.731451000000064">
        <ele>929.768</ele>
        <time>2025-06-26T14:18:57.083Z</time>
      </trkpt>
      <trkpt lat="37.17652600000006" lon="34.73140200000007">
        <ele>929.777</ele>
        <time>2025-06-26T14:18:58.083Z</time>
      </trkpt>
      <trkpt lat="37.17655400000006" lon="34.731344000000064">
        <ele>930.199</ele>
        <time>2025-06-26T14:18:59.083Z</time>
      </trkpt>
      <trkpt lat="37.17658500000006" lon="34.73128300000006">
        <ele>930.445</ele>
        <time>2025-06-26T14:19:00.083Z</time>
      </trkpt>
      <trkpt lat="37.17661700000006" lon="34.73122100000006">
        <ele>930.697</ele>
        <time>2025-06-26T14:19:01.083Z</time>
      </trkpt>
      <trkpt lat="37.17664700000006" lon="34.73115900000006">
        <ele>930.786</ele>
        <time>2025-06-26T14:19:02.083Z</time>
      </trkpt>
      <trkpt lat="37.17667500000006" lon="34.73109700000006">
        <ele>930.892</ele>
        <time>2025-06-26T14:19:03.083Z</time>
      </trkpt>
      <trkpt lat="37.17669900000006" lon="34.731034000000065">
        <ele>930.885</ele>
        <time>2025-06-26T14:19:04.083Z</time>
      </trkpt>
      <trkpt lat="37.17672200000006" lon="34.73097400000007">
        <ele>930.817</ele>
        <time>2025-06-26T14:19:05.083Z</time>
      </trkpt>
      <trkpt lat="37.17674500000006" lon="34.73092000000007">
        <ele>930.868</ele>
        <time>2025-06-26T14:19:06.083Z</time>
      </trkpt>
      <trkpt lat="37.176769000000064" lon="34.730865000000065">
        <ele>930.609</ele>
        <time>2025-06-26T14:19:07.083Z</time>
      </trkpt>
      <trkpt lat="37.17679900000007" lon="34.73077300000006">
        <ele>930.318</ele>
        <time>2025-06-26T14:19:09.083Z</time>
      </trkpt>
      <trkpt lat="37.176822000000065" lon="34.730685000000065">
        <ele>929.944</ele>
        <time>2025-06-26T14:19:11.083Z</time>
      </trkpt>
      <trkpt lat="37.17683400000006" lon="34.73058500000006">
        <ele>929.263</ele>
        <time>2025-06-26T14:19:13.083Z</time>
      </trkpt>
      <trkpt lat="37.17684300000006" lon="34.73049000000006">
        <ele>928.873</ele>
        <time>2025-06-26T14:19:15.083Z</time>
      </trkpt>
      <trkpt lat="37.17684700000006" lon="34.73040900000006">
        <ele>928.265</ele>
        <time>2025-06-26T14:19:17.083Z</time>
      </trkpt>
      <trkpt lat="37.17685600000006" lon="34.73035000000006">
        <ele>928.241</ele>
        <time>2025-06-26T14:19:18.083Z</time>
      </trkpt>
      <trkpt lat="37.17686600000006" lon="34.730281000000055">
        <ele>927.643</ele>
        <time>2025-06-26T14:19:19.083Z</time>
      </trkpt>
      <trkpt lat="37.17688000000006" lon="34.730213000000056">
        <ele>926.182</ele>
        <time>2025-06-26T14:19:20.083Z</time>
      </trkpt>
      <trkpt lat="37.17690000000006" lon="34.73014700000006">
        <ele>926.198</ele>
        <time>2025-06-26T14:19:21.083Z</time>
      </trkpt>
      <trkpt lat="37.17695900000006" lon="34.73004900000006">
        <ele>925.261</ele>
        <time>2025-06-26T14:19:23.083Z</time>
      </trkpt>
      <trkpt lat="37.17699500000006" lon="34.729999000000056">
        <ele>924.323</ele>
        <time>2025-06-26T14:19:24.083Z</time>
      </trkpt>
      <trkpt lat="37.177033000000065" lon="34.72994700000006">
        <ele>923.914</ele>
        <time>2025-06-26T14:19:25.083Z</time>
      </trkpt>
      <trkpt lat="37.17707900000006" lon="34.72989900000006">
        <ele>923.509</ele>
        <time>2025-06-26T14:19:26.083Z</time>
      </trkpt>
      <trkpt lat="37.17713900000006" lon="34.72983900000006">
        <ele>923.114</ele>
        <time>2025-06-26T14:19:27.083Z</time>
      </trkpt>
      <trkpt lat="37.17718500000006" lon="34.729776000000065">
        <ele>922.268</ele>
        <time>2025-06-26T14:19:28.083Z</time>
      </trkpt>
      <trkpt lat="37.17722900000006" lon="34.729711000000066">
        <ele>921.327</ele>
        <time>2025-06-26T14:19:29.083Z</time>
      </trkpt>
      <trkpt lat="37.17727300000006" lon="34.729641000000065">
        <ele>920.828</ele>
        <time>2025-06-26T14:19:30.083Z</time>
      </trkpt>
      <trkpt lat="37.177303000000066" lon="34.72955800000007">
        <ele>920.47</ele>
        <time>2025-06-26T14:19:31.083Z</time>
      </trkpt>
      <trkpt lat="37.177323000000065" lon="34.72947000000007">
        <ele>919.546</ele>
        <time>2025-06-26T14:19:32.083Z</time>
      </trkpt>
      <trkpt lat="37.17733800000006" lon="34.72938200000007">
        <ele>918.768</ele>
        <time>2025-06-26T14:19:33.083Z</time>
      </trkpt>
      <trkpt lat="37.177348000000066" lon="34.72929800000007">
        <ele>918.347</ele>
        <time>2025-06-26T14:19:34.083Z</time>
      </trkpt>
      <trkpt lat="37.17735800000007" lon="34.729215000000075">
        <ele>917.973</ele>
        <time>2025-06-26T14:19:35.083Z</time>
      </trkpt>
      <trkpt lat="37.17736000000007" lon="34.72913100000007">
        <ele>917.276</ele>
        <time>2025-06-26T14:19:36.083Z</time>
      </trkpt>
      <trkpt lat="37.17735400000007" lon="34.72904500000007">
        <ele>916.648</ele>
        <time>2025-06-26T14:19:37.083Z</time>
      </trkpt>
      <trkpt lat="37.177346497995565" lon="34.72898936007214">
        <ele>916.473616810753</ele>
        <time>2025-06-26T14:19:37.709Z</time>
      </trkpt>
      <trkpt lat="37.177342000000074" lon="34.72895600000007">
        <ele>916.369</ele>
        <time>2025-06-26T14:19:38.083Z</time>
      </trkpt>
      <trkpt lat="37.17733700000007" lon="34.72886800000007">
        <ele>915.709</ele>
        <time>2025-06-26T14:19:39.083Z</time>
      </trkpt>
      <trkpt lat="37.17733100000007" lon="34.72878600000007">
        <ele>915.121</ele>
        <time>2025-06-26T14:19:40.083Z</time>
      </trkpt>
      <trkpt lat="37.17732400000008" lon="34.72870500000007">
        <ele>914.456</ele>
        <time>2025-06-26T14:19:41.083Z</time>
      </trkpt>
      <trkpt lat="37.177308000000075" lon="34.72862400000007">
        <ele>914.474</ele>
        <time>2025-06-26T14:19:42.083Z</time>
      </trkpt>
      <trkpt lat="37.17729200000007" lon="34.728546000000065">
        <ele>913.652</ele>
        <time>2025-06-26T14:19:43.083Z</time>
      </trkpt>
      <trkpt lat="37.17727800000007" lon="34.728467000000066">
        <ele>912.774</ele>
        <time>2025-06-26T14:19:44.083Z</time>
      </trkpt>
      <trkpt lat="37.177266000000074" lon="34.728380000000065">
        <ele>911.87</ele>
        <time>2025-06-26T14:19:45.083Z</time>
      </trkpt>
      <trkpt lat="37.177271000000076" lon="34.728298000000066">
        <ele>911.842</ele>
        <time>2025-06-26T14:19:46.083Z</time>
      </trkpt>
      <trkpt lat="37.177294000000074" lon="34.72822900000006">
        <ele>910.261</ele>
        <time>2025-06-26T14:19:47.083Z</time>
      </trkpt>
      <trkpt lat="37.17732000000007" lon="34.72816700000006">
        <ele>909.197</ele>
        <time>2025-06-26T14:19:48.083Z</time>
      </trkpt>
      <trkpt lat="37.17735100000007" lon="34.72810900000006">
        <ele>908.58</ele>
        <time>2025-06-26T14:19:49.083Z</time>
      </trkpt>
      <trkpt lat="37.17738800000007" lon="34.72806000000006">
        <ele>907.952</ele>
        <time>2025-06-26T14:19:50.551Z</time>
      </trkpt>
      <trkpt lat="37.17738800000007" lon="34.72806000000006">
        <ele>903.2960728981457</ele>
        <time>2025-06-26T14:19:50.551Z</time>
      </trkpt>
      <trkpt lat="37.17734624520895" lon="34.72769011365733">
        <ele>893.4131817726194</ele>
        <time>2025-06-26T14:19:58.681Z</time>
      </trkpt>
      <trkpt lat="37.17712712239549" lon="34.72750345998148">
        <ele>883.59635461236</ele>
        <time>2025-06-26T14:20:05.914Z</time>
      </trkpt>
      <trkpt lat="37.17712712239549" lon="34.72750345998148">
        <ele>883.59635461236</ele>
        <time>2025-06-26T14:20:05.914Z</time>
      </trkpt>
      <trkpt lat="37.17712318536993" lon="34.7274743633248">
        <ele>882.922185511655</ele>
        <time>2025-06-26T14:20:06.556Z</time>
      </trkpt>
      <trkpt lat="37.17704790151204" lon="34.72691797664817">
        <ele>865.4131741354097</ele>
        <time>2025-06-26T14:20:17.617Z</time>
      </trkpt>
      <trkpt lat="37.17704790151204" lon="34.72691797664817">
        <ele>865.4131741354097</ele>
        <time>2025-06-26T14:20:17.617Z</time>
      </trkpt>
      <trkpt lat="37.17704790151204" lon="34.72691797664817">
        <ele>865.4131741354097</ele>
        <time>2025-06-26T14:20:17.617Z</time>
      </trkpt>
      <trkpt lat="37.176851858547906" lon="34.726425269299966">
        <ele>841.1294351170778</ele>
        <time>2025-06-26T14:22:07.443Z</time>
      </trkpt>
      <trkpt lat="37.176851858547906" lon="34.726425269299966">
        <ele>841.1294351170778</ele>
        <time>2025-06-26T14:22:07.443Z</time>
      </trkpt>
      <trkpt lat="37.17651281675178" lon="34.72607414490298">
        <ele>822.789520504219</ele>
        <time>2025-06-26T14:23:10.142Z</time>
      </trkpt>
      <trkpt lat="37.17651281675178" lon="34.72607414490298">
        <ele>822.789520504219</ele>
        <time>2025-06-26T14:23:10.142Z</time>
      </trkpt>
      <trkpt lat="37.176330693160665" lon="34.72569785090758">
        <ele>803.8281500326009</ele>
        <time>2025-06-26T14:23:30.879Z</time>
      </trkpt>
      <trkpt lat="37.176330693160665" lon="34.72569785090758">
        <ele>803.8281500326009</ele>
        <time>2025-06-26T14:23:30.879Z</time>
      </trkpt>
      <trkpt lat="37.176278210599406" lon="34.72530154877242">
        <ele>784.8870894130874</ele>
        <time>2025-06-26T14:23:49.969Z</time>
      </trkpt>
      <trkpt lat="37.17628960826703" lon="34.724741784788506">
        <ele>761.7971938468547</ele>
        <time>2025-06-26T14:24:16.577Z</time>
      </trkpt>
      <trkpt lat="37.17628960826703" lon="34.724741784788506">
        <ele>761.7971938468547</ele>
        <time>2025-06-26T14:24:16.577Z</time>
      </trkpt>
      <trkpt lat="37.17628960826703" lon="34.724741784788506">
        <ele>761.7971938468547</ele>
        <time>2025-06-26T14:24:16.577Z</time>
      </trkpt>
      <trkpt lat="37.17629397249894" lon="34.72456835744157">
        <ele>754.9084081392384</ele>
        <time>2025-06-26T14:24:16.691Z</time>
      </trkpt>
      <trkpt lat="37.17629397249894" lon="34.72456835744157">
        <ele>754.9084081392384</ele>
        <time>2025-06-26T14:24:16.691Z</time>
      </trkpt>
      <trkpt lat="37.17644586916404" lon="34.72436834378814">
        <ele>746.4978055843171</ele>
        <time>2025-06-26T14:24:22.148Z</time>
      </trkpt>
      <trkpt lat="37.17680250272751" lon="34.72437278423746">
        <ele>746.7765376852138</ele>
        <time>2025-06-26T14:24:30.988Z</time>
      </trkpt>
      <trkpt lat="37.17680250272751" lon="34.72437278423746">
        <ele>746.7765376852138</ele>
        <time>2025-06-26T14:24:30.988Z</time>
      </trkpt>
      <trkpt lat="37.17680250272751" lon="34.72437278423746">
        <ele>746.7765376852138</ele>
        <time>2025-06-26T14:24:30.988Z</time>
      </trkpt>
      <trkpt lat="37.177033857358865" lon="34.7241784736604">
        <ele>740.9171277044813</ele>
        <time>2025-06-26T14:24:31.416Z</time>
      </trkpt>
      <trkpt lat="37.177033857358865" lon="34.7241784736604">
        <ele>740.9171277044813</ele>
        <time>2025-06-26T14:24:31.431Z</time>
      </trkpt>
      <trkpt lat="37.1769281769174" lon="34.72376177852425">
        <ele>728.4547544950627</ele>
        <time>2025-06-26T14:24:38.147Z</time>
      </trkpt>
      <trkpt lat="37.1769281769174" lon="34.72376177852425">
        <ele>728.4547544950627</ele>
        <time>2025-06-26T14:24:38.147Z</time>
      </trkpt>
      <trkpt lat="37.17707546510711" lon="34.723739600423954">
        <ele>729.5687313378332</ele>
        <time>2025-06-26T14:24:41.227Z</time>
      </trkpt>
      <trkpt lat="37.177324404876956" lon="34.723795546575246">
        <ele>733.8048156912911</ele>
        <time>2025-06-26T14:24:46.478Z</time>
      </trkpt>
      <trkpt lat="37.177324404876956" lon="34.723795546575246">
        <ele>733.8048156912911</ele>
        <time>2025-06-26T14:24:46.478Z</time>
      </trkpt>
      <trkpt lat="37.177324404876956" lon="34.723795546575246">
        <ele>733.8048156912911</ele>
        <time>2025-06-26T14:24:46.478Z</time>
      </trkpt>
      <trkpt lat="37.177325478548255" lon="34.723435340708505">
        <ele>725.0088279701775</ele>
        <time>2025-06-26T14:24:53.172Z</time>
      </trkpt>
      <trkpt lat="37.177466873924814" lon="34.7232728599549">
        <ele>723.4617936965556</ele>
        <time>2025-06-26T14:24:57.643Z</time>
      </trkpt>
      <trkpt lat="37.177466873924814" lon="34.7232728599549">
        <ele>723.4617936965556</ele>
        <time>2025-06-26T14:24:57.643Z</time>
      </trkpt>
      <trkpt lat="37.177466873924814" lon="34.7232728599549">
        <ele>723.4617936965556</ele>
        <time>2025-06-26T14:24:57.643Z</time>
      </trkpt>
      <trkpt lat="37.17744527838039" lon="34.723236787917024">
        <ele>722.2843407290067</ele>
        <time>2025-06-26T14:24:58.443Z</time>
      </trkpt>
      <trkpt lat="37.1771751640936" lon="34.722785603515575">
        <ele>712.2072513762869</ele>
        <time>2025-06-26T14:25:06.006Z</time>
      </trkpt>
      <trkpt lat="37.1771751640936" lon="34.722785603515575">
        <ele>712.2072513762869</ele>
        <time>2025-06-26T14:25:06.035Z</time>
      </trkpt>
      <trkpt lat="37.177056894833854" lon="34.72239153823284">
        <ele>704.1863487607809</ele>
        <time>2025-06-26T14:25:12.878Z</time>
      </trkpt>
      <trkpt lat="37.177056894833854" lon="34.72239153823284">
        <ele>704.1863487607809</ele>
        <time>2025-06-26T14:25:12.878Z</time>
      </trkpt>
      <trkpt lat="37.17704007614407" lon="34.72223774996699">
        <ele>702.2664226369475</ele>
        <time>2025-06-26T14:25:17.243Z</time>
      </trkpt>
      <trkpt lat="37.17697893034648" lon="34.721678639459924">
        <ele>701.4877062094406</ele>
        <time>2025-06-26T14:25:34.049Z</time>
      </trkpt>
      <trkpt lat="37.17697893034648" lon="34.721678639459924">
        <ele>701.4877062094406</ele>
        <time>2025-06-26T14:25:34.049Z</time>
      </trkpt>
      <trkpt lat="37.176961416338315" lon="34.72164603082863">
        <ele>701.0002713388769</ele>
        <time>2025-06-26T14:25:35.220Z</time>
      </trkpt>
      <trkpt lat="37.17671007658976" lon="34.721178071403585">
        <ele>694.829399970873</ele>
        <time>2025-06-26T14:25:47.132Z</time>
      </trkpt>
      <trkpt lat="37.17671007658976" lon="34.721178071403585">
        <ele>694.829399970873</ele>
        <time>2025-06-26T14:25:47.216Z</time>
      </trkpt>
      <trkpt lat="37.176343929606105" lon="34.720896691548774">
        <ele>686.900264807264</ele>
        <time>2025-06-26T14:26:08.143Z</time>
      </trkpt>
      <trkpt lat="37.176343929606105" lon="34.720896691548774">
        <ele>686.900264807264</ele>
        <time>2025-06-26T14:26:08.143Z</time>
      </trkpt>
      <trkpt lat="37.176233743199205" lon="34.72085063249141">
        <ele>683.938123437018</ele>
        <time>2025-06-26T14:26:16.093Z</time>
      </trkpt>
      <trkpt lat="37.1758071238916" lon="34.72067230120979">
        <ele>672.337834502396</ele>
        <time>2025-06-26T14:26:45.630Z</time>
      </trkpt>
      <trkpt lat="37.1758071238916" lon="34.72067230120979">
        <ele>672.337834502396</ele>
        <time>2025-06-26T14:26:45.630Z</time>
      </trkpt>
      <trkpt lat="37.17558474293874" lon="34.720251605731164">
        <ele>667.1812327877157</ele>
        <time>2025-06-26T14:27:12.858Z</time>
      </trkpt>
      <trkpt lat="37.17558474293874" lon="34.720251605731164">
        <ele>667.1812327877157</ele>
        <time>2025-06-26T14:27:12.858Z</time>
      </trkpt>
      <trkpt lat="37.175582901735204" lon="34.72022723897372">
        <ele>667.1396234065298</ele>
        <time>2025-06-26T14:27:14.187Z</time>
      </trkpt>
      <trkpt lat="37.1755404493546" lon="34.71966541794643">
        <ele>666.3045877678096</ele>
        <time>2025-06-26T14:28:04.871Z</time>
      </trkpt>
      <trkpt lat="37.1755404493546" lon="34.71966541794643">
        <ele>666.3045877678096</ele>
        <time>2025-06-26T14:28:04.871Z</time>
      </trkpt>
      <trkpt lat="37.17545179749915" lon="34.7195430330018">
        <ele>663.5369296979545</ele>
        <time>2025-06-26T14:28:05.213Z</time>
      </trkpt>
      <trkpt lat="37.17545179749915" lon="34.7195430330018">
        <ele>663.5369296979545</ele>
        <time>2025-06-26T14:28:05.213Z</time>
      </trkpt>
      <trkpt lat="37.17539897896944" lon="34.719613032794996">
        <ele>661.6267435821715</ele>
        <time>2025-06-26T14:28:06.571Z</time>
      </trkpt>
      <trkpt lat="37.17538298150414" lon="34.719832347421374">
        <ele>660.5163403031149</ele>
        <time>2025-06-26T14:28:09.673Z</time>
      </trkpt>
      <trkpt lat="37.17538298150414" lon="34.719832347421374">
        <ele>660.5163403031149</ele>
        <time>2025-06-26T14:28:09.673Z</time>
      </trkpt>
      <trkpt lat="37.17538975440395" lon="34.72035034368463">
        <ele>659.637832147141</ele>
        <time>2025-06-26T14:28:16.971Z</time>
      </trkpt>
      <trkpt lat="37.17538975440395" lon="34.72035034368463">
        <ele>659.637832147141</ele>
        <time>2025-06-26T14:28:16.971Z</time>
      </trkpt>
      <trkpt lat="37.17538975440395" lon="34.72035034368463">
        <ele>659.637832147141</ele>
        <time>2025-06-26T14:28:16.971Z</time>
      </trkpt>
      <trkpt lat="37.17544748645651" lon="34.720692814692256">
        <ele>660.9408251219933</ele>
        <time>2025-06-26T14:28:21.843Z</time>
      </trkpt>
      <trkpt lat="37.17554055989095" lon="34.72124493351467">
        <ele>661.4368877361546</ele>
        <time>2025-06-26T14:28:29.698Z</time>
      </trkpt>
      <trkpt lat="37.175595177936394" lon="34.721358195322466">
        <ele>663.0678560528183</ele>
        <time>2025-06-26T14:28:31.540Z</time>
      </trkpt>
      <trkpt lat="37.175828000000045" lon="34.721841000000076">
        <ele>672.2236152431002</ele>
        <time>2025-06-26T14:28:39.395Z</time>
      </trkpt>
      <trkpt lat="37.175828000000045" lon="34.721841000000076">
        <ele>678.217</ele>
        <time>2025-06-26T14:28:39.409Z</time>
      </trkpt>
      <trkpt lat="37.17579300000005" lon="34.721909000000075">
        <ele>677.63</ele>
        <time>2025-06-26T14:28:40.535Z</time>
      </trkpt>
      <trkpt lat="37.17571500000005" lon="34.721985000000075">
        <ele>676.282</ele>
        <time>2025-06-26T14:28:41.535Z</time>
      </trkpt>
      <trkpt lat="37.175654000000044" lon="34.72200600000007">
        <ele>676.248</ele>
        <time>2025-06-26T14:28:42.535Z</time>
      </trkpt>
      <trkpt lat="37.17558700000004" lon="34.722016000000075">
        <ele>675.25</ele>
        <time>2025-06-26T14:28:43.535Z</time>
      </trkpt>
      <trkpt lat="37.17552600000004" lon="34.722016000000075">
        <ele>674.219</ele>
        <time>2025-06-26T14:28:44.535Z</time>
      </trkpt>
      <trkpt lat="37.175474000000044" lon="34.72203400000007">
        <ele>673.155</ele>
        <time>2025-06-26T14:28:45.535Z</time>
      </trkpt>
      <trkpt lat="37.17541800000004" lon="34.72205400000007">
        <ele>673.178</ele>
        <time>2025-06-26T14:28:46.535Z</time>
      </trkpt>
      <trkpt lat="37.17536200000004" lon="34.72208000000007">
        <ele>672.67</ele>
        <time>2025-06-26T14:28:47.535Z</time>
      </trkpt>
      <trkpt lat="37.17530000000004" lon="34.72211300000007">
        <ele>671.861</ele>
        <time>2025-06-26T14:28:48.535Z</time>
      </trkpt>
      <trkpt lat="37.17523800000004" lon="34.72214700000007">
        <ele>671.109</ele>
        <time>2025-06-26T14:28:49.535Z</time>
      </trkpt>
      <trkpt lat="37.175164000000045" lon="34.72217300000007">
        <ele>670.82</ele>
        <time>2025-06-26T14:28:50.535Z</time>
      </trkpt>
      <trkpt lat="37.17510000000004" lon="34.72218900000007">
        <ele>670.573</ele>
        <time>2025-06-26T14:28:51.535Z</time>
      </trkpt>
      <trkpt lat="37.175032000000044" lon="34.72220100000007">
        <ele>669.892</ele>
        <time>2025-06-26T14:28:52.535Z</time>
      </trkpt>
      <trkpt lat="37.174939000000045" lon="34.722208000000066">
        <ele>669.027</ele>
        <time>2025-06-26T14:28:53.535Z</time>
      </trkpt>
      <trkpt lat="37.174894000000045" lon="34.72216500000007">
        <ele>668.619</ele>
        <time>2025-06-26T14:28:54.535Z</time>
      </trkpt>
      <trkpt lat="37.17483100000005" lon="34.72210200000007">
        <ele>668.135</ele>
        <time>2025-06-26T14:28:55.535Z</time>
      </trkpt>
      <trkpt lat="37.17478900000005" lon="34.72203100000007">
        <ele>667.267</ele>
        <time>2025-06-26T14:28:56.535Z</time>
      </trkpt>
      <trkpt lat="37.17474600000005" lon="34.72193600000007">
        <ele>666.246</ele>
        <time>2025-06-26T14:28:57.535Z</time>
      </trkpt>
      <trkpt lat="37.174719000000046" lon="34.72184800000007">
        <ele>665.632</ele>
        <time>2025-06-26T14:28:58.535Z</time>
      </trkpt>
      <trkpt lat="37.174694000000045" lon="34.721771000000075">
        <ele>665.115</ele>
        <time>2025-06-26T14:28:59.535Z</time>
      </trkpt>
      <trkpt lat="37.174655000000044" lon="34.721692000000075">
        <ele>664.257</ele>
        <time>2025-06-26T14:29:00.535Z</time>
      </trkpt>
      <trkpt lat="37.17462000000005" lon="34.721619000000075">
        <ele>663.478</ele>
        <time>2025-06-26T14:29:01.535Z</time>
      </trkpt>
      <trkpt lat="37.17458200000004" lon="34.72153600000008">
        <ele>663.009</ele>
        <time>2025-06-26T14:29:02.535Z</time>
      </trkpt>
      <trkpt lat="37.174559000000045" lon="34.72144600000008">
        <ele>662.626</ele>
        <time>2025-06-26T14:29:03.535Z</time>
      </trkpt>
      <trkpt lat="37.174519000000046" lon="34.72136900000008">
        <ele>661.442</ele>
        <time>2025-06-26T14:29:04.535Z</time>
      </trkpt>
      <trkpt lat="37.17448200000005" lon="34.72129600000008">
        <ele>660.668</ele>
        <time>2025-06-26T14:29:05.535Z</time>
      </trkpt>
      <trkpt lat="37.17444700000005" lon="34.72122300000008">
        <ele>660.623</ele>
        <time>2025-06-26T14:29:06.535Z</time>
      </trkpt>
      <trkpt lat="37.17441400000005" lon="34.72115800000008">
        <ele>659.745</ele>
        <time>2025-06-26T14:29:07.535Z</time>
      </trkpt>
      <trkpt lat="37.17438200000005" lon="34.72109700000008">
        <ele>658.751</ele>
        <time>2025-06-26T14:29:08.535Z</time>
      </trkpt>
      <trkpt lat="37.17434500000005" lon="34.72104400000008">
        <ele>657.723</ele>
        <time>2025-06-26T14:29:09.535Z</time>
      </trkpt>
      <trkpt lat="37.17430900000005" lon="34.720989000000074">
        <ele>657.792</ele>
        <time>2025-06-26T14:29:10.535Z</time>
      </trkpt>
      <trkpt lat="37.174274000000054" lon="34.72093100000007">
        <ele>656.848</ele>
        <time>2025-06-26T14:29:11.535Z</time>
      </trkpt>
      <trkpt lat="37.174237000000055" lon="34.72086900000007">
        <ele>656.471</ele>
        <time>2025-06-26T14:29:12.535Z</time>
      </trkpt>
      <trkpt lat="37.174195000000054" lon="34.720803000000075">
        <ele>655.573</ele>
        <time>2025-06-26T14:29:13.535Z</time>
      </trkpt>
      <trkpt lat="37.17415100000005" lon="34.720741000000075">
        <ele>655.124</ele>
        <time>2025-06-26T14:29:14.535Z</time>
      </trkpt>
      <trkpt lat="37.17410000000005" lon="34.72067800000008">
        <ele>654.309</ele>
        <time>2025-06-26T14:29:15.535Z</time>
      </trkpt>
      <trkpt lat="37.17404500000005" lon="34.72063200000008">
        <ele>653.511</ele>
        <time>2025-06-26T14:29:16.535Z</time>
      </trkpt>
      <trkpt lat="37.17399300000005" lon="34.72058200000008">
        <ele>652.783</ele>
        <time>2025-06-26T14:29:17.535Z</time>
      </trkpt>
      <trkpt lat="37.173939000000054" lon="34.720538000000076">
        <ele>652.723</ele>
        <time>2025-06-26T14:29:18.535Z</time>
      </trkpt>
      <trkpt lat="37.173885000000055" lon="34.72050000000007">
        <ele>651.778</ele>
        <time>2025-06-26T14:29:19.535Z</time>
      </trkpt>
      <trkpt lat="37.17383300000006" lon="34.72046400000007">
        <ele>651.23</ele>
        <time>2025-06-26T14:29:20.535Z</time>
      </trkpt>
      <trkpt lat="37.17378700000006" lon="34.72042700000007">
        <ele>650.976</ele>
        <time>2025-06-26T14:29:21.535Z</time>
      </trkpt>
      <trkpt lat="37.173741000000064" lon="34.720395000000075">
        <ele>650.728</ele>
        <time>2025-06-26T14:29:22.535Z</time>
      </trkpt>
      <trkpt lat="37.173696000000064" lon="34.720367000000074">
        <ele>650.577</ele>
        <time>2025-06-26T14:29:23.535Z</time>
      </trkpt>
      <trkpt lat="37.17364900000006" lon="34.72034300000007">
        <ele>650.043</ele>
        <time>2025-06-26T14:29:24.535Z</time>
      </trkpt>
      <trkpt lat="37.17360200000006" lon="34.72032000000007">
        <ele>649.846</ele>
        <time>2025-06-26T14:29:25.535Z</time>
      </trkpt>
      <trkpt lat="37.17356500000006" lon="34.72028400000007">
        <ele>649.478</ele>
        <time>2025-06-26T14:29:26.535Z</time>
      </trkpt>
      <trkpt lat="37.17352400000006" lon="34.72025900000007">
        <ele>648.949</ele>
        <time>2025-06-26T14:29:27.535Z</time>
      </trkpt>
      <trkpt lat="37.17344100000006" lon="34.72021800000007">
        <ele>648.309</ele>
        <time>2025-06-26T14:29:29.535Z</time>
      </trkpt>
      <trkpt lat="37.17336000000006" lon="34.72017300000007">
        <ele>647.227</ele>
        <time>2025-06-26T14:29:31.535Z</time>
      </trkpt>
      <trkpt lat="37.17328100000006" lon="34.72012500000007">
        <ele>646.461</ele>
        <time>2025-06-26T14:29:33.535Z</time>
      </trkpt>
      <trkpt lat="37.173212000000056" lon="34.720075000000065">
        <ele>645.677</ele>
        <time>2025-06-26T14:29:35.535Z</time>
      </trkpt>
      <trkpt lat="37.173176000000055" lon="34.72004000000007">
        <ele>644.696</ele>
        <time>2025-06-26T14:29:36.535Z</time>
      </trkpt>
      <trkpt lat="37.17313200000005" lon="34.71999400000007">
        <ele>644.228</ele>
        <time>2025-06-26T14:29:37.535Z</time>
      </trkpt>
      <trkpt lat="37.17307900000005" lon="34.71994300000007">
        <ele>643.834</ele>
        <time>2025-06-26T14:29:38.535Z</time>
      </trkpt>
      <trkpt lat="37.173030000000054" lon="34.71988100000007">
        <ele>643.366</ele>
        <time>2025-06-26T14:29:39.535Z</time>
      </trkpt>
      <trkpt lat="37.17297500000005" lon="34.719829000000075">
        <ele>642.275</ele>
        <time>2025-06-26T14:29:40.535Z</time>
      </trkpt>
      <trkpt lat="37.17291300000005" lon="34.719793000000074">
        <ele>641.091</ele>
        <time>2025-06-26T14:29:41.535Z</time>
      </trkpt>
      <trkpt lat="37.17284800000005" lon="34.71976600000007">
        <ele>640.494</ele>
        <time>2025-06-26T14:29:42.535Z</time>
      </trkpt>
      <trkpt lat="37.172782000000055" lon="34.71974900000007">
        <ele>639.916</ele>
        <time>2025-06-26T14:29:43.535Z</time>
      </trkpt>
      <trkpt lat="37.172712000000054" lon="34.719745000000074">
        <ele>639.017</ele>
        <time>2025-06-26T14:29:44.535Z</time>
      </trkpt>
      <trkpt lat="37.172641000000056" lon="34.719745000000074">
        <ele>638.209</ele>
        <time>2025-06-26T14:29:45.535Z</time>
      </trkpt>
      <trkpt lat="37.17256700000006" lon="34.719745000000074">
        <ele>637.917</ele>
        <time>2025-06-26T14:29:46.535Z</time>
      </trkpt>
      <trkpt lat="37.172495000000055" lon="34.719739000000075">
        <ele>637.252</ele>
        <time>2025-06-26T14:29:47.535Z</time>
      </trkpt>
      <trkpt lat="37.17242900000006" lon="34.71975700000007">
        <ele>636.558</ele>
        <time>2025-06-26T14:29:48.535Z</time>
      </trkpt>
      <trkpt lat="37.17236100000006" lon="34.719736000000076">
        <ele>636.525</ele>
        <time>2025-06-26T14:29:49.535Z</time>
      </trkpt>
      <trkpt lat="37.17231900000006" lon="34.719691000000076">
        <ele>635.897</ele>
        <time>2025-06-26T14:29:50.535Z</time>
      </trkpt>
      <trkpt lat="37.17226900000006" lon="34.71965400000008">
        <ele>635.043</ele>
        <time>2025-06-26T14:29:51.535Z</time>
      </trkpt>
      <trkpt lat="37.17222100000006" lon="34.71961100000008">
        <ele>634.385</ele>
        <time>2025-06-26T14:29:52.535Z</time>
      </trkpt>
      <trkpt lat="37.17217200000006" lon="34.71956500000008">
        <ele>634.364</ele>
        <time>2025-06-26T14:29:53.535Z</time>
      </trkpt>
      <trkpt lat="37.17212200000006" lon="34.71951200000008">
        <ele>633.75</ele>
        <time>2025-06-26T14:29:54.535Z</time>
      </trkpt>
      <trkpt lat="37.17207700000006" lon="34.71945500000008">
        <ele>633.123</ele>
        <time>2025-06-26T14:29:55.535Z</time>
      </trkpt>
      <trkpt lat="37.17203100000006" lon="34.71939700000008">
        <ele>632.695</ele>
        <time>2025-06-26T14:29:56.535Z</time>
      </trkpt>
      <trkpt lat="37.17198000000006" lon="34.71934300000008">
        <ele>632.656</ele>
        <time>2025-06-26T14:29:57.535Z</time>
      </trkpt>
      <trkpt lat="37.171928000000065" lon="34.719291000000084">
        <ele>632.109</ele>
        <time>2025-06-26T14:29:58.535Z</time>
      </trkpt>
      <trkpt lat="37.171875000000064" lon="34.719240000000084">
        <ele>631.517</ele>
        <time>2025-06-26T14:29:59.535Z</time>
      </trkpt>
      <trkpt lat="37.17182200000006" lon="34.719198000000084">
        <ele>630.961</ele>
        <time>2025-06-26T14:30:00.535Z</time>
      </trkpt>
      <trkpt lat="37.17176300000006" lon="34.719167000000084">
        <ele>630.948</ele>
        <time>2025-06-26T14:30:01.535Z</time>
      </trkpt>
      <trkpt lat="37.17170200000006" lon="34.71913700000008">
        <ele>630.46</ele>
        <time>2025-06-26T14:30:02.535Z</time>
      </trkpt>
      <trkpt lat="37.17164000000006" lon="34.71911700000008">
        <ele>630.032</ele>
        <time>2025-06-26T14:30:03.535Z</time>
      </trkpt>
      <trkpt lat="37.17157800000006" lon="34.71912400000008">
        <ele>629.848</ele>
        <time>2025-06-26T14:30:04.535Z</time>
      </trkpt>
      <trkpt lat="37.17152000000006" lon="34.71913400000008">
        <ele>629.49</ele>
        <time>2025-06-26T14:30:05.535Z</time>
      </trkpt>
      <trkpt lat="37.17146700000006" lon="34.71914200000008">
        <ele>628.739</ele>
        <time>2025-06-26T14:30:06.535Z</time>
      </trkpt>
      <trkpt lat="37.17137700000006" lon="34.71917400000008">
        <ele>627.655</ele>
        <time>2025-06-26T14:30:08.535Z</time>
      </trkpt>
      <trkpt lat="37.17131200000006" lon="34.71922700000008">
        <ele>626.288</ele>
        <time>2025-06-26T14:30:10.535Z</time>
      </trkpt>
      <trkpt lat="37.17125300000006" lon="34.719206000000085">
        <ele>625.83</ele>
        <time>2025-06-26T14:30:12.535Z</time>
      </trkpt>
      <trkpt lat="37.171243000000054" lon="34.719127000000086">
        <ele>624.711</ele>
        <time>2025-06-26T14:30:14.535Z</time>
      </trkpt>
      <trkpt lat="37.171282000000055" lon="34.719062000000086">
        <ele>623.609</ele>
        <time>2025-06-26T14:30:16.535Z</time>
      </trkpt>
      <trkpt lat="37.171347000000054" lon="34.719009000000085">
        <ele>622.523</ele>
        <time>2025-06-26T14:30:18.535Z</time>
      </trkpt>
      <trkpt lat="37.171423000000054" lon="34.71895900000008">
        <ele>621.849</ele>
        <time>2025-06-26T14:30:20.535Z</time>
      </trkpt>
      <trkpt lat="37.17150000000005" lon="34.718897000000084">
        <ele>621.195</ele>
        <time>2025-06-26T14:30:22.535Z</time>
      </trkpt>
      <trkpt lat="37.171541000000055" lon="34.71886200000009">
        <ele>619.965</ele>
        <time>2025-06-26T14:30:23.535Z</time>
      </trkpt>
      <trkpt lat="37.17158100000005" lon="34.718821000000084">
        <ele>619.627</ele>
        <time>2025-06-26T14:30:24.535Z</time>
      </trkpt>
      <trkpt lat="37.17165000000006" lon="34.71877100000008">
        <ele>618.873</ele>
        <time>2025-06-26T14:30:26.535Z</time>
      </trkpt>
      <trkpt lat="37.171715000000056" lon="34.71874800000008">
        <ele>618.145</ele>
        <time>2025-06-26T14:30:28.535Z</time>
      </trkpt>
      <trkpt lat="37.17178400000006" lon="34.71875400000008">
        <ele>617.574</ele>
        <time>2025-06-26T14:30:30.535Z</time>
      </trkpt>
      <trkpt lat="37.17185700000006" lon="34.71877700000008">
        <ele>616.86</ele>
        <time>2025-06-26T14:30:32.535Z</time>
      </trkpt>
      <trkpt lat="37.17192900000006" lon="34.71881300000008">
        <ele>616.173</ele>
        <time>2025-06-26T14:30:34.535Z</time>
      </trkpt>
      <trkpt lat="37.17200600000006" lon="34.71885500000008">
        <ele>615.785</ele>
        <time>2025-06-26T14:30:36.535Z</time>
      </trkpt>
      <trkpt lat="37.17208600000006" lon="34.71889200000008">
        <ele>615.556</ele>
        <time>2025-06-26T14:30:38.535Z</time>
      </trkpt>
      <trkpt lat="37.17213100000006" lon="34.71891500000008">
        <ele>615.309</ele>
        <time>2025-06-26T14:30:39.535Z</time>
      </trkpt>
      <trkpt lat="37.17221700000006" lon="34.71896300000008">
        <ele>615.209</ele>
        <time>2025-06-26T14:30:41.535Z</time>
      </trkpt>
      <trkpt lat="37.17229300000006" lon="34.71901300000008">
        <ele>615.281</ele>
        <time>2025-06-26T14:30:43.535Z</time>
      </trkpt>
      <trkpt lat="37.17233500000006" lon="34.71904400000008">
        <ele>615.541</ele>
        <time>2025-06-26T14:30:44.535Z</time>
      </trkpt>
      <trkpt lat="37.17238000000006" lon="34.71908100000008">
        <ele>615.766</ele>
        <time>2025-06-26T14:30:45.535Z</time>
      </trkpt>
      <trkpt lat="37.17245900000006" lon="34.71911500000008">
        <ele>616.468</ele>
        <time>2025-06-26T14:30:47.535Z</time>
      </trkpt>
      <trkpt lat="37.17252100000006" lon="34.71910100000008">
        <ele>616.884</ele>
        <time>2025-06-26T14:30:49.535Z</time>
      </trkpt>
      <trkpt lat="37.17258800000006" lon="34.71909300000008">
        <ele>617.366</ele>
        <time>2025-06-26T14:30:51.535Z</time>
      </trkpt>
      <trkpt lat="37.17265000000006" lon="34.71907700000008">
        <ele>617.555</ele>
        <time>2025-06-26T14:30:53.535Z</time>
      </trkpt>
      <trkpt lat="37.17271600000006" lon="34.719067000000074">
        <ele>618.481</ele>
        <time>2025-06-26T14:30:55.535Z</time>
      </trkpt>
      <trkpt lat="37.17278000000006" lon="34.71905100000007">
        <ele>619.054</ele>
        <time>2025-06-26T14:30:57.535Z</time>
      </trkpt>
      <trkpt lat="37.17284800000006" lon="34.71904000000007">
        <ele>619.096</ele>
        <time>2025-06-26T14:30:59.535Z</time>
      </trkpt>
      <trkpt lat="37.17291900000006" lon="34.71904200000007">
        <ele>619.067</ele>
        <time>2025-06-26T14:31:01.535Z</time>
      </trkpt>
      <trkpt lat="37.172979000000055" lon="34.71904300000007">
        <ele>619.009</ele>
        <time>2025-06-26T14:31:03.535Z</time>
      </trkpt>
      <trkpt lat="37.17303300000005" lon="34.71904800000007">
        <ele>618.811</ele>
        <time>2025-06-26T14:31:05.535Z</time>
      </trkpt>
      <trkpt lat="37.17310200000006" lon="34.71906500000007">
        <ele>618.456</ele>
        <time>2025-06-26T14:31:08.535Z</time>
      </trkpt>
      <trkpt lat="37.17314900000006" lon="34.71904000000007">
        <ele>618.054</ele>
        <time>2025-06-26T14:31:35.535Z</time>
      </trkpt>
      <trkpt lat="37.17318700000006" lon="34.71898600000007">
        <ele>617.885</ele>
        <time>2025-06-26T14:32:49.535Z</time>
      </trkpt>
      <trkpt lat="37.17321300000006" lon="34.718926000000074">
        <ele>617.277</ele>
        <time>2025-06-26T14:32:54.535Z</time>
      </trkpt>
      <trkpt lat="37.17323800000006" lon="34.71887300000007">
        <ele>616.733</ele>
        <time>2025-06-26T14:32:57.535Z</time>
      </trkpt>
      <trkpt lat="37.17326300000006" lon="34.718822000000074">
        <ele>616.115</ele>
        <time>2025-06-26T14:33:00.535Z</time>
      </trkpt>
      <trkpt lat="37.173285000000064" lon="34.71875800000007">
        <ele>615.964</ele>
        <time>2025-06-26T14:34:13.535Z</time>
      </trkpt>
      <trkpt lat="37.17330600000006" lon="34.71869100000007">
        <ele>615.43</ele>
        <time>2025-06-26T14:34:18.535Z</time>
      </trkpt>
      <trkpt lat="37.17332100000006" lon="34.71862800000007">
        <ele>615.063</ele>
        <time>2025-06-26T14:34:22.535Z</time>
      </trkpt>
      <trkpt lat="37.17333500000006" lon="34.71854800000008">
        <ele>614.795</ele>
        <time>2025-06-26T14:34:28.535Z</time>
      </trkpt>
      <trkpt lat="37.17336000000006" lon="34.71849700000008">
        <ele>614.326</ele>
        <time>2025-06-26T14:35:45.535Z</time>
      </trkpt>
      <trkpt lat="37.17337200000006" lon="34.71843500000008">
        <ele>614.009</ele>
        <time>2025-06-26T14:35:49.535Z</time>
      </trkpt>
      <trkpt lat="37.17338300000006" lon="34.71837800000008">
        <ele>613.814</ele>
        <time>2025-06-26T14:35:54.535Z</time>
      </trkpt>
      <trkpt lat="37.17338500000006" lon="34.71831700000008">
        <ele>613.522</ele>
        <time>2025-06-26T14:36:02.535Z</time>
      </trkpt>
      <trkpt lat="37.17338700000006" lon="34.718259000000074">
        <ele>613.342</ele>
        <time>2025-06-26T14:36:06.535Z</time>
      </trkpt>
      <trkpt lat="37.17337700000006" lon="34.71820400000007">
        <ele>613.269</ele>
        <time>2025-06-26T14:36:14.535Z</time>
      </trkpt>
      <trkpt lat="37.17336900000006" lon="34.718141000000074">
        <ele>613.241</ele>
        <time>2025-06-26T14:36:19.535Z</time>
      </trkpt>
      <trkpt lat="37.17335500000006" lon="34.718082000000074">
        <ele>613.247</ele>
        <time>2025-06-26T14:36:24.535Z</time>
      </trkpt>
      <trkpt lat="37.17333400000006" lon="34.718025000000075">
        <ele>613.199</ele>
        <time>2025-06-26T14:36:30.535Z</time>
      </trkpt>
      <trkpt lat="37.17330700000006" lon="34.717974000000076">
        <ele>613.118</ele>
        <time>2025-06-26T14:36:36.535Z</time>
      </trkpt>
      <trkpt lat="37.17327300000006" lon="34.71792500000008">
        <ele>612.954</ele>
        <time>2025-06-26T14:36:42.535Z</time>
      </trkpt>
      <trkpt lat="37.173243000000056" lon="34.71787800000008">
        <ele>612.677</ele>
        <time>2025-06-26T14:36:49.535Z</time>
      </trkpt>
      <trkpt lat="37.173210000000054" lon="34.71783800000008">
        <ele>612.259</ele>
        <time>2025-06-26T14:37:01.535Z</time>
      </trkpt>
      <trkpt lat="37.17318000000005" lon="34.71779600000008">
        <ele>611.74</ele>
        <time>2025-06-26T14:37:28.535Z</time>
      </trkpt>
      <trkpt lat="37.17314600000005" lon="34.71775600000008">
        <ele>611.209</ele>
        <time>2025-06-26T14:37:38.535Z</time>
      </trkpt>
      <trkpt lat="37.17311800000005" lon="34.71770000000008">
        <ele>610.817</ele>
        <time>2025-06-26T14:37:44.535Z</time>
      </trkpt>
      <trkpt lat="37.17310200000005" lon="34.71764400000008">
        <ele>610.543</ele>
        <time>2025-06-26T14:37:51.535Z</time>
      </trkpt>
      <trkpt lat="37.17308700000005" lon="34.71759000000008">
        <ele>610.382</ele>
        <time>2025-06-26T14:37:56.535Z</time>
      </trkpt>
      <trkpt lat="37.17306700000005" lon="34.71753200000008">
        <ele>609.949</ele>
        <time>2025-06-26T14:38:02.535Z</time>
      </trkpt>
      <trkpt lat="37.17307100000005" lon="34.717468000000075">
        <ele>609.391</ele>
        <time>2025-06-26T14:43:41.535Z</time>
      </trkpt>
      <trkpt lat="37.17305500000005" lon="34.71740700000007">
        <ele>608.657</ele>
        <time>2025-06-26T14:43:47.535Z</time>
      </trkpt>
      <trkpt lat="37.173028000000045" lon="34.717361000000075">
        <ele>607.669</ele>
        <time>2025-06-26T14:43:52.535Z</time>
      </trkpt>
      <trkpt lat="37.17301200000004" lon="34.71730400000008">
        <ele>606.518</ele>
        <time>2025-06-26T14:43:57.535Z</time>
      </trkpt>
      <trkpt lat="37.17297600000004" lon="34.71725800000008">
        <ele>605.654</ele>
        <time>2025-06-26T14:44:03.535Z</time>
      </trkpt>
      <trkpt lat="37.17295000000004" lon="34.71721100000008">
        <ele>604.647</ele>
        <time>2025-06-26T14:44:21.535Z</time>
      </trkpt>
      <trkpt lat="37.17291200000004" lon="34.71716200000008">
        <ele>603.719</ele>
        <time>2025-06-26T14:44:25.535Z</time>
      </trkpt>
      <trkpt lat="37.172871000000036" lon="34.71712000000008">
        <ele>602.98</ele>
        <time>2025-06-26T14:44:28.535Z</time>
      </trkpt>
      <trkpt lat="37.172849000000035" lon="34.71706000000008">
        <ele>602.509</ele>
        <time>2025-06-26T14:44:31.535Z</time>
      </trkpt>
      <trkpt lat="37.17282200000003" lon="34.716997000000084">
        <ele>601.517</ele>
        <time>2025-06-26T14:44:34.535Z</time>
      </trkpt>
      <trkpt lat="37.17280200000003" lon="34.71693900000008">
        <ele>601.143</ele>
        <time>2025-06-26T14:44:37.535Z</time>
      </trkpt>
      <trkpt lat="37.172773000000035" lon="34.71688900000008">
        <ele>600.382</ele>
        <time>2025-06-26T14:44:40.535Z</time>
      </trkpt>
      <trkpt lat="37.17274600000003" lon="34.71683000000008">
        <ele>599.448</ele>
        <time>2025-06-26T14:44:43.535Z</time>
      </trkpt>
      <trkpt lat="37.17270900000003" lon="34.71677100000008">
        <ele>598.34</ele>
        <time>2025-06-26T14:44:46.535Z</time>
      </trkpt>
      <trkpt lat="37.17267300000003" lon="34.71671800000008">
        <ele>597.596</ele>
        <time>2025-06-26T14:44:49.535Z</time>
      </trkpt>
      <trkpt lat="37.17263900000003" lon="34.71666800000008">
        <ele>596.588</ele>
        <time>2025-06-26T14:44:52.535Z</time>
      </trkpt>
      <trkpt lat="37.172618000000035" lon="34.716609000000076">
        <ele>595.677</ele>
        <time>2025-06-26T14:44:56.535Z</time>
      </trkpt>
      <trkpt lat="37.17258000000003" lon="34.71655800000008">
        <ele>594.973</ele>
        <time>2025-06-26T14:45:01.535Z</time>
      </trkpt>
      <trkpt lat="37.172548000000035" lon="34.716511000000075">
        <ele>594.026</ele>
        <time>2025-06-26T14:45:06.535Z</time>
      </trkpt>
      <trkpt lat="37.17252100000003" lon="34.71645100000008">
        <ele>592.968</ele>
        <time>2025-06-26T14:45:11.535Z</time>
      </trkpt>
      <trkpt lat="37.172492000000034" lon="34.716398000000076">
        <ele>591.959</ele>
        <time>2025-06-26T14:45:15.535Z</time>
      </trkpt>
      <trkpt lat="37.17246400000003" lon="34.716348000000075">
        <ele>591.109</ele>
        <time>2025-06-26T14:45:20.535Z</time>
      </trkpt>
      <trkpt lat="37.17245300000003" lon="34.716289000000074">
        <ele>590.421</ele>
        <time>2025-06-26T14:45:26.535Z</time>
      </trkpt>
      <trkpt lat="37.17245400000003" lon="34.716232000000076">
        <ele>589.956</ele>
        <time>2025-06-26T14:45:31.535Z</time>
      </trkpt>
      <trkpt lat="37.17245500000003" lon="34.71616900000008">
        <ele>589.574</ele>
        <time>2025-06-26T14:45:35.535Z</time>
      </trkpt>
      <trkpt lat="37.172462000000024" lon="34.71610500000008">
        <ele>589.014</ele>
        <time>2025-06-26T14:45:40.535Z</time>
      </trkpt>
      <trkpt lat="37.172470000000025" lon="34.716049000000076">
        <ele>588.646</ele>
        <time>2025-06-26T14:45:43.535Z</time>
      </trkpt>
      <trkpt lat="37.17248500000002" lon="34.71599500000008">
        <ele>588.222</ele>
        <time>2025-06-26T14:45:48.535Z</time>
      </trkpt>
      <trkpt lat="37.172504000000025" lon="34.715928000000076">
        <ele>587.724</ele>
        <time>2025-06-26T14:45:52.535Z</time>
      </trkpt>
      <trkpt lat="37.172526000000026" lon="34.71586600000008">
        <ele>587.093</ele>
        <time>2025-06-26T14:45:57.535Z</time>
      </trkpt>
      <trkpt lat="37.172552000000024" lon="34.71581100000007">
        <ele>586.489</ele>
        <time>2025-06-26T14:46:00.535Z</time>
      </trkpt>
      <trkpt lat="37.172583000000024" lon="34.715763000000074">
        <ele>585.642</ele>
        <time>2025-06-26T14:46:05.535Z</time>
      </trkpt>
      <trkpt lat="37.172619000000026" lon="34.715720000000076">
        <ele>584.654</ele>
        <time>2025-06-26T14:46:09.535Z</time>
      </trkpt>
      <trkpt lat="37.172659000000024" lon="34.71568200000007">
        <ele>584.125</ele>
        <time>2025-06-26T14:46:14.535Z</time>
      </trkpt>
      <trkpt lat="37.17271300000002" lon="34.71565200000007">
        <ele>582.809</ele>
        <time>2025-06-26T14:46:19.535Z</time>
      </trkpt>
      <trkpt lat="37.172757000000026" lon="34.71562300000007">
        <ele>582.013</ele>
        <time>2025-06-26T14:46:25.535Z</time>
      </trkpt>
      <trkpt lat="37.17280300000002" lon="34.71560300000007">
        <ele>581.449</ele>
        <time>2025-06-26T14:46:31.535Z</time>
      </trkpt>
      <trkpt lat="37.17285500000002" lon="34.71558700000007">
        <ele>580.937</ele>
        <time>2025-06-26T14:46:36.535Z</time>
      </trkpt>
      <trkpt lat="37.17291800000002" lon="34.71557300000007">
        <ele>580.448</ele>
        <time>2025-06-26T14:46:41.535Z</time>
      </trkpt>
      <trkpt lat="37.172969000000016" lon="34.71557400000007">
        <ele>579.88</ele>
        <time>2025-06-26T14:46:45.535Z</time>
      </trkpt>
      <trkpt lat="37.17301300000002" lon="34.715558000000065">
        <ele>579.276</ele>
        <time>2025-06-26T14:46:49.535Z</time>
      </trkpt>
      <trkpt lat="37.17306700000002" lon="34.71555600000006">
        <ele>578.698</ele>
        <time>2025-06-26T14:46:53.535Z</time>
      </trkpt>
      <trkpt lat="37.17311700000002" lon="34.715552000000066">
        <ele>578.187</ele>
        <time>2025-06-26T14:46:57.535Z</time>
      </trkpt>
      <trkpt lat="37.17316300000002" lon="34.71554200000006">
        <ele>577.563</ele>
        <time>2025-06-26T14:47:02.535Z</time>
      </trkpt>
      <trkpt lat="37.173214000000016" lon="34.71553200000006">
        <ele>576.886</ele>
        <time>2025-06-26T14:47:06.535Z</time>
      </trkpt>
      <trkpt lat="37.17326100000002" lon="34.71551900000006">
        <ele>576.238</ele>
        <time>2025-06-26T14:47:09.535Z</time>
      </trkpt>
      <trkpt lat="37.17331400000002" lon="34.71551300000006">
        <ele>575.659</ele>
        <time>2025-06-26T14:47:14.535Z</time>
      </trkpt>
      <trkpt lat="37.17336000000002" lon="34.71550400000006">
        <ele>575.009</ele>
        <time>2025-06-26T14:47:19.535Z</time>
      </trkpt>
      <trkpt lat="37.17341200000001" lon="34.71548600000006">
        <ele>574.419</ele>
        <time>2025-06-26T14:47:24.535Z</time>
      </trkpt>
      <trkpt lat="37.173456000000016" lon="34.71545800000006">
        <ele>573.89</ele>
        <time>2025-06-26T14:47:28.535Z</time>
      </trkpt>
      <trkpt lat="37.17348800000001" lon="34.71540800000006">
        <ele>573.376</ele>
        <time>2025-06-26T14:47:32.535Z</time>
      </trkpt>
      <trkpt lat="37.17352600000002" lon="34.71536300000006">
        <ele>572.724</ele>
        <time>2025-06-26T14:47:36.535Z</time>
      </trkpt>
      <trkpt lat="37.17355400000002" lon="34.71530800000006">
        <ele>572.176</ele>
        <time>2025-06-26T14:47:40.535Z</time>
      </trkpt>
      <trkpt lat="37.173583000000015" lon="34.71524200000006">
        <ele>571.662</ele>
        <time>2025-06-26T14:47:45.535Z</time>
      </trkpt>
      <trkpt lat="37.17361200000001" lon="34.71519100000006">
        <ele>571.094</ele>
        <time>2025-06-26T14:47:50.535Z</time>
      </trkpt>
      <trkpt lat="37.17361900000001" lon="34.71513000000006">
        <ele>570.393</ele>
        <time>2025-06-26T14:47:55.535Z</time>
      </trkpt>
      <trkpt lat="37.17363200000001" lon="34.71506800000006">
        <ele>569.729</ele>
        <time>2025-06-26T14:47:58.535Z</time>
      </trkpt>
      <trkpt lat="37.17365400000001" lon="34.71500500000006">
        <ele>569.352</ele>
        <time>2025-06-26T14:48:04.535Z</time>
      </trkpt>
      <trkpt lat="37.173673000000015" lon="34.71494600000006">
        <ele>569.144</ele>
        <time>2025-06-26T14:48:08.535Z</time>
      </trkpt>
      <trkpt lat="37.17369400000001" lon="34.71489500000006">
        <ele>568.965</ele>
        <time>2025-06-26T14:48:12.535Z</time>
      </trkpt>
      <trkpt lat="37.173724000000014" lon="34.71484000000006">
        <ele>568.409</ele>
        <time>2025-06-26T14:48:15.535Z</time>
      </trkpt>
      <trkpt lat="37.173732000000015" lon="34.71477500000006">
        <ele>567.721</ele>
        <time>2025-06-26T14:48:19.535Z</time>
      </trkpt>
      <trkpt lat="37.173718000000015" lon="34.71471900000006">
        <ele>567.001</ele>
        <time>2025-06-26T14:48:23.535Z</time>
      </trkpt>
      <trkpt lat="37.17369100000001" lon="34.71467300000006">
        <ele>566.239</ele>
        <time>2025-06-26T14:48:28.535Z</time>
      </trkpt>
      <trkpt lat="37.173634000000014" lon="34.71464800000006">
        <ele>565.445</ele>
        <time>2025-06-26T14:48:33.535Z</time>
      </trkpt>
      <trkpt lat="37.17359500000001" lon="34.71461800000006">
        <ele>564.747</ele>
        <time>2025-06-26T14:48:37.535Z</time>
      </trkpt>
      <trkpt lat="37.173538000000015" lon="34.71459200000006">
        <ele>563.813</ele>
        <time>2025-06-26T14:48:42.535Z</time>
      </trkpt>
      <trkpt lat="37.173493000000015" lon="34.71456300000006">
        <ele>562.975</ele>
        <time>2025-06-26T14:48:45.535Z</time>
      </trkpt>
      <trkpt lat="37.173451000000014" lon="34.71453900000006">
        <ele>562.274</ele>
        <time>2025-06-26T14:48:50.535Z</time>
      </trkpt>
      <trkpt lat="37.17341300000001" lon="34.71449200000006">
        <ele>561.55</ele>
        <time>2025-06-26T14:48:55.535Z</time>
      </trkpt>
      <trkpt lat="37.173378000000014" lon="34.714453000000056">
        <ele>560.693</ele>
        <time>2025-06-26T14:48:59.535Z</time>
      </trkpt>
      <trkpt lat="37.173349000000016" lon="34.714405000000056">
        <ele>559.785</ele>
        <time>2025-06-26T14:49:02.535Z</time>
      </trkpt>
      <trkpt lat="37.17330800000001" lon="34.714366000000055">
        <ele>558.996</ele>
        <time>2025-06-26T14:49:08.535Z</time>
      </trkpt>
      <trkpt lat="37.17326900000001" lon="34.71431900000005">
        <ele>558.209</ele>
        <time>2025-06-26T14:49:15.535Z</time>
      </trkpt>
      <trkpt lat="37.17322800000001" lon="34.71427700000005">
        <ele>557.514</ele>
        <time>2025-06-26T14:49:20.535Z</time>
      </trkpt>
      <trkpt lat="37.17319400000001" lon="34.714228000000055">
        <ele>556.922</ele>
        <time>2025-06-26T14:49:25.535Z</time>
      </trkpt>
      <trkpt lat="37.17315900000001" lon="34.714183000000055">
        <ele>556.342</ele>
        <time>2025-06-26T14:49:30.535Z</time>
      </trkpt>
      <trkpt lat="37.173130000000015" lon="34.71413600000005">
        <ele>555.743</ele>
        <time>2025-06-26T14:49:34.535Z</time>
      </trkpt>
      <trkpt lat="37.173090000000016" lon="34.71408600000005">
        <ele>555.165</ele>
        <time>2025-06-26T14:49:39.535Z</time>
      </trkpt>
      <trkpt lat="37.17304900000001" lon="34.71405900000005">
        <ele>554.651</ele>
        <time>2025-06-26T14:49:43.535Z</time>
      </trkpt>
      <trkpt lat="37.17301300000001" lon="34.71401300000005">
        <ele>553.983</ele>
        <time>2025-06-26T14:49:48.535Z</time>
      </trkpt>
      <trkpt lat="37.17297600000001" lon="34.71397600000005">
        <ele>553.242</ele>
        <time>2025-06-26T14:49:52.535Z</time>
      </trkpt>
      <trkpt lat="37.17294600000001" lon="34.71392600000005">
        <ele>552.768</ele>
        <time>2025-06-26T14:49:57.535Z</time>
      </trkpt>
      <trkpt lat="37.17291000000001" lon="34.71386800000005">
        <ele>552.131</ele>
        <time>2025-06-26T14:50:02.535Z</time>
      </trkpt>
      <trkpt lat="37.17288400000001" lon="34.713818000000046">
        <ele>551.893</ele>
        <time>2025-06-26T14:50:06.535Z</time>
      </trkpt>
      <trkpt lat="37.17286100000001" lon="34.713762000000045">
        <ele>551.114</ele>
        <time>2025-06-26T14:50:10.535Z</time>
      </trkpt>
      <trkpt lat="37.17282200000001" lon="34.713712000000044">
        <ele>549.709</ele>
        <time>2025-06-26T14:50:14.535Z</time>
      </trkpt>
      <trkpt lat="37.17278400000001" lon="34.71366200000004">
        <ele>548.811</ele>
        <time>2025-06-26T14:50:18.535Z</time>
      </trkpt>
      <trkpt lat="37.17273000000001" lon="34.713633000000044">
        <ele>548.147</ele>
        <time>2025-06-26T14:50:23.535Z</time>
      </trkpt>
      <trkpt lat="37.17270900000001" lon="34.71369100000005">
        <ele>547.726</ele>
        <time>2025-06-26T14:50:28.535Z</time>
      </trkpt>
      <trkpt lat="37.17271600000001" lon="34.713759000000046">
        <ele>547.255</ele>
        <time>2025-06-26T14:50:33.535Z</time>
      </trkpt>
      <trkpt lat="37.17272100000001" lon="34.713821000000046">
        <ele>546.517</ele>
        <time>2025-06-26T14:50:37.535Z</time>
      </trkpt>
      <trkpt lat="37.17272700000001" lon="34.71388400000004">
        <ele>545.773</ele>
        <time>2025-06-26T14:50:41.535Z</time>
      </trkpt>
      <trkpt lat="37.17271500000001" lon="34.71394300000004">
        <ele>545.185</ele>
        <time>2025-06-26T14:50:45.535Z</time>
      </trkpt>
      <trkpt lat="37.17267000000001" lon="34.713956000000046">
        <ele>544.654</ele>
        <time>2025-06-26T14:50:51.535Z</time>
      </trkpt>
      <trkpt lat="37.17263200000001" lon="34.713914000000045">
        <ele>543.99</ele>
        <time>2025-06-26T14:50:55.535Z</time>
      </trkpt>
      <trkpt lat="37.17261800000001" lon="34.713858000000045">
        <ele>543.393</ele>
        <time>2025-06-26T14:50:59.535Z</time>
      </trkpt>
      <trkpt lat="37.17258700000001" lon="34.71380800000004">
        <ele>542.855</ele>
        <time>2025-06-26T14:51:03.535Z</time>
      </trkpt>
      <trkpt lat="37.17255800000001" lon="34.713757000000044">
        <ele>542.266</ele>
        <time>2025-06-26T14:51:08.535Z</time>
      </trkpt>
      <trkpt lat="37.172534000000006" lon="34.713700000000046">
        <ele>541.609</ele>
        <time>2025-06-26T14:51:12.535Z</time>
      </trkpt>
      <trkpt lat="37.172506000000006" lon="34.713636000000044">
        <ele>540.916</ele>
        <time>2025-06-26T14:51:17.535Z</time>
      </trkpt>
      <trkpt lat="37.17247400000001" lon="34.71359400000004">
        <ele>540.088</ele>
        <time>2025-06-26T14:51:21.535Z</time>
      </trkpt>
      <trkpt lat="37.172444000000006" lon="34.71355000000004">
        <ele>539.146</ele>
        <time>2025-06-26T14:51:25.535Z</time>
      </trkpt>
      <trkpt lat="37.172410000000006" lon="34.71350300000004">
        <ele>538.486</ele>
        <time>2025-06-26T14:51:30.535Z</time>
      </trkpt>
      <trkpt lat="37.17237500000001" lon="34.71345800000004">
        <ele>537.868</ele>
        <time>2025-06-26T14:51:35.535Z</time>
      </trkpt>
      <trkpt lat="37.17233600000001" lon="34.71341500000004">
        <ele>537.314</ele>
        <time>2025-06-26T14:51:40.535Z</time>
      </trkpt>
      <trkpt lat="37.172298000000005" lon="34.71337500000004">
        <ele>536.846</ele>
        <time>2025-06-26T14:51:45.535Z</time>
      </trkpt>
      <trkpt lat="37.172261000000006" lon="34.71333800000004">
        <ele>536.315</ele>
        <time>2025-06-26T14:51:50.535Z</time>
      </trkpt>
      <trkpt lat="37.17222" lon="34.71330400000004">
        <ele>535.871</ele>
        <time>2025-06-26T14:51:55.535Z</time>
      </trkpt>
      <trkpt lat="37.172172" lon="34.713261000000045">
        <ele>535.354</ele>
        <time>2025-06-26T14:52:00.535Z</time>
      </trkpt>
      <trkpt lat="37.172141" lon="34.71321700000004">
        <ele>534.826</ele>
        <time>2025-06-26T14:52:04.535Z</time>
      </trkpt>
      <trkpt lat="37.172113" lon="34.71317200000004">
        <ele>534.417</ele>
        <time>2025-06-26T14:52:08.535Z</time>
      </trkpt>
      <trkpt lat="37.172079000000004" lon="34.71313000000004">
        <ele>533.909</ele>
        <time>2025-06-26T14:52:12.535Z</time>
      </trkpt>
      <trkpt lat="37.17204" lon="34.71309200000004">
        <ele>533.211</ele>
        <time>2025-06-26T14:52:16.535Z</time>
      </trkpt>
      <trkpt lat="37.172003000000004" lon="34.71305700000004">
        <ele>532.801</ele>
        <time>2025-06-26T14:52:20.535Z</time>
      </trkpt>
      <trkpt lat="37.171962" lon="34.71300900000004">
        <ele>532.051</ele>
        <time>2025-06-26T14:52:25.535Z</time>
      </trkpt>
      <trkpt lat="37.171909" lon="34.71299800000004">
        <ele>531.528</ele>
        <time>2025-06-26T14:52:29.535Z</time>
      </trkpt>
      <trkpt lat="37.171858" lon="34.712983000000044">
        <ele>531.13</ele>
        <time>2025-06-26T14:52:33.535Z</time>
      </trkpt>
      <trkpt lat="37.171808" lon="34.712952000000044">
        <ele>530.396</ele>
        <time>2025-06-26T14:52:39.535Z</time>
      </trkpt>
      <trkpt lat="37.171755" lon="34.71294500000005">
        <ele>529.438</ele>
        <time>2025-06-26T14:52:44.535Z</time>
      </trkpt>
      <trkpt lat="37.171721" lon="34.712907000000044">
        <ele>528.797</ele>
        <time>2025-06-26T14:52:47.535Z</time>
      </trkpt>
      <trkpt lat="37.17169" lon="34.71285200000004">
        <ele>527.983</ele>
        <time>2025-06-26T14:52:53.535Z</time>
      </trkpt>
      <trkpt lat="37.17172" lon="34.71280200000004">
        <ele>527.256</ele>
        <time>2025-06-26T14:52:58.535Z</time>
      </trkpt>
      <trkpt lat="37.171776" lon="34.71276500000004">
        <ele>526.458</ele>
        <time>2025-06-26T14:53:04.535Z</time>
      </trkpt>
      <trkpt lat="37.171819" lon="34.71273900000004">
        <ele>525.429</ele>
        <time>2025-06-26T14:53:09.535Z</time>
      </trkpt>
      <trkpt lat="37.171859" lon="34.712710000000044">
        <ele>524.409</ele>
        <time>2025-06-26T14:53:14.535Z</time>
      </trkpt>
      <trkpt lat="37.171901999999996" lon="34.71266600000004">
        <ele>523.713</ele>
        <time>2025-06-26T14:53:19.535Z</time>
      </trkpt>
      <trkpt lat="37.171941" lon="34.71262800000004">
        <ele>523.185</ele>
        <time>2025-06-26T14:53:24.535Z</time>
      </trkpt>
      <trkpt lat="37.171974999999996" lon="34.71258300000004">
        <ele>522.273</ele>
        <time>2025-06-26T14:53:29.535Z</time>
      </trkpt>
      <trkpt lat="37.171997999999995" lon="34.71253200000004">
        <ele>521.412</ele>
        <time>2025-06-26T14:53:34.535Z</time>
      </trkpt>
      <trkpt lat="37.172011999999995" lon="34.712471000000036">
        <ele>520.854</ele>
        <time>2025-06-26T14:53:39.535Z</time>
      </trkpt>
      <trkpt lat="37.172025" lon="34.712415000000036">
        <ele>520.15</ele>
        <time>2025-06-26T14:53:44.535Z</time>
      </trkpt>
      <trkpt lat="37.172048" lon="34.712364000000036">
        <ele>519.062</ele>
        <time>2025-06-26T14:53:48.535Z</time>
      </trkpt>
      <trkpt lat="37.172059" lon="34.712306000000034">
        <ele>517.861</ele>
        <time>2025-06-26T14:53:53.535Z</time>
      </trkpt>
      <trkpt lat="37.172075" lon="34.712249000000035">
        <ele>516.897</ele>
        <time>2025-06-26T14:53:57.535Z</time>
      </trkpt>
      <trkpt lat="37.172105" lon="34.71219700000004">
        <ele>515.86</ele>
        <time>2025-06-26T14:54:03.535Z</time>
      </trkpt>
      <trkpt lat="37.172123" lon="34.71214300000004">
        <ele>515.112</ele>
        <time>2025-06-26T14:54:08.535Z</time>
      </trkpt>
      <trkpt lat="37.172146" lon="34.71208200000004">
        <ele>514.393</ele>
        <time>2025-06-26T14:54:13.535Z</time>
      </trkpt>
      <trkpt lat="37.172177999999995" lon="34.71204200000004">
        <ele>513.109</ele>
        <time>2025-06-26T14:54:18.535Z</time>
      </trkpt>
      <trkpt lat="37.172205999999996" lon="34.71199400000004">
        <ele>512.119</ele>
        <time>2025-06-26T14:54:22.535Z</time>
      </trkpt>
      <trkpt lat="37.172233" lon="34.71194000000004">
        <ele>511.409</ele>
        <time>2025-06-26T14:54:28.535Z</time>
      </trkpt>
      <trkpt lat="37.172252" lon="34.71188900000004">
        <ele>511.119</ele>
        <time>2025-06-26T14:54:35.535Z</time>
      </trkpt>
      <trkpt lat="37.172297" lon="34.71187800000004">
        <ele>511.019</ele>
        <time>2025-06-26T14:54:40.535Z</time>
      </trkpt>
      <trkpt lat="37.17234" lon="34.71183900000004">
        <ele>511.171</ele>
        <time>2025-06-26T14:54:44.535Z</time>
      </trkpt>
      <trkpt lat="37.172387" lon="34.71180200000004">
        <ele>511.567</ele>
        <time>2025-06-26T14:54:48.535Z</time>
      </trkpt>
      <trkpt lat="37.172427" lon="34.71176000000004">
        <ele>511.999</ele>
        <time>2025-06-26T14:54:52.535Z</time>
      </trkpt>
      <trkpt lat="37.172467" lon="34.71170900000004">
        <ele>512.398</ele>
        <time>2025-06-26T14:54:56.535Z</time>
      </trkpt>
      <trkpt lat="37.172487" lon="34.71164500000004">
        <ele>512.734</ele>
        <time>2025-06-26T14:55:00.535Z</time>
      </trkpt>
      <trkpt lat="37.172503" lon="34.71158900000004">
        <ele>513.137</ele>
        <time>2025-06-26T14:55:03.535Z</time>
      </trkpt>
      <trkpt lat="37.172516" lon="34.71152100000004">
        <ele>513.529</ele>
        <time>2025-06-26T14:55:06.535Z</time>
      </trkpt>
      <trkpt lat="37.172525" lon="34.71146100000004">
        <ele>513.77</ele>
        <time>2025-06-26T14:55:09.535Z</time>
      </trkpt>
      <trkpt lat="37.172541" lon="34.71140500000004">
        <ele>513.709</ele>
        <time>2025-06-26T14:55:12.535Z</time>
      </trkpt>
      <trkpt lat="37.172554000000005" lon="34.71134000000004">
        <ele>513.726</ele>
        <time>2025-06-26T14:55:17.535Z</time>
      </trkpt>
      <trkpt lat="37.172555" lon="34.71128400000004">
        <ele>513.324</ele>
        <time>2025-06-26T14:55:20.535Z</time>
      </trkpt>
      <trkpt lat="37.172558" lon="34.71122200000004">
        <ele>512.488</ele>
        <time>2025-06-26T14:55:24.535Z</time>
      </trkpt>
      <trkpt lat="37.172567" lon="34.711162000000044">
        <ele>511.752</ele>
        <time>2025-06-26T14:55:28.535Z</time>
      </trkpt>
      <trkpt lat="37.172583" lon="34.71109800000004">
        <ele>511.314</ele>
        <time>2025-06-26T14:55:33.535Z</time>
      </trkpt>
      <trkpt lat="37.172603" lon="34.711021000000045">
        <ele>510.94</ele>
        <time>2025-06-26T14:55:38.535Z</time>
      </trkpt>
      <trkpt lat="37.172636000000004" lon="34.71098000000004">
        <ele>510.392</ele>
        <time>2025-06-26T14:55:42.535Z</time>
      </trkpt>
      <trkpt lat="37.172669000000006" lon="34.71094000000004">
        <ele>509.371</ele>
        <time>2025-06-26T14:55:46.535Z</time>
      </trkpt>
      <trkpt lat="37.17271900000001" lon="34.710925000000046">
        <ele>508.217</ele>
        <time>2025-06-26T14:55:50.535Z</time>
      </trkpt>
      <trkpt lat="37.172762000000006" lon="34.71090500000005">
        <ele>507.03</ele>
        <time>2025-06-26T14:55:56.535Z</time>
      </trkpt>
      <trkpt lat="37.172808" lon="34.71088800000005">
        <ele>505.692</ele>
        <time>2025-06-26T14:56:04.535Z</time>
      </trkpt>
      <trkpt lat="37.172855000000006" lon="34.71086700000005">
        <ele>504.393</ele>
        <time>2025-06-26T14:56:11.535Z</time>
      </trkpt>
      <trkpt lat="37.17289900000001" lon="34.71083300000005">
        <ele>503.109</ele>
        <time>2025-06-26T14:56:18.535Z</time>
      </trkpt>
      <trkpt lat="37.17293000000001" lon="34.71078600000005">
        <ele>501.917</ele>
        <time>2025-06-26T14:56:26.535Z</time>
      </trkpt>
      <trkpt lat="37.17297500000001" lon="34.71076000000005">
        <ele>500.898</ele>
        <time>2025-06-26T14:56:32.535Z</time>
      </trkpt>
      <trkpt lat="37.17298100000001" lon="34.71070100000005">
        <ele>499.918</ele>
        <time>2025-06-26T14:56:40.535Z</time>
      </trkpt>
      <trkpt lat="37.17297500000001" lon="34.71063800000005">
        <ele>498.974</ele>
        <time>2025-06-26T14:56:49.535Z</time>
      </trkpt>
      <trkpt lat="37.17297500000001" lon="34.71058000000005">
        <ele>497.556</ele>
        <time>2025-06-26T14:56:56.535Z</time>
      </trkpt>
      <trkpt lat="37.17296000000001" lon="34.71052600000005">
        <ele>495.832</ele>
        <time>2025-06-26T14:57:02.535Z</time>
      </trkpt>
      <trkpt lat="37.17298100000001" lon="34.71046700000005">
        <ele>493.764</ele>
        <time>2025-06-26T14:57:09.535Z</time>
      </trkpt>
      <trkpt lat="37.172985000000004" lon="34.71040600000005">
        <ele>491.423</ele>
        <time>2025-06-26T14:57:19.535Z</time>
      </trkpt>
      <trkpt lat="37.173013000000005" lon="34.71035000000005">
        <ele>489.699</ele>
        <time>2025-06-26T14:57:29.535Z</time>
      </trkpt>
      <trkpt lat="37.173" lon="34.71029400000005">
        <ele>487.542</ele>
        <time>2025-06-26T14:57:41.535Z</time>
      </trkpt>
      <trkpt lat="37.172961" lon="34.71026600000005">
        <ele>485.494</ele>
        <time>2025-06-26T14:58:56.535Z</time>
      </trkpt>
      <trkpt lat="37.172923" lon="34.71029600000005">
        <ele>483.695</ele>
        <time>2025-06-26T14:59:06.535Z</time>
      </trkpt>
      <trkpt lat="37.17288" lon="34.71031600000005">
        <ele>481.809</ele>
        <time>2025-06-26T14:59:19.535Z</time>
      </trkpt>
      <trkpt lat="37.172837" lon="34.71034700000005">
        <ele>480.611</ele>
        <time>2025-06-26T14:59:28.535Z</time>
      </trkpt>
      <trkpt lat="37.17279" lon="34.71037200000005">
        <ele>479.692</ele>
        <time>2025-06-26T14:59:41.535Z</time>
      </trkpt>
      <trkpt lat="37.172756" lon="34.71040900000005">
        <ele>478.732</ele>
        <time>2025-06-26T14:59:48.535Z</time>
      </trkpt>
      <trkpt lat="37.172715" lon="34.710441000000046">
        <ele>478.158</ele>
        <time>2025-06-26T14:59:55.535Z</time>
      </trkpt>
      <trkpt lat="37.172667999999994" lon="34.71047300000004">
        <ele>477.57</ele>
        <time>2025-06-26T15:00:02.535Z</time>
      </trkpt>
      <trkpt lat="37.172619" lon="34.710483000000046">
        <ele>475.916</ele>
        <time>2025-06-26T15:00:09.535Z</time>
      </trkpt>
      <trkpt lat="37.172574" lon="34.71049100000005">
        <ele>472.938</ele>
        <time>2025-06-26T15:00:15.535Z</time>
      </trkpt>
      <trkpt lat="37.17254" lon="34.71054100000005">
        <ele>471.117</ele>
        <time>2025-06-26T15:00:20.535Z</time>
      </trkpt>
      <trkpt lat="37.172495" lon="34.71053900000005">
        <ele>471.043</ele>
        <time>2025-06-26T15:00:36.535Z</time>
      </trkpt>
      <trkpt lat="37.172458999999996" lon="34.71049400000005">
        <ele>470.966</ele>
        <time>2025-06-26T15:00:54.535Z</time>
      </trkpt>
      <trkpt lat="37.172425999999994" lon="34.71045400000005">
        <ele>470.888</ele>
        <time>2025-06-26T15:00:58.535Z</time>
      </trkpt>
      <trkpt lat="37.17240199999999" lon="34.71039800000005">
        <ele>470.779</ele>
        <time>2025-06-26T15:01:10.535Z</time>
      </trkpt>
      <trkpt lat="37.17244699999999" lon="34.710385000000045">
        <ele>470.609</ele>
        <time>2025-06-26T15:01:14.535Z</time>
      </trkpt>
      <trkpt lat="37.17249299999999" lon="34.71038300000004">
        <ele>470.521</ele>
        <time>2025-06-26T15:01:28.535Z</time>
      </trkpt>
      <trkpt lat="37.172524999999986" lon="34.71033900000004">
        <ele>470.356</ele>
        <time>2025-06-26T15:01:37.535Z</time>
      </trkpt>
      <trkpt lat="37.172555999999986" lon="34.71029500000004">
        <ele>470.374</ele>
        <time>2025-06-26T15:01:43.535Z</time>
      </trkpt>
      <trkpt lat="37.172530999999985" lon="34.710237000000035">
        <ele>470.387</ele>
        <time>2025-06-26T15:02:24.535Z</time>
      </trkpt>
      <trkpt lat="37.172496999999986" lon="34.71028100000004">
        <ele>471.529</ele>
        <time>2025-06-26T15:02:47.535Z</time>
      </trkpt>
      <trkpt lat="37.172451999999986" lon="34.710290000000036">
        <ele>473.645</ele>
        <time>2025-06-26T15:03:24.535Z</time>
      </trkpt>
      <trkpt lat="37.17241399999998" lon="34.710254000000035">
        <ele>475.747</ele>
        <time>2025-06-26T15:04:27.535Z</time>
      </trkpt>
      <trkpt lat="37.17238899999998" lon="34.71020100000003">
        <ele>477.936</ele>
        <time>2025-06-26T15:06:04.535Z</time>
      </trkpt>
      <trkpt lat="37.172398999999984" lon="34.71014000000003">
        <ele>479.792</ele>
        <time>2025-06-26T15:06:21.535Z</time>
      </trkpt>
      <trkpt lat="37.172384999999984" lon="34.71008200000003">
        <ele>482.765</ele>
        <time>2025-06-26T15:06:53.535Z</time>
      </trkpt>
      <trkpt lat="37.172341999999986" lon="34.71006400000003">
        <ele>485.897</ele>
        <time>2025-06-26T15:07:01.535Z</time>
      </trkpt>
      <trkpt lat="37.17230799999999" lon="34.710012000000035">
        <ele>487.498</ele>
        <time>2025-06-26T15:07:27.535Z</time>
      </trkpt>
      <trkpt lat="37.17226799999999" lon="34.709975000000036">
        <ele>488.409</ele>
        <time>2025-06-26T15:08:19.535Z</time>
      </trkpt>
      <trkpt lat="37.17225099999999" lon="34.70992300000004">
        <ele>489.211</ele>
        <time>2025-06-26T15:08:34.535Z</time>
      </trkpt>
      <trkpt lat="37.17224399999999" lon="34.70986200000004">
        <ele>490.683</ele>
        <time>2025-06-26T15:08:52.535Z</time>
      </trkpt>
      <trkpt lat="37.172231999999994" lon="34.709806000000036">
        <ele>492.462</ele>
        <time>2025-06-26T15:09:05.535Z</time>
      </trkpt>
      <trkpt lat="37.172267999999995" lon="34.70976900000004">
        <ele>493.837</ele>
        <time>2025-06-26T15:10:07.535Z</time>
      </trkpt>
      <trkpt lat="37.172248999999994" lon="34.70971200000004">
        <ele>494.879</ele>
        <time>2025-06-26T15:10:14.535Z</time>
      </trkpt>
      <trkpt lat="37.172245999999994" lon="34.70964900000004">
        <ele>495.315</ele>
        <time>2025-06-26T15:10:21.535Z</time>
      </trkpt>
      <trkpt lat="37.172262999999994" lon="34.70959200000004">
        <ele>495.717</ele>
        <time>2025-06-26T15:10:46.535Z</time>
      </trkpt>
      <trkpt lat="37.172276999999994" lon="34.70953300000004">
        <ele>496.736</ele>
        <time>2025-06-26T15:11:11.535Z</time>
      </trkpt>
      <trkpt lat="37.172281999999996" lon="34.70946400000004">
        <ele>498.172</ele>
        <time>2025-06-26T15:12:43.535Z</time>
      </trkpt>
      <trkpt lat="37.172326" lon="34.70945300000004">
        <ele>499.615</ele>
        <time>2025-06-26T15:13:13.535Z</time>
      </trkpt>
      <trkpt lat="37.172345" lon="34.70940000000004">
        <ele>502.167</ele>
        <time>2025-06-26T15:14:18.535Z</time>
      </trkpt>
      <trkpt lat="37.172389" lon="34.70938500000004">
        <ele>505.238</ele>
        <time>2025-06-26T15:15:01.535Z</time>
      </trkpt>
      <trkpt lat="37.172361" lon="34.70934000000004">
        <ele>506.609</ele>
        <time>2025-06-26T15:15:19.535Z</time>
      </trkpt>
      <trkpt lat="37.172355" lon="34.70927900000004">
        <ele>508.624</ele>
        <time>2025-06-26T15:15:59.535Z</time>
      </trkpt>
      <trkpt lat="37.172383" lon="34.70923300000004">
        <ele>509.904</ele>
        <time>2025-06-26T15:16:16.535Z</time>
      </trkpt>
      <trkpt lat="37.172388000000005" lon="34.70917600000004">
        <ele>512.069</ele>
        <time>2025-06-26T15:16:35.535Z</time>
      </trkpt>
      <trkpt lat="37.17234200000001" lon="34.709192000000044">
        <ele>513.187</ele>
        <time>2025-06-26T15:16:54.535Z</time>
      </trkpt>
      <trkpt lat="37.172419000000005" lon="34.70914500000004">
        <ele>513.289</ele>
        <time>2025-06-26T15:17:12.535Z</time>
      </trkpt>
      <trkpt lat="37.172462" lon="34.709110000000045">
        <ele>513.535</ele>
        <time>2025-06-26T15:17:28.535Z</time>
      </trkpt>
      <trkpt lat="37.172493" lon="34.70906400000005">
        <ele>514.297</ele>
        <time>2025-06-26T15:17:34.535Z</time>
      </trkpt>
      <trkpt lat="37.172489000000006" lon="34.70900500000005">
        <ele>515.126</ele>
        <time>2025-06-26T15:17:39.535Z</time>
      </trkpt>
      <trkpt lat="37.172481000000005" lon="34.70894800000005">
        <ele>515.632</ele>
        <time>2025-06-26T15:17:44.535Z</time>
      </trkpt>
      <trkpt lat="37.17245200000001" lon="34.70888900000005">
        <ele>515.915</ele>
        <time>2025-06-26T15:17:48.535Z</time>
      </trkpt>
      <trkpt lat="37.17244900000001" lon="34.70882700000005">
        <ele>516.397</ele>
        <time>2025-06-26T15:17:53.535Z</time>
      </trkpt>
      <trkpt lat="37.172461000000006" lon="34.708772000000046">
        <ele>517.138</ele>
        <time>2025-06-26T15:18:06.535Z</time>
      </trkpt>
      <trkpt lat="37.172461000000006" lon="34.70871200000005">
        <ele>518.009</ele>
        <time>2025-06-26T15:18:11.535Z</time>
      </trkpt>
      <trkpt lat="37.172465" lon="34.70865200000005">
        <ele>518.824</ele>
        <time>2025-06-26T15:18:33.535Z</time>
      </trkpt>
      <trkpt lat="37.172422000000005" lon="34.70862700000005">
        <ele>519.504</ele>
        <time>2025-06-26T15:18:38.535Z</time>
      </trkpt>
      <trkpt lat="37.172436000000005" lon="34.70855400000005">
        <ele>519.969</ele>
        <time>2025-06-26T15:18:41.535Z</time>
      </trkpt>
      <trkpt lat="37.172425000000004" lon="34.70849800000005">
        <ele>520.275</ele>
        <time>2025-06-26T15:18:56.535Z</time>
      </trkpt>
      <trkpt lat="37.172408000000004" lon="34.708440000000046">
        <ele>520.487</ele>
        <time>2025-06-26T15:19:03.535Z</time>
      </trkpt>
      <trkpt lat="37.17239300000001" lon="34.70837900000004">
        <ele>520.643</ele>
        <time>2025-06-26T15:19:07.535Z</time>
      </trkpt>
      <trkpt lat="37.172366000000004" lon="34.708432000000045">
        <ele>521.695</ele>
        <time>2025-06-26T15:19:15.535Z</time>
      </trkpt>
      <trkpt lat="37.172377000000004" lon="34.708376000000044">
        <ele>522.644</ele>
        <time>2025-06-26T15:19:19.535Z</time>
      </trkpt>
      <trkpt lat="37.172349000000004" lon="34.70832000000004">
        <ele>523.48</ele>
        <time>2025-06-26T15:19:23.535Z</time>
      </trkpt>
      <trkpt lat="37.172312000000005" lon="34.70827500000004">
        <ele>525.383</ele>
        <time>2025-06-26T15:19:27.535Z</time>
      </trkpt>
      <trkpt lat="37.17228000000001" lon="34.70822000000004">
        <ele>526.925</ele>
        <time>2025-06-26T15:19:31.535Z</time>
      </trkpt>
      <trkpt lat="37.17224100000001" lon="34.70817400000004">
        <ele>527.136</ele>
        <time>2025-06-26T15:19:44.535Z</time>
      </trkpt>
      <trkpt lat="37.17219500000001" lon="34.708190000000045">
        <ele>527.809</ele>
        <time>2025-06-26T15:20:07.535Z</time>
      </trkpt>
      <trkpt lat="37.17219700000001" lon="34.70813200000004">
        <ele>528.711</ele>
        <time>2025-06-26T15:20:12.535Z</time>
      </trkpt>
      <trkpt lat="37.17222000000001" lon="34.70807300000004">
        <ele>529.947</ele>
        <time>2025-06-26T15:20:20.535Z</time>
      </trkpt>
      <trkpt lat="37.17221900000001" lon="34.708010000000044">
        <ele>531.645</ele>
        <time>2025-06-26T15:20:25.535Z</time>
      </trkpt>
      <trkpt lat="37.17218300000001" lon="34.707976000000045">
        <ele>533.13</ele>
        <time>2025-06-26T15:20:33.535Z</time>
      </trkpt>
      <trkpt lat="37.17214900000001" lon="34.70792400000005">
        <ele>533.942</ele>
        <time>2025-06-26T15:20:42.535Z</time>
      </trkpt>
      <trkpt lat="37.172148000000014" lon="34.70786200000005">
        <ele>534.268</ele>
        <time>2025-06-26T15:20:51.535Z</time>
      </trkpt>
      <trkpt lat="37.172190000000015" lon="34.70788800000005">
        <ele>534.61</ele>
        <time>2025-06-26T15:21:41.535Z</time>
      </trkpt>
      <trkpt lat="37.172181000000016" lon="34.707832000000046">
        <ele>535.129</ele>
        <time>2025-06-26T15:21:48.535Z</time>
      </trkpt>
      <trkpt lat="37.17214600000002" lon="34.70778900000005">
        <ele>535.465</ele>
        <time>2025-06-26T15:22:04.535Z</time>
      </trkpt>
      <trkpt lat="37.17212100000002" lon="34.707739000000046">
        <ele>536.118</ele>
        <time>2025-06-26T15:22:21.535Z</time>
      </trkpt>
      <trkpt lat="37.17209800000002" lon="34.707689000000045">
        <ele>537.87</ele>
        <time>2025-06-26T15:22:41.535Z</time>
      </trkpt>
      <trkpt lat="37.17206500000002" lon="34.707650000000044">
        <ele>539.161</ele>
        <time>2025-06-26T15:22:56.535Z</time>
      </trkpt>
      <trkpt lat="37.17202500000002" lon="34.707621000000046">
        <ele>540.009</ele>
        <time>2025-06-26T15:23:09.535Z</time>
      </trkpt>
      <trkpt lat="37.171967000000016" lon="34.707571000000044">
        <ele>541.923</ele>
        <time>2025-06-26T15:23:21.535Z</time>
      </trkpt>
      <trkpt lat="37.17197800000002" lon="34.70751000000004">
        <ele>543.549</ele>
        <time>2025-06-26T15:23:33.535Z</time>
      </trkpt>
      <trkpt lat="37.171945000000015" lon="34.70746900000004">
        <ele>544.495</ele>
        <time>2025-06-26T15:23:42.535Z</time>
      </trkpt>
      <trkpt lat="37.17191200000001" lon="34.707425000000036">
        <ele>545.246</ele>
        <time>2025-06-26T15:24:18.535Z</time>
      </trkpt>
      <trkpt lat="37.171863000000016" lon="34.707397000000036">
        <ele>545.928</ele>
        <time>2025-06-26T15:24:23.535Z</time>
      </trkpt>
      <trkpt lat="37.171844000000014" lon="34.707344000000035">
        <ele>546.434</ele>
        <time>2025-06-26T15:24:33.535Z</time>
      </trkpt>
      <trkpt lat="37.17182200000001" lon="34.70729100000003">
        <ele>547.036</ele>
        <time>2025-06-26T15:24:38.535Z</time>
      </trkpt>
      <trkpt lat="37.17180800000001" lon="34.70723000000003">
        <ele>547.995</ele>
        <time>2025-06-26T15:24:43.535Z</time>
      </trkpt>
      <trkpt lat="37.171779000000015" lon="34.70718500000003">
        <ele>548.891</ele>
        <time>2025-06-26T15:24:47.535Z</time>
      </trkpt>
      <trkpt lat="37.17175300000002" lon="34.70713400000003">
        <ele>549.324</ele>
        <time>2025-06-26T15:24:55.535Z</time>
      </trkpt>
      <trkpt lat="37.171714000000016" lon="34.707167000000034">
        <ele>549.586</ele>
        <time>2025-06-26T15:25:09.535Z</time>
      </trkpt>
      <trkpt lat="37.17166800000002" lon="34.707175000000035">
        <ele>550.337</ele>
        <time>2025-06-26T15:25:15.535Z</time>
      </trkpt>
      <trkpt lat="37.171720000000015" lon="34.707212000000034">
        <ele>551.109</ele>
        <time>2025-06-26T15:25:29.535Z</time>
      </trkpt>
      <trkpt lat="37.17168400000001" lon="34.70717400000003">
        <ele>551.311</ele>
        <time>2025-06-26T15:25:35.535Z</time>
      </trkpt>
      <trkpt lat="37.17164200000001" lon="34.70713000000003">
        <ele>552.001</ele>
        <time>2025-06-26T15:25:46.535Z</time>
      </trkpt>
      <trkpt lat="37.17160300000001" lon="34.70709800000003">
        <ele>553.351</ele>
        <time>2025-06-26T15:25:49.535Z</time>
      </trkpt>
      <trkpt lat="37.17157700000001" lon="34.70705000000003">
        <ele>555.31</ele>
        <time>2025-06-26T15:25:55.535Z</time>
      </trkpt>
      <trkpt lat="37.17154900000001" lon="34.706998000000034">
        <ele>556.842</ele>
        <time>2025-06-26T15:26:01.535Z</time>
      </trkpt>
      <trkpt lat="37.17150500000001" lon="34.706975000000035">
        <ele>557.578</ele>
        <time>2025-06-26T15:26:32.535Z</time>
      </trkpt>
      <trkpt lat="37.17145700000001" lon="34.706975000000035">
        <ele>560.66</ele>
        <time>2025-06-26T15:26:52.535Z</time>
      </trkpt>
      <trkpt lat="37.17145900000001" lon="34.70691700000003">
        <ele>564.049</ele>
        <time>2025-06-26T15:27:27.535Z</time>
      </trkpt>
      <trkpt lat="37.171439000000014" lon="34.70686600000003">
        <ele>565.425</ele>
        <time>2025-06-26T15:27:44.535Z</time>
      </trkpt>
      <trkpt lat="37.171394000000014" lon="34.70687000000003">
        <ele>566.298</ele>
        <time>2025-06-26T15:28:45.535Z</time>
      </trkpt>
      <trkpt lat="37.17138900000001" lon="34.70681400000003">
        <ele>567.39</ele>
        <time>2025-06-26T15:29:24.535Z</time>
      </trkpt>
      <trkpt lat="37.17137000000001" lon="34.70687100000003">
        <ele>569.021</ele>
        <time>2025-06-26T15:30:43.535Z</time>
      </trkpt>
      <trkpt lat="37.17137200000001" lon="34.70681100000003">
        <ele>570.809</ele>
        <time>2025-06-26T15:30:51.535Z</time>
      </trkpt>
      <trkpt lat="37.171360000000014" lon="34.70674800000003">
        <ele>572.123</ele>
        <time>2025-06-26T15:31:07.535Z</time>
      </trkpt>
      <trkpt lat="37.17131300000001" lon="34.70676500000003">
        <ele>572.749</ele>
        <time>2025-06-26T15:31:18.535Z</time>
      </trkpt>
      <trkpt lat="37.17126800000001" lon="34.706759000000034">
        <ele>573.095</ele>
        <time>2025-06-26T15:31:35.535Z</time>
      </trkpt>
      <trkpt lat="37.17125200000001" lon="34.706812000000035">
        <ele>573.372</ele>
        <time>2025-06-26T15:32:33.535Z</time>
      </trkpt>
      <trkpt lat="37.17125800000001" lon="34.70675200000004">
        <ele>573.694</ele>
        <time>2025-06-26T15:32:38.535Z</time>
      </trkpt>
      <trkpt lat="37.17125800000001" lon="34.706688000000035">
        <ele>574.27</ele>
        <time>2025-06-26T15:32:43.535Z</time>
      </trkpt>
      <trkpt lat="37.17125000000001" lon="34.706629000000035">
        <ele>574.982</ele>
        <time>2025-06-26T15:32:48.535Z</time>
      </trkpt>
      <trkpt lat="37.171251000000005" lon="34.70657200000004">
        <ele>575.791</ele>
        <time>2025-06-26T15:32:53.535Z</time>
      </trkpt>
      <trkpt lat="37.171266" lon="34.706516000000036">
        <ele>576.537</ele>
        <time>2025-06-26T15:32:58.535Z</time>
      </trkpt>
      <trkpt lat="37.171266" lon="34.70645100000004">
        <ele>577.19</ele>
        <time>2025-06-26T15:33:02.535Z</time>
      </trkpt>
      <trkpt lat="37.171272" lon="34.706390000000034">
        <ele>577.992</ele>
        <time>2025-06-26T15:33:08.535Z</time>
      </trkpt>
      <trkpt lat="37.171251000000005" lon="34.706339000000035">
        <ele>578.763</ele>
        <time>2025-06-26T15:33:11.535Z</time>
      </trkpt>
      <trkpt lat="37.17123600000001" lon="34.70627100000004">
        <ele>579.509</ele>
        <time>2025-06-26T15:33:15.535Z</time>
      </trkpt>
      <trkpt lat="37.17119000000001" lon="34.70628400000004">
        <ele>580.305</ele>
        <time>2025-06-26T15:33:20.535Z</time>
      </trkpt>
      <trkpt lat="37.17116800000001" lon="34.70634200000004">
        <ele>580.932</ele>
        <time>2025-06-26T15:33:24.535Z</time>
      </trkpt>
      <trkpt lat="37.17114300000001" lon="34.706397000000045">
        <ele>581.312</ele>
        <time>2025-06-26T15:33:30.535Z</time>
      </trkpt>
      <trkpt lat="37.17112200000001" lon="34.706459000000045">
        <ele>581.875</ele>
        <time>2025-06-26T15:33:34.535Z</time>
      </trkpt>
      <trkpt lat="37.17110200000001" lon="34.70651400000005">
        <ele>582.827</ele>
        <time>2025-06-26T15:33:38.535Z</time>
      </trkpt>
      <trkpt lat="37.17106300000001" lon="34.70655100000005">
        <ele>583.913</ele>
        <time>2025-06-26T15:33:41.535Z</time>
      </trkpt>
      <trkpt lat="37.17104300000001" lon="34.70660900000005">
        <ele>584.915</ele>
        <time>2025-06-26T15:33:45.535Z</time>
      </trkpt>
      <trkpt lat="37.171036000000015" lon="34.70667700000005">
        <ele>585.814</ele>
        <time>2025-06-26T15:33:51.535Z</time>
      </trkpt>
      <trkpt lat="37.17101700000001" lon="34.70673700000005">
        <ele>586.53</ele>
        <time>2025-06-26T15:33:56.535Z</time>
      </trkpt>
      <trkpt lat="37.171014000000014" lon="34.70680100000005">
        <ele>587.163</ele>
        <time>2025-06-26T15:34:01.535Z</time>
      </trkpt>
      <trkpt lat="37.171000000000014" lon="34.70685800000005">
        <ele>587.635</ele>
        <time>2025-06-26T15:34:06.535Z</time>
      </trkpt>
      <trkpt lat="37.170980000000014" lon="34.706915000000045">
        <ele>587.996</ele>
        <time>2025-06-26T15:34:17.535Z</time>
      </trkpt>
      <trkpt lat="37.17098700000001" lon="34.70697600000005">
        <ele>588.209</ele>
        <time>2025-06-26T15:34:24.535Z</time>
      </trkpt>
      <trkpt lat="37.170966000000014" lon="34.707027000000046">
        <ele>588.51</ele>
        <time>2025-06-26T15:34:30.535Z</time>
      </trkpt>
      <trkpt lat="37.170943000000015" lon="34.70707600000004">
        <ele>588.864</ele>
        <time>2025-06-26T15:34:34.535Z</time>
      </trkpt>
      <trkpt lat="37.17094800000002" lon="34.70714100000004">
        <ele>589.143</ele>
        <time>2025-06-26T15:34:39.535Z</time>
      </trkpt>
      <trkpt lat="37.170952000000014" lon="34.707213000000046">
        <ele>589.46</ele>
        <time>2025-06-26T15:34:45.535Z</time>
      </trkpt>
      <trkpt lat="37.17093000000001" lon="34.70726200000004">
        <ele>589.772</ele>
        <time>2025-06-26T15:34:50.535Z</time>
      </trkpt>
      <trkpt lat="37.17091700000001" lon="34.70731600000004">
        <ele>590.088</ele>
        <time>2025-06-26T15:35:07.535Z</time>
      </trkpt>
      <trkpt lat="37.17091800000001" lon="34.707377000000044">
        <ele>590.59</ele>
        <time>2025-06-26T15:35:11.535Z</time>
      </trkpt>
      <trkpt lat="37.170930000000006" lon="34.70743700000004">
        <ele>591.279</ele>
        <time>2025-06-26T15:35:16.535Z</time>
      </trkpt>
      <trkpt lat="37.170944000000006" lon="34.707498000000044">
        <ele>592.085</ele>
        <time>2025-06-26T15:35:21.535Z</time>
      </trkpt>
      <trkpt lat="37.17094600000001" lon="34.70756300000004">
        <ele>592.788</ele>
        <time>2025-06-26T15:35:25.535Z</time>
      </trkpt>
      <trkpt lat="37.17094800000001" lon="34.70762900000004">
        <ele>593.26</ele>
        <time>2025-06-26T15:35:29.535Z</time>
      </trkpt>
      <trkpt lat="37.17094700000001" lon="34.70768700000004">
        <ele>593.691</ele>
        <time>2025-06-26T15:35:34.535Z</time>
      </trkpt>
      <trkpt lat="37.17095400000001" lon="34.70775700000004">
        <ele>594.109</ele>
        <time>2025-06-26T15:35:41.535Z</time>
      </trkpt>
      <trkpt lat="37.17094600000001" lon="34.707818000000046">
        <ele>594.822</ele>
        <time>2025-06-26T15:35:46.535Z</time>
      </trkpt>
      <trkpt lat="37.170967000000005" lon="34.70787000000004">
        <ele>595.557</ele>
        <time>2025-06-26T15:35:51.535Z</time>
      </trkpt>
      <trkpt lat="37.170967000000005" lon="34.70793300000004">
        <ele>596.194</ele>
        <time>2025-06-26T15:35:56.535Z</time>
      </trkpt>
      <trkpt lat="37.17094900000001" lon="34.70799900000004">
        <ele>596.458</ele>
        <time>2025-06-26T15:36:01.535Z</time>
      </trkpt>
      <trkpt lat="37.170930000000006" lon="34.708070000000035">
        <ele>596.56</ele>
        <time>2025-06-26T15:36:06.535Z</time>
      </trkpt>
      <trkpt lat="37.170922000000004" lon="34.70814100000003">
        <ele>596.526</ele>
        <time>2025-06-26T15:36:12.535Z</time>
      </trkpt>
      <trkpt lat="37.17090700000001" lon="34.708194000000034">
        <ele>596.898</ele>
        <time>2025-06-26T15:36:17.535Z</time>
      </trkpt>
      <trkpt lat="37.170902000000005" lon="34.70825400000003">
        <ele>597.487</ele>
        <time>2025-06-26T15:36:22.535Z</time>
      </trkpt>
      <trkpt lat="37.170892" lon="34.70831300000003">
        <ele>598.063</ele>
        <time>2025-06-26T15:36:27.535Z</time>
      </trkpt>
      <trkpt lat="37.170885000000006" lon="34.70837800000003">
        <ele>598.956</ele>
        <time>2025-06-26T15:36:34.535Z</time>
      </trkpt>
      <trkpt lat="37.170886" lon="34.70843700000003">
        <ele>599.978</ele>
        <time>2025-06-26T15:36:39.535Z</time>
      </trkpt>
      <trkpt lat="37.170879000000006" lon="34.70850200000003">
        <ele>600.839</ele>
        <time>2025-06-26T15:36:47.535Z</time>
      </trkpt>
      <trkpt lat="37.170860000000005" lon="34.70856700000003">
        <ele>601.509</ele>
        <time>2025-06-26T15:37:05.535Z</time>
      </trkpt>
      <trkpt lat="37.170860000000005" lon="34.70862400000003">
        <ele>602.02</ele>
        <time>2025-06-26T15:37:17.535Z</time>
      </trkpt>
      <trkpt lat="37.170866000000004" lon="34.70868500000003">
        <ele>602.528</ele>
        <time>2025-06-26T15:37:28.535Z</time>
      </trkpt>
      <trkpt lat="37.170853" lon="34.70873900000003">
        <ele>603.275</ele>
        <time>2025-06-26T15:37:34.535Z</time>
      </trkpt>
      <trkpt lat="37.170843" lon="34.70879900000003">
        <ele>603.918</ele>
        <time>2025-06-26T15:37:40.535Z</time>
      </trkpt>
      <trkpt lat="37.170834" lon="34.708862000000025">
        <ele>604.49</ele>
        <time>2025-06-26T15:37:47.535Z</time>
      </trkpt>
      <trkpt lat="37.170819" lon="34.70892000000003">
        <ele>605.166</ele>
        <time>2025-06-26T15:37:54.535Z</time>
      </trkpt>
      <trkpt lat="37.170788" lon="34.70897600000003">
        <ele>605.798</ele>
        <time>2025-06-26T15:38:04.535Z</time>
      </trkpt>
      <trkpt lat="37.170765" lon="34.70903000000003">
        <ele>606.467</ele>
        <time>2025-06-26T15:38:31.535Z</time>
      </trkpt>
      <trkpt lat="37.170729" lon="34.70907400000003">
        <ele>607.573</ele>
        <time>2025-06-26T15:38:36.535Z</time>
      </trkpt>
      <trkpt lat="37.170691" lon="34.709109000000026">
        <ele>608.536</ele>
        <time>2025-06-26T15:38:41.535Z</time>
      </trkpt>
      <trkpt lat="37.170652" lon="34.70915800000002">
        <ele>609.628</ele>
        <time>2025-06-26T15:38:46.535Z</time>
      </trkpt>
      <trkpt lat="37.170595999999996" lon="34.70916500000002">
        <ele>610.849</ele>
        <time>2025-06-26T15:38:51.535Z</time>
      </trkpt>
      <trkpt lat="37.170550999999996" lon="34.70917600000002">
        <ele>611.809</ele>
        <time>2025-06-26T15:38:59.535Z</time>
      </trkpt>
      <trkpt lat="37.170514" lon="34.70921000000002">
        <ele>612.515</ele>
        <time>2025-06-26T15:39:06.535Z</time>
      </trkpt>
      <trkpt lat="37.170463999999996" lon="34.70923100000002">
        <ele>612.841</ele>
        <time>2025-06-26T15:39:12.535Z</time>
      </trkpt>
      <trkpt lat="37.170418" lon="34.709234000000016">
        <ele>613.271</ele>
        <time>2025-06-26T15:39:22.535Z</time>
      </trkpt>
      <trkpt lat="37.170384" lon="34.709195000000015">
        <ele>613.73</ele>
        <time>2025-06-26T15:39:27.535Z</time>
      </trkpt>
      <trkpt lat="37.170389" lon="34.709139000000015">
        <ele>614.472</ele>
        <time>2025-06-26T15:39:31.535Z</time>
      </trkpt>
      <trkpt lat="37.170436" lon="34.70909300000002">
        <ele>615.268</ele>
        <time>2025-06-26T15:39:36.535Z</time>
      </trkpt>
      <trkpt lat="37.170462" lon="34.709032000000015">
        <ele>615.69</ele>
        <time>2025-06-26T15:39:42.535Z</time>
      </trkpt>
      <trkpt lat="37.170477" lon="34.70896800000001">
        <ele>616.059</ele>
        <time>2025-06-26T15:39:50.535Z</time>
      </trkpt>
      <trkpt lat="37.17049" lon="34.708914000000014">
        <ele>616.815</ele>
        <time>2025-06-26T15:39:55.535Z</time>
      </trkpt>
      <trkpt lat="37.170494" lon="34.70885400000002">
        <ele>617.548</ele>
        <time>2025-06-26T15:40:00.535Z</time>
      </trkpt>
      <trkpt lat="37.170524" lon="34.70880900000002">
        <ele>618.25</ele>
        <time>2025-06-26T15:40:30.535Z</time>
      </trkpt>
      <trkpt lat="37.170506" lon="34.70875700000002">
        <ele>618.681</ele>
        <time>2025-06-26T15:40:34.535Z</time>
      </trkpt>
      <trkpt lat="37.170461" lon="34.70873500000002">
        <ele>619.109</ele>
        <time>2025-06-26T15:40:38.535Z</time>
      </trkpt>
      <trkpt lat="37.170418000000005" lon="34.70877800000002">
        <ele>619.621</ele>
        <time>2025-06-26T15:40:42.535Z</time>
      </trkpt>
      <trkpt lat="37.170393000000004" lon="34.708846000000015">
        <ele>621.065</ele>
        <time>2025-06-26T15:40:46.535Z</time>
      </trkpt>
      <trkpt lat="37.170350000000006" lon="34.708869000000014">
        <ele>621.693</ele>
        <time>2025-06-26T15:40:49.535Z</time>
      </trkpt>
      <trkpt lat="37.17031800000001" lon="34.70894000000001">
        <ele>623.075</ele>
        <time>2025-06-26T15:40:54.535Z</time>
      </trkpt>
      <trkpt lat="37.170288000000006" lon="34.70899600000001">
        <ele>623.587</ele>
        <time>2025-06-26T15:41:00.535Z</time>
      </trkpt>
      <trkpt lat="37.170263000000006" lon="34.70905500000001">
        <ele>624.233</ele>
        <time>2025-06-26T15:41:04.535Z</time>
      </trkpt>
      <trkpt lat="37.17023100000001" lon="34.709097000000014">
        <ele>625.025</ele>
        <time>2025-06-26T15:41:08.535Z</time>
      </trkpt>
      <trkpt lat="37.170201000000006" lon="34.709164000000015">
        <ele>625.844</ele>
        <time>2025-06-26T15:41:10.535Z</time>
      </trkpt>
      <trkpt lat="37.170165000000004" lon="34.70912300000001">
        <ele>626.18</ele>
        <time>2025-06-26T15:41:12.535Z</time>
      </trkpt>
      <trkpt lat="37.170171" lon="34.70904500000001">
        <ele>626.623</ele>
        <time>2025-06-26T15:41:14.535Z</time>
      </trkpt>
      <trkpt lat="37.170176000000005" lon="34.70895200000001">
        <ele>627.095</ele>
        <time>2025-06-26T15:41:16.535Z</time>
      </trkpt>
      <trkpt lat="37.170221000000005" lon="34.70887800000001">
        <ele>627.536</ele>
        <time>2025-06-26T15:41:18.535Z</time>
      </trkpt>
      <trkpt lat="37.17022600000001" lon="34.708815000000016">
        <ele>628.109</ele>
        <time>2025-06-26T15:41:20.535Z</time>
      </trkpt>
      <trkpt lat="37.170229000000006" lon="34.70875700000001">
        <ele>628.822</ele>
        <time>2025-06-26T15:41:22.535Z</time>
      </trkpt>
      <trkpt lat="37.170227000000004" lon="34.708689000000014">
        <ele>629.302</ele>
        <time>2025-06-26T15:41:24.535Z</time>
      </trkpt>
      <trkpt lat="37.170264" lon="34.70860800000001">
        <ele>629.649</ele>
        <time>2025-06-26T15:41:26.535Z</time>
      </trkpt>
      <trkpt lat="37.170285" lon="34.70851200000001">
        <ele>629.784</ele>
        <time>2025-06-26T15:41:28.535Z</time>
      </trkpt>
      <trkpt lat="37.170319" lon="34.708449000000016">
        <ele>630.196</ele>
        <time>2025-06-26T15:41:30.535Z</time>
      </trkpt>
      <trkpt lat="37.170298" lon="34.708396000000015">
        <ele>630.642</ele>
        <time>2025-06-26T15:41:32.535Z</time>
      </trkpt>
      <trkpt lat="37.170321" lon="34.708317000000015">
        <ele>631.114</ele>
        <time>2025-06-26T15:41:35.535Z</time>
      </trkpt>
      <trkpt lat="37.170325" lon="34.708244000000015">
        <ele>631.693</ele>
        <time>2025-06-26T15:41:37.535Z</time>
      </trkpt>
      <trkpt lat="37.170353999999996" lon="34.70818100000002">
        <ele>632.029</ele>
        <time>2025-06-26T15:41:39.535Z</time>
      </trkpt>
      <trkpt lat="37.170384" lon="34.70811800000002">
        <ele>632.572</ele>
        <time>2025-06-26T15:41:41.535Z</time>
      </trkpt>
      <trkpt lat="37.170398" lon="34.70803700000002">
        <ele>632.794</ele>
        <time>2025-06-26T15:41:43.535Z</time>
      </trkpt>
      <trkpt lat="37.170406" lon="34.707979000000016">
        <ele>633.245</ele>
        <time>2025-06-26T15:41:45.535Z</time>
      </trkpt>
      <trkpt lat="37.170394" lon="34.70789400000002">
        <ele>633.509</ele>
        <time>2025-06-26T15:41:47.535Z</time>
      </trkpt>
      <trkpt lat="37.170410000000004" lon="34.70782300000002">
        <ele>633.818</ele>
        <time>2025-06-26T15:41:49.535Z</time>
      </trkpt>
      <trkpt lat="37.170404000000005" lon="34.70776600000002">
        <ele>633.917</ele>
        <time>2025-06-26T15:41:50.535Z</time>
      </trkpt>
      <trkpt lat="37.170408" lon="34.70770200000002">
        <ele>633.936</ele>
        <time>2025-06-26T15:41:52.535Z</time>
      </trkpt>
      <trkpt lat="37.170397" lon="34.70763700000002">
        <ele>634.029</ele>
        <time>2025-06-26T15:41:54.535Z</time>
      </trkpt>
      <trkpt lat="37.170411" lon="34.70754100000002">
        <ele>634.361</ele>
        <time>2025-06-26T15:41:59.535Z</time>
      </trkpt>
      <trkpt lat="37.170403" lon="34.70747100000002">
        <ele>634.857</ele>
        <time>2025-06-26T15:42:02.535Z</time>
      </trkpt>
      <trkpt lat="37.1704" lon="34.70739200000002">
        <ele>635.269</ele>
        <time>2025-06-26T15:42:06.535Z</time>
      </trkpt>
      <trkpt lat="37.170392" lon="34.70733100000002">
        <ele>635.378</ele>
        <time>2025-06-26T15:42:10.535Z</time>
      </trkpt>
      <trkpt lat="37.170416" lon="34.70728200000002">
        <ele>635.394</ele>
        <time>2025-06-26T15:42:15.535Z</time>
      </trkpt>
      <trkpt lat="37.170404000000005" lon="34.70722100000002">
        <ele>635.567</ele>
        <time>2025-06-26T15:42:17.535Z</time>
      </trkpt>
      <trkpt lat="37.170405" lon="34.70715700000002">
        <ele>635.829</ele>
        <time>2025-06-26T15:42:19.535Z</time>
      </trkpt>
      <trkpt lat="37.170399" lon="34.70708300000002">
        <ele>636.35</ele>
        <time>2025-06-26T15:42:21.535Z</time>
      </trkpt>
      <trkpt lat="37.170375" lon="34.707014000000015">
        <ele>637.109</ele>
        <time>2025-06-26T15:42:23.535Z</time>
      </trkpt>
      <trkpt lat="37.170362" lon="34.706930000000014">
        <ele>637.426</ele>
        <time>2025-06-26T15:42:25.535Z</time>
      </trkpt>
      <trkpt lat="37.170367" lon="34.706851000000015">
        <ele>637.724</ele>
        <time>2025-06-26T15:42:27.535Z</time>
      </trkpt>
      <trkpt lat="37.170369" lon="34.70677900000001">
        <ele>638.188</ele>
        <time>2025-06-26T15:42:28.535Z</time>
      </trkpt>
      <trkpt lat="37.170361" lon="34.70672300000001">
        <ele>638.364</ele>
        <time>2025-06-26T15:42:29.535Z</time>
      </trkpt>
      <trkpt lat="37.170353" lon="34.70665400000001">
        <ele>638.456</ele>
        <time>2025-06-26T15:42:31.535Z</time>
      </trkpt>
      <trkpt lat="37.170344" lon="34.706585000000004">
        <ele>638.452</ele>
        <time>2025-06-26T15:42:33.535Z</time>
      </trkpt>
      <trkpt lat="37.170314" lon="34.70650500000001">
        <ele>638.444</ele>
        <time>2025-06-26T15:42:37.535Z</time>
      </trkpt>
      <trkpt lat="37.170334" lon="34.70645400000001">
        <ele>638.273</ele>
        <time>2025-06-26T15:42:40.535Z</time>
      </trkpt>
      <trkpt lat="37.170320999999994" lon="34.70639100000001">
        <ele>637.899</ele>
        <time>2025-06-26T15:42:44.535Z</time>
      </trkpt>
      <trkpt lat="37.170334999999994" lon="34.70633700000001">
        <ele>637.652</ele>
        <time>2025-06-26T15:42:46.535Z</time>
      </trkpt>
      <trkpt lat="37.17034699999999" lon="34.70626900000001">
        <ele>637.424</ele>
        <time>2025-06-26T15:42:51.535Z</time>
      </trkpt>
      <trkpt lat="37.17037499999999" lon="34.706223000000016">
        <ele>637.365</ele>
        <time>2025-06-26T15:42:54.535Z</time>
      </trkpt>
      <trkpt lat="37.17038599999999" lon="34.70614800000001">
        <ele>637.209</ele>
        <time>2025-06-26T15:42:56.535Z</time>
      </trkpt>
      <trkpt lat="37.170399999999994" lon="34.70608600000001">
        <ele>637.111</ele>
        <time>2025-06-26T15:42:58.535Z</time>
      </trkpt>
      <trkpt lat="37.17041799999999" lon="34.706015000000015">
        <ele>637.092</ele>
        <time>2025-06-26T15:43:00.535Z</time>
      </trkpt>
      <trkpt lat="37.17042899999999" lon="34.70596000000001">
        <ele>637.032</ele>
        <time>2025-06-26T15:43:02.535Z</time>
      </trkpt>
      <trkpt lat="37.170427999999994" lon="34.70589800000001">
        <ele>637.064</ele>
        <time>2025-06-26T15:43:04.535Z</time>
      </trkpt>
      <trkpt lat="37.17045699999999" lon="34.70583300000001">
        <ele>637.156</ele>
        <time>2025-06-26T15:43:06.535Z</time>
      </trkpt>
      <trkpt lat="37.17048599999999" lon="34.70576600000001">
        <ele>637.382</ele>
        <time>2025-06-26T15:43:08.535Z</time>
      </trkpt>
      <trkpt lat="37.17050099999999" lon="34.705689000000014">
        <ele>637.444</ele>
        <time>2025-06-26T15:43:11.535Z</time>
      </trkpt>
      <trkpt lat="37.17051699999999" lon="34.70563400000001">
        <ele>637.653</ele>
        <time>2025-06-26T15:43:13.535Z</time>
      </trkpt>
      <trkpt lat="37.17053499999999" lon="34.70556100000001">
        <ele>637.789</ele>
        <time>2025-06-26T15:43:15.535Z</time>
      </trkpt>
      <trkpt lat="37.17054299999999" lon="34.70548500000001">
        <ele>637.792</ele>
        <time>2025-06-26T15:43:17.535Z</time>
      </trkpt>
      <trkpt lat="37.170546999999985" lon="34.70541400000001">
        <ele>637.784</ele>
        <time>2025-06-26T15:43:19.535Z</time>
      </trkpt>
      <trkpt lat="37.17054899999999" lon="34.70533300000001">
        <ele>637.555</ele>
        <time>2025-06-26T15:43:21.535Z</time>
      </trkpt>
      <trkpt lat="37.17053999999999" lon="34.70524600000001">
        <ele>637.109</ele>
        <time>2025-06-26T15:43:23.535Z</time>
      </trkpt>
      <trkpt lat="37.170543999999985" lon="34.70517400000001">
        <ele>637.117</ele>
        <time>2025-06-26T15:43:25.535Z</time>
      </trkpt>
      <trkpt lat="37.17053699999999" lon="34.705110000000005">
        <ele>637.17</ele>
        <time>2025-06-26T15:43:27.535Z</time>
      </trkpt>
      <trkpt lat="37.17053199999999" lon="34.705029">
        <ele>637.138</ele>
        <time>2025-06-26T15:43:29.535Z</time>
      </trkpt>
      <trkpt lat="37.17053099999999" lon="34.704963000000006">
        <ele>637.132</ele>
        <time>2025-06-26T15:43:31.535Z</time>
      </trkpt>
      <trkpt lat="37.17052699999999" lon="34.704893000000006">
        <ele>636.984</ele>
        <time>2025-06-26T15:43:34.535Z</time>
      </trkpt>
      <trkpt lat="37.17051599999999" lon="34.70483600000001">
        <ele>636.72</ele>
        <time>2025-06-26T15:43:37.535Z</time>
      </trkpt>
      <trkpt lat="37.170511999999995" lon="34.704778000000005">
        <ele>636.582</ele>
        <time>2025-06-26T15:43:40.535Z</time>
      </trkpt>
      <trkpt lat="37.170508999999996" lon="34.704719000000004">
        <ele>636.311</ele>
        <time>2025-06-26T15:43:44.535Z</time>
      </trkpt>
      <trkpt lat="37.170517999999994" lon="34.704645000000006">
        <ele>635.997</ele>
        <time>2025-06-26T15:43:48.535Z</time>
      </trkpt>
      <trkpt lat="37.170531" lon="34.704575000000006">
        <ele>635.12</ele>
        <time>2025-06-26T15:43:52.535Z</time>
      </trkpt>
      <trkpt lat="37.170556999999995" lon="34.70449000000001">
        <ele>634.232</ele>
        <time>2025-06-26T15:43:56.535Z</time>
      </trkpt>
      <trkpt lat="37.17057199999999" lon="34.70442700000001">
        <ele>633.823</ele>
        <time>2025-06-26T15:44:02.535Z</time>
      </trkpt>
      <trkpt lat="37.170579999999994" lon="34.70436900000001">
        <ele>633.209</ele>
        <time>2025-06-26T15:44:05.535Z</time>
      </trkpt>
      <trkpt lat="37.17059999999999" lon="34.704316000000006">
        <ele>632.809</ele>
        <time>2025-06-26T15:44:10.535Z</time>
      </trkpt>
      <trkpt lat="37.170615999999995" lon="34.704240000000006">
        <ele>631.754</ele>
        <time>2025-06-26T15:44:16.535Z</time>
      </trkpt>
      <trkpt lat="37.170638999999994" lon="34.704178000000006">
        <ele>630.314</ele>
        <time>2025-06-26T15:44:20.535Z</time>
      </trkpt>
      <trkpt lat="37.170669" lon="34.70411300000001">
        <ele>629.793</ele>
        <time>2025-06-26T15:44:26.535Z</time>
      </trkpt>
      <trkpt lat="37.170699" lon="34.704060000000005">
        <ele>629.795</ele>
        <time>2025-06-26T15:44:31.535Z</time>
      </trkpt>
      <trkpt lat="37.170747999999996" lon="34.70404800000001">
        <ele>629.731</ele>
        <time>2025-06-26T15:44:36.535Z</time>
      </trkpt>
      <trkpt lat="37.17079699999999" lon="34.70407000000001">
        <ele>631.073</ele>
        <time>2025-06-26T15:44:43.535Z</time>
      </trkpt>
      <trkpt lat="37.17078099999999" lon="34.70412600000001">
        <ele>632.542</ele>
        <time>2025-06-26T15:45:04.535Z</time>
      </trkpt>
      <trkpt lat="37.17079999999999" lon="34.704071000000006">
        <ele>633.718</ele>
        <time>2025-06-26T15:45:20.535Z</time>
      </trkpt>
      <trkpt lat="37.17075899999999" lon="34.70403700000001">
        <ele>635.041</ele>
        <time>2025-06-26T15:45:32.535Z</time>
      </trkpt>
      <trkpt lat="37.17071699999999" lon="34.703998000000006">
        <ele>635.673</ele>
        <time>2025-06-26T15:45:45.535Z</time>
      </trkpt>
      <trkpt lat="37.17067299999999" lon="34.704018000000005">
        <ele>636.964</ele>
        <time>2025-06-26T15:45:49.535Z</time>
      </trkpt>
      <trkpt lat="37.17062999999999" lon="34.704058">
        <ele>637.809</ele>
        <time>2025-06-26T15:45:53.535Z</time>
      </trkpt>
      <trkpt lat="37.17058499999999" lon="34.704101">
        <ele>638.511</ele>
        <time>2025-06-26T15:45:57.535Z</time>
      </trkpt>
      <trkpt lat="37.17053499999999" lon="34.704141">
        <ele>638.747</ele>
        <time>2025-06-26T15:46:01.535Z</time>
      </trkpt>
      <trkpt lat="37.170501999999985" lon="34.704195">
        <ele>640.426</ele>
        <time>2025-06-26T15:46:05.535Z</time>
      </trkpt>
      <trkpt lat="37.17048299999998" lon="34.704248">
        <ele>641.553</ele>
        <time>2025-06-26T15:46:08.535Z</time>
      </trkpt>
      <trkpt lat="37.170433999999986" lon="34.704275">
        <ele>642.925</ele>
        <time>2025-06-26T15:46:15.535Z</time>
      </trkpt>
      <trkpt lat="37.17038299999999" lon="34.704258">
        <ele>643.941</ele>
        <time>2025-06-26T15:46:18.535Z</time>
      </trkpt>
      <trkpt lat="37.170349999999985" lon="34.704175000000006">
        <ele>645.633</ele>
        <time>2025-06-26T15:46:21.535Z</time>
      </trkpt>
      <trkpt lat="37.17032899999999" lon="34.70411500000001">
        <ele>646.452</ele>
        <time>2025-06-26T15:46:23.535Z</time>
      </trkpt>
      <trkpt lat="37.170304999999985" lon="34.70405800000001">
        <ele>647.118</ele>
        <time>2025-06-26T15:46:25.535Z</time>
      </trkpt>
      <trkpt lat="37.170276999999984" lon="34.70401100000001">
        <ele>647.691</ele>
        <time>2025-06-26T15:46:27.535Z</time>
      </trkpt>
      <trkpt lat="37.17023399999999" lon="34.70395200000001">
        <ele>648.973</ele>
        <time>2025-06-26T15:46:29.535Z</time>
      </trkpt>
      <trkpt lat="37.170220999999984" lon="34.703891000000006">
        <ele>649.374</ele>
        <time>2025-06-26T15:46:31.535Z</time>
      </trkpt>
      <trkpt lat="37.17019099999998" lon="34.70383700000001">
        <ele>650.009</ele>
        <time>2025-06-26T15:46:33.535Z</time>
      </trkpt>
      <trkpt lat="37.17015499999998" lon="34.70378300000001">
        <ele>650.708</ele>
        <time>2025-06-26T15:46:35.535Z</time>
      </trkpt>
      <trkpt lat="37.17012299999998" lon="34.70372900000001">
        <ele>651.862</ele>
        <time>2025-06-26T15:46:37.535Z</time>
      </trkpt>
      <trkpt lat="37.17010399999998" lon="34.70366800000001">
        <ele>652.522</ele>
        <time>2025-06-26T15:46:39.535Z</time>
      </trkpt>
      <trkpt lat="37.17009899999998" lon="34.703582000000004">
        <ele>653.447</ele>
        <time>2025-06-26T15:46:42.535Z</time>
      </trkpt>
      <trkpt lat="37.17011299999998" lon="34.703523000000004">
        <ele>654.249</ele>
        <time>2025-06-26T15:46:45.535Z</time>
      </trkpt>
      <trkpt lat="37.17012199999998" lon="34.703467">
        <ele>654.885</ele>
        <time>2025-06-26T15:46:49.535Z</time>
      </trkpt>
      <trkpt lat="37.17013199999998" lon="34.703406">
        <ele>655.767</ele>
        <time>2025-06-26T15:46:52.535Z</time>
      </trkpt>
      <trkpt lat="37.17008499999998" lon="34.703408">
        <ele>656.446</ele>
        <time>2025-06-26T15:46:55.535Z</time>
      </trkpt>
      <trkpt lat="37.17003599999998" lon="34.70342">
        <ele>657.322</ele>
        <time>2025-06-26T15:46:57.535Z</time>
      </trkpt>
      <trkpt lat="37.16999699999998" lon="34.703451">
        <ele>660.365</ele>
        <time>2025-06-26T15:47:03.535Z</time>
      </trkpt>
      <trkpt lat="37.16995099999998" lon="34.703503">
        <ele>660.867</ele>
        <time>2025-06-26T15:47:08.535Z</time>
      </trkpt>
      <trkpt lat="37.16991499999998" lon="34.703539">
        <ele>661.888</ele>
        <time>2025-06-26T15:47:14.535Z</time>
      </trkpt>
      <trkpt lat="37.16985899999998" lon="34.703603">
        <ele>663.209</ele>
        <time>2025-06-26T15:47:16.535Z</time>
      </trkpt>
      <trkpt lat="37.16983299999998" lon="34.703656">
        <ele>664.213</ele>
        <time>2025-06-26T15:47:18.535Z</time>
      </trkpt>
      <trkpt lat="37.16979399999998" lon="34.703698">
        <ele>664.721</ele>
        <time>2025-06-26T15:47:20.535Z</time>
      </trkpt>
      <trkpt lat="37.16975499999998" lon="34.703744">
        <ele>665.961</ele>
        <time>2025-06-26T15:47:22.535Z</time>
      </trkpt>
      <trkpt lat="37.16971499999998" lon="34.703784">
        <ele>667.068</ele>
        <time>2025-06-26T15:47:24.535Z</time>
      </trkpt>
      <trkpt lat="37.16967299999998" lon="34.703825">
        <ele>668.27</ele>
        <time>2025-06-26T15:47:26.535Z</time>
      </trkpt>
      <trkpt lat="37.16965399999998" lon="34.703891">
        <ele>668.736</ele>
        <time>2025-06-26T15:47:28.535Z</time>
      </trkpt>
      <trkpt lat="37.16962199999998" lon="34.703963">
        <ele>670.088</ele>
        <time>2025-06-26T15:47:30.535Z</time>
      </trkpt>
      <trkpt lat="37.16961099999998" lon="34.70405">
        <ele>671.477</ele>
        <time>2025-06-26T15:47:32.535Z</time>
      </trkpt>
      <trkpt lat="37.169589999999985" lon="34.704115">
        <ele>672.923</ele>
        <time>2025-06-26T15:47:34.535Z</time>
      </trkpt>
      <trkpt lat="37.16955799999999" lon="34.704174">
        <ele>673.426</ele>
        <time>2025-06-26T15:47:36.535Z</time>
      </trkpt>
      <trkpt lat="37.16954699999999" lon="34.704234">
        <ele>673.858</ele>
        <time>2025-06-26T15:47:38.535Z</time>
      </trkpt>
      <trkpt lat="37.169510999999986" lon="34.704298">
        <ele>674.339</ele>
        <time>2025-06-26T15:47:41.535Z</time>
      </trkpt>
      <trkpt lat="37.169476999999986" lon="34.704341">
        <ele>674.709</ele>
        <time>2025-06-26T15:47:43.535Z</time>
      </trkpt>
      <trkpt lat="37.16948799999999" lon="34.704397">
        <ele>675.325</ele>
        <time>2025-06-26T15:47:46.535Z</time>
      </trkpt>
      <trkpt lat="37.16947899999999" lon="34.704457">
        <ele>676.005</ele>
        <time>2025-06-26T15:47:49.535Z</time>
      </trkpt>
      <trkpt lat="37.16946699999999" lon="34.704527999999996">
        <ele>676.879</ele>
        <time>2025-06-26T15:47:52.535Z</time>
      </trkpt>
      <trkpt lat="37.16949799999999" lon="34.704578">
        <ele>677.23</ele>
        <time>2025-06-26T15:47:55.535Z</time>
      </trkpt>
      <trkpt lat="37.16953499999999" lon="34.704626">
        <ele>677.612</ele>
        <time>2025-06-26T15:47:58.535Z</time>
      </trkpt>
      <trkpt lat="37.16953699999999" lon="34.70469">
        <ele>678.068</ele>
        <time>2025-06-26T15:48:01.535Z</time>
      </trkpt>
      <trkpt lat="37.169504999999994" lon="34.704748">
        <ele>679.12</ele>
        <time>2025-06-26T15:48:04.535Z</time>
      </trkpt>
      <trkpt lat="37.169487999999994" lon="34.704816">
        <ele>680.099</ele>
        <time>2025-06-26T15:48:07.535Z</time>
      </trkpt>
      <trkpt lat="37.16947" lon="34.704885000000004">
        <ele>680.125</ele>
        <time>2025-06-26T15:48:12.535Z</time>
      </trkpt>
      <trkpt lat="37.169435" lon="34.704953">
        <ele>680.368</ele>
        <time>2025-06-26T15:48:16.535Z</time>
      </trkpt>
      <trkpt lat="37.169415" lon="34.705012">
        <ele>680.49</ele>
        <time>2025-06-26T15:48:21.535Z</time>
      </trkpt>
      <trkpt lat="37.169407" lon="34.70508100000001">
        <ele>681.081</ele>
        <time>2025-06-26T15:48:25.535Z</time>
      </trkpt>
      <trkpt lat="37.169398" lon="34.70514000000001">
        <ele>681.209</ele>
        <time>2025-06-26T15:48:28.535Z</time>
      </trkpt>
      <trkpt lat="37.169379" lon="34.705211000000006">
        <ele>682.522</ele>
        <time>2025-06-26T15:48:32.535Z</time>
      </trkpt>
      <trkpt lat="37.16935" lon="34.70526100000001">
        <ele>683.057</ele>
        <time>2025-06-26T15:48:35.535Z</time>
      </trkpt>
      <trkpt lat="37.169308" lon="34.705313000000004">
        <ele>684.094</ele>
        <time>2025-06-26T15:48:38.535Z</time>
      </trkpt>
      <trkpt lat="37.169284" lon="34.705367">
        <ele>685.389</ele>
        <time>2025-06-26T15:48:42.535Z</time>
      </trkpt>
      <trkpt lat="37.169253" lon="34.705423">
        <ele>685.861</ele>
        <time>2025-06-26T15:48:45.535Z</time>
      </trkpt>
      <trkpt lat="37.169214999999994" lon="34.705463">
        <ele>686.897</ele>
        <time>2025-06-26T15:48:49.535Z</time>
      </trkpt>
      <trkpt lat="37.169188999999996" lon="34.705536">
        <ele>687.599</ele>
        <time>2025-06-26T15:48:52.535Z</time>
      </trkpt>
      <trkpt lat="37.169146999999995" lon="34.70559">
        <ele>688.748</ele>
        <time>2025-06-26T15:48:55.535Z</time>
      </trkpt>
      <trkpt lat="37.169110999999994" lon="34.70564">
        <ele>689.724</ele>
        <time>2025-06-26T15:48:57.535Z</time>
      </trkpt>
      <trkpt lat="37.169053999999996" lon="34.705693000000004">
        <ele>690.767</ele>
        <time>2025-06-26T15:49:00.535Z</time>
      </trkpt>
      <trkpt lat="37.16903799999999" lon="34.705763000000005">
        <ele>691.589</ele>
        <time>2025-06-26T15:49:02.535Z</time>
      </trkpt>
      <trkpt lat="37.169003999999994" lon="34.705814000000004">
        <ele>692.65</ele>
        <time>2025-06-26T15:49:04.535Z</time>
      </trkpt>
      <trkpt lat="37.16898499999999" lon="34.70588600000001">
        <ele>694.109</ele>
        <time>2025-06-26T15:49:07.535Z</time>
      </trkpt>
      <trkpt lat="37.16894599999999" lon="34.70594400000001">
        <ele>694.926</ele>
        <time>2025-06-26T15:49:10.535Z</time>
      </trkpt>
      <trkpt lat="37.16891899999999" lon="34.70600600000001">
        <ele>695.606</ele>
        <time>2025-06-26T15:49:13.535Z</time>
      </trkpt>
      <trkpt lat="37.168902999999986" lon="34.70606300000001">
        <ele>696.389</ele>
        <time>2025-06-26T15:49:16.535Z</time>
      </trkpt>
      <trkpt lat="37.16886499999998" lon="34.70610100000001">
        <ele>697.17</ele>
        <time>2025-06-26T15:49:19.535Z</time>
      </trkpt>
      <trkpt lat="37.16884499999998" lon="34.70616200000001">
        <ele>697.972</ele>
        <time>2025-06-26T15:49:23.535Z</time>
      </trkpt>
      <trkpt lat="37.168810999999984" lon="34.706209000000015">
        <ele>698.988</ele>
        <time>2025-06-26T15:49:26.535Z</time>
      </trkpt>
      <trkpt lat="37.16880099999998" lon="34.706271000000015">
        <ele>699.98</ele>
        <time>2025-06-26T15:49:29.535Z</time>
      </trkpt>
      <trkpt lat="37.16878599999998" lon="34.706327000000016">
        <ele>700.369</ele>
        <time>2025-06-26T15:49:32.535Z</time>
      </trkpt>
      <trkpt lat="37.16874699999998" lon="34.70637700000002">
        <ele>701.315</ele>
        <time>2025-06-26T15:49:36.535Z</time>
      </trkpt>
      <trkpt lat="37.16871699999998" lon="34.706445000000016">
        <ele>701.918</ele>
        <time>2025-06-26T15:49:40.535Z</time>
      </trkpt>
      <trkpt lat="37.16867999999998" lon="34.70649400000001">
        <ele>702.48</ele>
        <time>2025-06-26T15:49:44.535Z</time>
      </trkpt>
      <trkpt lat="37.16866299999998" lon="34.70654800000001">
        <ele>702.531</ele>
        <time>2025-06-26T15:49:47.535Z</time>
      </trkpt>
      <trkpt lat="37.16865299999998" lon="34.70661900000001">
        <ele>702.909</ele>
        <time>2025-06-26T15:49:51.535Z</time>
      </trkpt>
      <trkpt lat="37.16863799999998" lon="34.70667600000001">
        <ele>703.225</ele>
        <time>2025-06-26T15:49:53.535Z</time>
      </trkpt>
      <trkpt lat="37.16865499999998" lon="34.70674400000001">
        <ele>703.623</ele>
        <time>2025-06-26T15:49:55.535Z</time>
      </trkpt>
      <trkpt lat="37.16866799999998" lon="34.70681600000001">
        <ele>704.297</ele>
        <time>2025-06-26T15:49:57.535Z</time>
      </trkpt>
      <trkpt lat="37.168680999999985" lon="34.70689200000001">
        <ele>704.662</ele>
        <time>2025-06-26T15:50:00.535Z</time>
      </trkpt>
      <trkpt lat="37.168672999999984" lon="34.70696200000001">
        <ele>705.464</ele>
        <time>2025-06-26T15:50:03.535Z</time>
      </trkpt>
      <trkpt lat="37.168675999999984" lon="34.70703500000001">
        <ele>705.85</ele>
        <time>2025-06-26T15:50:05.535Z</time>
      </trkpt>
      <trkpt lat="37.168689999999984" lon="34.70710200000001">
        <ele>706.362</ele>
        <time>2025-06-26T15:50:08.535Z</time>
      </trkpt>
      <trkpt lat="37.16868599999999" lon="34.70717900000001">
        <ele>706.911</ele>
        <time>2025-06-26T15:50:12.535Z</time>
      </trkpt>
      <trkpt lat="37.168686999999984" lon="34.70723700000001">
        <ele>707.627</ele>
        <time>2025-06-26T15:50:15.535Z</time>
      </trkpt>
      <trkpt lat="37.16869099999998" lon="34.707296000000014">
        <ele>708.22</ele>
        <time>2025-06-26T15:50:18.535Z</time>
      </trkpt>
      <trkpt lat="37.168686999999984" lon="34.707357000000016">
        <ele>708.842</ele>
        <time>2025-06-26T15:50:21.535Z</time>
      </trkpt>
      <trkpt lat="37.168683999999985" lon="34.707422000000015">
        <ele>709.313</ele>
        <time>2025-06-26T15:50:24.535Z</time>
      </trkpt>
      <trkpt lat="37.168683999999985" lon="34.70749700000002">
        <ele>709.809</ele>
        <time>2025-06-26T15:50:28.535Z</time>
      </trkpt>
      <trkpt lat="37.16867999999999" lon="34.707557000000016">
        <ele>710.219</ele>
        <time>2025-06-26T15:50:31.535Z</time>
      </trkpt>
      <trkpt lat="37.168694999999985" lon="34.70762400000002">
        <ele>712.009</ele>
        <time>2025-06-26T15:50:34.535Z</time>
      </trkpt>
      <trkpt lat="37.168694999999985" lon="34.707689000000016">
        <ele>713.119</ele>
        <time>2025-06-26T15:50:40.535Z</time>
      </trkpt>
      <trkpt lat="37.16869299999998" lon="34.707754000000016">
        <ele>713.892</ele>
        <time>2025-06-26T15:50:45.535Z</time>
      </trkpt>
      <trkpt lat="37.168700999999984" lon="34.70782100000002">
        <ele>714.214</ele>
        <time>2025-06-26T15:50:49.535Z</time>
      </trkpt>
      <trkpt lat="37.168711999999985" lon="34.70789100000002">
        <ele>714.69</ele>
        <time>2025-06-26T15:50:53.535Z</time>
      </trkpt>
      <trkpt lat="37.16869399999999" lon="34.70794900000002">
        <ele>715.092</ele>
        <time>2025-06-26T15:50:56.535Z</time>
      </trkpt>
      <trkpt lat="37.16864499999999" lon="34.70795300000002">
        <ele>715.271</ele>
        <time>2025-06-26T15:50:59.535Z</time>
      </trkpt>
      <trkpt lat="37.16860699999999" lon="34.70791800000002">
        <ele>715.747</ele>
        <time>2025-06-26T15:51:02.535Z</time>
      </trkpt>
      <trkpt lat="37.16861499999999" lon="34.70785700000002">
        <ele>716.08</ele>
        <time>2025-06-26T15:51:05.535Z</time>
      </trkpt>
      <trkpt lat="37.16858099999999" lon="34.70780900000002">
        <ele>716.452</ele>
        <time>2025-06-26T15:51:09.535Z</time>
      </trkpt>
      <trkpt lat="37.16855299999999" lon="34.70773900000002">
        <ele>717.073</ele>
        <time>2025-06-26T15:51:12.535Z</time>
      </trkpt>
      <trkpt lat="37.16856199999999" lon="34.70765900000002">
        <ele>717.609</ele>
        <time>2025-06-26T15:51:14.535Z</time>
      </trkpt>
      <trkpt lat="37.16854699999999" lon="34.70759900000002">
        <ele>717.917</ele>
        <time>2025-06-26T15:51:16.535Z</time>
      </trkpt>
      <trkpt lat="37.16850799999999" lon="34.707542000000025">
        <ele>718.398</ele>
        <time>2025-06-26T15:51:18.535Z</time>
      </trkpt>
      <trkpt lat="37.16849599999999" lon="34.70748200000003">
        <ele>718.518</ele>
        <time>2025-06-26T15:51:20.535Z</time>
      </trkpt>
      <trkpt lat="37.16848099999999" lon="34.707424000000024">
        <ele>719.117</ele>
        <time>2025-06-26T15:51:22.535Z</time>
      </trkpt>
      <trkpt lat="37.16845599999999" lon="34.707368000000024">
        <ele>719.449</ele>
        <time>2025-06-26T15:51:24.535Z</time>
      </trkpt>
      <trkpt lat="37.168412999999994" lon="34.70732900000002">
        <ele>720.115</ele>
        <time>2025-06-26T15:51:26.535Z</time>
      </trkpt>
      <trkpt lat="37.16839699999999" lon="34.707252000000025">
        <ele>720.967</ele>
        <time>2025-06-26T15:51:28.535Z</time>
      </trkpt>
      <trkpt lat="37.16838299999999" lon="34.70718300000002">
        <ele>721.746</ele>
        <time>2025-06-26T15:51:30.535Z</time>
      </trkpt>
      <trkpt lat="37.168353999999994" lon="34.707137000000024">
        <ele>722.332</ele>
        <time>2025-06-26T15:51:32.535Z</time>
      </trkpt>
      <trkpt lat="37.168330999999995" lon="34.707078000000024">
        <ele>722.855</ele>
        <time>2025-06-26T15:51:34.535Z</time>
      </trkpt>
      <trkpt lat="37.16828999999999" lon="34.70703100000002">
        <ele>723.467</ele>
        <time>2025-06-26T15:51:36.535Z</time>
      </trkpt>
      <trkpt lat="37.16827299999999" lon="34.70693600000002">
        <ele>723.738</ele>
        <time>2025-06-26T15:51:39.535Z</time>
      </trkpt>
      <trkpt lat="37.16823699999999" lon="34.70686800000002">
        <ele>724.509</ele>
        <time>2025-06-26T15:51:42.535Z</time>
      </trkpt>
      <trkpt lat="37.16820599999999" lon="34.70681100000002">
        <ele>725.316</ele>
        <time>2025-06-26T15:51:44.535Z</time>
      </trkpt>
      <trkpt lat="37.16818399999999" lon="34.70673900000002">
        <ele>726.006</ele>
        <time>2025-06-26T15:51:46.535Z</time>
      </trkpt>
      <trkpt lat="37.16815499999999" lon="34.70668900000002">
        <ele>726.664</ele>
        <time>2025-06-26T15:51:48.535Z</time>
      </trkpt>
      <trkpt lat="37.16813599999999" lon="34.70660500000002">
        <ele>727.258</ele>
        <time>2025-06-26T15:51:50.535Z</time>
      </trkpt>
      <trkpt lat="37.16812099999999" lon="34.70653900000002">
        <ele>727.96</ele>
        <time>2025-06-26T15:51:52.535Z</time>
      </trkpt>
      <trkpt lat="37.16810399999999" lon="34.70646100000002">
        <ele>728.666</ele>
        <time>2025-06-26T15:51:54.535Z</time>
      </trkpt>
      <trkpt lat="37.16810099999999" lon="34.70638000000002">
        <ele>728.958</ele>
        <time>2025-06-26T15:51:56.535Z</time>
      </trkpt>
      <trkpt lat="37.16809899999999" lon="34.70630700000002">
        <ele>729.517</ele>
        <time>2025-06-26T15:51:58.535Z</time>
      </trkpt>
      <trkpt lat="37.16810199999999" lon="34.70624200000002">
        <ele>730.193</ele>
        <time>2025-06-26T15:52:00.535Z</time>
      </trkpt>
      <trkpt lat="37.16811399999999" lon="34.70617100000002">
        <ele>730.756</ele>
        <time>2025-06-26T15:52:02.535Z</time>
      </trkpt>
      <trkpt lat="37.16811099999999" lon="34.70609400000002">
        <ele>731.118</ele>
        <time>2025-06-26T15:52:04.535Z</time>
      </trkpt>
      <trkpt lat="37.168097999999986" lon="34.70602700000002">
        <ele>731.459</ele>
        <time>2025-06-26T15:52:06.535Z</time>
      </trkpt>
      <trkpt lat="37.16811099999999" lon="34.70595100000002">
        <ele>731.909</ele>
        <time>2025-06-26T15:52:08.535Z</time>
      </trkpt>
      <trkpt lat="37.16811999999999" lon="34.70587800000002">
        <ele>732.221</ele>
        <time>2025-06-26T15:52:10.535Z</time>
      </trkpt>
      <trkpt lat="37.16811899999999" lon="34.70580300000002">
        <ele>732.456</ele>
        <time>2025-06-26T15:52:12.535Z</time>
      </trkpt>
      <trkpt lat="37.16812199999999" lon="34.70574000000002">
        <ele>732.774</ele>
        <time>2025-06-26T15:52:14.535Z</time>
      </trkpt>
      <trkpt lat="37.16811399999999" lon="34.70567500000002">
        <ele>733.178</ele>
        <time>2025-06-26T15:52:16.535Z</time>
      </trkpt>
      <trkpt lat="37.16811199999999" lon="34.70561600000002">
        <ele>733.36</ele>
        <time>2025-06-26T15:52:18.535Z</time>
      </trkpt>
      <trkpt lat="37.168106999999985" lon="34.705550000000024">
        <ele>733.896</ele>
        <time>2025-06-26T15:52:20.535Z</time>
      </trkpt>
      <trkpt lat="37.16809199999999" lon="34.70549400000002">
        <ele>734.778</ele>
        <time>2025-06-26T15:52:22.535Z</time>
      </trkpt>
      <trkpt lat="37.16809199999999" lon="34.70543300000002">
        <ele>735.347</ele>
        <time>2025-06-26T15:52:24.535Z</time>
      </trkpt>
      <trkpt lat="37.168097999999986" lon="34.705350000000024">
        <ele>735.843</ele>
        <time>2025-06-26T15:52:27.535Z</time>
      </trkpt>
      <trkpt lat="37.16810199999998" lon="34.705276000000026">
        <ele>736.496</ele>
        <time>2025-06-26T15:52:30.535Z</time>
      </trkpt>
      <trkpt lat="37.168098999999984" lon="34.705186000000026">
        <ele>737.088</ele>
        <time>2025-06-26T15:52:32.535Z</time>
      </trkpt>
      <trkpt lat="37.168084999999984" lon="34.705122000000024">
        <ele>737.539</ele>
        <time>2025-06-26T15:52:34.535Z</time>
      </trkpt>
      <trkpt lat="37.16810199999998" lon="34.70503100000003">
        <ele>738.009</ele>
        <time>2025-06-26T15:52:36.535Z</time>
      </trkpt>
      <trkpt lat="37.16808799999998" lon="34.70495200000003">
        <ele>738.319</ele>
        <time>2025-06-26T15:52:38.535Z</time>
      </trkpt>
      <trkpt lat="37.16808599999998" lon="34.704880000000024">
        <ele>738.69</ele>
        <time>2025-06-26T15:52:40.535Z</time>
      </trkpt>
      <trkpt lat="37.16807299999998" lon="34.70479900000002">
        <ele>738.776</ele>
        <time>2025-06-26T15:52:42.535Z</time>
      </trkpt>
      <trkpt lat="37.168056999999976" lon="34.704716000000026">
        <ele>738.952</ele>
        <time>2025-06-26T15:52:44.535Z</time>
      </trkpt>
      <trkpt lat="37.16804199999998" lon="34.70463900000003">
        <ele>739.284</ele>
        <time>2025-06-26T15:52:46.535Z</time>
      </trkpt>
      <trkpt lat="37.168025999999976" lon="34.70456600000003">
        <ele>739.29</ele>
        <time>2025-06-26T15:52:48.535Z</time>
      </trkpt>
      <trkpt lat="37.16803599999998" lon="34.70446700000003">
        <ele>739.222</ele>
        <time>2025-06-26T15:52:50.535Z</time>
      </trkpt>
      <trkpt lat="37.16805399999998" lon="34.70438700000003">
        <ele>739.121</ele>
        <time>2025-06-26T15:52:52.535Z</time>
      </trkpt>
      <trkpt lat="37.168040999999974" lon="34.704324000000035">
        <ele>739.197</ele>
        <time>2025-06-26T15:52:54.535Z</time>
      </trkpt>
      <trkpt lat="37.16804399999997" lon="34.70426700000004">
        <ele>739.14</ele>
        <time>2025-06-26T15:52:56.535Z</time>
      </trkpt>
      <trkpt lat="37.168037999999974" lon="34.70418500000004">
        <ele>739.172</ele>
        <time>2025-06-26T15:52:57.535Z</time>
      </trkpt>
      <trkpt lat="37.168025999999976" lon="34.70411700000004">
        <ele>739.153</ele>
        <time>2025-06-26T15:52:58.535Z</time>
      </trkpt>
      <trkpt lat="37.168026999999974" lon="34.70405800000004">
        <ele>739.109</ele>
        <time>2025-06-26T15:52:59.535Z</time>
      </trkpt>
      <trkpt lat="37.168020999999975" lon="34.70399800000004">
        <ele>739.017</ele>
        <time>2025-06-26T15:53:01.535Z</time>
      </trkpt>
      <trkpt lat="37.168014999999976" lon="34.70393600000004">
        <ele>738.898</ele>
        <time>2025-06-26T15:53:03.535Z</time>
      </trkpt>
      <trkpt lat="37.16801299999997" lon="34.703876000000044">
        <ele>738.618</ele>
        <time>2025-06-26T15:53:05.535Z</time>
      </trkpt>
      <trkpt lat="37.168011999999976" lon="34.703802000000046">
        <ele>738.559</ele>
        <time>2025-06-26T15:53:08.535Z</time>
      </trkpt>
      <trkpt lat="37.168009999999974" lon="34.70374400000004">
        <ele>738.421</ele>
        <time>2025-06-26T15:53:11.535Z</time>
      </trkpt>
      <trkpt lat="37.168000999999975" lon="34.70367500000004">
        <ele>738.467</ele>
        <time>2025-06-26T15:53:15.535Z</time>
      </trkpt>
      <trkpt lat="37.16798599999998" lon="34.70360400000004">
        <ele>738.899</ele>
        <time>2025-06-26T15:53:19.535Z</time>
      </trkpt>
      <trkpt lat="37.16797099999998" lon="34.70353300000004">
        <ele>740.048</ele>
        <time>2025-06-26T15:53:23.535Z</time>
      </trkpt>
      <trkpt lat="37.16795699999998" lon="34.703476000000045">
        <ele>740.454</ele>
        <time>2025-06-26T15:53:26.535Z</time>
      </trkpt>
      <trkpt lat="37.16793799999998" lon="34.70340700000004">
        <ele>741.617</ele>
        <time>2025-06-26T15:53:30.535Z</time>
      </trkpt>
      <trkpt lat="37.167921999999976" lon="34.70334000000004">
        <ele>742.319</ele>
        <time>2025-06-26T15:53:34.535Z</time>
      </trkpt>
      <trkpt lat="37.16789499999997" lon="34.70328800000004">
        <ele>743.18</ele>
        <time>2025-06-26T15:53:37.535Z</time>
      </trkpt>
      <trkpt lat="37.16789299999997" lon="34.703222000000046">
        <ele>743.909</ele>
        <time>2025-06-26T15:53:41.535Z</time>
      </trkpt>
      <trkpt lat="37.16788499999997" lon="34.70315100000005">
        <ele>744.226</ele>
        <time>2025-06-26T15:53:46.535Z</time>
      </trkpt>
      <trkpt lat="37.16787299999997" lon="34.70309100000005">
        <ele>744.242</ele>
        <time>2025-06-26T15:53:54.535Z</time>
      </trkpt>
      <trkpt lat="37.167902999999974" lon="34.70304200000005">
        <ele>744.287</ele>
        <time>2025-06-26T15:54:01.535Z</time>
      </trkpt>
      <trkpt lat="37.167924999999975" lon="34.70298300000005">
        <ele>744.519</ele>
        <time>2025-06-26T15:54:06.535Z</time>
      </trkpt>
      <trkpt lat="37.16789299999998" lon="34.702940000000055">
        <ele>745.121</ele>
        <time>2025-06-26T15:54:28.535Z</time>
      </trkpt>
      <trkpt lat="37.16784799999998" lon="34.70294400000005">
        <ele>745.457</ele>
        <time>2025-06-26T15:56:19.535Z</time>
      </trkpt>
      <trkpt lat="37.167882999999975" lon="34.70298700000005">
        <ele>746.399</ele>
        <time>2025-06-26T15:56:29.535Z</time>
      </trkpt>
      <trkpt lat="37.16784799999998" lon="34.70303300000005">
        <ele>747.358</ele>
        <time>2025-06-26T15:56:33.535Z</time>
      </trkpt>
      <trkpt lat="37.16779899999998" lon="34.70305000000005">
        <ele>747.844</ele>
        <time>2025-06-26T15:56:36.535Z</time>
      </trkpt>
      <trkpt lat="37.16778699999998" lon="34.70311700000005">
        <ele>748.057</ele>
        <time>2025-06-26T15:56:38.535Z</time>
      </trkpt>
      <trkpt lat="37.167774999999985" lon="34.70319900000005">
        <ele>748.919</ele>
        <time>2025-06-26T15:56:40.535Z</time>
      </trkpt>
      <trkpt lat="37.16775699999999" lon="34.70325500000005">
        <ele>749.56</ele>
        <time>2025-06-26T15:56:42.535Z</time>
      </trkpt>
      <trkpt lat="37.167743999999985" lon="34.70331100000005">
        <ele>750.009</ele>
        <time>2025-06-26T15:56:44.535Z</time>
      </trkpt>
      <trkpt lat="37.167726999999985" lon="34.70337000000005">
        <ele>750.626</ele>
        <time>2025-06-26T15:56:46.535Z</time>
      </trkpt>
      <trkpt lat="37.167723999999986" lon="34.70345700000005">
        <ele>751.124</ele>
        <time>2025-06-26T15:56:48.535Z</time>
      </trkpt>
      <trkpt lat="37.16773199999999" lon="34.70353300000005">
        <ele>751.488</ele>
        <time>2025-06-26T15:56:51.535Z</time>
      </trkpt>
      <trkpt lat="37.167735999999984" lon="34.70359900000005">
        <ele>751.648</ele>
        <time>2025-06-26T15:56:54.535Z</time>
      </trkpt>
      <trkpt lat="37.167732999999984" lon="34.703664000000046">
        <ele>752.62</ele>
        <time>2025-06-26T15:56:57.535Z</time>
      </trkpt>
      <trkpt lat="37.167718999999984" lon="34.703735000000044">
        <ele>753.156</ele>
        <time>2025-06-26T15:57:00.535Z</time>
      </trkpt>
      <trkpt lat="37.16773099999998" lon="34.70381500000004">
        <ele>753.558</ele>
        <time>2025-06-26T15:57:06.535Z</time>
      </trkpt>
      <trkpt lat="37.16773199999998" lon="34.70388000000004">
        <ele>754.037</ele>
        <time>2025-06-26T15:57:08.535Z</time>
      </trkpt>
      <trkpt lat="37.16771399999998" lon="34.70395500000004">
        <ele>754.313</ele>
        <time>2025-06-26T15:57:10.535Z</time>
      </trkpt>
      <trkpt lat="37.16771199999998" lon="34.704028000000044">
        <ele>754.816</ele>
        <time>2025-06-26T15:57:12.535Z</time>
      </trkpt>
      <trkpt lat="37.16771199999998" lon="34.704095000000045">
        <ele>755.338</ele>
        <time>2025-06-26T15:57:14.535Z</time>
      </trkpt>
      <trkpt lat="37.16769899999998" lon="34.70417600000005">
        <ele>755.719</ele>
        <time>2025-06-26T15:57:16.535Z</time>
      </trkpt>
      <trkpt lat="37.16770499999998" lon="34.70424000000005">
        <ele>756.009</ele>
        <time>2025-06-26T15:57:18.535Z</time>
      </trkpt>
      <trkpt lat="37.167702999999975" lon="34.70431300000005">
        <ele>756.32</ele>
        <time>2025-06-26T15:57:20.535Z</time>
      </trkpt>
      <trkpt lat="37.16771899999998" lon="34.70437400000005">
        <ele>756.628</ele>
        <time>2025-06-26T15:57:22.535Z</time>
      </trkpt>
      <trkpt lat="37.167707999999976" lon="34.70444200000005">
        <ele>757.075</ele>
        <time>2025-06-26T15:57:24.535Z</time>
      </trkpt>
      <trkpt lat="37.16769899999998" lon="34.70451000000005">
        <ele>757.313</ele>
        <time>2025-06-26T15:57:26.535Z</time>
      </trkpt>
      <trkpt lat="37.16771199999998" lon="34.704587000000046">
        <ele>758.015</ele>
        <time>2025-06-26T15:57:28.535Z</time>
      </trkpt>
      <trkpt lat="37.16769299999998" lon="34.70464600000005">
        <ele>758.831</ele>
        <time>2025-06-26T15:57:30.535Z</time>
      </trkpt>
      <trkpt lat="37.167676999999976" lon="34.70471800000005">
        <ele>759.483</ele>
        <time>2025-06-26T15:57:32.535Z</time>
      </trkpt>
      <trkpt lat="37.167660999999974" lon="34.70478100000005">
        <ele>759.922</ele>
        <time>2025-06-26T15:57:34.535Z</time>
      </trkpt>
      <trkpt lat="37.16765699999998" lon="34.70486200000005">
        <ele>760.488</ele>
        <time>2025-06-26T15:57:36.535Z</time>
      </trkpt>
      <trkpt lat="37.16763399999998" lon="34.70493300000005">
        <ele>761.011</ele>
        <time>2025-06-26T15:57:38.535Z</time>
      </trkpt>
      <trkpt lat="37.16760599999998" lon="34.70499900000004">
        <ele>761.653</ele>
        <time>2025-06-26T15:57:40.535Z</time>
      </trkpt>
      <trkpt lat="37.16759399999998" lon="34.70507500000004">
        <ele>762.024</ele>
        <time>2025-06-26T15:57:42.535Z</time>
      </trkpt>
      <trkpt lat="37.16757199999998" lon="34.70514100000004">
        <ele>763.109</ele>
        <time>2025-06-26T15:57:44.535Z</time>
      </trkpt>
      <trkpt lat="37.16756299999998" lon="34.70520900000004">
        <ele>763.808</ele>
        <time>2025-06-26T15:57:46.535Z</time>
      </trkpt>
      <trkpt lat="37.16755899999998" lon="34.70526900000004">
        <ele>764.462</ele>
        <time>2025-06-26T15:57:48.535Z</time>
      </trkpt>
      <trkpt lat="37.167537999999986" lon="34.70532500000004">
        <ele>764.722</ele>
        <time>2025-06-26T15:57:50.535Z</time>
      </trkpt>
      <trkpt lat="37.167521999999984" lon="34.70539800000004">
        <ele>765.117</ele>
        <time>2025-06-26T15:57:52.535Z</time>
      </trkpt>
      <trkpt lat="37.167507999999984" lon="34.70546000000004">
        <ele>765.379</ele>
        <time>2025-06-26T15:57:54.535Z</time>
      </trkpt>
      <trkpt lat="37.167515999999985" lon="34.70552500000004">
        <ele>765.485</ele>
        <time>2025-06-26T15:57:56.535Z</time>
      </trkpt>
      <trkpt lat="37.16750399999999" lon="34.70558600000004">
        <ele>765.637</ele>
        <time>2025-06-26T15:57:58.535Z</time>
      </trkpt>
      <trkpt lat="37.167467999999985" lon="34.70564300000004">
        <ele>766.036</ele>
        <time>2025-06-26T15:58:00.535Z</time>
      </trkpt>
      <trkpt lat="37.16744499999999" lon="34.705711000000036">
        <ele>766.522</ele>
        <time>2025-06-26T15:58:02.535Z</time>
      </trkpt>
      <trkpt lat="37.16745199999998" lon="34.70579100000003">
        <ele>767.155</ele>
        <time>2025-06-26T15:58:04.535Z</time>
      </trkpt>
      <trkpt lat="37.167439999999985" lon="34.70586000000004">
        <ele>767.627</ele>
        <time>2025-06-26T15:58:06.535Z</time>
      </trkpt>
      <trkpt lat="37.167431999999984" lon="34.70592900000004">
        <ele>768.278</ele>
        <time>2025-06-26T15:58:08.535Z</time>
      </trkpt>
      <trkpt lat="37.167397999999984" lon="34.705998000000044">
        <ele>768.909</ele>
        <time>2025-06-26T15:58:10.535Z</time>
      </trkpt>
      <trkpt lat="37.16736599999999" lon="34.706071000000044">
        <ele>769.226</ele>
        <time>2025-06-26T15:58:12.535Z</time>
      </trkpt>
      <trkpt lat="37.16735999999999" lon="34.706147000000044">
        <ele>769.842</ele>
        <time>2025-06-26T15:58:14.535Z</time>
      </trkpt>
      <trkpt lat="37.16733899999999" lon="34.70622100000004">
        <ele>770.368</ele>
        <time>2025-06-26T15:58:16.535Z</time>
      </trkpt>
      <trkpt lat="37.167303999999994" lon="34.70628700000004">
        <ele>770.746</ele>
        <time>2025-06-26T15:58:18.535Z</time>
      </trkpt>
      <trkpt lat="37.167280999999996" lon="34.706353000000036">
        <ele>771.228</ele>
        <time>2025-06-26T15:58:20.535Z</time>
      </trkpt>
      <trkpt lat="37.16726799999999" lon="34.70643600000003">
        <ele>772.334</ele>
        <time>2025-06-26T15:58:22.535Z</time>
      </trkpt>
      <trkpt lat="37.167252999999995" lon="34.70650100000003">
        <ele>772.886</ele>
        <time>2025-06-26T15:58:24.535Z</time>
      </trkpt>
      <trkpt lat="37.16723699999999" lon="34.70657900000003">
        <ele>773.185</ele>
        <time>2025-06-26T15:58:27.535Z</time>
      </trkpt>
      <trkpt lat="37.16722899999999" lon="34.706638000000034">
        <ele>773.471</ele>
        <time>2025-06-26T15:58:29.535Z</time>
      </trkpt>
      <trkpt lat="37.16722399999999" lon="34.706694000000034">
        <ele>773.834</ele>
        <time>2025-06-26T15:58:31.535Z</time>
      </trkpt>
      <trkpt lat="37.16722799999999" lon="34.706756000000034">
        <ele>774.116</ele>
        <time>2025-06-26T15:58:33.535Z</time>
      </trkpt>
      <trkpt lat="37.16721699999999" lon="34.706817000000036">
        <ele>774.467</ele>
        <time>2025-06-26T15:58:35.535Z</time>
      </trkpt>
      <trkpt lat="37.16721299999999" lon="34.70687600000004">
        <ele>774.709</ele>
        <time>2025-06-26T15:58:37.535Z</time>
      </trkpt>
      <trkpt lat="37.16721399999999" lon="34.70693700000004">
        <ele>775.017</ele>
        <time>2025-06-26T15:58:39.535Z</time>
      </trkpt>
      <trkpt lat="37.167217999999984" lon="34.70701900000004">
        <ele>775.307</ele>
        <time>2025-06-26T15:58:42.535Z</time>
      </trkpt>
      <trkpt lat="37.167211999999985" lon="34.70708000000004">
        <ele>775.955</ele>
        <time>2025-06-26T15:58:45.535Z</time>
      </trkpt>
      <trkpt lat="37.16720799999999" lon="34.70714100000004">
        <ele>776.767</ele>
        <time>2025-06-26T15:58:48.535Z</time>
      </trkpt>
      <trkpt lat="37.16720199999999" lon="34.70720300000004">
        <ele>777.619</ele>
        <time>2025-06-26T15:58:51.535Z</time>
      </trkpt>
      <trkpt lat="37.16719299999999" lon="34.70726600000004">
        <ele>778.395</ele>
        <time>2025-06-26T15:58:55.535Z</time>
      </trkpt>
      <trkpt lat="37.16719099999999" lon="34.70732700000004">
        <ele>778.847</ele>
        <time>2025-06-26T15:58:58.535Z</time>
      </trkpt>
      <trkpt lat="37.167163999999985" lon="34.70738100000004">
        <ele>779.466</ele>
        <time>2025-06-26T15:59:01.535Z</time>
      </trkpt>
      <trkpt lat="37.16711699999998" lon="34.70736400000004">
        <ele>780.152</ele>
        <time>2025-06-26T15:59:04.535Z</time>
      </trkpt>
      <trkpt lat="37.16708999999998" lon="34.70730400000004">
        <ele>780.525</ele>
        <time>2025-06-26T15:59:08.535Z</time>
      </trkpt>
      <trkpt lat="37.16710799999998" lon="34.70724800000004">
        <ele>781.027</ele>
        <time>2025-06-26T15:59:11.535Z</time>
      </trkpt>
      <trkpt lat="37.16709999999998" lon="34.70718600000004">
        <ele>781.678</ele>
        <time>2025-06-26T15:59:14.535Z</time>
      </trkpt>
      <trkpt lat="37.16709399999998" lon="34.70711900000004">
        <ele>781.909</ele>
        <time>2025-06-26T15:59:16.535Z</time>
      </trkpt>
      <trkpt lat="37.16708699999998" lon="34.70704900000004">
        <ele>782.711</ele>
        <time>2025-06-26T15:59:18.535Z</time>
      </trkpt>
      <trkpt lat="37.16706099999998" lon="34.70697600000004">
        <ele>783.183</ele>
        <time>2025-06-26T15:59:20.535Z</time>
      </trkpt>
      <trkpt lat="37.167059999999985" lon="34.70689200000004">
        <ele>784.262</ele>
        <time>2025-06-26T15:59:22.535Z</time>
      </trkpt>
      <trkpt lat="37.167039999999986" lon="34.70682200000004">
        <ele>785.079</ele>
        <time>2025-06-26T15:59:24.535Z</time>
      </trkpt>
      <trkpt lat="37.167017999999985" lon="34.70673400000004">
        <ele>785.891</ele>
        <time>2025-06-26T15:59:26.535Z</time>
      </trkpt>
      <trkpt lat="37.16700999999998" lon="34.70664400000004">
        <ele>786.357</ele>
        <time>2025-06-26T15:59:28.535Z</time>
      </trkpt>
      <trkpt lat="37.16700999999998" lon="34.70658400000004">
        <ele>786.989</ele>
        <time>2025-06-26T15:59:30.535Z</time>
      </trkpt>
      <trkpt lat="37.16701099999998" lon="34.706496000000044">
        <ele>787.168</ele>
        <time>2025-06-26T15:59:32.535Z</time>
      </trkpt>
      <trkpt lat="37.16700799999998" lon="34.70641300000005">
        <ele>787.794</ele>
        <time>2025-06-26T15:59:34.535Z</time>
      </trkpt>
      <trkpt lat="37.166992999999984" lon="34.706346000000046">
        <ele>788.367</ele>
        <time>2025-06-26T15:59:36.535Z</time>
      </trkpt>
      <trkpt lat="37.166983999999985" lon="34.706279000000045">
        <ele>789.159</ele>
        <time>2025-06-26T15:59:38.535Z</time>
      </trkpt>
      <trkpt lat="37.16697999999999" lon="34.706203000000045">
        <ele>789.96</ele>
        <time>2025-06-26T15:59:40.535Z</time>
      </trkpt>
      <trkpt lat="37.16697899999999" lon="34.706130000000044">
        <ele>790.609</ele>
        <time>2025-06-26T15:59:42.535Z</time>
      </trkpt>
      <trkpt lat="37.16698999999999" lon="34.70604900000004">
        <ele>791.226</ele>
        <time>2025-06-26T15:59:44.535Z</time>
      </trkpt>
      <trkpt lat="37.16698099999999" lon="34.70597100000004">
        <ele>791.706</ele>
        <time>2025-06-26T15:59:46.535Z</time>
      </trkpt>
      <trkpt lat="37.16694799999999" lon="34.70591100000004">
        <ele>792.089</ele>
        <time>2025-06-26T15:59:48.535Z</time>
      </trkpt>
      <trkpt lat="37.16695099999999" lon="34.705848000000046">
        <ele>792.666</ele>
        <time>2025-06-26T15:59:50.535Z</time>
      </trkpt>
      <trkpt lat="37.16696399999999" lon="34.70576600000005">
        <ele>793.338</ele>
        <time>2025-06-26T15:59:52.535Z</time>
      </trkpt>
      <trkpt lat="37.166937999999995" lon="34.705699000000045">
        <ele>793.924</ele>
        <time>2025-06-26T15:59:54.535Z</time>
      </trkpt>
      <trkpt lat="37.16695299999999" lon="34.70563000000004">
        <ele>794.596</ele>
        <time>2025-06-26T15:59:56.535Z</time>
      </trkpt>
      <trkpt lat="37.16695099999999" lon="34.70554300000004">
        <ele>795.155</ele>
        <time>2025-06-26T15:59:58.535Z</time>
      </trkpt>
      <trkpt lat="37.16696299999999" lon="34.70546100000004">
        <ele>795.841</ele>
        <time>2025-06-26T16:00:00.535Z</time>
      </trkpt>
      <trkpt lat="37.16695999999999" lon="34.70540000000004">
        <ele>796.134</ele>
        <time>2025-06-26T16:00:02.535Z</time>
      </trkpt>
      <trkpt lat="37.16693799999999" lon="34.70533000000004">
        <ele>796.746</ele>
        <time>2025-06-26T16:00:04.535Z</time>
      </trkpt>
      <trkpt lat="37.16692599999999" lon="34.70524800000004">
        <ele>797.397</ele>
        <time>2025-06-26T16:00:06.535Z</time>
      </trkpt>
      <trkpt lat="37.16692499999999" lon="34.70518300000004">
        <ele>798.009</ele>
        <time>2025-06-26T16:00:08.535Z</time>
      </trkpt>
      <trkpt lat="37.16690899999999" lon="34.70511600000004">
        <ele>798.808</ele>
        <time>2025-06-26T16:00:10.535Z</time>
      </trkpt>
      <trkpt lat="37.16689499999999" lon="34.70504200000004">
        <ele>799.553</ele>
        <time>2025-06-26T16:00:12.535Z</time>
      </trkpt>
      <trkpt lat="37.16688099999999" lon="34.70496700000004">
        <ele>800.252</ele>
        <time>2025-06-26T16:00:14.535Z</time>
      </trkpt>
      <trkpt lat="37.16687499999999" lon="34.70489900000004">
        <ele>801.035</ele>
        <time>2025-06-26T16:00:16.535Z</time>
      </trkpt>
      <trkpt lat="37.16686099999999" lon="34.70482300000004">
        <ele>801.347</ele>
        <time>2025-06-26T16:00:18.535Z</time>
      </trkpt>
      <trkpt lat="37.16684399999999" lon="34.70474700000004">
        <ele>802.063</ele>
        <time>2025-06-26T16:00:20.535Z</time>
      </trkpt>
      <trkpt lat="37.16683399999999" lon="34.70468000000004">
        <ele>802.775</ele>
        <time>2025-06-26T16:00:22.535Z</time>
      </trkpt>
      <trkpt lat="37.16680799999999" lon="34.70461200000004">
        <ele>803.454</ele>
        <time>2025-06-26T16:00:24.535Z</time>
      </trkpt>
      <trkpt lat="37.16678999999999" lon="34.70454400000004">
        <ele>804.12</ele>
        <time>2025-06-26T16:00:26.535Z</time>
      </trkpt>
      <trkpt lat="37.16676699999999" lon="34.70448200000004">
        <ele>804.733</ele>
        <time>2025-06-26T16:00:28.535Z</time>
      </trkpt>
      <trkpt lat="37.16674499999999" lon="34.70441000000004">
        <ele>805.165</ele>
        <time>2025-06-26T16:00:30.535Z</time>
      </trkpt>
      <trkpt lat="37.16673899999999" lon="34.70434300000004">
        <ele>805.636</ele>
        <time>2025-06-26T16:00:32.535Z</time>
      </trkpt>
      <trkpt lat="37.16673099999999" lon="34.70426900000004">
        <ele>805.809</ele>
        <time>2025-06-26T16:00:34.535Z</time>
      </trkpt>
      <trkpt lat="37.16671099999999" lon="34.70421000000004">
        <ele>806.416</ele>
        <time>2025-06-26T16:00:36.535Z</time>
      </trkpt>
      <trkpt lat="37.16669399999999" lon="34.70415000000004">
        <ele>806.988</ele>
        <time>2025-06-26T16:00:38.535Z</time>
      </trkpt>
      <trkpt lat="37.16666599999999" lon="34.704070000000044">
        <ele>807.446</ele>
        <time>2025-06-26T16:00:40.535Z</time>
      </trkpt>
      <trkpt lat="37.166650999999995" lon="34.70401200000004">
        <ele>808.048</ele>
        <time>2025-06-26T16:00:42.535Z</time>
      </trkpt>
      <trkpt lat="37.16665499999999" lon="34.70393700000004">
        <ele>808.71</ele>
        <time>2025-06-26T16:00:44.535Z</time>
      </trkpt>
      <trkpt lat="37.166656999999994" lon="34.70387100000004">
        <ele>809.496</ele>
        <time>2025-06-26T16:00:46.535Z</time>
      </trkpt>
      <trkpt lat="37.166650999999995" lon="34.70377600000004">
        <ele>810.048</ele>
        <time>2025-06-26T16:00:48.535Z</time>
      </trkpt>
      <trkpt lat="37.166624999999996" lon="34.70370900000004">
        <ele>810.387</ele>
        <time>2025-06-26T16:00:50.535Z</time>
      </trkpt>
      <trkpt lat="37.166594999999994" lon="34.70364200000004">
        <ele>810.993</ele>
        <time>2025-06-26T16:00:52.535Z</time>
      </trkpt>
      <trkpt lat="37.166574999999995" lon="34.70356800000004">
        <ele>811.526</ele>
        <time>2025-06-26T16:00:54.535Z</time>
      </trkpt>
      <trkpt lat="37.166585999999995" lon="34.70350200000004">
        <ele>812.038</ele>
        <time>2025-06-26T16:00:56.535Z</time>
      </trkpt>
      <trkpt lat="37.16656999999999" lon="34.703417000000044">
        <ele>812.619</ele>
        <time>2025-06-26T16:00:58.535Z</time>
      </trkpt>
      <trkpt lat="37.16654599999999" lon="34.703352000000045">
        <ele>813.209</ele>
        <time>2025-06-26T16:01:00.535Z</time>
      </trkpt>
      <trkpt lat="37.16653899999999" lon="34.703296000000044">
        <ele>813.826</ele>
        <time>2025-06-26T16:01:02.535Z</time>
      </trkpt>
      <trkpt lat="37.166549999999994" lon="34.703208000000046">
        <ele>814.433</ele>
        <time>2025-06-26T16:01:04.535Z</time>
      </trkpt>
      <trkpt lat="37.16653399999999" lon="34.70314800000005">
        <ele>814.778</ele>
        <time>2025-06-26T16:01:06.535Z</time>
      </trkpt>
      <trkpt lat="37.16652899999999" lon="34.70308000000005">
        <ele>815.495</ele>
        <time>2025-06-26T16:01:08.535Z</time>
      </trkpt>
      <trkpt lat="37.16652999999999" lon="34.70301000000005">
        <ele>816.177</ele>
        <time>2025-06-26T16:01:10.535Z</time>
      </trkpt>
      <trkpt lat="37.166516999999985" lon="34.70292000000005">
        <ele>816.873</ele>
        <time>2025-06-26T16:01:12.535Z</time>
      </trkpt>
      <trkpt lat="37.16651599999999" lon="34.70285000000005">
        <ele>817.435</ele>
        <time>2025-06-26T16:01:14.535Z</time>
      </trkpt>
      <trkpt lat="37.16651899999999" lon="34.70276300000005">
        <ele>818.094</ele>
        <time>2025-06-26T16:01:16.535Z</time>
      </trkpt>
      <trkpt lat="37.16651499999999" lon="34.70269800000005">
        <ele>818.61</ele>
        <time>2025-06-26T16:01:18.535Z</time>
      </trkpt>
      <trkpt lat="37.16652599999999" lon="34.702631000000046">
        <ele>819.213</ele>
        <time>2025-06-26T16:01:20.535Z</time>
      </trkpt>
      <trkpt lat="37.16652499999999" lon="34.70255500000005">
        <ele>819.545</ele>
        <time>2025-06-26T16:01:22.535Z</time>
      </trkpt>
      <trkpt lat="37.16651999999999" lon="34.70249500000005">
        <ele>819.926</ele>
        <time>2025-06-26T16:01:24.535Z</time>
      </trkpt>
      <trkpt lat="37.166501999999994" lon="34.70243000000005">
        <ele>820.509</ele>
        <time>2025-06-26T16:01:26.535Z</time>
      </trkpt>
      <trkpt lat="37.166481999999995" lon="34.70236900000005">
        <ele>820.81</ele>
        <time>2025-06-26T16:01:28.535Z</time>
      </trkpt>
      <trkpt lat="37.16647699999999" lon="34.70230900000005">
        <ele>821.464</ele>
        <time>2025-06-26T16:01:30.535Z</time>
      </trkpt>
      <trkpt lat="37.16647199999999" lon="34.70223900000005">
        <ele>822.143</ele>
        <time>2025-06-26T16:01:32.535Z</time>
      </trkpt>
      <trkpt lat="37.16646299999999" lon="34.70217400000005">
        <ele>823.342</ele>
        <time>2025-06-26T16:01:34.535Z</time>
      </trkpt>
      <trkpt lat="37.16646299999999" lon="34.702102000000046">
        <ele>823.724</ele>
        <time>2025-06-26T16:01:36.535Z</time>
      </trkpt>
      <trkpt lat="37.166472999999996" lon="34.70202000000005">
        <ele>824.71</ele>
        <time>2025-06-26T16:01:39.535Z</time>
      </trkpt>
      <trkpt lat="37.166509" lon="34.701953000000046">
        <ele>825.442</ele>
        <time>2025-06-26T16:01:41.535Z</time>
      </trkpt>
      <trkpt lat="37.16655" lon="34.701880000000045">
        <ele>826.151</ele>
        <time>2025-06-26T16:01:44.535Z</time>
      </trkpt>
      <trkpt lat="37.166579" lon="34.701821000000045">
        <ele>826.537</ele>
        <time>2025-06-26T16:01:46.535Z</time>
      </trkpt>
      <trkpt lat="37.166618" lon="34.701768000000044">
        <ele>826.87</ele>
        <time>2025-06-26T16:01:48.535Z</time>
      </trkpt>
      <trkpt lat="37.166646" lon="34.701714000000045">
        <ele>827.142</ele>
        <time>2025-06-26T16:01:50.535Z</time>
      </trkpt>
      <trkpt lat="37.166676" lon="34.701638000000045">
        <ele>827.513</ele>
        <time>2025-06-26T16:01:53.535Z</time>
      </trkpt>
      <trkpt lat="37.166699" lon="34.70157200000005">
        <ele>827.909</ele>
        <time>2025-06-26T16:01:55.535Z</time>
      </trkpt>
      <trkpt lat="37.166734" lon="34.70152900000005">
        <ele>828.311</ele>
        <time>2025-06-26T16:01:57.535Z</time>
      </trkpt>
      <trkpt lat="37.166756" lon="34.701477000000054">
        <ele>828.665</ele>
        <time>2025-06-26T16:01:59.535Z</time>
      </trkpt>
      <trkpt lat="37.166796" lon="34.70141600000005">
        <ele>828.915</ele>
        <time>2025-06-26T16:02:01.535Z</time>
      </trkpt>
      <trkpt lat="37.166816" lon="34.70135400000005">
        <ele>829.192</ele>
        <time>2025-06-26T16:02:03.535Z</time>
      </trkpt>
      <trkpt lat="37.166829" lon="34.701291000000055">
        <ele>829.624</ele>
        <time>2025-06-26T16:02:05.535Z</time>
      </trkpt>
      <trkpt lat="37.16685" lon="34.70123000000005">
        <ele>830.27</ele>
        <time>2025-06-26T16:02:07.535Z</time>
      </trkpt>
      <trkpt lat="37.166872" lon="34.70117700000005">
        <ele>830.582</ele>
        <time>2025-06-26T16:02:09.535Z</time>
      </trkpt>
      <trkpt lat="37.166899" lon="34.70110900000005">
        <ele>831.291</ele>
        <time>2025-06-26T16:02:11.535Z</time>
      </trkpt>
      <trkpt lat="37.166928" lon="34.70102800000005">
        <ele>832.257</ele>
        <time>2025-06-26T16:02:13.535Z</time>
      </trkpt>
      <trkpt lat="37.166947" lon="34.70095800000005">
        <ele>832.79</ele>
        <time>2025-06-26T16:02:15.535Z</time>
      </trkpt>
      <trkpt lat="37.166967" lon="34.70087400000005">
        <ele>833.282</ele>
        <time>2025-06-26T16:02:18.535Z</time>
      </trkpt>
      <trkpt lat="37.166975" lon="34.70081200000005">
        <ele>833.843</ele>
        <time>2025-06-26T16:02:20.535Z</time>
      </trkpt>
      <trkpt lat="37.166992" lon="34.70073400000005">
        <ele>834.409</ele>
        <time>2025-06-26T16:02:22.535Z</time>
      </trkpt>
      <trkpt lat="37.166984" lon="34.700678000000046">
        <ele>834.707</ele>
        <time>2025-06-26T16:02:24.535Z</time>
      </trkpt>
      <trkpt lat="37.166986" lon="34.700603000000044">
        <ele>835.243</ele>
        <time>2025-06-26T16:02:26.535Z</time>
      </trkpt>
      <trkpt lat="37.167003" lon="34.700540000000046">
        <ele>835.713</ele>
        <time>2025-06-26T16:02:28.535Z</time>
      </trkpt>
      <trkpt lat="37.167006" lon="34.700467000000046">
        <ele>836.359</ele>
        <time>2025-06-26T16:02:30.535Z</time>
      </trkpt>
      <trkpt lat="37.167" lon="34.70037300000005">
        <ele>836.951</ele>
        <time>2025-06-26T16:02:32.535Z</time>
      </trkpt>
      <trkpt lat="37.166997" lon="34.70031100000005">
        <ele>837.467</ele>
        <time>2025-06-26T16:02:34.535Z</time>
      </trkpt>
      <trkpt lat="37.167004" lon="34.70024500000005">
        <ele>837.829</ele>
        <time>2025-06-26T16:02:36.535Z</time>
      </trkpt>
      <trkpt lat="37.166976999999996" lon="34.70018400000005">
        <ele>838.388</ele>
        <time>2025-06-26T16:02:38.535Z</time>
      </trkpt>
      <trkpt lat="37.16696399999999" lon="34.70012400000005">
        <ele>838.534</ele>
        <time>2025-06-26T16:02:40.535Z</time>
      </trkpt>
      <trkpt lat="37.16694799999999" lon="34.70004600000005">
        <ele>838.837</ele>
        <time>2025-06-26T16:02:43.535Z</time>
      </trkpt>
      <trkpt lat="37.16692299999999" lon="34.69996900000005">
        <ele>839.299</ele>
        <time>2025-06-26T16:02:46.535Z</time>
      </trkpt>
      <trkpt lat="37.16689599999999" lon="34.69989600000005">
        <ele>839.92</ele>
        <time>2025-06-26T16:02:49.535Z</time>
      </trkpt>
      <trkpt lat="37.16686699999999" lon="34.69981800000005">
        <ele>840.409</ele>
        <time>2025-06-26T16:02:52.535Z</time>
      </trkpt>
      <trkpt lat="37.16685999999999" lon="34.69976000000005">
        <ele>841.217</ele>
        <time>2025-06-26T16:02:55.535Z</time>
      </trkpt>
      <trkpt lat="37.166847999999995" lon="34.69970300000005">
        <ele>842.325</ele>
        <time>2025-06-26T16:02:58.535Z</time>
      </trkpt>
      <trkpt lat="37.16681499999999" lon="34.69965500000005">
        <ele>843.283</ele>
        <time>2025-06-26T16:03:02.535Z</time>
      </trkpt>
      <trkpt lat="37.16677099999999" lon="34.69963500000005">
        <ele>843.66</ele>
        <time>2025-06-26T16:03:06.535Z</time>
      </trkpt>
      <trkpt lat="37.16674999999999" lon="34.69968600000005">
        <ele>844.392</ele>
        <time>2025-06-26T16:03:09.535Z</time>
      </trkpt>
      <trkpt lat="37.166771999999995" lon="34.69974500000005">
        <ele>844.668</ele>
        <time>2025-06-26T16:03:11.535Z</time>
      </trkpt>
      <trkpt lat="37.166771999999995" lon="34.69981700000005">
        <ele>845.36</ele>
        <time>2025-06-26T16:03:13.535Z</time>
      </trkpt>
      <trkpt lat="37.16678399999999" lon="34.699875000000056">
        <ele>845.969</ele>
        <time>2025-06-26T16:03:15.535Z</time>
      </trkpt>
      <trkpt lat="37.166796999999995" lon="34.69995800000005">
        <ele>846.555</ele>
        <time>2025-06-26T16:03:17.535Z</time>
      </trkpt>
      <trkpt lat="37.166807999999996" lon="34.70002300000005">
        <ele>847.128</ele>
        <time>2025-06-26T16:03:19.535Z</time>
      </trkpt>
      <trkpt lat="37.166796" lon="34.70008600000005">
        <ele>847.76</ele>
        <time>2025-06-26T16:03:21.535Z</time>
      </trkpt>
      <trkpt lat="37.166802999999994" lon="34.70016500000005">
        <ele>848.251</ele>
        <time>2025-06-26T16:03:23.535Z</time>
      </trkpt>
      <trkpt lat="37.166802" lon="34.70023500000005">
        <ele>848.709</ele>
        <time>2025-06-26T16:03:25.535Z</time>
      </trkpt>
      <trkpt lat="37.166788999999994" lon="34.70030400000005">
        <ele>848.924</ele>
        <time>2025-06-26T16:03:27.535Z</time>
      </trkpt>
      <trkpt lat="37.166746999999994" lon="34.700385000000054">
        <ele>849.431</ele>
        <time>2025-06-26T16:03:29.535Z</time>
      </trkpt>
      <trkpt lat="37.166723999999995" lon="34.700447000000054">
        <ele>849.996</ele>
        <time>2025-06-26T16:03:31.535Z</time>
      </trkpt>
      <trkpt lat="37.166698999999994" lon="34.700514000000055">
        <ele>850.627</ele>
        <time>2025-06-26T16:03:33.535Z</time>
      </trkpt>
      <trkpt lat="37.166672999999996" lon="34.70058800000005">
        <ele>851.399</ele>
        <time>2025-06-26T16:03:35.535Z</time>
      </trkpt>
      <trkpt lat="37.166658" lon="34.700652000000055">
        <ele>852.115</ele>
        <time>2025-06-26T16:03:37.535Z</time>
      </trkpt>
      <trkpt lat="37.16663" lon="34.70069900000006">
        <ele>852.867</ele>
        <time>2025-06-26T16:03:39.535Z</time>
      </trkpt>
      <trkpt lat="37.166602999999995" lon="34.700764000000056">
        <ele>853.416</ele>
        <time>2025-06-26T16:03:41.535Z</time>
      </trkpt>
      <trkpt lat="37.166557" lon="34.700810000000054">
        <ele>853.782</ele>
        <time>2025-06-26T16:03:43.535Z</time>
      </trkpt>
      <trkpt lat="37.166512999999995" lon="34.70086700000005">
        <ele>854.285</ele>
        <time>2025-06-26T16:03:45.535Z</time>
      </trkpt>
      <trkpt lat="37.166495999999995" lon="34.70093400000005">
        <ele>854.747</ele>
        <time>2025-06-26T16:03:47.535Z</time>
      </trkpt>
      <trkpt lat="37.166464" lon="34.70098300000005">
        <ele>855.148</ele>
        <time>2025-06-26T16:03:49.535Z</time>
      </trkpt>
      <trkpt lat="37.166394999999994" lon="34.70103600000005">
        <ele>855.509</ele>
        <time>2025-06-26T16:03:51.535Z</time>
      </trkpt>
      <trkpt lat="37.166352999999994" lon="34.70110900000005">
        <ele>855.924</ele>
        <time>2025-06-26T16:03:54.535Z</time>
      </trkpt>
      <trkpt lat="37.16631699999999" lon="34.70117100000005">
        <ele>856.304</ele>
        <time>2025-06-26T16:03:56.535Z</time>
      </trkpt>
      <trkpt lat="37.16627499999999" lon="34.701198000000055">
        <ele>856.369</ele>
        <time>2025-06-26T16:03:58.535Z</time>
      </trkpt>
      <trkpt lat="37.16623799999999" lon="34.70125300000006">
        <ele>856.332</ele>
        <time>2025-06-26T16:04:01.535Z</time>
      </trkpt>
      <trkpt lat="37.16621299999999" lon="34.701310000000056">
        <ele>856.654</ele>
        <time>2025-06-26T16:04:03.535Z</time>
      </trkpt>
      <trkpt lat="37.166180999999995" lon="34.70137300000005">
        <ele>857.02</ele>
        <time>2025-06-26T16:04:06.535Z</time>
      </trkpt>
      <trkpt lat="37.166146999999995" lon="34.70141600000005">
        <ele>857.672</ele>
        <time>2025-06-26T16:04:08.535Z</time>
      </trkpt>
      <trkpt lat="37.16610299999999" lon="34.701463000000054">
        <ele>858.121</ele>
        <time>2025-06-26T16:04:10.535Z</time>
      </trkpt>
      <trkpt lat="37.16606099999999" lon="34.701527000000056">
        <ele>858.727</ele>
        <time>2025-06-26T16:04:13.535Z</time>
      </trkpt>
      <trkpt lat="37.16602499999999" lon="34.70157400000006">
        <ele>859.26</ele>
        <time>2025-06-26T16:04:15.535Z</time>
      </trkpt>
      <trkpt lat="37.16599399999999" lon="34.70162500000006">
        <ele>860.092</ele>
        <time>2025-06-26T16:04:17.535Z</time>
      </trkpt>
      <trkpt lat="37.16595299999999" lon="34.70167700000005">
        <ele>860.643</ele>
        <time>2025-06-26T16:04:20.535Z</time>
      </trkpt>
      <trkpt lat="37.16591899999999" lon="34.70175700000005">
        <ele>861.409</ele>
        <time>2025-06-26T16:04:23.535Z</time>
      </trkpt>
      <trkpt lat="37.165899999999986" lon="34.70181300000005">
        <ele>861.717</ele>
        <time>2025-06-26T16:04:25.535Z</time>
      </trkpt>
      <trkpt lat="37.16586799999999" lon="34.70186200000005">
        <ele>862.298</ele>
        <time>2025-06-26T16:04:27.535Z</time>
      </trkpt>
      <trkpt lat="37.16585099999999" lon="34.70193200000005">
        <ele>862.818</ele>
        <time>2025-06-26T16:04:29.535Z</time>
      </trkpt>
      <trkpt lat="37.16584599999999" lon="34.70199000000005">
        <ele>863.137</ele>
        <time>2025-06-26T16:04:31.535Z</time>
      </trkpt>
      <trkpt lat="37.16582899999999" lon="34.70206600000005">
        <ele>863.789</ele>
        <time>2025-06-26T16:04:33.535Z</time>
      </trkpt>
      <trkpt lat="37.16579999999999" lon="34.70212600000005">
        <ele>864.465</ele>
        <time>2025-06-26T16:04:35.535Z</time>
      </trkpt>
      <trkpt lat="37.165792999999994" lon="34.702209000000046">
        <ele>865.157</ele>
        <time>2025-06-26T16:04:37.535Z</time>
      </trkpt>
      <trkpt lat="37.165761999999994" lon="34.702271000000046">
        <ele>865.816</ele>
        <time>2025-06-26T16:04:39.535Z</time>
      </trkpt>
      <trkpt lat="37.16573699999999" lon="34.70234100000005">
        <ele>866.362</ele>
        <time>2025-06-26T16:04:41.535Z</time>
      </trkpt>
      <trkpt lat="37.16571799999999" lon="34.70240500000005">
        <ele>866.855</ele>
        <time>2025-06-26T16:04:43.535Z</time>
      </trkpt>
      <trkpt lat="37.16567999999999" lon="34.70248300000005">
        <ele>867.057</ele>
        <time>2025-06-26T16:04:45.535Z</time>
      </trkpt>
      <trkpt lat="37.16565699999999" lon="34.70254800000005">
        <ele>867.638</ele>
        <time>2025-06-26T16:04:47.535Z</time>
      </trkpt>
      <trkpt lat="37.16565099999999" lon="34.70261400000005">
        <ele>868.409</ele>
        <time>2025-06-26T16:04:49.535Z</time>
      </trkpt>
      <trkpt lat="37.16561199999999" lon="34.702674000000044">
        <ele>869.118</ele>
        <time>2025-06-26T16:04:51.535Z</time>
      </trkpt>
      <trkpt lat="37.16557799999999" lon="34.70272800000004">
        <ele>869.744</ele>
        <time>2025-06-26T16:04:53.535Z</time>
      </trkpt>
      <trkpt lat="37.16554899999999" lon="34.70280400000004">
        <ele>870.263</ele>
        <time>2025-06-26T16:04:55.535Z</time>
      </trkpt>
      <trkpt lat="37.16552999999999" lon="34.70288300000004">
        <ele>870.827</ele>
        <time>2025-06-26T16:04:57.535Z</time>
      </trkpt>
      <trkpt lat="37.16550399999999" lon="34.702967000000044">
        <ele>871.419</ele>
        <time>2025-06-26T16:04:59.535Z</time>
      </trkpt>
      <trkpt lat="37.16548699999999" lon="34.703043000000044">
        <ele>871.745</ele>
        <time>2025-06-26T16:05:01.535Z</time>
      </trkpt>
      <trkpt lat="37.165457999999994" lon="34.70311200000005">
        <ele>872.397</ele>
        <time>2025-06-26T16:05:03.535Z</time>
      </trkpt>
      <trkpt lat="37.16543399999999" lon="34.703186000000045">
        <ele>872.776</ele>
        <time>2025-06-26T16:05:05.535Z</time>
      </trkpt>
      <trkpt lat="37.16540999999999" lon="34.70326600000004">
        <ele>873.162</ele>
        <time>2025-06-26T16:05:07.535Z</time>
      </trkpt>
      <trkpt lat="37.165396999999984" lon="34.70334000000004">
        <ele>873.595</ele>
        <time>2025-06-26T16:05:09.535Z</time>
      </trkpt>
      <trkpt lat="37.165385999999984" lon="34.70342700000004">
        <ele>874.197</ele>
        <time>2025-06-26T16:05:11.535Z</time>
      </trkpt>
      <trkpt lat="37.165376999999985" lon="34.70348900000004">
        <ele>874.468</ele>
        <time>2025-06-26T16:05:13.535Z</time>
      </trkpt>
      <trkpt lat="37.16537299999999" lon="34.70354700000004">
        <ele>874.609</ele>
        <time>2025-06-26T16:05:15.535Z</time>
      </trkpt>
      <trkpt lat="37.16536799999999" lon="34.70360400000004">
        <ele>874.811</ele>
        <time>2025-06-26T16:05:17.535Z</time>
      </trkpt>
      <trkpt lat="37.165351999999984" lon="34.70367800000004">
        <ele>875.383</ele>
        <time>2025-06-26T16:05:20.535Z</time>
      </trkpt>
      <trkpt lat="37.16534799999999" lon="34.70373800000004">
        <ele>875.962</ele>
        <time>2025-06-26T16:05:23.535Z</time>
      </trkpt>
      <trkpt lat="37.165339999999986" lon="34.703795000000035">
        <ele>876.332</ele>
        <time>2025-06-26T16:05:26.535Z</time>
      </trkpt>
      <trkpt lat="37.16532999999998" lon="34.703865000000036">
        <ele>876.724</ele>
        <time>2025-06-26T16:05:30.535Z</time>
      </trkpt>
      <trkpt lat="37.16532999999998" lon="34.703933000000035">
        <ele>877.22</ele>
        <time>2025-06-26T16:05:34.535Z</time>
      </trkpt>
      <trkpt lat="37.16531599999998" lon="34.70399100000004">
        <ele>877.862</ele>
        <time>2025-06-26T16:05:37.535Z</time>
      </trkpt>
      <trkpt lat="37.165300999999985" lon="34.704048000000036">
        <ele>878.191</ele>
        <time>2025-06-26T16:05:40.535Z</time>
      </trkpt>
      <trkpt lat="37.16529399999999" lon="34.704124000000036">
        <ele>879.017</ele>
        <time>2025-06-26T16:05:44.535Z</time>
      </trkpt>
      <trkpt lat="37.16528999999999" lon="34.70418800000004">
        <ele>879.46</ele>
        <time>2025-06-26T16:05:47.535Z</time>
      </trkpt>
      <trkpt lat="37.16528999999999" lon="34.70425700000004">
        <ele>880.072</ele>
        <time>2025-06-26T16:05:50.535Z</time>
      </trkpt>
      <trkpt lat="37.16530699999999" lon="34.70431100000004">
        <ele>880.433</ele>
        <time>2025-06-26T16:05:52.535Z</time>
      </trkpt>
      <trkpt lat="37.16531399999999" lon="34.70439000000004">
        <ele>880.709</ele>
        <time>2025-06-26T16:05:55.535Z</time>
      </trkpt>
      <trkpt lat="37.16533099999999" lon="34.70444400000004">
        <ele>880.903</ele>
        <time>2025-06-26T16:05:58.535Z</time>
      </trkpt>
      <trkpt lat="37.16533899999999" lon="34.704507000000035">
        <ele>881.421</ele>
        <time>2025-06-26T16:06:01.535Z</time>
      </trkpt>
      <trkpt lat="37.165359999999986" lon="34.70456500000004">
        <ele>881.811</ele>
        <time>2025-06-26T16:06:16.535Z</time>
      </trkpt>
      <trkpt lat="37.16536199999999" lon="34.70463300000004">
        <ele>882.169</ele>
        <time>2025-06-26T16:06:19.535Z</time>
      </trkpt>
      <trkpt lat="37.165393999999985" lon="34.704696000000034">
        <ele>882.251</ele>
        <time>2025-06-26T16:06:21.535Z</time>
      </trkpt>
      <trkpt lat="37.16538699999999" lon="34.70477900000003">
        <ele>883.137</ele>
        <time>2025-06-26T16:06:23.535Z</time>
      </trkpt>
      <trkpt lat="37.16535199999999" lon="34.70484900000003">
        <ele>883.499</ele>
        <time>2025-06-26T16:06:25.535Z</time>
      </trkpt>
      <trkpt lat="37.165319999999994" lon="34.70489500000003">
        <ele>884.198</ele>
        <time>2025-06-26T16:08:57.535Z</time>
      </trkpt>
      <trkpt lat="37.16532899999999" lon="34.70495300000003">
        <ele>885.454</ele>
        <time>2025-06-26T16:09:02.535Z</time>
      </trkpt>
      <trkpt lat="37.165350999999994" lon="34.70500200000003">
        <ele>886.317</ele>
        <time>2025-06-26T16:10:28.535Z</time>
      </trkpt>
      <trkpt lat="37.16530699999999" lon="34.70502600000003">
        <ele>886.759</ele>
        <time>2025-06-26T16:10:41.535Z</time>
      </trkpt>
      <trkpt lat="37.165254999999995" lon="34.70504000000003">
        <ele>887.26</ele>
        <time>2025-06-26T16:10:46.535Z</time>
      </trkpt>
      <trkpt lat="37.16520499999999" lon="34.70504100000003">
        <ele>888.609</ele>
        <time>2025-06-26T16:10:50.535Z</time>
      </trkpt>
      <trkpt lat="37.165158999999996" lon="34.70503600000003">
        <ele>889.917</ele>
        <time>2025-06-26T16:11:04.535Z</time>
      </trkpt>
      <trkpt lat="37.165116999999995" lon="34.70501100000003">
        <ele>890.561</ele>
        <time>2025-06-26T16:11:25.535Z</time>
      </trkpt>
      <trkpt lat="37.16506999999999" lon="34.705001000000024">
        <ele>890.981</ele>
        <time>2025-06-26T16:12:25.535Z</time>
      </trkpt>
      <trkpt lat="37.165037999999996" lon="34.704950000000025">
        <ele>891.085</ele>
        <time>2025-06-26T16:12:28.535Z</time>
      </trkpt>
      <trkpt lat="37.164989999999996" lon="34.704911000000024">
        <ele>891.047</ele>
        <time>2025-06-26T16:12:31.535Z</time>
      </trkpt>
      <trkpt lat="37.164964" lon="34.70486200000003">
        <ele>891.063</ele>
        <time>2025-06-26T16:12:35.535Z</time>
      </trkpt>
      <trkpt lat="37.164918" lon="34.704860000000025">
        <ele>891.015</ele>
        <time>2025-06-26T16:12:50.535Z</time>
      </trkpt>
      <trkpt lat="37.164939" lon="34.704809000000026">
        <ele>890.934</ele>
        <time>2025-06-26T16:13:35.535Z</time>
      </trkpt>
      <trkpt lat="37.164887" lon="34.704815000000025">
        <ele>890.84</ele>
        <time>2025-06-26T16:13:40.535Z</time>
      </trkpt>
      <trkpt lat="37.164849" lon="34.70477900000002">
        <ele>890.483</ele>
        <time>2025-06-26T16:14:02.535Z</time>
      </trkpt>
      <trkpt lat="37.164812" lon="34.704747000000026">
        <ele>889.935</ele>
        <time>2025-06-26T16:14:08.535Z</time>
      </trkpt>
      <trkpt lat="37.164781999999995" lon="34.70469500000003">
        <ele>889.176</ele>
        <time>2025-06-26T16:14:11.535Z</time>
      </trkpt>
      <trkpt lat="37.164767" lon="34.70463500000003">
        <ele>888.109</ele>
        <time>2025-06-26T16:14:16.535Z</time>
      </trkpt>
      <trkpt lat="37.16475" lon="34.70457600000003">
        <ele>887.416</ele>
        <time>2025-06-26T16:14:19.535Z</time>
      </trkpt>
      <trkpt lat="37.164746" lon="34.70451200000003">
        <ele>886.888</ele>
        <time>2025-06-26T16:14:24.535Z</time>
      </trkpt>
      <trkpt lat="37.164744" lon="34.70444500000003">
        <ele>886.246</ele>
        <time>2025-06-26T16:14:30.535Z</time>
      </trkpt>
      <trkpt lat="37.164724" lon="34.70439300000003">
        <ele>885.785</ele>
        <time>2025-06-26T16:14:34.535Z</time>
      </trkpt>
      <trkpt lat="37.164714" lon="34.70433400000003">
        <ele>885.157</ele>
        <time>2025-06-26T16:14:39.535Z</time>
      </trkpt>
      <trkpt lat="37.164699" lon="34.704271000000034">
        <ele>884.473</ele>
        <time>2025-06-26T16:14:43.535Z</time>
      </trkpt>
      <trkpt lat="37.164674999999995" lon="34.70422200000004">
        <ele>883.745</ele>
        <time>2025-06-26T16:14:48.535Z</time>
      </trkpt>
      <trkpt lat="37.164649999999995" lon="34.70417000000004">
        <ele>883.194</ele>
        <time>2025-06-26T16:14:53.535Z</time>
      </trkpt>
      <trkpt lat="37.16462299999999" lon="34.70412300000004">
        <ele>882.46</ele>
        <time>2025-06-26T16:14:57.535Z</time>
      </trkpt>
      <trkpt lat="37.16460099999999" lon="34.704068000000035">
        <ele>881.343</ele>
        <time>2025-06-26T16:15:01.535Z</time>
      </trkpt>
      <trkpt lat="37.16455899999999" lon="34.704043000000034">
        <ele>880.115</ele>
        <time>2025-06-26T16:15:05.535Z</time>
      </trkpt>
      <trkpt lat="37.16453599999999" lon="34.703989000000036">
        <ele>878.886</ele>
        <time>2025-06-26T16:15:10.535Z</time>
      </trkpt>
      <trkpt lat="37.16450699999999" lon="34.70394500000003">
        <ele>877.309</ele>
        <time>2025-06-26T16:15:15.535Z</time>
      </trkpt>
      <trkpt lat="37.16446499999999" lon="34.70390000000003">
        <ele>875.714</ele>
        <time>2025-06-26T16:15:22.535Z</time>
      </trkpt>
      <trkpt lat="37.16442299999999" lon="34.70387200000003">
        <ele>874.522</ele>
        <time>2025-06-26T16:15:28.535Z</time>
      </trkpt>
      <trkpt lat="37.164376999999995" lon="34.703820000000036">
        <ele>873.742</ele>
        <time>2025-06-26T16:15:35.535Z</time>
      </trkpt>
      <trkpt lat="37.164351999999994" lon="34.70376800000004">
        <ele>873.175</ele>
        <time>2025-06-26T16:15:43.535Z</time>
      </trkpt>
      <trkpt lat="37.16430999999999" lon="34.70374700000004">
        <ele>872.877</ele>
        <time>2025-06-26T16:15:47.535Z</time>
      </trkpt>
      <trkpt lat="37.16425499999999" lon="34.703738000000044">
        <ele>872.883</ele>
        <time>2025-06-26T16:15:51.535Z</time>
      </trkpt>
      <trkpt lat="37.16421299999999" lon="34.70370500000004">
        <ele>872.865</ele>
        <time>2025-06-26T16:15:55.535Z</time>
      </trkpt>
      <trkpt lat="37.16417699999999" lon="34.703653000000045">
        <ele>872.614</ele>
        <time>2025-06-26T16:16:00.535Z</time>
      </trkpt>
      <trkpt lat="37.16414299999999" lon="34.70360700000005">
        <ele>872.64</ele>
        <time>2025-06-26T16:16:04.535Z</time>
      </trkpt>
      <trkpt lat="37.164101999999986" lon="34.70357000000005">
        <ele>872.663</ele>
        <time>2025-06-26T16:16:08.535Z</time>
      </trkpt>
      <trkpt lat="37.16407499999998" lon="34.70352100000005">
        <ele>872.515</ele>
        <time>2025-06-26T16:16:11.535Z</time>
      </trkpt>
      <trkpt lat="37.16402799999998" lon="34.70347100000005">
        <ele>871.696</ele>
        <time>2025-06-26T16:16:15.535Z</time>
      </trkpt>
      <trkpt lat="37.16400099999998" lon="34.70341500000005">
        <ele>871.109</ele>
        <time>2025-06-26T16:16:18.535Z</time>
      </trkpt>
      <trkpt lat="37.16397199999998" lon="34.70337000000005">
        <ele>870.221</ele>
        <time>2025-06-26T16:16:23.535Z</time>
      </trkpt>
      <trkpt lat="37.16391899999998" lon="34.70334000000005">
        <ele>869.529</ele>
        <time>2025-06-26T16:16:27.535Z</time>
      </trkpt>
      <trkpt lat="37.16386899999998" lon="34.703315000000046">
        <ele>869.547</ele>
        <time>2025-06-26T16:16:30.535Z</time>
      </trkpt>
      <trkpt lat="37.16381799999998" lon="34.703296000000044">
        <ele>869.544</ele>
        <time>2025-06-26T16:16:33.535Z</time>
      </trkpt>
      <trkpt lat="37.163756999999976" lon="34.70329500000005">
        <ele>869.766</ele>
        <time>2025-06-26T16:16:36.535Z</time>
      </trkpt>
      <trkpt lat="37.163703999999974" lon="34.703287000000046">
        <ele>870.172</ele>
        <time>2025-06-26T16:16:38.535Z</time>
      </trkpt>
      <trkpt lat="37.163641999999975" lon="34.703293000000045">
        <ele>870.474</ele>
        <time>2025-06-26T16:16:41.535Z</time>
      </trkpt>
      <trkpt lat="37.163596999999974" lon="34.70330500000004">
        <ele>870.443</ele>
        <time>2025-06-26T16:16:43.535Z</time>
      </trkpt>
      <trkpt lat="37.16355299999997" lon="34.70334800000004">
        <ele>870.429</ele>
        <time>2025-06-26T16:16:46.535Z</time>
      </trkpt>
      <trkpt lat="37.163509999999974" lon="34.70337900000004">
        <ele>870.412</ele>
        <time>2025-06-26T16:16:49.535Z</time>
      </trkpt>
      <trkpt lat="37.163463999999976" lon="34.70337000000004">
        <ele>870.314</ele>
        <time>2025-06-26T16:17:10.535Z</time>
      </trkpt>
      <trkpt lat="37.163407999999976" lon="34.703380000000045">
        <ele>869.095</ele>
        <time>2025-06-26T16:17:13.535Z</time>
      </trkpt>
      <trkpt lat="37.16335599999998" lon="34.70334200000004">
        <ele>868.709</ele>
        <time>2025-06-26T16:17:16.535Z</time>
      </trkpt>
      <trkpt lat="37.16331599999998" lon="34.70330900000004">
        <ele>868.621</ele>
        <time>2025-06-26T16:17:19.535Z</time>
      </trkpt>
      <trkpt lat="37.16328499999998" lon="34.70325900000004">
        <ele>868.501</ele>
        <time>2025-06-26T16:17:23.535Z</time>
      </trkpt>
      <trkpt lat="37.16323799999998" lon="34.703215000000036">
        <ele>868.539</ele>
        <time>2025-06-26T16:17:26.535Z</time>
      </trkpt>
      <trkpt lat="37.16318899999998" lon="34.703193000000034">
        <ele>868.454</ele>
        <time>2025-06-26T16:17:30.535Z</time>
      </trkpt>
      <trkpt lat="37.16313799999998" lon="34.70318000000003">
        <ele>868.026</ele>
        <time>2025-06-26T16:17:34.535Z</time>
      </trkpt>
      <trkpt lat="37.16309299999998" lon="34.70319100000003">
        <ele>867.392</ele>
        <time>2025-06-26T16:26:38.867Z</time>
      </trkpt>
      <trkpt lat="37.16309299999998" lon="34.70319100000003">
        <ele>895.2251764892144</ele>
        <time>2025-06-26T16:26:38.867Z</time>
      </trkpt>
      <trkpt lat="37.16302902387238" lon="34.70322417898658">
        <ele>894.8503674551616</ele>
        <time>2025-06-26T16:26:43.467Z</time>
      </trkpt>
      <trkpt lat="37.162613457971105" lon="34.70343969774282">
        <ele>894.272520006449</ele>
        <time>2025-06-26T16:27:13.058Z</time>
      </trkpt>
      <trkpt lat="37.162613457971105" lon="34.70343969774282">
        <ele>894.272520006449</ele>
        <time>2025-06-26T16:27:13.058Z</time>
      </trkpt>
      <trkpt lat="37.16257820332513" lon="34.70348040335605">
        <ele>893.5877998531803</ele>
        <time>2025-06-26T16:27:16.240Z</time>
      </trkpt>
      <trkpt lat="37.16224730853496" lon="34.70386246010284">
        <ele>887.0747203089775</ele>
        <time>2025-06-26T16:27:46.107Z</time>
      </trkpt>
      <trkpt lat="37.16191641374479" lon="34.70424451684963">
        <ele>880.4732808284235</ele>
        <time>2025-06-26T16:28:14.662Z</time>
      </trkpt>
      <trkpt lat="37.16191641374479" lon="34.70424451684963">
        <ele>880.4732808284235</ele>
        <time>2025-06-26T16:28:14.662Z</time>
      </trkpt>
      <trkpt lat="37.16178049125269" lon="34.70438095523869">
        <ele>878.3869013485506</ele>
        <time>2025-06-26T16:28:26.175Z</time>
      </trkpt>
      <trkpt lat="37.16142935859142" lon="34.704733420632124">
        <ele>872.2931310957772</ele>
        <time>2025-06-26T16:28:55.918Z</time>
      </trkpt>
      <trkpt lat="37.161290307334994" lon="34.70505084921921">
        <ele>864.0760631666533</ele>
        <time>2025-06-26T16:29:15.012Z</time>
      </trkpt>
      <trkpt lat="37.16107370691067" lon="34.70554530837353">
        <ele>853.2232883695517</ele>
        <time>2025-06-26T16:29:44.755Z</time>
      </trkpt>
      <trkpt lat="37.16107370691067" lon="34.70554530837353">
        <ele>853.2232883695517</ele>
        <time>2025-06-26T16:29:44.811Z</time>
      </trkpt>
      <trkpt lat="37.16099758837842" lon="34.705728230041004">
        <ele>849.485096131824</ele>
        <time>2025-06-26T16:29:55.689Z</time>
      </trkpt>
      <trkpt lat="37.16078946110845" lon="34.70622838402645">
        <ele>841.4987774521119</ele>
        <time>2025-06-26T16:30:25.669Z</time>
      </trkpt>
      <trkpt lat="37.16058133383848" lon="34.7067285380119">
        <ele>833.9145187365758</ele>
        <time>2025-06-26T16:30:55.649Z</time>
      </trkpt>
      <trkpt lat="37.16058133383848" lon="34.7067285380119">
        <ele>833.9145187365758</ele>
        <time>2025-06-26T16:30:55.649Z</time>
      </trkpt>
      <trkpt lat="37.16045475350772" lon="34.70681188896904">
        <ele>836.5884392757911</ele>
        <time>2025-06-26T16:31:05.179Z</time>
      </trkpt>
      <trkpt lat="37.16045475350772" lon="34.70681188896904">
        <ele>836.5884392757911</ele>
        <time>2025-06-26T16:31:05.179Z</time>
      </trkpt>
      <trkpt lat="37.16045475350772" lon="34.70681188896904">
        <ele>836.5884392757911</ele>
        <time>2025-06-26T16:31:05.179Z</time>
      </trkpt>
      <trkpt lat="37.160294932509316" lon="34.70690976543318">
        <ele>843.511404921674</ele>
        <time>2025-06-26T16:31:15.860Z</time>
      </trkpt>
      <trkpt lat="37.160173795573854" lon="34.70712540969535">
        <ele>847.6255864605779</ele>
        <time>2025-06-26T16:31:28.488Z</time>
      </trkpt>
      <trkpt lat="37.160173795573854" lon="34.70712540969535">
        <ele>847.6255864605779</ele>
        <time>2025-06-26T16:31:28.488Z</time>
      </trkpt>
      <trkpt lat="37.160398425562875" lon="34.70738844937631">
        <ele>832.9341198835457</ele>
        <time>2025-06-26T16:31:46.941Z</time>
      </trkpt>
      <trkpt lat="37.160398425562875" lon="34.70738844937631">
        <ele>832.9341198835457</ele>
        <time>2025-06-26T16:31:46.941Z</time>
      </trkpt>
      <trkpt lat="37.160398425562875" lon="34.70738844937631">
        <ele>832.9341198835457</ele>
        <time>2025-06-26T16:31:46.941Z</time>
      </trkpt>
      <trkpt lat="37.16042441441802" lon="34.70747370087544">
        <ele>830.6771656304962</ele>
        <time>2025-06-26T16:31:51.438Z</time>
      </trkpt>
      <trkpt lat="37.160585066804856" lon="34.70800069049238">
        <ele>821.9307346574178</ele>
        <time>2025-06-26T16:32:17.391Z</time>
      </trkpt>
      <trkpt lat="37.160585066804856" lon="34.70800069049238">
        <ele>821.9307346574178</ele>
        <time>2025-06-26T16:32:17.391Z</time>
      </trkpt>
      <trkpt lat="37.16065734740894" lon="34.70835790018552">
        <ele>818.7799483479708</ele>
        <time>2025-06-26T16:43:48.436Z</time>
      </trkpt>
      <trkpt lat="37.16065734740894" lon="34.70835790018552">
        <ele>818.7799483479708</ele>
        <time>2025-06-26T16:43:48.436Z</time>
      </trkpt>
      <trkpt lat="37.16067991961998" lon="34.70838273574093">
        <ele>817.861028593777</ele>
        <time>2025-06-26T16:43:53.198Z</time>
      </trkpt>
      <trkpt lat="37.16101801291703" lon="34.70875473008397">
        <ele>801.9628748710272</ele>
        <time>2025-06-26T16:45:04.541Z</time>
      </trkpt>
      <trkpt lat="37.161356106214086" lon="34.709126724426994">
        <ele>785.2959911771126</ele>
        <time>2025-06-26T16:46:05.227Z</time>
      </trkpt>
      <trkpt lat="37.161356106214086" lon="34.709126724426994">
        <ele>785.2959911771126</ele>
        <time>2025-06-26T16:46:05.227Z</time>
      </trkpt>
      <trkpt lat="37.16167824609107" lon="34.709294409871404">
        <ele>776.0038596109961</ele>
        <time>2025-06-26T16:46:48.649Z</time>
      </trkpt>
      <trkpt lat="37.16167824609107" lon="34.709294409871404">
        <ele>776.0038596109961</ele>
        <time>2025-06-26T16:46:48.772Z</time>
      </trkpt>
      <trkpt lat="37.16193710662128" lon="34.709463820788386">
        <ele>767.8033570205624</ele>
        <time>2025-06-26T16:47:29.786Z</time>
      </trkpt>
      <trkpt lat="37.16193710662128" lon="34.709463820788386">
        <ele>767.8033570205624</ele>
        <time>2025-06-26T16:47:29.786Z</time>
      </trkpt>
      <trkpt lat="37.16201769149393" lon="34.709823370678976">
        <ele>757.760779617502</ele>
        <time>2025-06-26T16:48:05.315Z</time>
      </trkpt>
      <trkpt lat="37.16201769149393" lon="34.709823370678976">
        <ele>757.760779617502</ele>
        <time>2025-06-26T16:48:05.315Z</time>
      </trkpt>
      <trkpt lat="37.16220403815848" lon="34.710002736231644">
        <ele>747.3897848414367</ele>
        <time>2025-06-26T16:48:32.403Z</time>
      </trkpt>
      <trkpt lat="37.16220403815848" lon="34.710002736231644">
        <ele>747.3897848414367</ele>
        <time>2025-06-26T16:48:32.403Z</time>
      </trkpt>
      <trkpt lat="37.16235028682398" lon="34.71030561372024">
        <ele>733.505639302476</ele>
        <time>2025-06-26T16:49:07.994Z</time>
      </trkpt>
      <trkpt lat="37.16235028682398" lon="34.71030561372024">
        <ele>733.505639302476</ele>
        <time>2025-06-26T16:49:07.994Z</time>
      </trkpt>
      <trkpt lat="37.16236472375856" lon="34.71080129131991">
        <ele>716.270807615016</ele>
        <time>2025-06-26T16:50:00.414Z</time>
      </trkpt>
      <trkpt lat="37.16236472375856" lon="34.71080129131991">
        <ele>716.270807615016</ele>
        <time>2025-06-26T16:50:00.414Z</time>
      </trkpt>
      <trkpt lat="37.16226817805365" lon="34.71105228817146">
        <ele>710.1137008649954</ele>
        <time>2025-06-26T16:50:28.555Z</time>
      </trkpt>
      <trkpt lat="37.16226817805365" lon="34.71105228817146">
        <ele>710.1137008649954</ele>
        <time>2025-06-26T16:50:28.555Z</time>
      </trkpt>
      <trkpt lat="37.16199478684801" lon="34.71138084802021">
        <ele>705.0829584525504</ele>
        <time>2025-06-26T16:51:17.119Z</time>
      </trkpt>
      <trkpt lat="37.16199478684801" lon="34.71138084802021">
        <ele>705.0829584525504</ele>
        <time>2025-06-26T16:51:17.119Z</time>
      </trkpt>
      <trkpt lat="37.16174621114072" lon="34.71175367555995">
        <ele>697.9691020035406</ele>
        <time>2025-06-26T16:52:05.608Z</time>
      </trkpt>
      <trkpt lat="37.161755499440815" lon="34.71201787377109">
        <ele>690.5038844083443</ele>
        <time>2025-06-26T16:52:31.988Z</time>
      </trkpt>
      <trkpt lat="37.161755499440815" lon="34.71201787377109">
        <ele>690.5038844083443</ele>
        <time>2025-06-26T16:52:31.988Z</time>
      </trkpt>
      <trkpt lat="37.161755499440815" lon="34.71201787377109">
        <ele>690.5038844083443</ele>
        <time>2025-06-26T16:52:31.988Z</time>
      </trkpt>
      <trkpt lat="37.16174249776098" lon="34.71235014210626">
        <ele>681.787996988822</ele>
        <time>2025-06-26T16:53:00.002Z</time>
      </trkpt>
      <trkpt lat="37.16181800531788" lon="34.712479576777866">
        <ele>676.3745056706255</ele>
        <time>2025-06-26T16:53:13.510Z</time>
      </trkpt>
      <trkpt lat="37.16181800531788" lon="34.712479576777866">
        <ele>676.3745056706255</ele>
        <time>2025-06-26T16:53:13.510Z</time>
      </trkpt>
      <trkpt lat="37.16192196709649" lon="34.71249192869524">
        <ele>673.3753391436542</ele>
        <time>2025-06-26T16:53:24.544Z</time>
      </trkpt>
      <trkpt lat="37.16192196709649" lon="34.71249192869524">
        <ele>673.3753391436542</ele>
        <time>2025-06-26T16:56:11.357Z</time>
      </trkpt>
      <trkpt lat="37.16192196709649" lon="34.71249192869524">
        <ele>673.3753391436542</ele>
        <time>2025-06-26T16:56:11.357Z</time>
      </trkpt>
      <trkpt lat="37.162026199571415" lon="34.71273489516642">
        <ele>665.227075196896</ele>
        <time>2025-06-26T16:56:27.173Z</time>
      </trkpt>
      <trkpt lat="37.16211257535937" lon="34.71283101324124">
        <ele>661.410309588072</ele>
        <time>2025-06-26T16:56:35.476Z</time>
      </trkpt>
      <trkpt lat="37.16211257535937" lon="34.71283101324124">
        <ele>661.410309588072</ele>
        <time>2025-06-26T16:56:35.476Z</time>
      </trkpt>
      <trkpt lat="37.162214469640155" lon="34.71289882887024">
        <ele>657.9462285822214</ele>
        <time>2025-06-26T16:56:43.771Z</time>
      </trkpt>
      <trkpt lat="37.162611713171856" lon="34.71316321387556">
        <ele>645.2157876146266</ele>
        <time>2025-06-26T16:57:10.083Z</time>
      </trkpt>
      <trkpt lat="37.162611713171856" lon="34.71316321387556">
        <ele>645.2157876146266</ele>
        <time>2025-06-26T16:57:10.083Z</time>
      </trkpt>
      <trkpt lat="37.162611713171856" lon="34.71316321387556">
        <ele>645.2157876146266</ele>
        <time>2025-06-26T16:57:10.083Z</time>
      </trkpt>
      <trkpt lat="37.162734116921825" lon="34.713378263890036">
        <ele>639.1208291348553</ele>
        <time>2025-06-26T16:57:21.190Z</time>
      </trkpt>
      <trkpt lat="37.162995463803284" lon="34.71383742180518">
        <ele>626.2785445092682</ele>
        <time>2025-06-26T16:58:00.017Z</time>
      </trkpt>
      <trkpt lat="37.162995463803284" lon="34.71383742180518">
        <ele>626.2785445092682</ele>
        <time>2025-06-26T16:58:00.017Z</time>
      </trkpt>
      <trkpt lat="37.1631727235349" lon="34.71403160981612">
        <ele>619.4626664407558</ele>
        <time>2025-06-26T16:58:12.364Z</time>
      </trkpt>
      <trkpt lat="37.163353704627696" lon="34.714438540764576">
        <ele>608.2066614179963</ele>
        <time>2025-06-26T16:58:31.851Z</time>
      </trkpt>
      <trkpt lat="37.163353704627696" lon="34.714438540764576">
        <ele>608.2066614179963</ele>
        <time>2025-06-26T16:58:31.895Z</time>
      </trkpt>
      <trkpt lat="37.163353704627696" lon="34.714438540764576">
        <ele>608.2066614179963</ele>
        <time>2025-06-26T16:58:31.939Z</time>
      </trkpt>
      <trkpt lat="37.16351463207869" lon="34.71445784889244">
        <ele>604.9219851182318</ele>
        <time>2025-06-26T16:58:40.319Z</time>
      </trkpt>
      <trkpt lat="37.16369023532887" lon="34.714651760521406">
        <ele>598.793031840772</ele>
        <time>2025-06-26T16:58:52.445Z</time>
      </trkpt>
      <trkpt lat="37.16369023532887" lon="34.714651760521406">
        <ele>598.793031840772</ele>
        <time>2025-06-26T16:58:52.445Z</time>
      </trkpt>
      <trkpt lat="37.16394809014449" lon="34.71472751787866">
        <ele>594.8413734981262</ele>
        <time>2025-06-26T16:59:06.173Z</time>
      </trkpt>
      <trkpt lat="37.16394809014449" lon="34.71472751787866">
        <ele>594.8413734981262</ele>
        <time>2025-06-26T16:59:06.173Z</time>
      </trkpt>
      <trkpt lat="37.16394809014449" lon="34.71472751787866">
        <ele>594.8413734981262</ele>
        <time>2025-06-26T16:59:06.173Z</time>
      </trkpt>
      <trkpt lat="37.16412924166933" lon="34.7147839729962">
        <ele>592.1789662126464</ele>
        <time>2025-06-26T16:59:08.194Z</time>
      </trkpt>
      <trkpt lat="37.16428609686926" lon="34.71490350147616">
        <ele>588.6621840736367</ele>
        <time>2025-06-26T16:59:10.181Z</time>
      </trkpt>
      <trkpt lat="37.16428609686926" lon="34.71490350147616">
        <ele>588.6621840736367</ele>
        <time>2025-06-26T16:59:10.181Z</time>
      </trkpt>
      <trkpt lat="37.16428609686926" lon="34.71490350147616">
        <ele>588.6621840736367</ele>
        <time>2025-06-26T16:59:10.181Z</time>
      </trkpt>
      <trkpt lat="37.16444490823157" lon="34.715088559055545">
        <ele>583.3029376136365</ele>
        <time>2025-06-26T16:59:20.652Z</time>
      </trkpt>
      <trkpt lat="37.16444490823157" lon="34.715088559055545">
        <ele>583.3029376136365</ele>
        <time>2025-06-26T16:59:20.714Z</time>
      </trkpt>
      <trkpt lat="37.16443151916745" lon="34.71516787753052">
        <ele>582.1250332125474</ele>
        <time>2025-06-26T16:59:24.080Z</time>
      </trkpt>
      <trkpt lat="37.16435258827538" lon="34.71521809661425">
        <ele>582.2859714500613</ele>
        <time>2025-06-26T16:59:28.690Z</time>
      </trkpt>
      <trkpt lat="37.16435258827538" lon="34.71521809661425">
        <ele>582.2859714500613</ele>
        <time>2025-06-26T16:59:28.690Z</time>
      </trkpt>
      <trkpt lat="37.16435258827538" lon="34.71521809661425">
        <ele>582.2859714500613</ele>
        <time>2025-06-26T16:59:28.690Z</time>
      </trkpt>
      <trkpt lat="37.164179546046014" lon="34.715287952419885">
        <ele>582.3883970901503</ele>
        <time>2025-06-26T16:59:38.159Z</time>
      </trkpt>
      <trkpt lat="37.16396520711261" lon="34.71540954685071">
        <ele>581.2411378400873</ele>
        <time>2025-06-26T16:59:50.412Z</time>
      </trkpt>
      <trkpt lat="37.16396520711261" lon="34.71540954685071">
        <ele>581.2411378400873</ele>
        <time>2025-06-26T16:59:50.412Z</time>
      </trkpt>
      <trkpt lat="37.16396520711261" lon="34.71540954685071">
        <ele>581.2411378400873</ele>
        <time>2025-06-26T16:59:50.412Z</time>
      </trkpt>
      <trkpt lat="37.16386142645071" lon="34.71550617719305">
        <ele>579.9135279455272</ele>
        <time>2025-06-26T16:59:58.519Z</time>
      </trkpt>
      <trkpt lat="37.16371359613824" lon="34.71555862328563">
        <ele>579.655267762321</ele>
        <time>2025-06-26T17:00:08.156Z</time>
      </trkpt>
      <trkpt lat="37.16371359613824" lon="34.71555862328563">
        <ele>579.655267762321</ele>
        <time>2025-06-26T17:00:08.156Z</time>
      </trkpt>
      <trkpt lat="37.16348746720091" lon="34.71561531648888">
        <ele>580.0397095762203</ele>
        <time>2025-06-26T17:00:22.623Z</time>
      </trkpt>
      <trkpt lat="37.16348746720091" lon="34.71561531648888">
        <ele>580.0397095762203</ele>
        <time>2025-06-26T17:00:22.676Z</time>
      </trkpt>
      <trkpt lat="37.16348746720091" lon="34.71561531648888">
        <ele>580.0397095762203</ele>
        <time>2025-06-26T17:00:22.729Z</time>
      </trkpt>
      <trkpt lat="37.163410320284044" lon="34.715614510117206">
        <ele>580.9570471681658</ele>
        <time>2025-06-26T17:00:26.754Z</time>
      </trkpt>
      <trkpt lat="37.163295338481305" lon="34.71573550465254">
        <ele>579.9378268707084</ele>
        <time>2025-06-26T17:00:34.583Z</time>
      </trkpt>
      <trkpt lat="37.163295338481305" lon="34.71573550465254">
        <ele>579.9378268707084</ele>
        <time>2025-06-26T17:00:34.583Z</time>
      </trkpt>
      <trkpt lat="37.16314303232468" lon="34.71588220880537">
        <ele>578.5332145009756</ele>
        <time>2025-06-26T17:00:44.600Z</time>
      </trkpt>
      <trkpt lat="37.16314303232468" lon="34.71588220880537">
        <ele>578.5332145009756</ele>
        <time>2025-06-26T17:00:44.600Z</time>
      </trkpt>
      <trkpt lat="37.16314303232468" lon="34.71588220880537">
        <ele>578.5332145009756</ele>
        <time>2025-06-26T17:00:44.600Z</time>
      </trkpt>
      <trkpt lat="37.16292631530989" lon="34.71602824520218">
        <ele>577.3226341863166</ele>
        <time>2025-06-26T17:00:57.425Z</time>
      </trkpt>
      <trkpt lat="37.16276363985128" lon="34.71602398911014">
        <ele>578.934501389519</ele>
        <time>2025-06-26T17:01:05.908Z</time>
      </trkpt>
      <trkpt lat="37.16276363985128" lon="34.71602398911014">
        <ele>578.934501389519</ele>
        <time>2025-06-26T17:01:05.908Z</time>
      </trkpt>
      <trkpt lat="37.16276363985128" lon="34.71602398911014">
        <ele>578.934501389519</ele>
        <time>2025-06-26T17:01:05.908Z</time>
      </trkpt>
      <trkpt lat="37.16268326217774" lon="34.71605712741177">
        <ele>579.298925586511</ele>
        <time>2025-06-26T17:01:09.678Z</time>
      </trkpt>
      <trkpt lat="37.162608443047134" lon="34.716093283149576">
        <ele>579.5081498299264</ele>
        <time>2025-06-26T17:01:13.250Z</time>
      </trkpt>
      <trkpt lat="37.162608443047134" lon="34.716093283149576">
        <ele>579.5081498299264</ele>
        <time>2025-06-26T17:01:14.696Z</time>
      </trkpt>
      <trkpt lat="37.162608443047134" lon="34.716093283149576">
        <ele>579.5081498299264</ele>
        <time>2025-06-26T17:01:14.696Z</time>
      </trkpt>
      <trkpt lat="37.16246736770208" lon="34.71605335679712">
        <ele>582.5475050055428</ele>
        <time>2025-06-26T17:01:21.672Z</time>
      </trkpt>
      <trkpt lat="37.16232010265921" lon="34.71590545812816">
        <ele>588.4012069288057</ele>
        <time>2025-06-26T17:01:30.771Z</time>
      </trkpt>
      <trkpt lat="37.16232010265921" lon="34.71590545812816">
        <ele>588.4012069288057</ele>
        <time>2025-06-26T17:01:30.812Z</time>
      </trkpt>
      <trkpt lat="37.16223508036293" lon="34.71584429552371">
        <ele>591.2542050583436</ele>
        <time>2025-06-26T17:01:35.539Z</time>
      </trkpt>
      <trkpt lat="37.16223508036293" lon="34.71584429552371">
        <ele>591.2542050583436</ele>
        <time>2025-06-26T17:01:35.539Z</time>
      </trkpt>
      <trkpt lat="37.162053139136546" lon="34.71589326883151">
        <ele>592.7342048640369</ele>
        <time>2025-06-26T17:01:45.225Z</time>
      </trkpt>
      <trkpt lat="37.162053139136546" lon="34.71589326883151">
        <ele>592.7342048640369</ele>
        <time>2025-06-26T17:01:45.225Z</time>
      </trkpt>
      <trkpt lat="37.16179549378964" lon="34.71615727259339">
        <ele>588.5117329028907</ele>
        <time>2025-06-26T17:02:02.540Z</time>
      </trkpt>
      <trkpt lat="37.16179549378964" lon="34.71615727259339">
        <ele>588.5117329028907</ele>
        <time>2025-06-26T17:02:03.394Z</time>
      </trkpt>
      <trkpt lat="37.16179549378964" lon="34.71615727259339">
        <ele>588.5117329028907</ele>
        <time>2025-06-26T17:02:03.438Z</time>
      </trkpt>
      <trkpt lat="37.161616647985" lon="34.716534938569225">
        <ele>579.3163917831151</ele>
        <time>2025-06-26T17:02:20.442Z</time>
      </trkpt>
      <trkpt lat="37.161616647985" lon="34.716534938569225">
        <ele>579.3163917831151</ele>
        <time>2025-06-26T17:02:20.442Z</time>
      </trkpt>
      <trkpt lat="37.1615445385486" lon="34.716641389678216">
        <ele>576.8846167192007</ele>
        <time>2025-06-26T17:02:26.247Z</time>
      </trkpt>
      <trkpt lat="37.16141092382364" lon="34.716641389678216">
        <ele>577.548019050993</ele>
        <time>2025-06-26T17:02:33.213Z</time>
      </trkpt>
      <trkpt lat="37.16141092382364" lon="34.716641389678216">
        <ele>577.548019050993</ele>
        <time>2025-06-26T17:02:33.213Z</time>
      </trkpt>
      <trkpt lat="37.16127836648302" lon="34.716601959445455">
        <ele>579.425738062338</ele>
        <time>2025-06-26T17:02:40.316Z</time>
      </trkpt>
      <trkpt lat="37.16127836648302" lon="34.716601959445455">
        <ele>579.425738062338</ele>
        <time>2025-06-26T17:02:40.316Z</time>
      </trkpt>
      <trkpt lat="37.16090276235329" lon="34.71671516033453">
        <ele>581.8158720141282</ele>
        <time>2025-06-26T17:03:00.430Z</time>
      </trkpt>
      <trkpt lat="37.16090276235329" lon="34.71671516033453">
        <ele>581.8158720141282</ele>
        <time>2025-06-26T17:03:00.430Z</time>
      </trkpt>
      <trkpt lat="37.16090276235329" lon="34.71671516033453">
        <ele>581.8158720141282</ele>
        <time>2025-06-26T17:03:00.430Z</time>
      </trkpt>
      <trkpt lat="37.16084894873188" lon="34.716762051462986">
        <ele>582.7382794630248</ele>
        <time>2025-06-26T17:03:03.230Z</time>
      </trkpt>
      <trkpt lat="37.16047960818118" lon="34.717083880671936">
        <ele>578.673691660347</ele>
        <time>2025-06-26T17:03:22.453Z</time>
      </trkpt>
      <trkpt lat="37.16026293967347" lon="34.71740587099339">
        <ele>576.3546268015489</ele>
        <time>2025-06-26T17:03:36.811Z</time>
      </trkpt>
      <trkpt lat="37.16026293967347" lon="34.71740587099339">
        <ele>576.3546268015489</ele>
        <time>2025-06-26T17:03:36.847Z</time>
      </trkpt>
      <trkpt lat="37.16026293967347" lon="34.71740587099339">
        <ele>576.3546268015489</ele>
        <time>2025-06-26T17:03:36.883Z</time>
      </trkpt>
      <trkpt lat="37.16014248201964" lon="34.71768244921324">
        <ele>574.703811480641</ele>
        <time>2025-06-26T17:03:47.640Z</time>
      </trkpt>
      <trkpt lat="37.160059766637275" lon="34.71798051231275">
        <ele>571.2642517500103</ele>
        <time>2025-06-26T17:03:58.412Z</time>
      </trkpt>
      <trkpt lat="37.160059766637275" lon="34.71798051231275">
        <ele>571.2642517500103</ele>
        <time>2025-06-26T17:03:58.412Z</time>
      </trkpt>
      <trkpt lat="37.160034285029056" lon="34.71822401205981">
        <ele>567.0737879528441</ele>
        <time>2025-06-26T17:04:06.794Z</time>
      </trkpt>
      <trkpt lat="37.160034285029056" lon="34.71822401205981">
        <ele>567.0737879528441</ele>
        <time>2025-06-26T17:04:06.794Z</time>
      </trkpt>
      <trkpt lat="37.160034285029056" lon="34.71822401205981">
        <ele>567.0737879528441</ele>
        <time>2025-06-26T17:04:06.794Z</time>
      </trkpt>
      <trkpt lat="37.15999848185635" lon="34.718473652949086">
        <ele>562.1115144458838</ele>
        <time>2025-06-26T17:04:18.679Z</time>
      </trkpt>
      <trkpt lat="37.16003486838129" lon="34.71862743323652">
        <ele>556.6370730716745</ele>
        <time>2025-06-26T17:04:26.195Z</time>
      </trkpt>
      <trkpt lat="37.16003486838129" lon="34.71862743323652">
        <ele>556.6370730716745</ele>
        <time>2025-06-26T17:04:26.195Z</time>
      </trkpt>
      <trkpt lat="37.16015002652817" lon="34.718625531942564">
        <ele>554.048834184517</ele>
        <time>2025-06-26T17:04:32.966Z</time>
      </trkpt>
      <trkpt lat="37.16015002652817" lon="34.718625531942564">
        <ele>554.048834184517</ele>
        <time>2025-06-26T17:04:32.966Z</time>
      </trkpt>
      <trkpt lat="37.16025836803695" lon="34.71849146097534">
        <ele>555.0323471125924</ele>
        <time>2025-06-26T17:04:38.952Z</time>
      </trkpt>
      <trkpt lat="37.16025836803695" lon="34.71849146097534">
        <ele>555.0323471125924</ele>
        <time>2025-06-26T17:04:41.696Z</time>
      </trkpt>
      <trkpt lat="37.16025836803695" lon="34.71849146097534">
        <ele>555.0323471125924</ele>
        <time>2025-06-26T17:04:41.696Z</time>
      </trkpt>
      <trkpt lat="37.160331464017375" lon="34.718524217226445">
        <ele>551.050008834527</ele>
        <time>2025-06-26T17:04:45.606Z</time>
      </trkpt>
      <trkpt lat="37.16034852239683" lon="34.71860842028482">
        <ele>549.0773321332421</ele>
        <time>2025-06-26T17:04:49.094Z</time>
      </trkpt>
      <trkpt lat="37.16034852239683" lon="34.71860842028482">
        <ele>549.0773321332421</ele>
        <time>2025-06-26T17:04:49.094Z</time>
      </trkpt>
      <trkpt lat="37.16032138886601" lon="34.71871486193811">
        <ele>546.4730483289349</ele>
        <time>2025-06-26T17:04:53.580Z</time>
      </trkpt>
      <trkpt lat="37.16032138886601" lon="34.71871486193811">
        <ele>546.4730483289349</ele>
        <time>2025-06-26T17:04:53.580Z</time>
      </trkpt>
      <trkpt lat="37.16032138886601" lon="34.71871486193811">
        <ele>546.4730483289349</ele>
        <time>2025-06-26T17:04:53.580Z</time>
      </trkpt>
      <trkpt lat="37.16024245596711" lon="34.71887840419936">
        <ele>545.2273932671808</ele>
        <time>2025-06-26T17:05:01.368Z</time>
      </trkpt>
      <trkpt lat="37.160166694140486" lon="34.71891833139824">
        <ele>545.5277426855876</ele>
        <time>2025-06-26T17:05:05.568Z</time>
      </trkpt>
      <trkpt lat="37.160166694140486" lon="34.71891833139824">
        <ele>545.5277426855876</ele>
        <time>2025-06-26T17:05:05.568Z</time>
      </trkpt>
      <trkpt lat="37.1601060846245" lon="34.71894304823482">
        <ele>545.9803440337083</ele>
        <time>2025-06-26T17:05:08.825Z</time>
      </trkpt>
      <trkpt lat="37.1601060846245" lon="34.71894304823482">
        <ele>545.9803440337083</ele>
        <time>2025-06-26T17:05:08.825Z</time>
      </trkpt>
      <trkpt lat="37.160013655018886" lon="34.71892783787408">
        <ele>548.1049364215237</ele>
        <time>2025-06-26T17:05:13.580Z</time>
      </trkpt>
      <trkpt lat="37.160013655018886" lon="34.71892783787408">
        <ele>548.1049364215237</ele>
        <time>2025-06-26T17:05:13.580Z</time>
      </trkpt>
      <trkpt lat="37.159959106346605" lon="34.71900769227025">
        <ele>546.6243296171083</ele>
        <time>2025-06-26T17:05:17.852Z</time>
      </trkpt>
      <trkpt lat="37.159959106346605" lon="34.71900769227025">
        <ele>546.6243296171083</ele>
        <time>2025-06-26T17:05:17.852Z</time>
      </trkpt>
      <trkpt lat="37.1599971256761" lon="34.719112141525216">
        <ele>542.8021732157797</ele>
        <time>2025-06-26T17:05:22.502Z</time>
      </trkpt>
      <trkpt lat="37.1599971256761" lon="34.719112141525216">
        <ele>542.8021732157797</ele>
        <time>2025-06-26T17:05:22.545Z</time>
      </trkpt>
      <trkpt lat="37.1599971256761" lon="34.719112141525216">
        <ele>542.8021732157797</ele>
        <time>2025-06-26T17:05:22.588Z</time>
      </trkpt>
      <trkpt lat="37.159980319723715" lon="34.719142684227535">
        <ele>542.1500246751664</ele>
        <time>2025-06-26T17:05:24.103Z</time>
      </trkpt>
      <trkpt lat="37.159998502613746" lon="34.719192117902224">
        <ele>540.3891396410754</ele>
        <time>2025-06-26T17:05:26.326Z</time>
      </trkpt>
      <trkpt lat="37.159998502613746" lon="34.719192117902224">
        <ele>540.3891396410754</ele>
        <time>2025-06-26T17:05:26.326Z</time>
      </trkpt>
      <trkpt lat="37.160059112216004" lon="34.71925105805275">
        <ele>537.7942796536117</ele>
        <time>2025-06-26T17:05:30.254Z</time>
      </trkpt>
      <trkpt lat="37.160059112216004" lon="34.71925105805275">
        <ele>537.7942796536117</ele>
        <time>2025-06-26T17:05:30.297Z</time>
      </trkpt>
      <trkpt lat="37.160078810326354" lon="34.719372740943214">
        <ele>534.0545766865673</ele>
        <time>2025-06-26T17:05:35.339Z</time>
      </trkpt>
      <trkpt lat="37.160078810326354" lon="34.719372740943214">
        <ele>534.0545766865673</ele>
        <time>2025-06-26T17:05:35.339Z</time>
      </trkpt>
      <trkpt lat="37.16003665480987" lon="34.71944341257597">
        <ele>532.5617210874337</ele>
        <time>2025-06-26T17:05:38.906Z</time>
      </trkpt>
      <trkpt lat="37.16003665480987" lon="34.71944341257597">
        <ele>532.5617210874337</ele>
        <time>2025-06-26T17:05:38.967Z</time>
      </trkpt>
      <trkpt lat="37.16003665480987" lon="34.71944341257597">
        <ele>532.5617210874337</ele>
        <time>2025-06-26T17:05:39.028Z</time>
      </trkpt>
      <trkpt lat="37.15998289569448" lon="34.719451170774846">
        <ele>532.894929071284</ele>
        <time>2025-06-26T17:05:41.770Z</time>
      </trkpt>
      <trkpt lat="37.15993744685932" lon="34.719416217942694">
        <ele>534.3915974698966</ele>
        <time>2025-06-26T17:05:44.471Z</time>
      </trkpt>
      <trkpt lat="37.15993744685932" lon="34.719416217942694">
        <ele>534.3915974698966</ele>
        <time>2025-06-26T17:05:44.471Z</time>
      </trkpt>
      <trkpt lat="37.15982015941552" lon="34.71943277454724">
        <ele>535.2293178460104</ele>
        <time>2025-06-26T17:05:50.451Z</time>
      </trkpt>
      <trkpt lat="37.15982015941552" lon="34.71943277454724">
        <ele>535.2293178460104</ele>
        <time>2025-06-26T17:05:50.494Z</time>
      </trkpt>
      <trkpt lat="37.159681277526204" lon="34.71952204137017">
        <ele>534.0425775322617</ele>
        <time>2025-06-26T17:05:58.379Z</time>
      </trkpt>
      <trkpt lat="37.159681277526204" lon="34.71952204137017">
        <ele>534.0425775322617</ele>
        <time>2025-06-26T17:05:58.379Z</time>
      </trkpt>
      <trkpt lat="37.1596145735418" lon="34.719581805462155">
        <ele>532.9074558777941</ele>
        <time>2025-06-26T17:06:02.517Z</time>
      </trkpt>
      <trkpt lat="37.1596145735418" lon="34.719581805462155">
        <ele>532.9074558777941</ele>
        <time>2025-06-26T17:06:02.560Z</time>
      </trkpt>
      <trkpt lat="37.1596145735418" lon="34.719581805462155">
        <ele>532.9074558777941</ele>
        <time>2025-06-26T17:06:02.603Z</time>
      </trkpt>
      <trkpt lat="37.15950124113418" lon="34.71966448468595">
        <ele>531.7888325204779</ele>
        <time>2025-06-26T17:06:11.598Z</time>
      </trkpt>
      <trkpt lat="37.159397147936616" lon="34.719769343184">
        <ele>530.4347857567416</ele>
        <time>2025-06-26T17:06:20.758Z</time>
      </trkpt>
      <trkpt lat="37.159397147936616" lon="34.719769343184">
        <ele>530.4347857567416</ele>
        <time>2025-06-26T17:06:20.758Z</time>
      </trkpt>
      <trkpt lat="37.15927220574851" lon="34.71984160003922">
        <ele>530.5328804209696</ele>
        <time>2025-06-26T17:06:30.198Z</time>
      </trkpt>
      <trkpt lat="37.15927220574851" lon="34.71984160003922">
        <ele>530.5328804209696</ele>
        <time>2025-06-26T17:06:30.198Z</time>
      </trkpt>
      <trkpt lat="37.15927220574851" lon="34.71984160003922">
        <ele>530.5328804209696</ele>
        <time>2025-06-26T17:06:30.198Z</time>
      </trkpt>
      <trkpt lat="37.1592124188097" lon="34.71986868281283">
        <ele>530.8532516814516</ele>
        <time>2025-06-26T17:06:33.353Z</time>
      </trkpt>
      <trkpt lat="37.159140614185915" lon="34.71980435292335">
        <ele>533.3213331030772</ele>
        <time>2025-06-26T17:06:37.733Z</time>
      </trkpt>
      <trkpt lat="37.159140614185915" lon="34.71980435292335">
        <ele>533.3213331030772</ele>
        <time>2025-06-26T17:06:37.733Z</time>
      </trkpt>
      <trkpt lat="37.159140614185915" lon="34.71980435292335">
        <ele>533.3213331030772</ele>
        <time>2025-06-26T17:06:37.733Z</time>
      </trkpt>
      <trkpt lat="37.159046783256045" lon="34.71980435292335">
        <ele>534.701702656962</ele>
        <time>2025-06-26T17:06:41.898Z</time>
      </trkpt>
      <trkpt lat="37.159046783256045" lon="34.71980435292335">
        <ele>534.701702656962</ele>
        <time>2025-06-26T17:06:41.898Z</time>
      </trkpt>
      <trkpt lat="37.15900573218762" lon="34.71980067367724">
        <ele>535.3678116053414</ele>
        <time>2025-06-26T17:06:44.007Z</time>
      </trkpt>
      <trkpt lat="37.15898426683363" lon="34.71984326368096">
        <ele>534.9608619803332</ele>
        <time>2025-06-26T17:06:46.064Z</time>
      </trkpt>
      <trkpt lat="37.15898426683363" lon="34.71984326368096">
        <ele>534.9608619803332</ele>
        <time>2025-06-26T17:06:46.064Z</time>
      </trkpt>
      <trkpt lat="37.15898426683363" lon="34.71984326368096">
        <ele>534.9608619803332</ele>
        <time>2025-06-26T17:06:46.064Z</time>
      </trkpt>
      <trkpt lat="37.158985206645355" lon="34.7199901548226">
        <ele>532.4585944545667</ele>
        <time>2025-06-26T17:06:51.165Z</time>
      </trkpt>
      <trkpt lat="37.158985206645355" lon="34.7199901548226">
        <ele>532.4585944545667</ele>
        <time>2025-06-26T17:06:51.165Z</time>
      </trkpt>
      <trkpt lat="37.158985206645355" lon="34.72009317369759">
        <ele>530.7325353622969</ele>
        <time>2025-06-26T17:06:55.047Z</time>
      </trkpt>
      <trkpt lat="37.1590365204912" lon="34.720188834080375">
        <ele>527.9757469620888</ele>
        <time>2025-06-26T17:06:59.392Z</time>
      </trkpt>
      <trkpt lat="37.1590365204912" lon="34.720188834080375">
        <ele>527.9757469620888</ele>
        <time>2025-06-26T17:06:59.392Z</time>
      </trkpt>
      <trkpt lat="37.1590365204912" lon="34.720188834080375">
        <ele>527.9757469620888</ele>
        <time>2025-06-26T17:06:59.392Z</time>
      </trkpt>
      <trkpt lat="37.15902772383353" lon="34.720312088806">
        <ele>525.9985363589497</ele>
        <time>2025-06-26T17:07:04.652Z</time>
      </trkpt>
      <trkpt lat="37.15902772383353" lon="34.720312088806">
        <ele>525.9985363589497</ele>
        <time>2025-06-26T17:07:04.652Z</time>
      </trkpt>
      <trkpt lat="37.158991071086405" lon="34.72035991899813">
        <ele>526.5021595535972</ele>
        <time>2025-06-26T17:07:07.193Z</time>
      </trkpt>
      <trkpt lat="37.158958816653836" lon="34.720387513339546">
        <ele>527.1301683429534</ele>
        <time>2025-06-26T17:07:09.069Z</time>
      </trkpt>
      <trkpt lat="37.158958816653836" lon="34.720387513339546">
        <ele>527.1301683429534</ele>
        <time>2025-06-26T17:07:09.127Z</time>
      </trkpt>
      <trkpt lat="37.15892069776142" lon="34.72037095673349">
        <ele>528.2725092834937</ele>
        <time>2025-06-26T17:07:11.066Z</time>
      </trkpt>
      <trkpt lat="37.15892069776142" lon="34.72037095673349">
        <ele>528.2725092834937</ele>
        <time>2025-06-26T17:07:11.066Z</time>
      </trkpt>
      <trkpt lat="37.158834197125486" lon="34.720350720884284">
        <ele>530.7445494886506</ele>
        <time>2025-06-26T17:07:15.095Z</time>
      </trkpt>
      <trkpt lat="37.158834197125486" lon="34.720350720884284">
        <ele>530.7445494886506</ele>
        <time>2025-06-26T17:07:15.095Z</time>
      </trkpt>
      <trkpt lat="37.158834197125486" lon="34.720350720884284">
        <ele>530.7445494886506</ele>
        <time>2025-06-26T17:07:15.095Z</time>
      </trkpt>
      <trkpt lat="37.15879461205596" lon="34.720358079375075">
        <ele>531.7792854551229</ele>
        <time>2025-06-26T17:07:17.086Z</time>
      </trkpt>
      <trkpt lat="37.158778484799825" lon="34.72043902277633">
        <ele>531.770570258853</ele>
        <time>2025-06-26T17:07:20.395Z</time>
      </trkpt>
      <trkpt lat="37.158778484799825" lon="34.72043902277633">
        <ele>531.770570258853</ele>
        <time>2025-06-26T17:07:20.395Z</time>
      </trkpt>
      <trkpt lat="37.15876235753956" lon="34.72050524919604">
        <ele>531.9154425533492</ele>
        <time>2025-06-26T17:07:23.141Z</time>
      </trkpt>
      <trkpt lat="37.15876235753956" lon="34.72050524919604">
        <ele>531.9154425533492</ele>
        <time>2025-06-26T17:07:23.141Z</time>
      </trkpt>
      <trkpt lat="37.15878728148523" lon="34.72062482467561">
        <ele>530.7023257771983</ele>
        <time>2025-06-26T17:07:27.948Z</time>
      </trkpt>
      <trkpt lat="37.15878728148523" lon="34.72062482467561">
        <ele>530.7023257771983</ele>
        <time>2025-06-26T17:07:27.948Z</time>
      </trkpt>
      <trkpt lat="37.15887818051192" lon="34.72092836243138">
        <ele>526.9930232628017</ele>
        <time>2025-06-26T17:07:41.122Z</time>
      </trkpt>
      <trkpt lat="37.15887818051192" lon="34.72092836243138">
        <ele>526.9930232628017</ele>
        <time>2025-06-26T17:07:41.122Z</time>
      </trkpt>
      <trkpt lat="37.15895001998834" lon="34.72112152282142">
        <ele>523.3809749107631</ele>
        <time>2025-06-26T17:07:49.739Z</time>
      </trkpt>
      <trkpt lat="37.15895001998834" lon="34.72112152282142">
        <ele>523.3809749107631</ele>
        <time>2025-06-26T17:07:49.739Z</time>
      </trkpt>
      <trkpt lat="37.159064206126956" lon="34.72151707829511">
        <ele>514.6917625673202</ele>
        <time>2025-06-26T17:08:06.727Z</time>
      </trkpt>
      <trkpt lat="37.159064206126956" lon="34.72151707829511">
        <ele>514.6917625673202</ele>
        <time>2025-06-26T17:08:06.727Z</time>
      </trkpt>
      <trkpt lat="37.159064206126956" lon="34.72151707829511">
        <ele>514.6917625673202</ele>
        <time>2025-06-26T17:08:06.727Z</time>
      </trkpt>
      <trkpt lat="37.15916491013651" lon="34.7219780888195">
        <ele>504.92613094777437</ele>
        <time>2025-06-26T17:08:26.198Z</time>
      </trkpt>
      <trkpt lat="37.15915782326799" lon="34.72230063014783">
        <ele>501.4707824018794</ele>
        <time>2025-06-26T17:08:39.341Z</time>
      </trkpt>
      <trkpt lat="37.15915782326799" lon="34.72230063014783">
        <ele>501.4707824018794</ele>
        <time>2025-06-26T17:08:39.341Z</time>
      </trkpt>
      <trkpt lat="37.159131704344986" lon="34.72266982385008">
        <ele>497.0444932864239</ele>
        <time>2025-06-26T17:08:54.438Z</time>
      </trkpt>
      <trkpt lat="37.159131704344986" lon="34.72266982385008">
        <ele>497.0444932864239</ele>
        <time>2025-06-26T17:08:54.438Z</time>
      </trkpt>
      <trkpt lat="37.159131704344986" lon="34.72266982385008">
        <ele>497.0444932864239</ele>
        <time>2025-06-26T17:08:54.438Z</time>
      </trkpt>
      <trkpt lat="37.15913618856432" lon="34.72301583010196">
        <ele>491.6435204441939</ele>
        <time>2025-06-26T17:09:08.321Z</time>
      </trkpt>
      <trkpt lat="37.15923245078261" lon="34.72330388017332">
        <ele>484.519892847765</ele>
        <time>2025-06-26T17:09:20.852Z</time>
      </trkpt>
      <trkpt lat="37.15923245078261" lon="34.72330388017332">
        <ele>484.519892847765</ele>
        <time>2025-06-26T17:09:20.852Z</time>
      </trkpt>
      <trkpt lat="37.15923245078261" lon="34.72330388017332">
        <ele>484.519892847765</ele>
        <time>2025-06-26T17:09:20.852Z</time>
      </trkpt>
      <trkpt lat="37.15940819800218" lon="34.72359632140595">
        <ele>475.5174996423076</ele>
        <time>2025-06-26T17:09:36.113Z</time>
      </trkpt>
      <trkpt lat="37.15942120875441" lon="34.7238024090131">
        <ele>472.49588337368414</ele>
        <time>2025-06-26T17:09:44.727Z</time>
      </trkpt>
      <trkpt lat="37.15942120875441" lon="34.7238024090131">
        <ele>472.49588337368414</ele>
        <time>2025-06-26T17:09:44.727Z</time>
      </trkpt>
      <trkpt lat="37.15942120875441" lon="34.7238024090131">
        <ele>472.49588337368414</ele>
        <time>2025-06-26T17:09:44.727Z</time>
      </trkpt>
      <trkpt lat="37.15918181859236" lon="34.724042964735105">
        <ele>476.47116980077783</ele>
        <time>2025-06-26T17:10:00.819Z</time>
      </trkpt>
      <trkpt lat="37.159102565126645" lon="34.72429699648163">
        <ele>474.8442123832185</ele>
        <time>2025-06-26T17:10:12.227Z</time>
      </trkpt>
      <trkpt lat="37.159102565126645" lon="34.72429699648163">
        <ele>474.8442123832185</ele>
        <time>2025-06-26T17:10:12.227Z</time>
      </trkpt>
      <trkpt lat="37.15905702285879" lon="34.72459934859094">
        <ele>469.9967263550499</ele>
        <time>2025-06-26T17:10:25.094Z</time>
      </trkpt>
      <trkpt lat="37.15905702285879" lon="34.72459934859094">
        <ele>469.9967263550499</ele>
        <time>2025-06-26T17:10:25.094Z</time>
      </trkpt>
      <trkpt lat="37.159049230681546" lon="34.7248726619253">
        <ele>464.5927591476597</ele>
        <time>2025-06-26T17:10:36.493Z</time>
      </trkpt>
      <trkpt lat="37.159049230681546" lon="34.7248726619253">
        <ele>464.5927591476597</ele>
        <time>2025-06-26T17:10:36.493Z</time>
      </trkpt>
      <trkpt lat="37.159049230681546" lon="34.7248726619253">
        <ele>464.5927591476597</ele>
        <time>2025-06-26T17:10:36.493Z</time>
      </trkpt>
      <trkpt lat="37.15898609089234" lon="34.72498892564632">
        <ele>464.0250505612366</ele>
        <time>2025-06-26T17:10:42.194Z</time>
      </trkpt>
      <trkpt lat="37.15873287948121" lon="34.72545518157199">
        <ele>458.1408188710464</ele>
        <time>2025-06-26T17:11:05.058Z</time>
      </trkpt>
      <trkpt lat="37.15872904637606" lon="34.72545930589802">
        <ele>458.08874564643577</ele>
        <time>2025-06-26T17:11:05.318Z</time>
      </trkpt>
      <trkpt lat="37.158387702272336" lon="34.725826583684324">
        <ele>453.0474997305578</ele>
        <time>2025-06-26T17:11:28.182Z</time>
      </trkpt>
      <trkpt lat="37.158387702272336" lon="34.725826583684324">
        <ele>453.0474997305578</ele>
        <time>2025-06-26T17:11:28.182Z</time>
      </trkpt>
      <trkpt lat="37.158387702272336" lon="34.725826583684324">
        <ele>453.0474997305578</ele>
        <time>2025-06-26T17:11:28.182Z</time>
      </trkpt>
      <trkpt lat="37.15817301043273" lon="34.72604921395063">
        <ele>449.9934052391876</ele>
        <time>2025-06-26T17:11:42.693Z</time>
      </trkpt>
      <trkpt lat="37.15793684501372" lon="34.72617395593892">
        <ele>449.24362481480966</ele>
        <time>2025-06-26T17:11:56.043Z</time>
      </trkpt>
      <trkpt lat="37.15793684501372" lon="34.72617395593892">
        <ele>449.24362481480966</ele>
        <time>2025-06-26T17:11:56.087Z</time>
      </trkpt>
      <trkpt lat="37.15790935104288" lon="34.7261803265401">
        <ele>449.37704711018023</ele>
        <time>2025-06-26T17:11:57.544Z</time>
      </trkpt>
      <trkpt lat="37.157467167250886" lon="34.72628278451549">
        <ele>451.019093385355</ele>
        <time>2025-06-26T17:12:20.942Z</time>
      </trkpt>
      <trkpt lat="37.157467167250886" lon="34.72628278451549">
        <ele>451.019093385355</ele>
        <time>2025-06-26T17:12:20.942Z</time>
      </trkpt>
      <trkpt lat="37.157467167250886" lon="34.72628278451549">
        <ele>451.019093385355</ele>
        <time>2025-06-26T17:12:20.942Z</time>
      </trkpt>
      <trkpt lat="37.15725485162704" lon="34.72631518317356">
        <ele>451.8453717465291</ele>
        <time>2025-06-26T17:12:32.074Z</time>
      </trkpt>
      <trkpt lat="37.156808480367474" lon="34.726383297943215">
        <ele>453.11427817347976</ele>
        <time>2025-06-26T17:12:55.478Z</time>
      </trkpt>
      <trkpt lat="37.1563621091079" lon="34.72645141271286">
        <ele>453.90524749967403</ele>
        <time>2025-06-26T17:13:17.996Z</time>
      </trkpt>
      <trkpt lat="37.1563621091079" lon="34.72645141271286">
        <ele>453.90524749967403</ele>
        <time>2025-06-26T17:13:17.996Z</time>
      </trkpt>
      <trkpt lat="37.15603484976248" lon="34.72644558395518">
        <ele>456.0500470152819</ele>
        <time>2025-06-26T17:13:33.459Z</time>
      </trkpt>
      <trkpt lat="37.15603484976248" lon="34.72644558395518">
        <ele>456.0500470152819</ele>
        <time>2025-06-26T17:13:33.503Z</time>
      </trkpt>
      <trkpt lat="37.15591151050975" lon="34.72647304406087">
        <ele>455.8361274146779</ele>
        <time>2025-06-26T17:13:40.099Z</time>
      </trkpt>
      <trkpt lat="37.15586118674008" lon="34.72657784330076">
        <ele>452.5663325707468</ele>
        <time>2025-06-26T17:13:45.233Z</time>
      </trkpt>
      <trkpt lat="37.15586118674008" lon="34.72657784330076">
        <ele>452.5663325707468</ele>
        <time>2025-06-26T17:13:45.233Z</time>
      </trkpt>
      <trkpt lat="37.15586118674008" lon="34.72657784330076">
        <ele>452.5663325707468</ele>
        <time>2025-06-26T17:13:45.233Z</time>
      </trkpt>
      <trkpt lat="37.1557031462379" lon="34.72669428216369">
        <ele>448.51627437635386</ele>
        <time>2025-06-26T17:13:54.914Z</time>
      </trkpt>
      <trkpt lat="37.155528303868294" lon="34.72669581943174">
        <ele>448.10695120887874</ele>
        <time>2025-06-26T17:14:04.150Z</time>
      </trkpt>
      <trkpt lat="37.155528303868294" lon="34.72669581943174">
        <ele>448.10695120887874</ele>
        <time>2025-06-26T17:14:04.150Z</time>
      </trkpt>
      <trkpt lat="37.155528303868294" lon="34.72669581943174">
        <ele>448.10695120887874</ele>
        <time>2025-06-26T17:14:04.150Z</time>
      </trkpt>
      <trkpt lat="37.15551982740609" lon="34.72669707941247">
        <ele>448.04250265861975</ele>
        <time>2025-06-26T17:14:04.594Z</time>
      </trkpt>
      <trkpt lat="37.155073289915585" lon="34.72676345481984">
        <ele>444.78193298756827</ele>
        <time>2025-06-26T17:14:27.991Z</time>
      </trkpt>
      <trkpt lat="37.15462675242509" lon="34.72682983022722">
        <ele>439.4889497057332</ele>
        <time>2025-06-26T17:14:51.697Z</time>
      </trkpt>
      <trkpt lat="37.15462675242509" lon="34.72682983022722">
        <ele>439.4889497057332</ele>
        <time>2025-06-26T17:14:51.697Z</time>
      </trkpt>
      <trkpt lat="37.15431738731695" lon="34.72695038040058">
        <ele>433.9073517030109</ele>
        <time>2025-06-26T17:15:08.566Z</time>
      </trkpt>
      <trkpt lat="37.15427207840344" lon="34.72698588005208">
        <ele>432.7117793459624</ele>
        <time>2025-06-26T17:15:11.347Z</time>
      </trkpt>
      <trkpt lat="37.15389067548446" lon="34.72728471023032">
        <ele>428.47731149703435</ele>
        <time>2025-06-26T17:15:34.763Z</time>
      </trkpt>
      <trkpt lat="37.15389067548446" lon="34.72728471023032">
        <ele>428.47731149703435</ele>
        <time>2025-06-26T17:15:34.763Z</time>
      </trkpt>
      <trkpt lat="37.15389067548446" lon="34.72728471023032">
        <ele>428.47731149703435</ele>
        <time>2025-06-26T17:15:34.763Z</time>
      </trkpt>
      <trkpt lat="37.153513081537376" lon="34.72758288096149">
        <ele>426.72525694924497</ele>
        <time>2025-06-26T17:15:58.031Z</time>
      </trkpt>
      <trkpt lat="37.15313252077247" lon="34.72788339446919">
        <ele>431.6287698535416</ele>
        <time>2025-06-26T17:16:21.482Z</time>
      </trkpt>
      <trkpt lat="37.152887949420204" lon="34.72789922233264">
        <ele>436.717692866805</ele>
        <time>2025-06-26T17:16:34.254Z</time>
      </trkpt>
      <trkpt lat="37.152887949420204" lon="34.72789922233264">
        <ele>436.717692866805</ele>
        <time>2025-06-26T17:16:34.254Z</time>
      </trkpt>
      <trkpt lat="37.152887949420204" lon="34.72789922233264">
        <ele>436.717692866805</ele>
        <time>2025-06-26T17:16:34.254Z</time>
      </trkpt>
      <trkpt lat="37.15276321480265" lon="34.727839960934745">
        <ele>439.6837529233079</ele>
        <time>2025-06-26T17:16:40.531Z</time>
      </trkpt>
      <trkpt lat="37.1526522065204" lon="34.72754345995605">
        <ele>443.66342004104587</ele>
        <time>2025-06-26T17:16:52.818Z</time>
      </trkpt>
      <trkpt lat="37.1526522065204" lon="34.72754345995605">
        <ele>443.66342004104587</ele>
        <time>2025-06-26T17:16:52.858Z</time>
      </trkpt>
      <trkpt lat="37.152507926778185" lon="34.727578769725795">
        <ele>446.7940328730282</ele>
        <time>2025-06-26T17:16:59.776Z</time>
      </trkpt>
      <trkpt lat="37.152507926778185" lon="34.727578769725795">
        <ele>446.7940328730282</ele>
        <time>2025-06-26T17:16:59.776Z</time>
      </trkpt>
      <trkpt lat="37.15251138971264" lon="34.72785034533467">
        <ele>445.3474059747535</ele>
        <time>2025-06-26T17:17:09.801Z</time>
      </trkpt>
      <trkpt lat="37.15251138971264" lon="34.72785034533467">
        <ele>445.3474059747535</ele>
        <time>2025-06-26T17:17:09.801Z</time>
      </trkpt>
      <trkpt lat="37.15251138971264" lon="34.72785034533467">
        <ele>445.3474059747535</ele>
        <time>2025-06-26T17:17:09.801Z</time>
      </trkpt>
      <trkpt lat="37.15253179018816" lon="34.728166377503584">
        <ele>442.62600873839176</ele>
        <time>2025-06-26T17:17:21.538Z</time>
      </trkpt>
      <trkpt lat="37.15246632184362" lon="34.728526701872255">
        <ele>438.95327601391</ele>
        <time>2025-06-26T17:17:35.219Z</time>
      </trkpt>
      <trkpt lat="37.15246632184362" lon="34.728526701872255">
        <ele>438.95327601391</ele>
        <time>2025-06-26T17:17:35.219Z</time>
      </trkpt>
      <trkpt lat="37.15246632184362" lon="34.728526701872255">
        <ele>438.95327601391</ele>
        <time>2025-06-26T17:17:35.219Z</time>
      </trkpt>
      <trkpt lat="37.1523232026454" lon="34.72866603628455">
        <ele>440.2944966841428</ele>
        <time>2025-06-26T17:17:44.642Z</time>
      </trkpt>
      <trkpt lat="37.151967948514624" lon="34.72901189572298">
        <ele>443.55623141043</ele>
        <time>2025-06-26T17:18:08.032Z</time>
      </trkpt>
      <trkpt lat="37.15188103919865" lon="34.72905901935797">
        <ele>444.6852131933913</ele>
        <time>2025-06-26T17:18:12.956Z</time>
      </trkpt>
      <trkpt lat="37.151468275033466" lon="34.72928282675582">
        <ele>446.5647720365708</ele>
        <time>2025-06-26T17:18:36.346Z</time>
      </trkpt>
      <trkpt lat="37.151468275033466" lon="34.72928282675582">
        <ele>446.5647720365708</ele>
        <time>2025-06-26T17:18:36.346Z</time>
      </trkpt>
      <trkpt lat="37.151468275033466" lon="34.72928282675582">
        <ele>446.5647720365708</ele>
        <time>2025-06-26T17:18:36.346Z</time>
      </trkpt>
      <trkpt lat="37.15112109776466" lon="34.729265511369306">
        <ele>452.5242241320208</ele>
        <time>2025-06-26T17:18:54.455Z</time>
      </trkpt>
      <trkpt lat="37.15080888270842" lon="34.72940676239028">
        <ele>453.13669741889606</ele>
        <time>2025-06-26T17:19:11.753Z</time>
      </trkpt>
      <trkpt lat="37.15080888270842" lon="34.72940676239028">
        <ele>453.13669741889606</ele>
        <time>2025-06-26T17:19:11.753Z</time>
      </trkpt>
      <trkpt lat="37.15080888270842" lon="34.72940676239028">
        <ele>453.13669741889606</ele>
        <time>2025-06-26T17:19:11.753Z</time>
      </trkpt>
      <trkpt lat="37.15071356069725" lon="34.729452492865754">
        <ele>453.11034164940963</ele>
        <time>2025-06-26T17:19:16.231Z</time>
      </trkpt>
      <trkpt lat="37.15029355962908" lon="34.72965398723531">
        <ele>452.578940897948</ele>
        <time>2025-06-26T17:19:35.961Z</time>
      </trkpt>
      <trkpt lat="37.149951048674694" lon="34.7299294531648">
        <ele>448.91703894911024</ele>
        <time>2025-06-26T17:19:53.812Z</time>
      </trkpt>
      <trkpt lat="37.149951048674694" lon="34.7299294531648">
        <ele>448.91703894911024</ele>
        <time>2025-06-26T17:19:53.812Z</time>
      </trkpt>
      <trkpt lat="37.149951048674694" lon="34.7299294531648">
        <ele>448.91703894911024</ele>
        <time>2025-06-26T17:19:53.812Z</time>
      </trkpt>
      <trkpt lat="37.14974497077675" lon="34.73021960612442">
        <ele>444.75501141240204</ele>
        <time>2025-06-26T17:20:02.298Z</time>
      </trkpt>
      <trkpt lat="37.14974497077675" lon="34.73021960612442">
        <ele>444.75501141240204</ele>
        <time>2025-06-26T17:20:02.326Z</time>
      </trkpt>
      <trkpt lat="37.14953856257257" lon="34.73038301742184">
        <ele>445.81939328953194</ele>
        <time>2025-06-26T17:20:10.486Z</time>
      </trkpt>
      <trkpt lat="37.14953856257257" lon="34.73038301742184">
        <ele>445.81939328953194</ele>
        <time>2025-06-26T17:20:10.486Z</time>
      </trkpt>
      <trkpt lat="37.149433426629486" lon="34.73038815400429">
        <ele>450.98355250349283</ele>
        <time>2025-06-26T17:20:14.029Z</time>
      </trkpt>
      <trkpt lat="37.14923711340755" lon="34.73036010567094">
        <ele>461.71588011805574</ele>
        <time>2025-06-26T17:20:20.682Z</time>
      </trkpt>
      <trkpt lat="37.14923711340755" lon="34.73036010567094">
        <ele>461.71588011805574</ele>
        <time>2025-06-26T17:20:20.722Z</time>
      </trkpt>
      <trkpt lat="37.14923711340755" lon="34.73036010567094">
        <ele>461.71588011805574</ele>
        <time>2025-06-26T17:20:20.762Z</time>
      </trkpt>
      <trkpt lat="37.14911837630591" lon="34.730293922135616">
        <ele>469.33471293965044</ele>
        <time>2025-06-26T17:20:23.559Z</time>
      </trkpt>
      <trkpt lat="37.14911837630591" lon="34.730293922135616">
        <ele>469.33471293965044</ele>
        <time>2025-06-26T17:20:23.583Z</time>
      </trkpt>
      <trkpt lat="37.14901497060191" lon="34.73038407134868">
        <ele>472.32689362117156</ele>
        <time>2025-06-26T17:20:27.233Z</time>
      </trkpt>
      <trkpt lat="37.14897599313524" lon="34.730527952258285">
        <ele>470.94665778169554</ele>
        <time>2025-06-26T17:20:30.744Z</time>
      </trkpt>
      <trkpt lat="37.14897599313524" lon="34.730527952258285">
        <ele>470.94665778169554</ele>
        <time>2025-06-26T17:20:30.744Z</time>
      </trkpt>
      <trkpt lat="37.14897599313524" lon="34.730527952258285">
        <ele>470.94665778169554</ele>
        <time>2025-06-26T17:20:30.744Z</time>
      </trkpt>
      <trkpt lat="37.14893612041696" lon="34.73072258513065">
        <ele>468.5541401548242</ele>
        <time>2025-06-26T17:20:49.200Z</time>
      </trkpt>
      <trkpt lat="37.14898061336325" lon="34.73084467682935">
        <ele>463.34152705584336</ele>
        <time>2025-06-26T17:21:01.529Z</time>
      </trkpt>
      <trkpt lat="37.14898061336325" lon="34.73084467682935">
        <ele>463.34152705584336</ele>
        <time>2025-06-26T17:21:01.529Z</time>
      </trkpt>
      <trkpt lat="37.14898061336325" lon="34.73084467682935">
        <ele>463.34152705584336</ele>
        <time>2025-06-26T17:21:01.529Z</time>
      </trkpt>
      <trkpt lat="37.14898628569746" lon="34.73095456693767">
        <ele>460.4541129268663</ele>
        <time>2025-06-26T17:21:05.658Z</time>
      </trkpt>
      <trkpt lat="37.148966145291695" lon="34.7311121405958">
        <ele>458.10714406210536</ele>
        <time>2025-06-26T17:21:11.642Z</time>
      </trkpt>
      <trkpt lat="37.148966145291695" lon="34.7311121405958">
        <ele>458.10714406210536</ele>
        <time>2025-06-26T17:21:11.642Z</time>
      </trkpt>
      <trkpt lat="37.148943726532345" lon="34.731125614194035">
        <ele>458.985281431218</ele>
        <time>2025-06-26T17:21:12.810Z</time>
      </trkpt>
      <trkpt lat="37.14853819456137" lon="34.731369337531476">
        <ele>477.391335116816</ele>
        <time>2025-06-26T17:21:34.712Z</time>
      </trkpt>
      <trkpt lat="37.14853819456137" lon="34.731369337531476">
        <ele>477.391335116816</ele>
        <time>2025-06-26T17:21:34.712Z</time>
      </trkpt>
      <trkpt lat="37.14853819456137" lon="34.731369337531476">
        <ele>477.391335116816</ele>
        <time>2025-06-26T17:21:34.712Z</time>
      </trkpt>
      <trkpt lat="37.14838882004912" lon="34.73149783104887">
        <ele>482.9744760200854</ele>
        <time>2025-06-26T17:21:43.533Z</time>
      </trkpt>
      <trkpt lat="37.148298296089806" lon="34.73154287576291">
        <ele>487.208187773589</ele>
        <time>2025-06-26T17:21:48.276Z</time>
      </trkpt>
      <trkpt lat="37.14788031247252" lon="34.731750864373424">
        <ele>500.4630546820856</ele>
        <time>2025-06-26T17:22:10.176Z</time>
      </trkpt>
      <trkpt lat="37.14788031247252" lon="34.731750864373424">
        <ele>500.4630546820856</ele>
        <time>2025-06-26T17:22:10.176Z</time>
      </trkpt>
      <trkpt lat="37.14788031247252" lon="34.731750864373424">
        <ele>500.4630546820856</ele>
        <time>2025-06-26T17:22:10.176Z</time>
      </trkpt>
      <trkpt lat="37.147739561384924" lon="34.732100729081594">
        <ele>493.99145425225373</ele>
        <time>2025-06-26T17:22:25.909Z</time>
      </trkpt>
      <trkpt lat="37.147719040214795" lon="34.73228422455648">
        <ele>489.38438757234263</ele>
        <time>2025-06-26T17:22:33.347Z</time>
      </trkpt>
      <trkpt lat="37.147719040214795" lon="34.73228422455648">
        <ele>489.38438757234263</ele>
        <time>2025-06-26T17:22:33.347Z</time>
      </trkpt>
      <trkpt lat="37.14770961149135" lon="34.73234731869559">
        <ele>487.89728761189707</ele>
        <time>2025-06-26T17:22:35.924Z</time>
      </trkpt>
      <trkpt lat="37.147626751668994" lon="34.732901791333404">
        <ele>474.17968280074524</ele>
        <time>2025-06-26T17:22:58.533Z</time>
      </trkpt>
      <trkpt lat="37.147626751668994" lon="34.732901791333404">
        <ele>474.17968280074524</ele>
        <time>2025-06-26T17:22:58.533Z</time>
      </trkpt>
      <trkpt lat="37.147626751668994" lon="34.732901791333404">
        <ele>474.17968280074524</ele>
        <time>2025-06-26T17:22:58.533Z</time>
      </trkpt>
      <trkpt lat="37.14753101603428" lon="34.733116610485126">
        <ele>471.75777790796263</ele>
        <time>2025-06-26T17:23:08.772Z</time>
      </trkpt>
      <trkpt lat="37.14734661808265" lon="34.733250586996036">
        <ele>473.4305583182702</ele>
        <time>2025-06-26T17:23:19.894Z</time>
      </trkpt>
      <trkpt lat="37.14734661808265" lon="34.733250586996036">
        <ele>473.4305583182702</ele>
        <time>2025-06-26T17:23:19.894Z</time>
      </trkpt>
      <trkpt lat="37.147047501808714" lon="34.73339794768694">
        <ele>476.6763970704984</ele>
        <time>2025-06-26T17:23:36.667Z</time>
      </trkpt>
      <trkpt lat="37.147047501808714" lon="34.73339794768694">
        <ele>476.6763970704984</ele>
        <time>2025-06-26T17:23:36.667Z</time>
      </trkpt>
      <trkpt lat="37.147047501808714" lon="34.73339794768694">
        <ele>476.6763970704984</ele>
        <time>2025-06-26T17:23:36.667Z</time>
      </trkpt>
      <trkpt lat="37.14693797487517" lon="34.73344285737494">
        <ele>477.982416594304</ele>
        <time>2025-06-26T17:23:48.348Z</time>
      </trkpt>
      <trkpt lat="37.146843626412064" lon="34.73361106586495">
        <ele>475.93207173964583</ele>
        <time>2025-06-26T17:24:04.968Z</time>
      </trkpt>
      <trkpt lat="37.146843626412064" lon="34.73361106586495">
        <ele>475.93207173964583</ele>
        <time>2025-06-26T17:24:05.054Z</time>
      </trkpt>
      <trkpt lat="37.14667144072068" lon="34.73398623741838">
        <ele>471.2131004677068</ele>
        <time>2025-06-26T17:24:40.037Z</time>
      </trkpt>
      <trkpt lat="37.14667144072068" lon="34.73398623741838">
        <ele>471.2131004677068</ele>
        <time>2025-06-26T17:24:40.037Z</time>
      </trkpt>
      <trkpt lat="37.14667144072068" lon="34.73398623741838">
        <ele>471.2131004677068</ele>
        <time>2025-06-26T17:24:40.037Z</time>
      </trkpt>
      <trkpt lat="37.14666623278235" lon="34.7340680857335">
        <ele>470.3097946149305</ele>
        <time>2025-06-26T17:24:43.513Z</time>
      </trkpt>
      <trkpt lat="37.14674322955763" lon="34.734105661750874">
        <ele>468.29134593601333</ele>
        <time>2025-06-26T17:24:47.901Z</time>
      </trkpt>
      <trkpt lat="37.14674322955763" lon="34.734105661750874">
        <ele>468.29134593601333</ele>
        <time>2025-06-26T17:24:47.901Z</time>
      </trkpt>
      <trkpt lat="37.146937996213396" lon="34.7341794422571">
        <ele>463.5689736502254</ele>
        <time>2025-06-26T17:24:58.707Z</time>
      </trkpt>
      <trkpt lat="37.146937996213396" lon="34.7341794422571">
        <ele>463.5689736502254</ele>
        <time>2025-06-26T17:24:58.740Z</time>
      </trkpt>
      <trkpt lat="37.146937996213396" lon="34.7341794422571">
        <ele>463.5689736502254</ele>
        <time>2025-06-26T17:24:58.773Z</time>
      </trkpt>
      <trkpt lat="37.147053322572475" lon="34.734210397676804">
        <ele>461.03981636203383</ele>
        <time>2025-06-26T17:25:03.383Z</time>
      </trkpt>
      <trkpt lat="37.14712042861434" lon="34.734262607323416">
        <ele>459.2794381650636</ele>
        <time>2025-06-26T17:25:06.470Z</time>
      </trkpt>
      <trkpt lat="37.14712042861434" lon="34.734262607323416">
        <ele>459.2794381650636</ele>
        <time>2025-06-26T17:25:06.470Z</time>
      </trkpt>
      <trkpt lat="37.14715185548131" lon="34.734389639347114">
        <ele>457.55239692977875</ele>
        <time>2025-06-26T17:25:10.614Z</time>
      </trkpt>
      <trkpt lat="37.14715185548131" lon="34.734389639347114">
        <ele>457.55239692977875</ele>
        <time>2025-06-26T17:25:10.614Z</time>
      </trkpt>
      <trkpt lat="37.14721035056067" lon="34.73452972596195">
        <ele>455.4074818808597</ele>
        <time>2025-06-26T17:25:15.508Z</time>
      </trkpt>
      <trkpt lat="37.14721035056067" lon="34.73452972596195">
        <ele>455.4074818808597</ele>
        <time>2025-06-26T17:25:15.508Z</time>
      </trkpt>
      <trkpt lat="37.14721035056067" lon="34.73452972596195">
        <ele>455.4074818808597</ele>
        <time>2025-06-26T17:25:15.508Z</time>
      </trkpt>
      <trkpt lat="37.14724743360659" lon="34.734606270371735">
        <ele>454.20338485003504</ele>
        <time>2025-06-26T17:25:19.218Z</time>
      </trkpt>
      <trkpt lat="37.14748098094961" lon="34.73508834359646">
        <ele>446.7025431453727</ele>
        <time>2025-06-26T17:25:55.945Z</time>
      </trkpt>
      <trkpt lat="37.14748098094961" lon="34.73508834359646">
        <ele>446.7025431453727</ele>
        <time>2025-06-26T17:25:55.945Z</time>
      </trkpt>
      <trkpt lat="37.14745403754715" lon="34.735519726476355">
        <ele>445.5832385908955</ele>
        <time>2025-06-26T17:26:26.385Z</time>
      </trkpt>
      <trkpt lat="37.14745403754715" lon="34.735519726476355">
        <ele>445.5832385908955</ele>
        <time>2025-06-26T17:26:26.385Z</time>
      </trkpt>
      <trkpt lat="37.14740966715517" lon="34.73559736565713">
        <ele>446.26542933904665</ele>
        <time>2025-06-26T17:26:28.037Z</time>
      </trkpt>
      <trkpt lat="37.14740696226504" lon="34.73566392031765">
        <ele>446.09606298459744</ele>
        <time>2025-06-26T17:26:29.189Z</time>
      </trkpt>
      <trkpt lat="37.14740696226504" lon="34.73566392031765">
        <ele>446.09606298459744</ele>
        <time>2025-06-26T17:26:29.189Z</time>
      </trkpt>
      <trkpt lat="37.1475174194925" lon="34.735748909650795">
        <ele>443.04489635008014</ele>
        <time>2025-06-26T17:26:32.000Z</time>
      </trkpt>
      <trkpt lat="37.1475174194925" lon="34.735748909650795">
        <ele>443.04489635008014</ele>
        <time>2025-06-26T17:26:32.000Z</time>
      </trkpt>
      <trkpt lat="37.147622813670864" lon="34.73585685141984">
        <ele>439.98776816732754</ele>
        <time>2025-06-26T17:26:35.946Z</time>
      </trkpt>
      <trkpt lat="37.147622813670864" lon="34.73585685141984">
        <ele>439.98776816732754</ele>
        <time>2025-06-26T17:26:35.946Z</time>
      </trkpt>
      <trkpt lat="37.147706917446286" lon="34.735984270739976">
        <ele>438.84356185507573</ele>
        <time>2025-06-26T17:26:39.699Z</time>
      </trkpt>
      <trkpt lat="37.147706917446286" lon="34.735984270739976">
        <ele>438.84356185507573</ele>
        <time>2025-06-26T17:26:39.699Z</time>
      </trkpt>
      <trkpt lat="37.14759042368074" lon="34.73612701487184">
        <ele>443.0024408962121</ele>
        <time>2025-06-26T17:26:44.276Z</time>
      </trkpt>
      <trkpt lat="37.14759042368074" lon="34.73612701487184">
        <ele>443.0024408962121</ele>
        <time>2025-06-26T17:26:44.299Z</time>
      </trkpt>
      <trkpt lat="37.14768733054403" lon="34.73623622118603">
        <ele>441.5037342094864</ele>
        <time>2025-06-26T17:26:47.899Z</time>
      </trkpt>
      <trkpt lat="37.14768733054403" lon="34.73623622118603">
        <ele>441.5037342094864</ele>
        <time>2025-06-26T17:26:47.946Z</time>
      </trkpt>
      <trkpt lat="37.147786369623375" lon="34.73630948148886">
        <ele>439.72156348959646</ele>
        <time>2025-06-26T17:26:54.350Z</time>
      </trkpt>
      <trkpt lat="37.147786369623375" lon="34.73630948148886">
        <ele>439.72156348959646</ele>
        <time>2025-06-26T17:26:54.350Z</time>
      </trkpt>
      <trkpt lat="37.147786369623375" lon="34.73630948148886">
        <ele>439.72156348959646</ele>
        <time>2025-06-26T17:26:54.350Z</time>
      </trkpt>
      <trkpt lat="37.14775128368143" lon="34.73648534166591">
        <ele>442.0859614189567</ele>
        <time>2025-06-26T17:27:01.917Z</time>
      </trkpt>
      <trkpt lat="37.14775924454129" lon="34.73660723070611">
        <ele>442.9591119081822</ele>
        <time>2025-06-26T17:27:07.022Z</time>
      </trkpt>
      <trkpt lat="37.14775924454129" lon="34.73660723070611">
        <ele>442.9591119081822</ele>
        <time>2025-06-26T17:27:07.022Z</time>
      </trkpt>
      <trkpt lat="37.1478005588243" lon="34.73685897357677">
        <ele>444.0793291859839</ele>
        <time>2025-06-26T17:27:17.751Z</time>
      </trkpt>
      <trkpt lat="37.1478005588243" lon="34.73685897357677">
        <ele>444.0793291859839</ele>
        <time>2025-06-26T17:27:17.751Z</time>
      </trkpt>
      <trkpt lat="37.14788362874607" lon="34.737082037273154">
        <ele>443.58831080970344</ele>
        <time>2025-06-26T17:27:28.015Z</time>
      </trkpt>
      <trkpt lat="37.14788362874607" lon="34.737082037273154">
        <ele>443.58831080970344</ele>
        <time>2025-06-26T17:27:28.015Z</time>
      </trkpt>
      <trkpt lat="37.1479963893279" lon="34.73726080325412">
        <ele>442.0713733717841</ele>
        <time>2025-06-26T17:27:37.507Z</time>
      </trkpt>
      <trkpt lat="37.1479963893279" lon="34.73726080325412">
        <ele>442.0713733717841</ele>
        <time>2025-06-26T17:27:37.507Z</time>
      </trkpt>
      <trkpt lat="37.14803389914137" lon="34.73773480316211">
        <ele>444.345710383449</ele>
        <time>2025-06-26T17:27:57.306Z</time>
      </trkpt>
      <trkpt lat="37.14803389914137" lon="34.73773480316211">
        <ele>444.345710383449</ele>
        <time>2025-06-26T17:27:57.306Z</time>
      </trkpt>
      <trkpt lat="37.14803389914137" lon="34.73773480316211">
        <ele>444.345710383449</ele>
        <time>2025-06-26T17:27:57.306Z</time>
      </trkpt>
      <trkpt lat="37.14787584934149" lon="34.738026420065964">
        <ele>447.29020163980374</ele>
        <time>2025-06-26T17:28:11.920Z</time>
      </trkpt>
      <trkpt lat="37.147623013057014" lon="34.7384929270436">
        <ele>451.53167622420636</ele>
        <time>2025-06-26T17:28:35.299Z</time>
      </trkpt>
      <trkpt lat="37.14737017677254" lon="34.73895943402124">
        <ele>455.3642121662388</ele>
        <time>2025-06-26T17:28:58.683Z</time>
      </trkpt>
      <trkpt lat="37.14737017677254" lon="34.73895943402124">
        <ele>455.3642121662388</ele>
        <time>2025-06-26T17:28:58.727Z</time>
      </trkpt>
      <trkpt lat="37.14732613120296" lon="34.73937037208242">
        <ele>451.7996406893333</ele>
        <time>2025-06-26T17:29:12.661Z</time>
      </trkpt>
      <trkpt lat="37.14732613120296" lon="34.73937037208242">
        <ele>451.7996406893333</ele>
        <time>2025-06-26T17:29:12.661Z</time>
      </trkpt>
      <trkpt lat="37.14726984169408" lon="34.7394565302907">
        <ele>451.8286234485694</ele>
        <time>2025-06-26T17:29:17.277Z</time>
      </trkpt>
      <trkpt lat="37.146984796347496" lon="34.73989282822316">
        <ele>448.56151049246637</ele>
        <time>2025-06-26T17:29:40.654Z</time>
      </trkpt>
      <trkpt lat="37.146650391729366" lon="34.74006353312561">
        <ele>448.4030958966125</ele>
        <time>2025-06-26T17:29:59.423Z</time>
      </trkpt>
      <trkpt lat="37.146650391729366" lon="34.74006353312561">
        <ele>448.4030958966125</ele>
        <time>2025-06-26T17:29:59.423Z</time>
      </trkpt>
      <trkpt lat="37.146576054558324" lon="34.74038302429878">
        <ele>442.37763436213186</ele>
        <time>2025-06-26T17:30:13.215Z</time>
      </trkpt>
      <trkpt lat="37.146576054558324" lon="34.74038302429878">
        <ele>442.37763436213186</ele>
        <time>2025-06-26T17:30:13.215Z</time>
      </trkpt>
      <trkpt lat="37.146576054558324" lon="34.74038302429878">
        <ele>442.37763436213186</ele>
        <time>2025-06-26T17:30:13.215Z</time>
      </trkpt>
      <trkpt lat="37.14642971018884" lon="34.74060496369148">
        <ele>438.70717495884844</ele>
        <time>2025-06-26T17:30:25.148Z</time>
      </trkpt>
      <trkpt lat="37.146192952808775" lon="34.74062530276814">
        <ele>439.6270004346044</ele>
        <time>2025-06-26T17:30:37.482Z</time>
      </trkpt>
      <trkpt lat="37.146192952808775" lon="34.74062530276814">
        <ele>439.6270004346044</ele>
        <time>2025-06-26T17:30:37.482Z</time>
      </trkpt>
      <trkpt lat="37.146192952808775" lon="34.74062530276814">
        <ele>439.6270004346044</ele>
        <time>2025-06-26T17:30:37.482Z</time>
      </trkpt>
      <trkpt lat="37.14613010021134" lon="34.74043292164703">
        <ele>443.6051771972102</ele>
        <time>2025-06-26T17:30:46.095Z</time>
      </trkpt>
      <trkpt lat="37.146002488277205" lon="34.740156481284714">
        <ele>449.19762575061225</ele>
        <time>2025-06-26T17:30:59.328Z</time>
      </trkpt>
      <trkpt lat="37.146002488277205" lon="34.740156481284714">
        <ele>449.19762575061225</ele>
        <time>2025-06-26T17:30:59.328Z</time>
      </trkpt>
      <trkpt lat="37.146002488277205" lon="34.740156481284714">
        <ele>449.19762575061225</ele>
        <time>2025-06-26T17:30:59.328Z</time>
      </trkpt>
      <trkpt lat="37.14573937240998" lon="34.73986419907675">
        <ele>454.8237178668859</ele>
        <time>2025-06-26T17:31:16.471Z</time>
      </trkpt>
      <trkpt lat="37.14573937240998" lon="34.73986419907675">
        <ele>454.8237178668859</ele>
        <time>2025-06-26T17:31:16.471Z</time>
      </trkpt>
      <trkpt lat="37.14554438875855" lon="34.73979523362229">
        <ele>458.6036633482906</ele>
        <time>2025-06-26T17:31:26.653Z</time>
      </trkpt>
      <trkpt lat="37.145378280802774" lon="34.73983444433338">
        <ele>460.4961783721108</ele>
        <time>2025-06-26T17:31:35.148Z</time>
      </trkpt>
      <trkpt lat="37.145378280802774" lon="34.73983444433338">
        <ele>460.4961783721108</ele>
        <time>2025-06-26T17:31:35.148Z</time>
      </trkpt>
      <trkpt lat="37.145378280802774" lon="34.73983444433338">
        <ele>460.4961783721108</ele>
        <time>2025-06-26T17:31:35.148Z</time>
      </trkpt>
      <trkpt lat="37.14527430347245" lon="34.74010501701355">
        <ele>458.80809120427875</ele>
        <time>2025-06-26T17:31:47.415Z</time>
      </trkpt>
      <trkpt lat="37.14527408611975" lon="34.74011756142177">
        <ele>458.6639834118133</ele>
        <time>2025-06-26T17:31:47.926Z</time>
      </trkpt>
      <trkpt lat="37.14526431418878" lon="34.74068154380336">
        <ele>452.3992077285837</ele>
        <time>2025-06-26T17:32:10.964Z</time>
      </trkpt>
      <trkpt lat="37.14526431418878" lon="34.74068154380336">
        <ele>452.3992077285837</ele>
        <time>2025-06-26T17:32:10.964Z</time>
      </trkpt>
      <trkpt lat="37.14526431418878" lon="34.74068154380336">
        <ele>452.3992077285837</ele>
        <time>2025-06-26T17:32:10.964Z</time>
      </trkpt>
      <trkpt lat="37.14510221949486" lon="34.74107207310439">
        <ele>452.7130521357596</ele>
        <time>2025-06-26T17:32:29.204Z</time>
      </trkpt>
      <trkpt lat="37.145101334052384" lon="34.74150163084005">
        <ele>449.0213623730941</ele>
        <time>2025-06-26T17:32:46.999Z</time>
      </trkpt>
      <trkpt lat="37.145101334052384" lon="34.74150163084005">
        <ele>449.0213623730941</ele>
        <time>2025-06-26T17:32:46.999Z</time>
      </trkpt>
      <trkpt lat="37.145101334052384" lon="34.74150163084005">
        <ele>449.0213623730941</ele>
        <time>2025-06-26T17:32:46.999Z</time>
      </trkpt>
      <trkpt lat="37.14541038441652" lon="34.741772934600306">
        <ele>439.1278254263815</ele>
        <time>2025-06-26T17:33:06.610Z</time>
      </trkpt>
      <trkpt lat="37.14541038441652" lon="34.741772934600306">
        <ele>439.1278254263815</ele>
        <time>2025-06-26T17:33:06.610Z</time>
      </trkpt>
      <trkpt lat="37.14562111859168" lon="34.741764147828256">
        <ele>433.83175583544704</ele>
        <time>2025-06-26T17:33:17.567Z</time>
      </trkpt>
      <trkpt lat="37.14607053051594" lon="34.741745409148905">
        <ele>426.92935855444574</ele>
        <time>2025-06-26T17:33:40.934Z</time>
      </trkpt>
      <trkpt lat="37.1461977545821" lon="34.74179580092106">
        <ele>425.10685151536114</ele>
        <time>2025-06-26T17:33:47.867Z</time>
      </trkpt>
      <trkpt lat="37.146626551576595" lon="34.74196564174678">
        <ele>419.65316365240216</ele>
        <time>2025-06-26T17:34:11.234Z</time>
      </trkpt>
      <trkpt lat="37.1470553485711" lon="34.74213548257251">
        <ele>416.69095507755486</ele>
        <time>2025-06-26T17:34:34.601Z</time>
      </trkpt>
      <trkpt lat="37.1474841455656" lon="34.74230532339823">
        <ele>416.07408463650364</ele>
        <time>2025-06-26T17:34:57.968Z</time>
      </trkpt>
    </trkseg>
  </trk>
</gpx>
