<?xml version="1.0" encoding="UTF-8"?>
<kml xmlns="http://www.opengis.net/kml/2.2"  xmlns:gx="http://www.google.com/kml/ext/2.2" xmlns:kml="http://www.opengis.net/kml/2.2"    
     xmlns:atom="http://www.w3.org/2005/Atom">
    <Document>
        <name>33k New Deniz </name>
        
                        <atom:author>             
                <atom:name>
      
      
    </atom:name>         
            </atom:author> 
        
                            <atom:link href="https://www.wikiloc.com/wikiloc/view.do?id=219601931"/>
            
                            <TimeStamp>
                <when>2025-06-26T12:24:33.000Z</when>
            </TimeStamp> 
            
                
        <description><![CDATA[<br/><p> </p><p><br/>Converted using <b><a href='http://gpx2kml.com' title='Go to gpx2kml.com'>gpx2kml.com</a></b></p><br/>]]></description>
        <visibility>1</visibility>
        <open>1</open>
        
                <Style id="red">
            <LineStyle>
            <color>C81400FF</color>
            <width>4</width>
            </LineStyle>
        </Style>
        <Style id="route_red">
            <LineStyle>
            <color>961400FF</color>
            <width>4</width>
            </LineStyle>
        </Style>
                <Style id="green">
            <LineStyle>
            <color>C878FF00</color>
            <width>4</width>
            </LineStyle>
        </Style>
        <Style id="route_green">
            <LineStyle>
            <color>9678FF00</color>
            <width>4</width>
            </LineStyle>
        </Style>
                <Style id="blue">
            <LineStyle>
            <color>C8FF7800</color>
            <width>4</width>
            </LineStyle>
        </Style>
        <Style id="route_blue">
            <LineStyle>
            <color>96FF7800</color>
            <width>4</width>
            </LineStyle>
        </Style>
                <Style id="cyan">
            <LineStyle>
            <color>C8F0FF14</color>
            <width>4</width>
            </LineStyle>
        </Style>
        <Style id="route_cyan">
            <LineStyle>
            <color>96F0FF14</color>
            <width>4</width>
            </LineStyle>
        </Style>
                <Style id="orange">
            <LineStyle>
            <color>C81478FF</color>
            <width>4</width>
            </LineStyle>
        </Style>
        <Style id="route_orange">
            <LineStyle>
            <color>961478FF</color>
            <width>4</width>
            </LineStyle>
        </Style>
                <Style id="dark_green">
            <LineStyle>
            <color>C8008C14</color>
            <width>4</width>
            </LineStyle>
        </Style>
        <Style id="route_dark_green">
            <LineStyle>
            <color>96008C14</color>
            <width>4</width>
            </LineStyle>
        </Style>
                <Style id="purple">
            <LineStyle>
            <color>C8FF7878</color>
            <width>4</width>
            </LineStyle>
        </Style>
        <Style id="route_purple">
            <LineStyle>
            <color>96FF7878</color>
            <width>4</width>
            </LineStyle>
        </Style>
                <Style id="pink">
            <LineStyle>
            <color>C8A078F0</color>
            <width>4</width>
            </LineStyle>
        </Style>
        <Style id="route_pink">
            <LineStyle>
            <color>96A078F0</color>
            <width>4</width>
            </LineStyle>
        </Style>
                <Style id="brown">
            <LineStyle>
            <color>C8143C96</color>
            <width>4</width>
            </LineStyle>
        </Style>
        <Style id="route_brown">
            <LineStyle>
            <color>96143C96</color>
            <width>4</width>
            </LineStyle>
        </Style>
                <Style id="dark_blue">
            <LineStyle>
            <color>C8F01414</color>
            <width>4</width>
            </LineStyle>
        </Style>
        <Style id="route_dark_blue">
            <LineStyle>
            <color>96F01414</color>
            <width>4</width>
            </LineStyle>
        </Style>
        
                
                
        <Folder>
            <name>Tracks</name>
            <description>A list of tracks</description>
            <visibility>1</visibility>            
            <open>0</open>
                                                            
                <Placemark>
                    <visibility>0</visibility>            
                    <open>0</open> 
                    <styleUrl>#red</styleUrl>
                    <name>33k New Deniz </name>
                    <description>Dereden geçen yer
 - Track no. 1</description>
                    <LineString>
                        <extrude>true</extrude>
                        <tessellate>true</tessellate>
                        <altitudeMode>clampToGround</altitudeMode> 
                        <coordinates>
                            34.74224561327733,37.147516647172864,416.3671470125211 34.74229552119701,37.14757641961225,416.58932879511343 34.74229552119701,37.14757641961225,416.58932879511343 34.742225723789296,37.14798498065879,418.8478006873238 34.742149607589994,37.148430528925786,425.1729824996098 34.742149607589994,37.148430528925786,425.1729824996098 34.74214985062653,37.14848342013882,426.0234059966635 34.74223271937191,37.1486112036207,428.0780044661842 34.74237009437368,37.148709093674825,429.7519563769932 34.74241628902567,37.14889720473599,432.4905391503132 34.74247127027638,37.14909862244765,434.30824786354896 34.74248688023067,37.14916004165953,434.84691240643286 34.74265898512101,37.149261396953975,435.6673712922732 34.74282715572329,37.14955172433831,438.55454210253885 34.74297695661994,37.149820030676295,441.1853823014083 34.74311750547369,37.150104640417894,443.79099451242985 34.74330096553507,37.150280315515545,445.6024406968385 34.74352064116013,37.150512683174,447.6442798502752 34.74360176286348,37.15072291284022,449.33816517670755 34.74368143215122,37.15088805569968,450.63079434391125 34.74375309266367,37.1511889467382,453.2848596074502 34.743765413486415,37.1512963009358,455.0724365580139 34.743676226725285,37.15147924857767,457.97785590500496 34.743613658065385,37.15152301873367,458.66650443320805 34.743563536411614,37.151707175549944,461.88740051598376 34.74357206074194,37.15185736688784,464.51665333826156 34.74362878877912,37.15194829108978,466.2468167518274 34.743718136678865,37.15208894108936,469.5600689528075 34.743779973362734,37.152128899767206,470.29362290255335 34.743911077724334,37.152103224592835,469.1223384507007 34.74405845447319,37.1520591821719,467.530221357643 34.74433838411014,37.151990994127544,465.2784370683279 34.74444591450512,37.151991105973735,464.99296848639136 34.7446256482738,37.151939651844444,463.8880531392538 34.7446851692504,37.15192961915977,463.75606385232084 34.7447953945985,37.151845508032025,462.83289290480377 34.7448764864632,37.151817073707335,462.53667664400234 34.74497317426298,37.15176814578433,462.02820800133054 34.74506877657748,37.15167238488783,460.96970201777657 34.74511604996161,37.15163500865641,460.5707719141116 34.74525808895581,37.15150032648512,459.08426158090595 34.745494400252625,37.151157688821,455.1894716849555 34.745677336594696,37.15106776724548,454.29185153742276 34.74584289020319,37.15089218825629,452.629047390855 34.74602547274017,37.15066221046153,450.7345921482902 34.74607946003741,37.15052213908258,449.7108497042918 34.74627769518631,37.150324392034136,448.52699012127727 34.746671571635204,37.150068922312656,449.7798729598955 34.74675157258358,37.15003218417361,450.56366974778535 34.746799518132946,37.14987075718078,450.73053663629173 34.7468471136082,37.149752402070774,450.9566082882475 34.74702124084422,37.14961372756949,452.3427028971267 34.747105079339036,37.149578706722934,453.0170498890816 34.74739277910598,37.14955655697352,455.87503977075704 34.74749578011466,37.149508314247925,456.46870941705197 34.747579500678654,37.1493997031786,455.1559099052713 34.747654680250776,37.149256149839374,452.8473248586904 34.74780468307566,37.149262674570295,450.45731063407015 34.748005333934685,37.14935629736024,448.2464934491304 34.74811464134589,37.14947604960662,448.1291999423963 34.748336447432905,37.14964383514668,447.5198032669479 34.74846935882974,37.14982350293617,449.1112533575863 34.74872490193735,37.14996098563876,445.7659826737833 34.74882534181668,37.15003519008086,444.7271683469427 34.74887151025353,37.15011283635953,445.01334418617245 34.74911311823729,37.150519173721605,445.7394513681909 34.74918185592418,37.15065790299731,445.9454102547213 34.749303456040934,37.15074990911623,444.4506780503327 34.749486151717605,37.15090546438569,442.68112232573344 34.74963440883141,37.15106099762136,441.49389076466446 34.74996739460079,37.15131915945348,438.92073650118016 34.750009519645346,37.151425366727665,440.7291773832407 34.75006793358372,37.15150191844225,441.459431175097 34.7502867930738,37.151600126039554,439.4581854741434 34.750504061467154,37.151660542942565,438.88591093074615 34.750754012671905,37.15168678794373,441.47168739612863 34.75083805417293,37.15159995393549,440.63033038617846 34.751132063060254,37.15150547409921,442.9372041657667 34.75145870992952,37.15146911031043,449.7996199271276 34.75166435742963,37.15155110715821,458.6548072886693 34.75197692686537,37.15181080752423,459.32039680618567 34.752367479411475,37.15213530066903,456.93256748393054 34.75240772408412,37.15218318419815,457.7304767885124 34.75272171055124,37.15255676855489,463.20032876531593 34.753213133465806,37.15262505470956,475.0043064151947 34.753522880524,37.152899394702885,481.8319006809054 34.75364042806436,37.15324219205782,477.4423335383373 34.75373509368998,37.15352884708709,471.90062580251373 34.75384163903956,37.153611423353176,473.90801232978504 34.75424611222766,37.15392490381703,472.6381124623664 34.75424611222766,37.15392490381703,472.6381124623664 34.75464106172777,37.154239733793375,470.940194017689 34.75478011397536,37.154493710498045,469.01781924875195 34.75478011397536,37.154493710498045,469.01781924875195 34.75484384625523,37.15488160054616,461.00045652529985 34.75484384625523,37.15488160054616,461.00045652529985 34.754845127909796,37.154907903729956,460.37740504520985 34.75486702162996,37.15535722491221,459.45018240505425 34.75486702162996,37.15535722491221,459.45018240505425 34.75491916622184,37.15566661003048,460.8301022418501 34.75491916622184,37.15566661003048,460.8301022418501 34.755041846408666,37.15578558985583,460.3421468323104 34.755400055244564,37.15613299415834,466.6440636738877 34.755400055244564,37.15613299415834,466.6440636738877 34.755400055244564,37.15613299415834,466.6440636738877 34.755583550822365,37.15631223705972,473.45827159870146 34.755583550822365,37.15631223705972,473.45827159870146 34.755800553550046,37.156551071227796,479.61367958792283 34.756048285594915,37.15677868109361,481.8201125786196 34.756048285594915,37.15677868109361,481.8201125786196 34.75610102332508,37.15683652758467,481.5057597677086 34.756432669351625,37.1572003005201,476.06425386577416 34.75662506001393,37.1573170685875,474.0892203860008 34.75679954083495,37.15741648906352,472.85119760312966 34.75707521131187,37.15754609860821,470.62439669380404 34.75719651835408,37.15761700968115,468.6471088173912 34.75731465343483,37.15770042462783,466.79754027424326 34.75731465343483,37.15770042462783,466.79754027424326 34.757385283252745,37.15781570605094,464.1134597683946 34.757460083548864,37.15796366807089,460.59486831924926 34.757460083548864,37.15796366807089,460.59486831924926 34.75748537602229,37.15801624019032,459.35882672835174 34.75755537722077,37.15805692555037,458.6960194513674 34.75755537722077,37.15805692555037,458.6960194513674 34.75766559598276,37.15805051797972,459.4066990111494 34.75776134563969,37.15798573493072,461.6671680632098 34.75776134563969,37.15798573493072,461.6671680632098 34.75796426921352,37.15773384614616,469.18836101224167 34.75796426921352,37.15773384614616,469.18836101224167 34.75810251656054,37.15761395875735,472.92701771303683 34.758201196567256,37.15755785190507,475.17406209351105 34.758208451504515,37.15746343041454,477.63050148701353 34.75810807416846,37.15742062711635,477.82815630175236 34.75800215228517,37.15743476738234,477.04291104341695 34.75784571698509,37.15741942408941,476.7018243606673 34.75775881376518,37.15737709359503,477.4225738293646 34.75769691636515,37.157320191819394,479.0953331838061 34.75763215012148,37.1572768646289,480.53030917709793 34.75755245768727,37.15726049087435,480.8401642498909 34.75737398762172,37.15726077691548,480.0856941632002 34.7572184976533,37.157250312948435,479.86300084194784 34.757040654677496,37.1571712264863,481.6765050427648 34.757040654677496,37.1571712264863,481.6765050427648 34.7569821749137,37.15713985114476,482.4329490486829 34.757029182712444,37.157082213634155,485.02006396296713 34.757029182712444,37.157082213634155,485.02006396296713 34.757155742169715,37.15708509551058,486.126719648368 34.757155742169715,37.15708509551058,486.126719648368 34.75747308279941,37.156983143213765,491.98717935510314 34.75747308279941,37.156983143213765,491.98717935510314 34.75747308279941,37.156983143213765,491.98717935510314 34.757557116447884,37.1569121827217,495.2187911666941 34.75764279071896,37.15689198841024,496.34484297200186 34.75764279071896,37.15689198841024,496.34484297200186 34.757768142312955,37.15693407587385,495.0795452168453 34.75805488959165,37.15692014547284,496.7327010579413 34.758195150864424,37.15688044229468,499.11723835901427 34.758195150864424,37.15688044229468,499.11723835901427 34.75837113563776,37.15687879945847,502.1086423152817 34.75847937219484,37.1569477708437,501.32434399142016 34.75847937219484,37.1569477708437,501.32434399142016 34.75853727847695,37.15709683838942,496.4836623806052 34.75853727847695,37.15709683838942,496.4836623806052 34.75853727847695,37.15709683838942,496.4836623806052 34.75859532667616,37.15719292420319,493.77320347980185 34.75872049262324,37.15721951932417,495.05674209080246 34.75872049262324,37.15721951932417,495.05674209080246 34.75872049262324,37.15721951932417,495.05674209080246 34.7588542741922,37.157213832562505,497.77491967547604 34.759028447751405,37.15724001107655,499.98862100187694 34.759028447751405,37.15724001107655,499.98862100187694 34.759289438731145,37.15730752330985,503.2392308407537 34.759289438731145,37.15730752330985,503.2392308407537 34.759289438731145,37.15730752330985,503.2392308407537 34.75939608884539,37.15733667151156,505.09689190287736 34.759476534235176,37.15736679874463,506.2506788336084 34.759476534235176,37.15736679874463,506.2506788336084 34.759602438945734,37.157473435759,507.2035733103055 34.75976359602774,37.15751806771611,510.4469621041144 34.75995234296835,37.15756208911215,514.450746905438 34.760126422299976,37.157558235006874,519.0970094487709 34.76017985591349,37.157532357722275,520.963375614426 34.76024173920899,37.157515362001604,522.7704637571247 34.76028070762061,37.15757161257319,522.5807535883225 34.760249557574554,37.15764742417903,520.3005506111608 34.76025077253749,37.15771149372392,519.13777033466 34.76020280260025,37.15778107142371,516.412413049492 34.760162818603504,37.15795854397487,511.57062777406645 34.76020210541827,37.15806535189594,510.58011824363604 34.76043746028378,37.15815275637918,517.865030953947 34.76041389488171,37.15821495474462,518.2498753773293 34.760371374228356,37.15825947627057,517.7088645928317 34.76034886913885,37.1583344771156,518.4014474447031 34.760450227824975,37.15833685709546,521.6920052785663 34.76054452339571,37.158284397384975,523.7524721180939 34.760608387137296,37.15829536383801,526.0028733844903 34.76078270287363,37.15818479928163,529.8323514745572 34.76092971487998,37.15807603095813,534.1193188273355 34.76116869086394,37.157890775675156,542.8568299032136 34.76123069117804,37.157809185921124,545.1182745263283 34.76127538259922,37.15780704190432,546.4744102949915 34.76130828620336,37.15787808715726,547.2989415095135 34.761312099165735,37.15803954436335,547.0589883323212 34.761327140412675,37.158256426153,549.2379855023262 34.7612768945165,37.15845744931855,550.1099209963704 34.761319353911745,37.158517738078515,552.3336394956343 34.761327591231804,37.15860125246171,553.7273510134373 34.76140542982259,37.15864063423875,556.8588801862213 34.76137809773107,37.158566418235424,554.9828680953317 34.76139831294614,37.1584681796072,554.4146270052345 34.76144537422692,37.1584438211504,555.7262921418678 34.76151677993187,37.158348894186375,556.9845589539042 34.76155374312598,37.15815448415026,555.8799795914446 34.76163827225301,37.15770989836615,557.0743071141335 34.76163996144757,37.157706045015615,557.1094418052176 34.7618260488745,37.15728154679515,561.3095868222886 34.76190298442498,37.15691642209863,569.4676710427552 34.762036359087006,37.15680787960086,573.4296257858418 34.76205575466537,37.156657358575345,576.1233056898234 34.76178525279019,37.15660496269928,573.6050426586578 34.76166910309476,37.15653202305363,574.3137899153407 34.76152907217269,37.15644362778468,575.829631609051 34.76131221046427,37.15636827460534,576.0401105488654 34.76126715492313,37.15634206738392,576.4729546195832 34.76086166939854,37.15628736458763,573.0773888703748 34.76067895161546,37.15625224194761,571.3562785299972 34.76041693224926,37.15622898309428,568.7153258147653 34.760254000807976,37.15623457316157,566.1575983196501 34.760128677102244,37.156135039706115,567.2752749726653 34.76008787227664,37.15606642842597,568.438975211328 34.76048404246262,37.15600844166963,576.9428358451145 34.76083947547127,37.155958462480825,584.2918176854041 34.761095203582016,37.155887649468966,590.9881485735067 34.7615074998582,37.15578248656537,599.7105974887739 34.76154978989264,37.155786757393024,600.0812251870434 34.76210950775237,37.15584328273154,604.7088320035265 34.76250232329119,37.15596567312389,605.9604371270171 34.76250955548102,37.15601569963714,604.3012395509696 34.76289090530696,37.15603629859781,609.2168270922223 34.763027891697874,37.15595546857655,613.9819334880244 34.763146765573936,37.156046387184034,612.696968611666 34.76340849773928,37.15608531084517,615.4828507150189 34.76352971335865,37.156107906077466,616.6942624261903 34.763701796505586,37.1561635250422,617.8426676398395 34.763785092691734,37.15626001874955,616.6389225367251 34.76392392368473,37.156445469952644,614.3166626435251 34.763946589658445,37.156548885218356,612.1078323807758 34.764058663387516,37.15698917986734,611.1207461818594 34.76408687605047,37.1570100526627,611.7899332122652 34.76406946739161,37.15719160334821,609.955851976807 34.76399391634152,37.15730148065002,607.0209029237515 34.763914092738275,37.15735723874687,605.2152115947113 34.76383029930224,37.15735800773213,603.3618741298568 34.76383029930224,37.15735800773213,603.3618741298568 34.76383029930224,37.15735800773213,603.3618741298568 34.76363380877879,37.15731592820572,599.0240633948246 34.763463857506366,37.15731592820572,595.2619193025412 34.763463857506366,37.15731592820572,595.2619193025412 34.763285843877725,37.15740947684104,592.0096351437745 34.763285843877725,37.15740947684104,592.0096351437745 34.76318313556115,37.157500648970085,591.3914999966518 34.76318313556115,37.157500648970085,591.3914999966518 34.76301547542951,37.15769057008052,591.3853475095423 34.76282998794528,37.15773467590144,587.788279994159 34.76282998794528,37.15773467590144,587.788279994159 34.762694543605136,37.15782487019233,585.9992374523318 34.762618030939706,37.157998883996044,586.8092989655329 34.762666701413025,37.158123199696334,590.0035771062496 34.762800936510274,37.15822296898567,595.0211622242124 34.762850500982665,37.15836558117212,598.3312968434774 34.76286578455027,37.15842530238815,599.5965536850981 34.7629785381493,37.15886589206055,609.1310530589435 34.76306236261337,37.15905240068254,611.553758913652 34.76315809607675,37.15915856634342,613.3728881119754 34.76348806019982,37.15925811611619,620.584297810635 34.763681042557664,37.15942993037004,625.3850419474538 34.76392052101542,37.15973720524673,632.0119415776026 34.76400709505694,37.15987806869872,633.752120521479 34.76411969186199,37.160094182135424,635.3978465773796 34.764183515035455,37.16020310346562,636.2921244940726 34.764027027803564,37.16023121768447,633.1104681785225 34.763650855013765,37.16025286935728,627.5703200760443 34.7633020038528,37.16027356596531,622.755522168789 34.7632285812534,37.160286456287864,621.9107603527809 34.762806772968304,37.16024729388248,616.5259978282044 34.76299704091031,37.160345341379255,620.662567797117 34.763506070167125,37.16043614300746,626.9103736267579 34.76353283016058,37.160440069479044,627.2360512356079 34.76408773220663,37.160521489794846,634.9672890947076 34.76408773220663,37.160521489794846,634.9672890947076 34.764429401425275,37.16052129767053,640.9333652516373 34.764642744509956,37.16048671671592,644.4121482581407 34.764642744509956,37.16048671671592,644.4121482581407 34.76495410689395,37.16031432676655,650.8463440074989 34.76495410689395,37.16031432676655,650.8463440074989 34.764966940798644,37.16017237149532,652.122791975817 34.764966940798644,37.16017237149532,652.122791975817 34.76476207199852,37.16003428110717,648.853697651625 34.76454480470565,37.159849807182155,645.293680869812 34.76454480470565,37.159849807182155,645.293680869812 34.764365470790835,37.15961190299349,641.8565069786508 34.764318925163565,37.15944927105036,639.7380623790445 34.764367844507035,37.15912010360459,638.3539371920194 34.76447364809502,37.15906012965645,639.8755620360853 34.76465511035104,37.15901870677499,642.9008265085869 34.76465511035104,37.15901870677499,642.9008265085869 34.76473428793389,37.159030068205226,644.4530493577014 34.76475959982653,37.1591136404281,645.7386746561632 34.76475959982653,37.1591136404281,645.7386746561632 34.76477406376392,37.15922026692273,647.0384407989413 34.76477406376392,37.15922026692273,647.0384407989413 34.76477406376392,37.15922026692273,647.0384407989413 34.76503441464732,37.15926637563058,652.6318607491716 34.765087569680475,37.15936056578276,654.685064589662 34.765087569680475,37.15936056578276,654.685064589662 34.76505333093783,37.15946770199555,655.1701690458319 34.76514397940869,37.159594444107825,658.4068075883096 34.765456760992606,37.15968585714245,665.4277294406675 34.76559034266671,37.15974164013187,667.9559061281659 34.765941900171526,37.159739398342296,675.2646205840173 34.76601213798638,37.15977793767155,676.5483746885333 34.76647686623252,37.160032933003194,686.2529542948589 34.766719460888,37.160111906080374,691.9429337556945 34.76698546152015,37.160433396595664,697.9666019940128 34.767296062978716,37.160808792030465,699.6170316212078 34.767548519015804,37.16109805211218,701.3788799434212 34.767709488618635,37.161272852538005,703.1372939957078 34.767715837891615,37.16127747829301,703.2575932526659 34.76813228139815,37.161580877696196,710.6166544885853 34.7682987715184,37.16181625824828,712.4727349632284 34.76838405738346,37.16189854434245,713.9866404861212 34.76862630386873,37.16228679330375,719.2380802192263 34.768611250921,37.16239330591236,718.4974919427082 34.76842858514408,37.16247238229627,714.5632616247198 34.76826249925108,37.162538373812666,711.5518112358963 34.76795821918216,37.16259988606586,706.6116123502994 34.767715997813895,37.16264390487953,705.0521725430482 34.76760764126362,37.1627074476725,705.5387902349394 34.76763166850074,37.162781178026364,706.7295824411794 34.76769803320616,37.162769066613066,706.8713439460844 34.767794178367524,37.16281235018869,707.8055423541881 34.7680458234083,37.16291099255349,711.4553200692171 34.768434164716524,37.16300648992549,717.9147531015385 34.76866052063309,37.163150907906754,722.7998087950054 34.76898236489396,37.163338093522555,730.2297286286256 34.76914962387201,37.163477614600296,734.7551382438785 34.76915986540496,37.163857879391784,738.3790835204476 34.76903098144368,37.16408433167956,738.0646131359047 34.76897191571058,37.16425439569261,738.4436845150323 34.76904401245133,37.16461345277878,742.8936648072679 34.768996265665464,37.16471789075737,742.7251802275896 34.768803110787076,37.16514038422345,740.5067314766357 34.7686197564602,37.165340938261465,735.2552179499335 34.76850689373339,37.16559060868508,733.1038206767249 34.7684421182947,37.16576352049965,732.190786236064 34.76857255798933,37.16618401764485,737.0362334213892 34.76856745387272,37.16626303039257,736.9103069879118 34.76842457110172,37.166400026792346,733.2583812974635 34.76848747686935,37.16662406867343,735.1806867737796 34.76855001267913,37.16688328519672,736.3349714015392 34.768674501438106,37.167171723222864,738.8047490367782 34.76885802224112,37.167596937343504,743.0449199459989 34.76890899360262,37.1678330628238,744.7787379176357 34.76890930200963,37.167838694850964,744.8023932413665 34.768933901798675,37.16828792809041,746.9417435708931 34.768915720039786,37.168505530604634,747.6923665350314 34.768915720039786,37.168505530604634,747.6923665350314 34.768894339098225,37.168638522561324,747.8303389327602 34.76882263381145,37.16908453782989,749.2918904340605 34.76882263381145,37.16908453782989,749.2918904340605 34.76876464400982,37.169274207433844,750.0250423588709 34.76876464400982,37.169274207433844,750.0250423588709 34.76867573218712,37.169451835715705,750.0270873968731 34.76851832924541,37.16956922641931,748.0833467916592 34.76851832924541,37.16956922641931,748.0833467916592 34.76851832924541,37.16956922641931,748.0833467916592 34.76835540055993,37.16980444103317,746.6137250258288 34.76808271095061,37.170198113767796,743.4739845217678 34.76806256504314,37.170244809786844,743.3656053230179 34.767879107929446,37.17067004339262,744.0111600782495 34.767879107929446,37.17067004339262,744.0111600782495 34.767879107929446,37.17067004339262,744.0111600782495 34.767799360916015,37.17085943541865,745.0760498296245 34.76761985760731,37.1712857397259,747.6287964076746 34.7674403542986,37.17171204403316,749.4451726526814 34.76743178300817,37.1717367428082,749.5174350629098 34.767281380692935,37.17217013763704,751.8772134146891 34.767281380692935,37.17217013763704,751.8772134146891 34.76728515890815,37.1725604791403,759.0778116842208 34.76728515890815,37.1725604791403,759.0778116842208 34.76732640256901,37.17287981000182,765.0761599148169 34.76732640256901,37.17287981000182,765.0761599148169 34.767387874305115,37.17327454355366,767.6409286256081 34.767387874305115,37.17327454355366,767.6409286256081 34.76739149029018,37.17351656894486,768.226787771636 34.76739149029018,37.17351656894486,768.226787771636 34.767160067281566,37.173718256179015,762.1225463275805 34.76708413160807,37.17387672434246,760.4000169462531 34.76708413160807,37.17387672434246,760.4000169462531 34.76708413160807,37.17387672434246,760.4000169462531 34.7671801393642,37.17405915069661,763.804096301227 34.767398376104666,37.174473826911424,769.88527556092 34.767398376104666,37.174473826911424,769.88527556092 34.76766595895677,37.17485990853996,771.8013927839705 34.76766595895677,37.17485990853996,771.8013927839705 34.767774438491614,37.17502701788641,771.9784823102884 34.767774438491614,37.17502701788641,771.9784823102884 34.76787391567521,37.17510950249901,773.1597212747679 34.767945411287286,37.17530484510992,771.9361450619306 34.767945411287286,37.17530484510992,771.9361450619306 34.767858393461815,37.17524688238921,770.8559996927868 34.767425421202205,37.17495847883484,764.2354579105513 34.7672719579123,37.17487838629633,761.2629177459902 34.76684409049517,37.17465261002444,752.8041595651775 34.76665671931903,37.17454401155618,749.5214782350705 34.766519664271634,37.17444941042225,747.0155613588313 34.76609312094672,37.17415499235466,736.8185045055584 34.76578287517626,37.17390326800907,730.803216453549 34.76578287517626,37.17390326800907,730.803216453549 34.765690271173526,37.173737899971485,728.862800619126 34.76550037922726,37.173612282336165,725.2292438166456 34.76550037922726,37.173612282336165,725.2292438166456 34.76550037922726,37.173612282336165,725.2292438166456 34.765484160057554,37.17355926278084,724.8566897037674 34.76539737643026,37.17353621278973,723.431634920277 34.76539737643026,37.17353621278973,723.431634920277 34.76539737643026,37.17353621278973,723.431634920277 34.765303360832775,37.17358519401171,721.8122814767067 34.765303360832775,37.17358519401171,721.8122814767067 34.76522742515925,37.173657225163126,721.0595299347838 34.76518041736054,37.173729256245906,720.8831151382542 34.76518041736054,37.173729256245906,720.8831151382542 34.76505922384388,37.17391635196073,720.8181014095419 34.76505922384388,37.17391635196073,720.8181014095419 34.76485807229318,37.174259356842384,722.7786526210851 34.76453446078483,37.17432710520856,722.2172522871017 34.764230762362985,37.17431143644254,720.7726451839333 34.764230762362985,37.17431143644254,720.7726451839333 34.76393601277249,37.174305138520026,719.410494590582 34.76356290328863,37.174327717807714,718.2099276252093 34.76356290328863,37.174327717807714,718.2099276252093 34.76356290328863,37.174327717807714,718.2099276252093 34.76317090218609,37.17439545563029,717.7165365268485 34.76289926119486,37.17449242033737,716.5849286143028 34.76289926119486,37.17449242033737,716.5849286143028 34.76289926119486,37.17449242033737,716.5849286143028 34.762613599413555,37.17466264311835,715.4232349086096 34.762613599413555,37.17466264311835,715.4232349086096 34.762401068695,37.17479059172081,715.0004219588576 34.762376311858304,37.17494752708295,716.7594671710111 34.762376311858304,37.17494752708295,716.7594671710111 34.762376311858304,37.17494752708295,716.7594671710111 34.76254275584071,37.17511046228053,719.748700252735 34.76254275584071,37.17511046228053,719.748700252735 34.76269861170044,37.17525346279888,718.435478261137 34.76269861170044,37.17525346279888,718.435478261137 34.76303393794501,37.175437857803644,715.6291761421596 34.76303393794501,37.175437857803644,715.6291761421596 34.76330786630757,37.175603436575926,710.6712009778951 34.76330786630757,37.175603436575926,710.6712009778951 34.763496782501846,37.17564483122034,709.1024252418439 34.76357707188495,37.175708804717004,707.418634855468 34.76357707188495,37.175708804717004,707.418634855468 34.76357707188495,37.175708804717004,707.418634855468 34.76356762607472,37.17579159386838,705.5274232312565 34.763539288645745,37.1758442778257,704.397206919594 34.763539288645745,37.1758442778257,704.397206919594 34.763539288645745,37.1758442778257,704.397206919594 34.76339760351368,37.17600232920995,700.5934313192479 34.76339760351368,37.17600232920995,700.5934313192479 34.76337792484739,37.176156665948426,696.3675370064101 34.76337792484739,37.176156665948426,696.3675370064101 34.76335903322783,37.17623945460903,694.0674573081086 34.76330308424923,37.176322243280055,691.7507552060366 34.76330308424923,37.176322243280055,691.7507552060366 34.76330308424923,37.176322243280055,691.7507552060366 34.7632787438456,37.17644266275336,688.3324118666822 34.76310040074216,37.17661426012103,682.9056212937872 34.76310040074216,37.17661426012103,682.9056212937872 34.7630385124767,37.17676712444805,678.592002912844 34.7630385124767,37.17676712444805,678.592002912844 34.7630385124767,37.176870677526026,676.169273057814 34.7630385124767,37.176870677526026,676.169273057814 34.7630385124767,37.176870677526026,676.169273057814 34.76300631201596,37.1769912354078,673.0860805028121 34.7629271135996,37.17712709406126,669.1644868971342 34.7629271135996,37.17712709406126,669.1644868971342 34.7629271135996,37.17712709406126,669.1644868971342 34.762797007549636,37.177323225065265,663.0959864341419 34.762797007549636,37.177323225065265,663.0959864341419 34.76274033269178,37.17741730162851,660.1355495946264 34.76253305933031,37.17755886840882,655.0454493525449 34.76253305933031,37.17755886840882,655.0454493525449 34.76238659023022,37.177617219234605,652.2309354655446 34.76238659023022,37.177617219234605,652.2309354655446 34.76215642450032,37.17772141702547,647.5527670787653 34.76215642450032,37.17772141702547,647.5527670787653 34.7619987939579,37.1779357878721,641.3738848310204 34.7619987939579,37.1779357878721,641.3738848310204 34.7619987939579,37.1779357878721,641.3738848310204 34.76190533517797,37.17818405347046,635.2029773178517 34.76208319051375,37.17834243286768,635.9206294134033 34.76208319051375,37.17834243286768,635.9206294134033 34.76208319051375,37.17834243286768,635.9206294134033 34.76227673896889,37.17841328670056,638.1268755421279 34.76231335624368,37.17864668709272,636.4926041789436 34.76231335624368,37.17864668709272,636.4926041789436 34.762161656103444,37.178955107933874,630.9453324860667 34.762161656103444,37.178955107933874,630.9453324860667 34.762161656103444,37.178955107933874,630.9453324860667 34.7619105662171,37.17922184926746,624.8039266463215 34.7619105662171,37.17922184926746,624.8039266463215 34.76161762801593,37.179355219580714,619.8219584148835 34.76138373278678,37.17931241151963,616.7334149888824 34.76138373278678,37.17931241151963,616.7334149888824 34.761166263163545,37.17918839298534,613.935781545794 34.761166263163545,37.17918839298534,613.935781545794 34.761166263163545,37.17918839298534,613.935781545794 34.760905479692724,37.179082347425535,610.6550111296363 34.760550898152445,37.17876531612974,608.7294855621651 34.760550898152445,37.17876531612974,608.7294855621651 34.760320192038485,37.17865085764575,606.844935421871 34.75984111349908,37.17841317602392,605.6768516174523 34.75984111349908,37.17841317602392,605.6768516174523 34.75974186261146,37.178377779340444,605.8094869825995 34.759226749071445,37.17819407004201,607.1240438423474 34.759226749071445,37.17819407004201,607.1240438423474 34.75905285111571,37.17816854676171,605.9654982258045 34.758915563257005,37.17815031584172,604.434691331057 34.7587782753975,37.178055514987065,603.8242210105029 34.758618106228,37.17793154445876,602.9553395019306 34.75846251332038,37.17782580472972,601.5138283301399 34.75831607293719,37.17772006485272,599.9119793596522 34.75832980172257,37.1776289096684,600.8678916293433 34.75832493469053,37.17762573867728,600.8003477523107 34.757888047056184,37.17734109563439,596.8850486070344 34.757451159421834,37.1770564525915,593.4826057336768 34.757030143319525,37.17680121555411,588.7396157758781 34.75687912667368,37.176710059261055,587.107316249191 34.75645811043711,37.17673193678365,579.9176902103482 34.75634828015015,37.17692154169599,576.7399781584286 34.756371161460095,37.177231471778384,574.8398278673892 34.75654574660118,37.177316853680196,576.8598587672693 34.75663843123381,37.17750801743084,576.9728682592985 34.75684179909422,37.17792746736393,578.8264007996772 34.756823494219816,37.178361363234856,577.8305318391892 34.75677810628916,37.17849002038138,577.3497042313455 34.756625392175124,37.17892290555291,575.848438037982 34.756645120897616,37.17927385314013,576.8699580604499 34.75668888275194,37.17929995661837,577.3665125801723 34.757140670483295,37.179569443170024,581.0755251753843 34.757140670483295,37.179569443170024,581.0755251753843 34.75735066016347,37.17964095123439,582.2558367019648 34.75736732681165,37.17971092233081,582.1262199610483 34.75736732681165,37.17971092233081,582.1262199610483 34.75740681858102,37.179814129735746,581.9320790468594 34.75740681858102,37.179814129735746,581.9320790468594 34.75740681858102,37.179814129735746,581.9320790468594 34.75730531839221,37.179974564331644,580.1624332583757 34.75730531839221,37.179974564331644,580.1624332583757 34.75734574416845,37.18005784154782,579.8361430865721 34.7573786885834,37.18012857028363,579.6042429920215 34.7573786885834,37.18012857028363,579.6042429920215 34.7573786885834,37.18012857028363,579.6042429920215 34.757467018694996,37.18020507843764,579.7915314221765 34.75755364335697,37.18028329791936,580.1050628816718 34.75755364335697,37.18028329791936,580.1050628816718 34.75763449304171,37.18035231504142,580.4549363770527 34.75763449304171,37.18035231504142,580.4549363770527 34.75770956774923,37.18045814117211,580.6519830239014 34.75770956774923,37.18045814117211,580.6519830239014 34.75770956774923,37.18045814117211,580.6519830239014 34.75799831662238,37.18052255700569,583.3409056873073 34.758211990788084,37.18046274230561,585.6898970278712 34.758211990788084,37.18046274230561,585.6898970278712 34.758211990788084,37.18046274230561,585.6898970278712 34.75832171536021,37.18048574796438,586.7476112402182 34.75833326531463,37.18056856828167,586.8067570764553 34.75833326531463,37.18056856828167,586.8067570764553 34.75833326531463,37.18056856828167,586.8067570764553 34.75820119024036,37.18075655415177,584.4978885832713 34.758328239744145,37.180954401826966,585.1247848494681 34.758328239744145,37.180954401826966,585.1247848494681 34.75856640976838,37.18104443667984,588.4361172836375 34.75856640976838,37.18104443667984,588.4361172836375 34.75876853397966,37.18127449118896,591.5079047710169 34.75876853397966,37.18127449118896,591.5079047710169 34.759005308055464,37.18148614072008,592.8185981185429 34.759005308055464,37.18148614072008,592.8185981185429 34.759005308055464,37.18148614072008,592.8185981185429 34.758999533078196,37.18167478436672,589.2321770125784 34.75908636294696,37.181828729750364,587.0422321853233 34.75908636294696,37.181828729750364,587.0422321853233 34.7591961932348,37.18205113584297,583.5031766342938 34.75933621529279,37.182394328580486,583.1242057484577 34.75942262165196,37.182669455255386,582.5974038770424 34.7595596185422,37.183105667349565,584.5565877497014 34.75967860135364,37.18348849063064,587.3355557486525 34.75967425342881,37.183617103013916,587.9435052692406 34.759659057550095,37.184066599786476,590.0053060124599 34.75943482801284,37.184464005159185,593.5542687726218 34.75912821846023,37.1846280695666,597.3813599376582 34.75906452727841,37.18468976896612,599.7795625721083 34.75870601816368,37.1850370666056,610.4266271212276 34.758347509048946,37.18538436424508,614.1760842144878 34.75803632323448,37.185519260028656,618.4954784665226 34.75762008016415,37.185754092291056,621.0710747339533 34.75715946166398,37.18601395988337,620.5341007347728 34.756698843163804,37.186273827475674,625.8059750816528 34.756190878083686,37.18637590959179,631.0128306967841 34.75599461995586,37.18638532848596,631.7531662915371 34.75543121859434,37.186412367456825,633.7555788265537 34.75491860488993,37.186364322026904,637.9355685795967 34.75435804894399,37.18631178314395,642.2673120074548 34.753797492998046,37.186259244260995,643.9337111199451 34.753335290537706,37.18619361995785,646.2940477621745 34.75324540065382,37.18618454224014,647.1416594262246 34.75268546133623,37.186127995598454,653.0467202496199 34.752355970472735,37.186127995598454,655.4652124599226 34.752081394753674,37.18622278632199,657.9261954044003 34.75189763385032,37.18656480147864,643.5568197879528 34.75153610915336,37.186812713993476,639.2093859095451 34.751503849948946,37.1868368241652,639.2788035309106 34.75109221174114,37.187144477997805,639.0216670598845 34.75091373752355,37.187458011871186,632.545766696903 34.750769778291684,37.18765140217477,632.906143776235 34.75048187171129,37.18803816681826,635.2791231732224 34.750408651519706,37.18831159435872,635.8374302569115 34.750408651519706,37.18831159435872,635.8374302569115 34.75037203866822,37.18856681571572,639.0674278636006 34.75037203866822,37.18856681571572,639.0674278636006 34.75028051342852,37.18888034368386,644.0832649210007 34.7501200896471,37.18917666721429,649.6842573556124 34.74989655586688,37.18958956309751,655.2780976400715 34.74972723417375,37.18977549011282,658.1504404813339 34.74965401398225,37.190154633980754,656.0271789322039 34.749489268550036,37.190311394830914,655.2099640283155 34.74925130292715,37.19063220672031,656.8633628055615 34.74919421172473,37.19083550436439,656.7509041571993 34.749185059201125,37.191149022913066,654.1906233315832 34.74917127949738,37.191284126796546,653.3743163573565 34.74912556779424,37.19173230977148,653.2397204781556 34.74918957981926,37.19205918529747,651.7872931983171 34.74927658445256,37.19250347190244,650.5591448375496 34.74918704058029,37.192877371041334,652.0153850824576 34.74908126070562,37.19331906518575,653.3519138796487 34.749060374062445,37.193388528924885,653.455659559286 34.748928887606866,37.193825819913826,654.0595112151634 34.74901583658382,37.19424504293697,656.4781862959791 34.74906617546549,37.194551256543704,658.309988214989 34.74896549770216,37.19490485880593,661.3861357963203 34.74890143005891,37.195327667884115,664.6727012236576 34.7487988272553,37.19547984229586,665.1390337970734 34.74853173187,37.195875982378865,664.2140092851597 34.74827854661419,37.19613842541023,668.3259363402844 34.74793458138069,37.196494967809485,673.9356942508198 34.747778988473016,37.196626198454055,675.9114076160753 34.747609666779965,37.19687772321683,677.0713110842512 34.74768288697152,37.19715111874824,676.1057720518218 34.747957462690636,37.197300574553324,671.7780759230966 34.748099326811996,37.19743544905084,670.0559266039411 34.748195428521456,37.197796328432815,673.0110576563438 34.74816797094974,37.197982235240275,676.5519022774299 34.748227462355004,37.19811710851921,677.9962694256551 34.74849288555052,37.198281143263756,677.4639161108842 34.748611868361934,37.198383209146726,679.7655598247185 34.748584410790215,37.19846340367303,681.3445921783909 34.748410512834425,37.19864566364224,686.0219411597277 34.748337292642844,37.19884614910008,691.2829003886291 34.74810685997622,37.19921877732409,700.4794392212044 34.74790550444871,37.19952497075717,705.6663364705613 34.74790550444871,37.19952497075717,705.6663364705613 34.74790550444871,37.19952497075717,705.6663364705613 34.747815267178986,37.19966019509964,707.6246367737957 34.747550306815214,37.20005724934431,711.7370787007042 34.747550306815214,37.20005724934431,711.7370787007042 34.74743132400286,37.20041447092761,715.2491925959569 34.74738701942891,37.200576073373014,716.9009467609701 34.74738701942891,37.200576073373014,716.9009467609701 34.74739052028994,37.20070266380453,717.7325273062113 34.74740295262808,37.20115221465487,719.6999961068163 34.74740295262808,37.20115221465487,719.6999961068163 34.74740295262808,37.20115221465487,719.6999961068163 34.747379024238874,37.20118037049281,720.1302131966694 34.74706256542615,37.20155273835137,726.0553426280812 34.747024161422175,37.20172971472647,726.8343933888948 34.74692801053152,37.20217280488197,728.9255577830598 34.74692801053152,37.20217280488197,728.9255577830598 34.74692250066167,37.20219512423267,729.015430274047 34.74681358096058,37.202636335563014,730.0539773061494 34.746799189303246,37.20265299554479,730.2268923843754 34.746479182916744,37.20302343936824,733.0185126410197 34.74608358354237,37.20307031285809,734.726441262929 34.74567490650324,37.20301823120053,737.1704901098572 34.74534469545645,37.203296867650565,737.3087190340386 34.74534469545645,37.203296867650565,737.3087190340386 34.74490659367106,37.20352602582868,739.9612431475435 34.74472677577381,37.203572899006915,741.4923819232281 34.74437491479776,37.20376833521931,745.1834070557271 34.744131224344954,37.203828412852616,747.7363814601921 34.74401200000006,37.20385400000001,749.0469498860504 34.74399800000006,37.20389800000001,758.217 34.74398100000006,37.20394400000001,758.298 34.74394500000006,37.203996000000004,758.218 34.74391700000006,37.204036,758.289 34.74389500000006,37.204086000000004,759.591 34.74388700000006,37.204133000000006,759.937 34.74384100000006,37.204173000000004,760.669 34.74380200000006,37.204235000000004,761.418 34.74376200000006,37.204309,762.164 34.743758000000064,37.204384000000005,762.677 34.74373000000006,37.204444,763.049 34.74369400000006,37.204488000000005,763.47 34.74365500000006,37.20454900000001,763.909 34.74362200000006,37.20460800000001,763.917 34.74360000000006,37.20466900000001,763.943 34.74356800000006,37.20473000000001,763.782 34.74352900000006,37.20479600000001,763.676 34.74349200000006,37.20484600000001,763.568 34.74347400000006,37.20490200000001,763.354 34.74344400000006,37.20494100000001,763.236 34.74339800000006,37.205022000000014,763.055 34.74338400000006,37.20506800000001,762.931 34.74336000000006,37.20511600000001,762.794 34.74333400000006,37.20516200000001,762.626 34.74331500000006,37.20520700000001,762.257 34.74327600000006,37.20525200000001,761.709 34.74321900000006,37.20533000000001,761.314 34.74316900000006,37.20540800000001,760.959 34.74312100000006,37.20549000000001,760.556 34.74309000000006,37.20557500000001,759.922 34.74304500000006,37.20565000000001,759.084 34.74299300000006,37.205717000000014,758.31 34.742930000000065,37.205756000000015,757.972 34.742877000000064,37.205787000000015,757.121 34.74281300000006,37.205832000000015,756.367 34.74274600000006,37.20587500000001,755.53 34.74267900000006,37.205942000000015,754.932 34.74263100000006,37.20597500000002,754.953 34.74259800000006,37.206046000000015,754.909 34.74258600000006,37.20610300000001,755.015 34.74253700000006,37.20614600000001,756.887 34.74246100000006,37.206173000000014,758.317 34.74241000000006,37.20614100000002,759.253 34.74236900000006,37.20610900000002,759.495 34.74230900000006,37.20607400000002,759.961 34.742243000000066,37.20604000000002,760.883 34.74215200000007,37.20602700000002,761.562 34.74206100000007,37.20601200000002,762.338 34.74197100000007,37.20601000000002,762.931 34.74191400000007,37.20600600000002,763.643 34.74185500000007,37.20600600000002,763.944 34.74179600000007,37.206005000000026,764.609 34.74172400000007,37.206000000000024,765.32 34.74165300000007,37.205997000000025,765.9 34.74158400000007,37.20599800000002,766.529 34.741506000000065,37.205989000000024,766.543 34.741438000000066,37.20598400000002,767.155 34.74138400000007,37.20596400000002,768.371 34.74132100000007,37.20593700000002,768.823 34.74124000000007,37.20589400000002,769.672 34.74113900000007,37.20588400000002,770.378 34.741078000000066,37.20587600000002,771.231 34.741013000000066,37.20582300000002,772.053 34.74093900000007,37.20577100000002,772.714 34.74087300000007,37.20569500000002,773.209 34.74083500000007,37.20561500000002,773.608 34.740802000000066,37.20553200000003,774.226 34.74075600000007,37.205448000000025,774.725 34.74072300000007,37.205409000000024,775.043 34.74068000000007,37.205364000000024,775.225 34.740639000000066,37.20532800000002,775.311 34.74059000000007,37.205291000000024,775.583 34.74054400000007,37.205260000000024,775.712 34.74049100000007,37.20523000000002,775.968 34.74043400000007,37.20519100000002,776.111 34.74037700000007,37.20515400000002,776.153 34.74032200000007,37.20511000000002,776.174 34.74026900000007,37.205066000000016,776.109 34.74022200000007,37.205022000000014,775.914 34.74017600000007,37.204971000000015,775.868 34.74013300000007,37.20492500000002,775.627 34.740101000000074,37.20487400000002,775.466 34.74007300000007,37.204830000000015,775.388 34.740055000000076,37.20478400000002,775.184 34.74003800000008,37.204740000000015,774.916 34.740027000000076,37.204695000000015,774.795 34.740013000000076,37.204642000000014,774.621 34.739982000000076,37.204560000000015,774.674 34.739909000000075,37.20450500000001,775.016 34.739816000000076,37.20448500000001,775.897 34.739712000000075,37.204504000000014,776.409 34.73961500000008,37.204540000000016,776.917 34.73954100000008,37.20457000000002,777.852 34.73944500000008,37.204585000000016,778.658 34.73940000000008,37.204538000000014,779.068 34.73937400000008,37.20449100000001,779.77 34.739351000000084,37.20443600000001,780.676 34.739326000000084,37.20437100000001,781.818 34.739280000000086,37.204285000000006,782.417 34.739258000000085,37.20423100000001,783.053 34.73924000000009,37.20417700000001,783.316 34.73921200000009,37.20411800000001,783.978 34.739176000000086,37.20405500000001,784.559 34.739140000000084,37.20398700000001,785.109 34.73909900000008,37.20391100000001,785.713 34.73905800000008,37.20383200000001,786.285 34.739014000000076,37.203749000000016,786.773 34.738969000000075,37.20366900000002,787.382 34.73892200000007,37.20359300000002,788.044 34.73887700000007,37.20351600000002,788.64 34.738829000000074,37.20344600000002,788.962 34.738781000000074,37.20338500000002,789.271 34.73872900000008,37.20332800000002,789.957 34.73867500000008,37.20327400000002,790.21 34.738620000000076,37.20322400000002,790.412 34.73856200000007,37.20317700000002,790.643 34.738505000000075,37.20313100000002,790.809 34.73845000000007,37.20308500000002,791.017 34.73839600000007,37.203034000000024,791.298 34.738347000000076,37.20298200000003,791.418 34.73831200000008,37.20292500000003,791.756 34.73826600000008,37.20286000000003,792.098 34.73823700000008,37.20280000000003,792.364 34.73820900000008,37.20274100000003,792.636 34.73818400000008,37.20268500000003,793.055 34.73815300000008,37.20262900000003,793.431 34.738127000000084,37.20257400000003,793.634 34.73810200000008,37.202521000000026,794.036 34.738082000000084,37.202473000000026,794.417 34.73806600000008,37.202426000000024,794.809 34.738051000000084,37.20237900000002,795.108 34.73802900000008,37.20233100000002,795.453 34.73800100000008,37.202279000000026,795.752 34.73797700000008,37.20223200000002,796.016 34.73795600000008,37.202181000000024,796.328 34.73793300000008,37.20213100000002,796.554 34.73790800000008,37.20208300000002,796.936 34.73788300000008,37.20203300000002,797.315 34.73786000000008,37.20198600000002,797.691 34.73783800000008,37.20194200000002,798.394 34.73779400000008,37.201864000000015,798.826 34.73776500000008,37.20178900000001,799.397 34.73773400000008,37.201712000000015,799.809 34.73768900000008,37.201639000000014,800.717 34.73766200000008,37.201591000000015,801.107 34.73762300000008,37.20152400000001,801.855 34.73756000000008,37.201487000000014,802.473 34.73749400000008,37.201444000000016,802.965 34.737423000000085,37.20139200000002,803.221 34.737350000000085,37.20133400000002,803.443 34.73728300000008,37.20127400000002,803.762 34.73721900000008,37.20121300000002,804.288 34.73717100000008,37.20113900000002,804.941 34.73716100000008,37.20107500000002,805.713 34.737179000000076,37.20100200000002,806.514 34.737207000000076,37.20093700000002,807.309 34.737250000000074,37.200882000000014,807.817 34.73730700000007,37.20081600000002,807.989 34.73735600000007,37.200749000000016,807.928 34.73741100000007,37.200674000000014,807.815 34.73743600000007,37.20063000000001,807.737 34.73745100000007,37.20058300000001,807.653 34.73746300000007,37.20053800000001,807.645 34.737484000000066,37.20045800000001,807.684 34.737507000000065,37.20037600000001,807.88 34.73753000000006,37.20028900000001,808.023 34.73755600000006,37.20020800000001,808.135 34.73760500000006,37.20013200000001,808.166 34.73763500000006,37.20009300000001,808.109 34.73768000000006,37.20003000000001,808.11 34.73770100000006,37.19997400000001,808.664 34.73771800000006,37.199925000000015,808.843 34.73772600000006,37.19987500000001,809.067 34.73773400000006,37.19981700000001,809.219 34.73771600000006,37.19975400000001,809.465 34.73770500000006,37.19968700000001,809.867 34.737676000000064,37.19963600000001,810.376 34.73765500000007,37.19957500000001,810.632 34.737597000000065,37.19949900000001,811.135 34.73756500000007,37.19945500000001,811.447 34.737532000000066,37.19941000000001,811.698 34.737496000000064,37.19936200000001,811.909 34.73746900000006,37.199318000000005,812.326 34.73743500000006,37.199274,813.042 34.737403000000064,37.199235,813.768 34.737346000000066,37.199179,814.456 34.73729400000007,37.19914,815.278 34.73724700000007,37.199101,816.064 34.73718500000007,37.199048,817.286 34.73713700000007,37.199023999999994,818.535 34.737082000000065,37.198989999999995,820.251 34.73700400000006,37.19895699999999,822.234 34.736936000000064,37.198927999999995,822.816 34.73688100000006,37.198902,824.487 34.73682000000006,37.198871999999994,825.809 34.73674300000006,37.19884199999999,826.717 34.73668100000006,37.19881399999999,828.352 34.73663300000006,37.19878799999999,829.058 34.73657100000006,37.19877199999999,829.573 34.73649900000006,37.19873599999999,831.165 34.73644200000006,37.198711999999986,831.751 34.73639800000006,37.19867699999999,833.493 34.736348000000056,37.19862999999999,834.582 34.736295000000055,37.19858499999999,836.268 34.73625700000005,37.198551999999985,837.761 34.73620700000005,37.19850299999999,838.773 34.73614500000005,37.19844099999999,839.744 34.73610500000005,37.19837799999999,841.209 34.73608500000005,37.19833299999999,842.108 34.73605100000005,37.19828299999999,843.962 34.73600700000005,37.19823899999999,844.422 34.73593200000005,37.19818699999999,845.453 34.73587300000005,37.19815499999999,846.425 34.73581000000005,37.198128999999994,847.671 34.73574800000005,37.19810499999999,848.243 34.73568100000005,37.19806499999999,849.492 34.73566800000005,37.198007999999994,850.518 34.73569900000005,37.197962,851.741 34.73573800000005,37.19792399999999,852.263 34.73580200000005,37.197903,853.284 34.73587200000005,37.19788,854.009 34.73595000000005,37.19786,855.011 34.736017000000054,37.197852,855.347 34.73608200000005,37.197835,855.826 34.73614400000005,37.197812,856.327 34.73620900000005,37.197789,856.829 34.73626500000005,37.197768,857.425 34.73632700000005,37.197743,858.077 34.73639700000005,37.197713,858.876 34.736444000000056,37.197686,860.582 34.73649700000006,37.197621999999996,861.925 34.73654200000006,37.19757499999999,863.297 34.73656400000006,37.19753099999999,863.638 34.73659700000006,37.19748599999999,864.509 34.73663000000006,37.19744299999999,865.613 34.73668900000006,37.197402999999994,866.921 34.736727000000066,37.197354,867.161 34.736801000000064,37.19734,868.035 34.73685000000006,37.197312999999994,869.837 34.73687100000006,37.19727099999999,870.493 34.73688400000006,37.19721199999999,871.725 34.73689500000006,37.19715299999999,872.944 34.73691100000006,37.197081999999995,874.25 34.73693100000006,37.197002,875.173 34.73695400000006,37.196923999999996,876.775 34.73697500000006,37.196853,877.866 34.737004000000056,37.196793,878.709 34.73702600000006,37.196733,879.41 34.737052000000055,37.196673000000004,879.764 34.737078000000054,37.19661000000001,880.843 34.737089000000054,37.19656500000001,881.948 34.73713000000006,37.196526000000006,883.02 34.73718100000006,37.196488,884.226 34.73719700000006,37.196437,885.968 34.737204000000055,37.196388000000006,886.997 34.737221000000055,37.19633600000001,888.873 34.73725000000005,37.19628300000001,890.076 34.73722800000005,37.19623400000001,891.018 34.73716900000005,37.19620600000001,891.779 34.73710400000005,37.19618300000001,892.509 34.73704800000005,37.196168000000014,893.514 34.736982000000054,37.19615000000002,894.913 34.736926000000054,37.19613500000002,896.372 34.73687100000005,37.19611600000002,897.656 34.73684300000005,37.19607300000002,898.468 34.73678700000005,37.19604600000002,899.164 34.736718000000046,37.19602500000002,899.886 34.736673000000046,37.19599500000002,900.115 34.73663200000004,37.19595800000002,901.251 34.73658800000004,37.195920000000015,901.854 34.73654500000004,37.195881000000014,903.046 34.73648700000004,37.195836000000014,905.287 34.73642800000004,37.195808000000014,906.109 34.736359000000036,37.19578400000001,907.411 34.73629900000004,37.195777000000014,908.701 34.73624000000004,37.195774000000014,909.951 34.73617000000004,37.19577500000001,910.899 34.73609900000004,37.19578300000001,911.671 34.73604200000004,37.19578300000001,912.137 34.73598100000004,37.195782000000015,912.839 34.73592100000004,37.19578300000001,913.138 34.73583600000004,37.19577200000001,913.924 34.735773000000044,37.19574900000001,914.957 34.73571200000004,37.19573000000001,915.439 34.735635000000045,37.19572000000001,916.55 34.735576000000044,37.19571700000001,917.509 34.73549300000005,37.19575600000001,918.026 34.73542200000005,37.19582200000001,918.906 34.73535500000005,37.195845000000006,919.389 34.73530900000005,37.19587500000001,920.05 34.73526800000005,37.19591600000001,920.752 34.73522000000005,37.19596500000001,921.538 34.73515400000005,37.196000000000005,922.57 34.735108000000054,37.196042000000006,923.129 34.735068000000055,37.19607500000001,924.335 34.73501400000006,37.196104000000005,924.618 34.734955000000056,37.196133,925.56 34.734893000000056,37.196176,926.371 34.734826000000055,37.196224,927.009 34.734744000000056,37.196267,927.627 34.734657000000055,37.196297,928.007 34.734564000000056,37.196335000000005,928.599 34.73447000000006,37.19636200000001,928.98 34.73437500000006,37.19637900000001,929.242 34.734280000000055,37.196386000000004,929.418 34.73418800000005,37.196389,929.74 34.73409500000005,37.196396,930.069 34.734002000000054,37.196402,930.155 34.73392200000006,37.196408999999996,930.248 34.73384000000006,37.19641299999999,930.36 34.733771000000054,37.19640799999999,930.611 34.733714000000056,37.19639899999999,931.109 34.73364800000006,37.19639699999999,931.419 34.73358600000006,37.19639299999999,932.081 34.73351800000006,37.19638799999999,932.591 34.73345400000006,37.19637699999999,933.654 34.73340200000006,37.19633699999999,934.586 34.733314000000064,37.19629599999999,935.942 34.73322700000006,37.19624199999999,936.724 34.733159000000065,37.19619399999999,937.463 34.733094000000065,37.196158999999994,938.399 34.73304000000007,37.19614299999999,939.422 34.73295800000007,37.19612899999999,940.454 34.73288800000007,37.19613799999999,941.025 34.732830000000064,37.19616499999999,941.509 34.73278300000006,37.19620199999999,942.415 34.73273900000006,37.19626499999999,943.323 34.73271000000006,37.19634099999999,943.833 34.732689000000065,37.19642699999999,944.465 34.73268100000006,37.196481999999996,944.747 34.73267100000006,37.196527999999994,945.193 34.73265700000006,37.196574999999996,945.395 34.73264200000006,37.19662099999999,946.114 34.732621000000066,37.19667499999999,946.76 34.732576000000066,37.196729999999995,948.073 34.732528000000066,37.196757,948.725 34.73244300000007,37.196767,949.346 34.73238700000007,37.196775,949.909 34.73232700000007,37.196777000000004,950.914 34.73226800000007,37.196772,952.222 34.73220800000007,37.196767,953.442 34.73213800000007,37.196745,954.479 34.73206500000007,37.196725,955.411 34.732010000000066,37.196713,956.127 34.73194800000007,37.196704000000004,956.859 34.73188600000007,37.19670000000001,957.778 34.731822000000065,37.196692000000006,958.524 34.731757000000066,37.196679,959.437 34.73169400000007,37.196673000000004,960.499 34.731633000000066,37.196670000000005,961.52 34.73157800000006,37.19666,962.909 34.73152200000006,37.19664,964.226 34.73148000000006,37.196609,964.66 34.731462000000064,37.196556,965.386 34.73144700000007,37.196507000000004,966.09 34.73141500000007,37.19645800000001,967.282 34.73138100000007,37.19641300000001,967.798 34.73133100000007,37.196349000000005,968.78 34.73132500000007,37.196295000000006,969.799 34.73133900000007,37.19624,970.725 34.73136900000007,37.196192,971.758 34.73141500000007,37.196147,973.19 34.73146000000007,37.196101000000006,973.941 34.73151100000007,37.196056000000006,974.509 34.731557000000066,37.196022000000006,975.022 34.731608000000065,37.195989000000004,975.457 34.73165800000007,37.195967,976.694 34.73170300000007,37.195937,977.986 34.731695000000066,37.195872,980.018 34.73162900000007,37.195851000000005,981.134 34.73155100000007,37.195835,982.046 34.73149700000007,37.195820000000005,982.945 34.73143700000007,37.19581600000001,984.091 34.73137800000007,37.19581200000001,985.164 34.73132000000007,37.19581400000001,986.536 34.731259000000065,37.19581200000001,987.457 34.731197000000066,37.19581300000001,988.709 34.73111500000007,37.195814000000006,989.923 34.731056000000066,37.195812000000004,990.503 34.73098700000006,37.19580800000001,991.159 34.730907000000066,37.19580400000001,992.349 34.73082100000006,37.19581400000001,993.441 34.730727000000066,37.195802000000015,994.877 34.73062400000006,37.19580300000001,995.889 34.73056000000006,37.19584200000001,996.758 34.73050600000006,37.19587100000001,997.454 34.730463000000064,37.19590500000001,997.427 34.730404000000064,37.19595200000001,997.589 34.73035700000006,37.195993000000016,998.74 34.73028500000006,37.19600600000002,999.809 34.73023200000006,37.195979000000015,1000.717 34.73018600000006,37.19595300000002,1001.225 34.73013500000006,37.19592200000002,1002.083 34.73008000000006,37.195878000000015,1002.862 34.73002900000006,37.19583200000002,1003.684 34.72998900000006,37.19579200000002,1004.38 34.72995100000006,37.19574900000002,1004.622 34.72990200000006,37.19570300000002,1005.341 34.72984900000006,37.195657000000026,1006.147 34.72978700000006,37.19560200000002,1006.83 34.72972200000006,37.195542000000025,1007.382 34.72967500000006,37.19548900000002,1008.243 34.72963000000006,37.195424000000024,1009.009 34.72959900000006,37.19535200000002,1009.907 34.72959000000006,37.19529600000002,1010.843 34.72956800000006,37.19524600000002,1011.113 34.72955000000006,37.19517800000002,1011.926 34.72953600000006,37.19510400000002,1012.258 34.72953400000006,37.19503600000002,1012.714 34.729532000000056,37.19497700000002,1013.276 34.72952500000006,37.194926000000024,1013.785 34.72952100000006,37.194864000000024,1013.721 34.72951500000006,37.19479800000003,1014.094 34.729495000000064,37.19475200000003,1014.326 34.72947100000006,37.19470500000003,1014.387 34.729450000000064,37.19466000000003,1014.309 34.72941500000007,37.19461100000003,1014.414 34.72938400000007,37.19456600000003,1014.704 34.72935300000007,37.19451100000003,1015.453 34.72932400000007,37.194467000000024,1015.868 34.72929300000007,37.194408000000024,1016.27 34.72927700000007,37.19436400000002,1016.866 34.72925700000007,37.19430800000002,1017.778 34.72923700000007,37.19424600000002,1018.217 34.72922500000007,37.19419300000002,1018.823 34.72921600000007,37.19414300000002,1019.726 34.72920500000007,37.194099000000016,1020.518 34.72919600000007,37.194049000000014,1020.989 34.72917400000007,37.19400700000001,1021.009 34.72916800000007,37.193950000000015,1021.62 34.729164000000075,37.193894000000014,1022.428 34.72916200000007,37.193849000000014,1022.675 34.72913400000007,37.19380200000001,1023.275 34.72913400000007,37.193742000000015,1023.767 34.72912000000007,37.19369000000002,1024.263 34.729108000000075,37.193635000000015,1025.435 34.729099000000076,37.193573000000015,1026.334 34.729083000000074,37.19352100000002,1026.67 34.729133000000076,37.19349200000002,1028.423 34.72919300000007,37.19348100000002,1029.315 34.729243000000075,37.19345300000002,1030.386 34.72930900000007,37.19348100000002,1031.509 34.729370000000074,37.19353200000002,1032.811 34.729406000000075,37.19359200000002,1033.447 34.729429000000074,37.193643000000016,1034.245 34.729471000000075,37.193708000000015,1034.76 34.729499000000075,37.19374900000002,1035.282 34.729516000000075,37.19387800000002,1035.928 34.72954200000007,37.19392400000002,1037.17 34.72955600000007,37.193970000000014,1037.979 34.72958700000007,37.19403800000001,1039.195 34.72961100000008,37.194094000000014,1039.988 34.729634000000075,37.194139000000014,1040.65 34.729659000000076,37.19418200000001,1041.111 34.729682000000075,37.19422400000001,1041.309 34.72972900000008,37.19426600000001,1041.82 34.729806000000075,37.19425300000001,1043.373 34.72983300000008,37.194201000000014,1044.292 34.72984900000008,37.19415400000001,1045.127 34.72987800000008,37.19410300000001,1045.519 34.72990600000008,37.19405200000001,1046.465 34.72994200000008,37.193998000000015,1048.157 34.72995100000008,37.193942000000014,1049.276 34.72996800000008,37.19389200000001,1049.822 34.729986000000075,37.19384800000001,1051.295 34.73001800000007,37.19379400000001,1052.067 34.73007500000007,37.193728000000014,1052.898 34.73010400000007,37.193688000000016,1053.609 34.73013100000007,37.19364500000002,1054.413 34.73015900000007,37.19360200000002,1055.221 34.73018100000007,37.19355700000002,1056.761 34.730222000000076,37.19347400000002,1058.092 34.730245000000075,37.19340800000003,1059.534 34.730267000000076,37.19333400000003,1059.99 34.730282000000074,37.193259000000026,1060.142 34.730282000000074,37.193206000000025,1060.551 34.73028300000007,37.193147000000025,1060.877 34.730279000000074,37.19309700000002,1060.98 34.73027100000007,37.193045000000026,1061.142 34.730267000000076,37.192992000000025,1061.283 34.730259000000075,37.192941000000026,1061.209 34.73025400000007,37.192891000000024,1061.417 34.73025200000007,37.19280500000002,1061.998 34.73028600000007,37.19273100000002,1062.518 34.73033700000007,37.192660000000025,1063.237 34.73037500000007,37.192626000000025,1064.049 34.73045500000007,37.19257400000003,1064.745 34.73054100000007,37.19252000000003,1065.617 34.730622000000075,37.19246500000003,1066.846 34.73071300000007,37.19242200000003,1067.592 34.73079200000007,37.19241000000003,1068.155 34.73085200000007,37.19242700000003,1068.797 34.73088900000007,37.19247300000003,1069.218 34.73087700000007,37.19252600000003,1069.509 34.73083000000007,37.19258800000003,1070.319 34.73079400000007,37.19265700000003,1071.281 34.73080800000007,37.19270500000003,1071.767 34.730871000000064,37.192724000000034,1072.852 34.730958000000065,37.192690000000034,1074.334 34.73105000000007,37.192642000000035,1074.72 34.73112900000007,37.19258500000004,1075.152 34.73116700000007,37.19255100000004,1075.591 34.73120400000007,37.19251600000004,1076.327 34.731239000000066,37.19248000000004,1076.58 34.73130000000007,37.19240400000004,1077.242 34.73133100000007,37.19233900000004,1077.263 34.73134400000007,37.19227900000004,1077.209 34.73134900000007,37.192219000000044,1076.603 34.73136100000007,37.19215300000005,1075.421 34.73139400000007,37.19210200000005,1074.911 34.73139800000007,37.19205400000005,1073.948 34.73143400000007,37.19198900000005,1072.94 34.731489000000074,37.19192300000005,1071.996 34.73152900000007,37.191849000000055,1071.188 34.731565000000074,37.191778000000056,1069.757 34.731596000000074,37.19170100000006,1069.233 34.73162500000007,37.19161900000006,1068.686 34.73164200000007,37.19157500000006,1068.438 34.73165900000007,37.191528000000055,1068.249 34.73168200000007,37.19148200000006,1068.109 34.73170500000007,37.19142600000006,1068.015 34.73171400000007,37.191370000000056,1068.041 34.73172200000007,37.19131200000005,1067.971 34.731726000000066,37.19125300000005,1067.892 34.73173100000007,37.191188000000054,1067.634 34.73174200000007,37.19112100000005,1067.43 34.731760000000065,37.19105700000005,1067.362 34.731780000000064,37.19099600000005,1067.241 34.731808000000065,37.19093700000005,1067.267 34.73184000000006,37.19088400000005,1067.12 34.73187500000006,37.190828000000046,1067.032 34.73189900000006,37.190769000000046,1067.083 34.73191400000006,37.19071200000005,1067.009 34.73192200000006,37.19065600000005,1067.003 34.73192500000006,37.190600000000046,1067.021 34.73193000000006,37.19054500000004,1067.111 34.731935000000064,37.19048900000004,1067.242 34.73194400000006,37.19043600000004,1067.424 34.73194800000006,37.19038600000004,1067.99 34.73194700000006,37.19033700000004,1068.142 34.73194800000006,37.190291000000045,1068.341 34.73197600000006,37.190212000000045,1068.527 34.73199500000006,37.19016900000005,1068.68 34.73201200000006,37.19012300000005,1068.712 34.732028000000064,37.19007400000005,1068.873 34.732044000000066,37.190028000000055,1068.909 34.73205900000006,37.18997800000005,1069.013 34.73207100000006,37.18992800000005,1069.176 34.73207900000006,37.18987400000005,1069.216 34.73207900000006,37.18982100000005,1069.315 34.73207400000006,37.18976800000005,1069.377 34.73206300000006,37.18970900000005,1069.363 34.73205000000006,37.18965300000005,1069.345 34.732037000000055,37.189598000000046,1069.244 34.732026000000054,37.18954700000005,1069.11 34.73201800000005,37.189497000000046,1069.073 34.732009000000055,37.18944800000005,1068.925 34.73200400000005,37.18939700000005,1068.846 34.73199900000005,37.18934700000005,1068.809 34.73199900000005,37.189292000000044,1068.816 34.731998000000054,37.18923900000004,1068.788 34.73199400000006,37.189185000000045,1068.646 34.73199100000006,37.18913000000004,1068.57 34.73199000000006,37.18907700000004,1068.462 34.73199300000006,37.18902500000004,1068.448 34.73199800000006,37.18897800000004,1068.48 34.73200400000006,37.18892800000004,1068.479 34.73201200000006,37.18887600000004,1068.425 34.73201900000006,37.18882600000004,1068.478 34.73202800000006,37.18877600000004,1068.49 34.73203500000005,37.18872800000004,1068.441 34.73206300000005,37.18863800000004,1068.409 34.732099000000055,37.18857400000004,1068.42 34.73213700000006,37.188530000000036,1068.573 34.73220700000006,37.188454000000036,1068.592 34.73225500000006,37.18840000000004,1068.593 34.73229200000006,37.18834000000004,1068.485 34.73232200000006,37.18828800000004,1068.341 34.73235000000006,37.18823000000004,1068.173 34.732377000000064,37.18817400000004,1067.872 34.732424000000066,37.188116000000036,1067.518 34.73247600000006,37.18803300000004,1067.191 34.73248700000006,37.18797200000004,1066.913 34.73249400000006,37.187911000000035,1066.574 34.73248200000006,37.18784800000004,1065.909 34.732467000000064,37.18777500000004,1065.508 34.73247100000006,37.18769200000004,1065.126 34.73247800000006,37.18764100000004,1064.725 34.732484000000056,37.187592000000045,1064.093 34.73248900000006,37.187539000000044,1063.595 34.732507000000055,37.18747500000004,1062.981 34.73253100000006,37.18734400000004,1062.293 34.73254000000006,37.18729400000004,1061.672 34.73255000000006,37.187208000000034,1061.128 34.73255300000006,37.18712800000004,1060.681 34.73256400000006,37.187047000000035,1060.023 34.73256600000006,37.186963000000034,1059.564 34.73258000000006,37.18688200000003,1059.109 34.73258600000006,37.186799000000036,1058.611 34.732574000000064,37.18672200000004,1058.147 34.732573000000066,37.18664400000004,1057.626 34.73257800000007,37.18655900000004,1057.13 34.73258000000007,37.18647600000004,1056.672 34.73257500000007,37.18640000000004,1056.548 34.73257700000007,37.18632500000004,1055.93 34.73258700000007,37.18626300000004,1055.729 34.73258500000007,37.18621600000004,1055.255 34.73257300000007,37.18615600000004,1054.688 34.73256500000007,37.18608100000004,1053.89 34.732564000000075,37.18603500000004,1053.541 34.732550000000074,37.18597500000004,1052.909 34.73255100000007,37.18592000000004,1052.623 34.73253800000007,37.18585400000004,1051.749 34.73252300000007,37.18578600000004,1051.195 34.73248900000007,37.18572200000004,1050.845 34.732454000000075,37.185656000000044,1050.387 34.73243600000008,37.18561200000004,1049.833 34.73240500000008,37.18555400000004,1049.665 34.73237100000008,37.18549300000004,1049.454 34.732330000000076,37.18542400000003,1049.24 34.73230600000007,37.18537400000003,1048.753 34.73228200000007,37.18533100000003,1048.225 34.73223900000007,37.185266000000034,1047.696 34.73221500000007,37.185207000000034,1047.009 34.73220300000007,37.18515200000003,1046.521 34.73219100000007,37.18509900000003,1045.929 34.73217700000007,37.18504800000003,1045.447 34.73216200000007,37.18499800000003,1044.895 34.73213200000007,37.18493500000003,1044.337 34.73209200000007,37.184869000000035,1043.843 34.732055000000074,37.18481700000004,1043.315 34.73202200000007,37.184767000000036,1042.924 34.73199200000007,37.18472100000004,1042.51 34.731954000000066,37.18465400000004,1041.923 34.73193300000007,37.18460600000004,1041.555 34.73189900000007,37.18455700000004,1041.286 34.73188100000007,37.18451200000004,1040.609 34.73184000000007,37.18445000000004,1040.309 34.73181100000007,37.18440400000004,1040.181 34.73178000000007,37.18435400000004,1040.041 34.73175200000007,37.18429700000004,1039.856 34.73171100000007,37.18424100000004,1039.578 34.731670000000065,37.184184000000045,1039.214 34.73159300000007,37.18407900000005,1038.716 34.73155300000007,37.18404200000005,1038.365 34.73150100000007,37.18398300000005,1037.931 34.73145700000007,37.18393500000005,1037.414 34.73141500000007,37.18389300000005,1037.126 34.73134400000007,37.18383900000005,1036.457 34.73129900000007,37.18380300000005,1036.109 34.73125700000007,37.183767000000046,1035.517 34.73122000000007,37.18373000000005,1035.152 34.73117700000007,37.18368500000005,1034.258 34.73113600000007,37.18363000000004,1033.214 34.73109500000007,37.183559000000045,1032.236 34.731062000000065,37.18348200000005,1031.532 34.73103800000006,37.183407000000045,1030.894 34.731031000000065,37.18332900000004,1030.373 34.73103600000007,37.18325100000004,1029.369 34.73105200000007,37.18318400000004,1027.812 34.73109100000007,37.18303800000004,1026.434 34.73109000000007,37.18297500000004,1026.065 34.731086000000076,37.182926000000045,1025.209 34.731078000000075,37.18286300000005,1024.807 34.73106800000007,37.182816000000045,1024.461 34.731036000000074,37.182746000000044,1023.731 34.73101400000007,37.182672000000046,1022.599 34.73099800000007,37.182628000000044,1022.371 34.73096200000007,37.182557000000045,1021.047 34.73093200000007,37.182484000000045,1020.089 34.73091400000007,37.18244000000004,1018.998 34.73089100000007,37.18236500000004,1017.994 34.73086900000007,37.18230100000004,1017.477 34.73084600000007,37.182243000000035,1016.269 34.73082000000007,37.18218300000004,1015.04 34.73080400000007,37.18211700000004,1014.409 34.73078300000007,37.18205700000004,1013.317 34.73075500000007,37.182000000000045,1012.361 34.730743000000075,37.18192600000005,1011.381 34.730743000000075,37.18184400000005,1010.274 34.730757000000075,37.18176200000005,1009.466 34.730780000000074,37.18168000000005,1008.112 34.73080600000007,37.18159900000005,1007.654 34.730830000000076,37.18151800000005,1007.063 34.73083800000008,37.18147300000005,1006.669 34.730841000000076,37.18142700000005,1006.232 34.730841000000076,37.18138000000005,1006.044 34.730836000000075,37.18132900000005,1005.675 34.730827000000076,37.181282000000046,1005.409 34.730816000000075,37.18123000000005,1004.914 34.73080600000007,37.18118500000005,1004.386 34.73077900000007,37.18110000000005,1003.735 34.73074900000007,37.18101900000005,1003.294 34.730725000000064,37.18093600000005,1002.756 34.730716000000065,37.18085400000005,1002.062 34.730710000000066,37.180777000000056,1001.194 34.73070400000007,37.180701000000056,1000.143 34.73070600000007,37.18062200000006,999.139 34.73071800000007,37.180544000000054,997.632 34.73072800000007,37.18047000000006,996.624 34.73074400000007,37.18040500000006,996.135 34.73076700000007,37.18034800000006,995.209 34.73079800000007,37.18028900000006,994.817 34.73082600000007,37.18022300000006,993.57 34.73085700000007,37.18016200000006,992.638 34.73088600000007,37.18009800000006,992.285 34.73092200000007,37.18003500000006,991.457 34.73096900000007,37.17999000000006,990.843 34.731007000000076,37.17993300000006,990.295 34.73108200000008,37.17982600000006,989.434 34.73112500000008,37.17977500000006,988.65 34.73115600000008,37.179724000000064,987.723 34.731204000000076,37.17965400000006,986.855 34.731272000000075,37.17959900000006,986.026 34.731345000000076,37.17954300000006,985.209 34.731421000000076,37.17949200000006,984.621 34.73149600000008,37.17944500000006,984.129 34.731573000000076,37.179404000000055,983.447 34.731652000000075,37.17936600000005,982.882 34.731728000000075,37.17932900000005,982.184 34.731801000000075,37.179294000000056,981.48 34.731874000000076,37.17925900000006,980.762 34.73195500000008,37.17922400000006,979.931 34.73203000000008,37.17919300000006,979.317 34.73210900000008,37.17916800000006,978.77 34.732192000000076,37.17914000000006,977.852 34.73226900000007,37.17910800000006,976.923 34.73234500000007,37.179071000000064,975.909 34.73242200000007,37.17903300000006,974.807 34.73250700000007,37.17899000000006,973.543 34.732587000000066,37.17894600000006,973.013 34.732644000000064,37.17890500000006,972.814 34.73268700000006,37.17886200000006,972.536 34.732678000000064,37.17880900000006,972.212 34.732618000000066,37.17876600000006,971.944 34.73254100000007,37.17873800000006,971.643 34.73247800000007,37.17871300000006,971.279 34.73241300000007,37.17868800000006,970.882 34.73234400000007,37.17866500000006,970.454 34.73227100000007,37.17864400000006,970.355 34.732199000000065,37.178609000000066,969.909 34.732129000000064,37.17856900000007,969.314 34.73205400000006,37.17853800000007,968.686 34.73196400000006,37.178514000000064,967.935 34.73186400000006,37.17849000000006,967.219 34.73176500000006,37.17846100000006,966.421 34.73166800000006,37.17843700000006,965.537 34.731574000000066,37.17841600000006,964.879 34.73148300000007,37.17839200000006,964.178 34.73139500000007,37.17837400000006,963.114 34.73131100000007,37.17835200000006,962.247 34.73122900000007,37.17833600000006,961.499 34.73114300000007,37.17832700000006,960.79 34.73104900000007,37.17831700000006,960.109 34.73096100000007,37.178298000000055,959.417 34.73087600000007,37.178284000000055,958.825 34.73078900000007,37.178284000000055,958.283 34.730687000000074,37.178281000000055,957.364 34.730594000000075,37.17828000000006,956.476 34.730501000000075,37.178284000000055,955.472 34.730411000000075,37.17829400000006,954.484 34.73032200000007,37.17829100000006,953.413 34.73023200000007,37.17826900000006,952.419 34.73014700000007,37.178247000000056,951.732 34.73006900000007,37.17821500000006,951.164 34.72999300000007,37.17818700000006,950.345 34.72991100000007,37.17816100000006,949.609 34.72983000000007,37.17814200000006,948.717 34.72974100000007,37.178129000000055,948.47 34.72964700000007,37.178138000000054,947.738 34.72956900000007,37.17815000000005,947.389 34.72950200000007,37.178155000000054,946.681 34.729421000000066,37.178168000000056,946.377 34.72933800000007,37.17817300000006,945.739 34.72926300000007,37.17814800000006,945.278 34.729236000000064,37.178101000000055,944.754 34.729270000000064,37.17803700000005,944.487 34.72931800000006,37.17800100000005,944.169 34.72938600000006,37.17795700000005,943.66 34.729447000000064,37.177913000000046,943.009 34.72951500000006,37.17787000000005,942.426 34.72958600000006,37.17783100000005,941.824 34.729658000000065,37.17779100000005,941.288 34.729731000000065,37.17775100000005,940.657 34.72980500000006,37.17770600000005,940.069 34.729875000000064,37.17765900000005,939.415 34.72995200000006,37.17760900000005,938.767 34.73001200000006,37.17756100000005,938.056 34.73006700000006,37.177506000000044,937.232 34.730122000000065,37.177446000000046,936.465 34.730173000000065,37.17739100000004,935.687 34.730223000000066,37.177328000000045,934.868 34.73027000000007,37.17726700000004,934.109 34.73031500000007,37.17721400000004,933.413 34.73036800000007,37.17715000000004,932.721 34.73042800000007,37.17709300000004,931.561 34.730488000000065,37.177050000000044,931.174 34.730556000000064,37.177007000000046,930.366 34.73062500000007,37.17697200000005,930.162 34.73069200000007,37.17694100000005,929.574 34.73074300000007,37.176883000000046,928.973 34.73078700000007,37.176827000000046,928.389 34.73086900000007,37.176788000000045,927.742 34.73095300000007,37.176751000000046,927.054 34.73104000000007,37.17670800000005,926.325 34.73112200000007,37.17666900000005,925.709 34.73121200000007,37.17662600000005,925.215 34.73129600000007,37.17658400000005,924.723 34.73137000000007,37.17654500000005,924.633 34.73144500000007,37.17650300000005,924.377 34.731503000000075,37.17646800000005,923.739 34.731559000000075,37.17643900000005,923.715 34.73161600000007,37.17641600000005,923.747 34.731680000000075,37.176395000000056,923.776 34.731739000000076,37.17636600000006,924.152 34.73178500000007,37.17633000000006,924.425 34.73174100000007,37.17636000000006,924.417 34.73169900000007,37.17639400000006,926.468 34.73164800000007,37.17642400000006,927.809 34.73158700000007,37.17644400000006,928.526 34.731532000000065,37.17646700000006,929.142 34.731451000000064,37.176502000000056,929.768 34.73140200000007,37.17652600000006,929.777 34.731344000000064,37.17655400000006,930.199 34.73128300000006,37.17658500000006,930.445 34.73122100000006,37.17661700000006,930.697 34.73115900000006,37.17664700000006,930.786 34.73109700000006,37.17667500000006,930.892 34.731034000000065,37.17669900000006,930.885 34.73097400000007,37.17672200000006,930.817 34.73092000000007,37.17674500000006,930.868 34.730865000000065,37.176769000000064,930.609 34.73077300000006,37.17679900000007,930.318 34.730685000000065,37.176822000000065,929.944 34.73058500000006,37.17683400000006,929.263 34.73049000000006,37.17684300000006,928.873 34.73040900000006,37.17684700000006,928.265 34.73035000000006,37.17685600000006,928.241 34.730281000000055,37.17686600000006,927.643 34.730213000000056,37.17688000000006,926.182 34.73014700000006,37.17690000000006,926.198 34.73004900000006,37.17695900000006,925.261 34.729999000000056,37.17699500000006,924.323 34.72994700000006,37.177033000000065,923.914 34.72989900000006,37.17707900000006,923.509 34.72983900000006,37.17713900000006,923.114 34.729776000000065,37.17718500000006,922.268 34.729711000000066,37.17722900000006,921.327 34.729641000000065,37.17727300000006,920.828 34.72955800000007,37.177303000000066,920.47 34.72947000000007,37.177323000000065,919.546 34.72938200000007,37.17733800000006,918.768 34.72929800000007,37.177348000000066,918.347 34.729215000000075,37.17735800000007,917.973 34.72913100000007,37.17736000000007,917.276 34.72904500000007,37.17735400000007,916.648 34.72898936007214,37.177346497995565,916.473616810753 34.72895600000007,37.177342000000074,916.369 34.72886800000007,37.17733700000007,915.709 34.72878600000007,37.17733100000007,915.121 34.72870500000007,37.17732400000008,914.456 34.72862400000007,37.177308000000075,914.474 34.728546000000065,37.17729200000007,913.652 34.728467000000066,37.17727800000007,912.774 34.728380000000065,37.177266000000074,911.87 34.728298000000066,37.177271000000076,911.842 34.72822900000006,37.177294000000074,910.261 34.72816700000006,37.17732000000007,909.197 34.72810900000006,37.17735100000007,908.58 34.72806000000006,37.17738800000007,907.952 34.72806000000006,37.17738800000007,903.2960728981457 34.72769011365733,37.17734624520895,893.4131817726194 34.72750345998148,37.17712712239549,883.59635461236 34.72750345998148,37.17712712239549,883.59635461236 34.7274743633248,37.17712318536993,882.922185511655 34.72691797664817,37.17704790151204,865.4131741354097 34.72691797664817,37.17704790151204,865.4131741354097 34.72691797664817,37.17704790151204,865.4131741354097 34.726425269299966,37.176851858547906,841.1294351170778 34.726425269299966,37.176851858547906,841.1294351170778 34.72607414490298,37.17651281675178,822.789520504219 34.72607414490298,37.17651281675178,822.789520504219 34.72569785090758,37.176330693160665,803.8281500326009 34.72569785090758,37.176330693160665,803.8281500326009 34.72530154877242,37.176278210599406,784.8870894130874 34.724741784788506,37.17628960826703,761.7971938468547 34.724741784788506,37.17628960826703,761.7971938468547 34.724741784788506,37.17628960826703,761.7971938468547 34.72456835744157,37.17629397249894,754.9084081392384 34.72456835744157,37.17629397249894,754.9084081392384 34.72436834378814,37.17644586916404,746.4978055843171 34.72437278423746,37.17680250272751,746.7765376852138 34.72437278423746,37.17680250272751,746.7765376852138 34.72437278423746,37.17680250272751,746.7765376852138 34.7241784736604,37.177033857358865,740.9171277044813 34.7241784736604,37.177033857358865,740.9171277044813 34.72376177852425,37.1769281769174,728.4547544950627 34.72376177852425,37.1769281769174,728.4547544950627 34.723739600423954,37.17707546510711,729.5687313378332 34.723795546575246,37.177324404876956,733.8048156912911 34.723795546575246,37.177324404876956,733.8048156912911 34.723795546575246,37.177324404876956,733.8048156912911 34.723435340708505,37.177325478548255,725.0088279701775 34.7232728599549,37.177466873924814,723.4617936965556 34.7232728599549,37.177466873924814,723.4617936965556 34.7232728599549,37.177466873924814,723.4617936965556 34.723236787917024,37.17744527838039,722.2843407290067 34.722785603515575,37.1771751640936,712.2072513762869 34.722785603515575,37.1771751640936,712.2072513762869 34.72239153823284,37.177056894833854,704.1863487607809 34.72239153823284,37.177056894833854,704.1863487607809 34.72223774996699,37.17704007614407,702.2664226369475 34.721678639459924,37.17697893034648,701.4877062094406 34.721678639459924,37.17697893034648,701.4877062094406 34.72164603082863,37.176961416338315,701.0002713388769 34.721178071403585,37.17671007658976,694.829399970873 34.721178071403585,37.17671007658976,694.829399970873 34.720896691548774,37.176343929606105,686.900264807264 34.720896691548774,37.176343929606105,686.900264807264 34.72085063249141,37.176233743199205,683.938123437018 34.72067230120979,37.1758071238916,672.337834502396 34.72067230120979,37.1758071238916,672.337834502396 34.720251605731164,37.17558474293874,667.1812327877157 34.720251605731164,37.17558474293874,667.1812327877157 34.72022723897372,37.175582901735204,667.1396234065298 34.71966541794643,37.1755404493546,666.3045877678096 34.71966541794643,37.1755404493546,666.3045877678096 34.7195430330018,37.17545179749915,663.5369296979545 34.7195430330018,37.17545179749915,663.5369296979545 34.719613032794996,37.17539897896944,661.6267435821715 34.719832347421374,37.17538298150414,660.5163403031149 34.719832347421374,37.17538298150414,660.5163403031149 34.72035034368463,37.17538975440395,659.637832147141 34.72035034368463,37.17538975440395,659.637832147141 34.72035034368463,37.17538975440395,659.637832147141 34.720692814692256,37.17544748645651,660.9408251219933 34.72124493351467,37.17554055989095,661.4368877361546 34.721358195322466,37.175595177936394,663.0678560528183 34.721841000000076,37.175828000000045,672.2236152431002 34.721841000000076,37.175828000000045,678.217 34.721909000000075,37.17579300000005,677.63 34.721985000000075,37.17571500000005,676.282 34.72200600000007,37.175654000000044,676.248 34.722016000000075,37.17558700000004,675.25 34.722016000000075,37.17552600000004,674.219 34.72203400000007,37.175474000000044,673.155 34.72205400000007,37.17541800000004,673.178 34.72208000000007,37.17536200000004,672.67 34.72211300000007,37.17530000000004,671.861 34.72214700000007,37.17523800000004,671.109 34.72217300000007,37.175164000000045,670.82 34.72218900000007,37.17510000000004,670.573 34.72220100000007,37.175032000000044,669.892 34.722208000000066,37.174939000000045,669.027 34.72216500000007,37.174894000000045,668.619 34.72210200000007,37.17483100000005,668.135 34.72203100000007,37.17478900000005,667.267 34.72193600000007,37.17474600000005,666.246 34.72184800000007,37.174719000000046,665.632 34.721771000000075,37.174694000000045,665.115 34.721692000000075,37.174655000000044,664.257 34.721619000000075,37.17462000000005,663.478 34.72153600000008,37.17458200000004,663.009 34.72144600000008,37.174559000000045,662.626 34.72136900000008,37.174519000000046,661.442 34.72129600000008,37.17448200000005,660.668 34.72122300000008,37.17444700000005,660.623 34.72115800000008,37.17441400000005,659.745 34.72109700000008,37.17438200000005,658.751 34.72104400000008,37.17434500000005,657.723 34.720989000000074,37.17430900000005,657.792 34.72093100000007,37.174274000000054,656.848 34.72086900000007,37.174237000000055,656.471 34.720803000000075,37.174195000000054,655.573 34.720741000000075,37.17415100000005,655.124 34.72067800000008,37.17410000000005,654.309 34.72063200000008,37.17404500000005,653.511 34.72058200000008,37.17399300000005,652.783 34.720538000000076,37.173939000000054,652.723 34.72050000000007,37.173885000000055,651.778 34.72046400000007,37.17383300000006,651.23 34.72042700000007,37.17378700000006,650.976 34.720395000000075,37.173741000000064,650.728 34.720367000000074,37.173696000000064,650.577 34.72034300000007,37.17364900000006,650.043 34.72032000000007,37.17360200000006,649.846 34.72028400000007,37.17356500000006,649.478 34.72025900000007,37.17352400000006,648.949 34.72021800000007,37.17344100000006,648.309 34.72017300000007,37.17336000000006,647.227 34.72012500000007,37.17328100000006,646.461 34.720075000000065,37.173212000000056,645.677 34.72004000000007,37.173176000000055,644.696 34.71999400000007,37.17313200000005,644.228 34.71994300000007,37.17307900000005,643.834 34.71988100000007,37.173030000000054,643.366 34.719829000000075,37.17297500000005,642.275 34.719793000000074,37.17291300000005,641.091 34.71976600000007,37.17284800000005,640.494 34.71974900000007,37.172782000000055,639.916 34.719745000000074,37.172712000000054,639.017 34.719745000000074,37.172641000000056,638.209 34.719745000000074,37.17256700000006,637.917 34.719739000000075,37.172495000000055,637.252 34.71975700000007,37.17242900000006,636.558 34.719736000000076,37.17236100000006,636.525 34.719691000000076,37.17231900000006,635.897 34.71965400000008,37.17226900000006,635.043 34.71961100000008,37.17222100000006,634.385 34.71956500000008,37.17217200000006,634.364 34.71951200000008,37.17212200000006,633.75 34.71945500000008,37.17207700000006,633.123 34.71939700000008,37.17203100000006,632.695 34.71934300000008,37.17198000000006,632.656 34.719291000000084,37.171928000000065,632.109 34.719240000000084,37.171875000000064,631.517 34.719198000000084,37.17182200000006,630.961 34.719167000000084,37.17176300000006,630.948 34.71913700000008,37.17170200000006,630.46 34.71911700000008,37.17164000000006,630.032 34.71912400000008,37.17157800000006,629.848 34.71913400000008,37.17152000000006,629.49 34.71914200000008,37.17146700000006,628.739 34.71917400000008,37.17137700000006,627.655 34.71922700000008,37.17131200000006,626.288 34.719206000000085,37.17125300000006,625.83 34.719127000000086,37.171243000000054,624.711 34.719062000000086,37.171282000000055,623.609 34.719009000000085,37.171347000000054,622.523 34.71895900000008,37.171423000000054,621.849 34.718897000000084,37.17150000000005,621.195 34.71886200000009,37.171541000000055,619.965 34.718821000000084,37.17158100000005,619.627 34.71877100000008,37.17165000000006,618.873 34.71874800000008,37.171715000000056,618.145 34.71875400000008,37.17178400000006,617.574 34.71877700000008,37.17185700000006,616.86 34.71881300000008,37.17192900000006,616.173 34.71885500000008,37.17200600000006,615.785 34.71889200000008,37.17208600000006,615.556 34.71891500000008,37.17213100000006,615.309 34.71896300000008,37.17221700000006,615.209 34.71901300000008,37.17229300000006,615.281 34.71904400000008,37.17233500000006,615.541 34.71908100000008,37.17238000000006,615.766 34.71911500000008,37.17245900000006,616.468 34.71910100000008,37.17252100000006,616.884 34.71909300000008,37.17258800000006,617.366 34.71907700000008,37.17265000000006,617.555 34.719067000000074,37.17271600000006,618.481 34.71905100000007,37.17278000000006,619.054 34.71904000000007,37.17284800000006,619.096 34.71904200000007,37.17291900000006,619.067 34.71904300000007,37.172979000000055,619.009 34.71904800000007,37.17303300000005,618.811 34.71906500000007,37.17310200000006,618.456 34.71904000000007,37.17314900000006,618.054 34.71898600000007,37.17318700000006,617.885 34.718926000000074,37.17321300000006,617.277 34.71887300000007,37.17323800000006,616.733 34.718822000000074,37.17326300000006,616.115 34.71875800000007,37.173285000000064,615.964 34.71869100000007,37.17330600000006,615.43 34.71862800000007,37.17332100000006,615.063 34.71854800000008,37.17333500000006,614.795 34.71849700000008,37.17336000000006,614.326 34.71843500000008,37.17337200000006,614.009 34.71837800000008,37.17338300000006,613.814 34.71831700000008,37.17338500000006,613.522 34.718259000000074,37.17338700000006,613.342 34.71820400000007,37.17337700000006,613.269 34.718141000000074,37.17336900000006,613.241 34.718082000000074,37.17335500000006,613.247 34.718025000000075,37.17333400000006,613.199 34.717974000000076,37.17330700000006,613.118 34.71792500000008,37.17327300000006,612.954 34.71787800000008,37.173243000000056,612.677 34.71783800000008,37.173210000000054,612.259 34.71779600000008,37.17318000000005,611.74 34.71775600000008,37.17314600000005,611.209 34.71770000000008,37.17311800000005,610.817 34.71764400000008,37.17310200000005,610.543 34.71759000000008,37.17308700000005,610.382 34.71753200000008,37.17306700000005,609.949 34.717468000000075,37.17307100000005,609.391 34.71740700000007,37.17305500000005,608.657 34.717361000000075,37.173028000000045,607.669 34.71730400000008,37.17301200000004,606.518 34.71725800000008,37.17297600000004,605.654 34.71721100000008,37.17295000000004,604.647 34.71716200000008,37.17291200000004,603.719 34.71712000000008,37.172871000000036,602.98 34.71706000000008,37.172849000000035,602.509 34.716997000000084,37.17282200000003,601.517 34.71693900000008,37.17280200000003,601.143 34.71688900000008,37.172773000000035,600.382 34.71683000000008,37.17274600000003,599.448 34.71677100000008,37.17270900000003,598.34 34.71671800000008,37.17267300000003,597.596 34.71666800000008,37.17263900000003,596.588 34.716609000000076,37.172618000000035,595.677 34.71655800000008,37.17258000000003,594.973 34.716511000000075,37.172548000000035,594.026 34.71645100000008,37.17252100000003,592.968 34.716398000000076,37.172492000000034,591.959 34.716348000000075,37.17246400000003,591.109 34.716289000000074,37.17245300000003,590.421 34.716232000000076,37.17245400000003,589.956 34.71616900000008,37.17245500000003,589.574 34.71610500000008,37.172462000000024,589.014 34.716049000000076,37.172470000000025,588.646 34.71599500000008,37.17248500000002,588.222 34.715928000000076,37.172504000000025,587.724 34.71586600000008,37.172526000000026,587.093 34.71581100000007,37.172552000000024,586.489 34.715763000000074,37.172583000000024,585.642 34.715720000000076,37.172619000000026,584.654 34.71568200000007,37.172659000000024,584.125 34.71565200000007,37.17271300000002,582.809 34.71562300000007,37.172757000000026,582.013 34.71560300000007,37.17280300000002,581.449 34.71558700000007,37.17285500000002,580.937 34.71557300000007,37.17291800000002,580.448 34.71557400000007,37.172969000000016,579.88 34.715558000000065,37.17301300000002,579.276 34.71555600000006,37.17306700000002,578.698 34.715552000000066,37.17311700000002,578.187 34.71554200000006,37.17316300000002,577.563 34.71553200000006,37.173214000000016,576.886 34.71551900000006,37.17326100000002,576.238 34.71551300000006,37.17331400000002,575.659 34.71550400000006,37.17336000000002,575.009 34.71548600000006,37.17341200000001,574.419 34.71545800000006,37.173456000000016,573.89 34.71540800000006,37.17348800000001,573.376 34.71536300000006,37.17352600000002,572.724 34.71530800000006,37.17355400000002,572.176 34.71524200000006,37.173583000000015,571.662 34.71519100000006,37.17361200000001,571.094 34.71513000000006,37.17361900000001,570.393 34.71506800000006,37.17363200000001,569.729 34.71500500000006,37.17365400000001,569.352 34.71494600000006,37.173673000000015,569.144 34.71489500000006,37.17369400000001,568.965 34.71484000000006,37.173724000000014,568.409 34.71477500000006,37.173732000000015,567.721 34.71471900000006,37.173718000000015,567.001 34.71467300000006,37.17369100000001,566.239 34.71464800000006,37.173634000000014,565.445 34.71461800000006,37.17359500000001,564.747 34.71459200000006,37.173538000000015,563.813 34.71456300000006,37.173493000000015,562.975 34.71453900000006,37.173451000000014,562.274 34.71449200000006,37.17341300000001,561.55 34.714453000000056,37.173378000000014,560.693 34.714405000000056,37.173349000000016,559.785 34.714366000000055,37.17330800000001,558.996 34.71431900000005,37.17326900000001,558.209 34.71427700000005,37.17322800000001,557.514 34.714228000000055,37.17319400000001,556.922 34.714183000000055,37.17315900000001,556.342 34.71413600000005,37.173130000000015,555.743 34.71408600000005,37.173090000000016,555.165 34.71405900000005,37.17304900000001,554.651 34.71401300000005,37.17301300000001,553.983 34.71397600000005,37.17297600000001,553.242 34.71392600000005,37.17294600000001,552.768 34.71386800000005,37.17291000000001,552.131 34.713818000000046,37.17288400000001,551.893 34.713762000000045,37.17286100000001,551.114 34.713712000000044,37.17282200000001,549.709 34.71366200000004,37.17278400000001,548.811 34.713633000000044,37.17273000000001,548.147 34.71369100000005,37.17270900000001,547.726 34.713759000000046,37.17271600000001,547.255 34.713821000000046,37.17272100000001,546.517 34.71388400000004,37.17272700000001,545.773 34.71394300000004,37.17271500000001,545.185 34.713956000000046,37.17267000000001,544.654 34.713914000000045,37.17263200000001,543.99 34.713858000000045,37.17261800000001,543.393 34.71380800000004,37.17258700000001,542.855 34.713757000000044,37.17255800000001,542.266 34.713700000000046,37.172534000000006,541.609 34.713636000000044,37.172506000000006,540.916 34.71359400000004,37.17247400000001,540.088 34.71355000000004,37.172444000000006,539.146 34.71350300000004,37.172410000000006,538.486 34.71345800000004,37.17237500000001,537.868 34.71341500000004,37.17233600000001,537.314 34.71337500000004,37.172298000000005,536.846 34.71333800000004,37.172261000000006,536.315 34.71330400000004,37.17222,535.871 34.713261000000045,37.172172,535.354 34.71321700000004,37.172141,534.826 34.71317200000004,37.172113,534.417 34.71313000000004,37.172079000000004,533.909 34.71309200000004,37.17204,533.211 34.71305700000004,37.172003000000004,532.801 34.71300900000004,37.171962,532.051 34.71299800000004,37.171909,531.528 34.712983000000044,37.171858,531.13 34.712952000000044,37.171808,530.396 34.71294500000005,37.171755,529.438 34.712907000000044,37.171721,528.797 34.71285200000004,37.17169,527.983 34.71280200000004,37.17172,527.256 34.71276500000004,37.171776,526.458 34.71273900000004,37.171819,525.429 34.712710000000044,37.171859,524.409 34.71266600000004,37.171901999999996,523.713 34.71262800000004,37.171941,523.185 34.71258300000004,37.171974999999996,522.273 34.71253200000004,37.171997999999995,521.412 34.712471000000036,37.172011999999995,520.854 34.712415000000036,37.172025,520.15 34.712364000000036,37.172048,519.062 34.712306000000034,37.172059,517.861 34.712249000000035,37.172075,516.897 34.71219700000004,37.172105,515.86 34.71214300000004,37.172123,515.112 34.71208200000004,37.172146,514.393 34.71204200000004,37.172177999999995,513.109 34.71199400000004,37.172205999999996,512.119 34.71194000000004,37.172233,511.409 34.71188900000004,37.172252,511.119 34.71187800000004,37.172297,511.019 34.71183900000004,37.17234,511.171 34.71180200000004,37.172387,511.567 34.71176000000004,37.172427,511.999 34.71170900000004,37.172467,512.398 34.71164500000004,37.172487,512.734 34.71158900000004,37.172503,513.137 34.71152100000004,37.172516,513.529 34.71146100000004,37.172525,513.77 34.71140500000004,37.172541,513.709 34.71134000000004,37.172554000000005,513.726 34.71128400000004,37.172555,513.324 34.71122200000004,37.172558,512.488 34.711162000000044,37.172567,511.752 34.71109800000004,37.172583,511.314 34.711021000000045,37.172603,510.94 34.71098000000004,37.172636000000004,510.392 34.71094000000004,37.172669000000006,509.371 34.710925000000046,37.17271900000001,508.217 34.71090500000005,37.172762000000006,507.03 34.71088800000005,37.172808,505.692 34.71086700000005,37.172855000000006,504.393 34.71083300000005,37.17289900000001,503.109 34.71078600000005,37.17293000000001,501.917 34.71076000000005,37.17297500000001,500.898 34.71070100000005,37.17298100000001,499.918 34.71063800000005,37.17297500000001,498.974 34.71058000000005,37.17297500000001,497.556 34.71052600000005,37.17296000000001,495.832 34.71046700000005,37.17298100000001,493.764 34.71040600000005,37.172985000000004,491.423 34.71035000000005,37.173013000000005,489.699 34.71029400000005,37.173,487.542 34.71026600000005,37.172961,485.494 34.71029600000005,37.172923,483.695 34.71031600000005,37.17288,481.809 34.71034700000005,37.172837,480.611 34.71037200000005,37.17279,479.692 34.71040900000005,37.172756,478.732 34.710441000000046,37.172715,478.158 34.71047300000004,37.172667999999994,477.57 34.710483000000046,37.172619,475.916 34.71049100000005,37.172574,472.938 34.71054100000005,37.17254,471.117 34.71053900000005,37.172495,471.043 34.71049400000005,37.172458999999996,470.966 34.71045400000005,37.172425999999994,470.888 34.71039800000005,37.17240199999999,470.779 34.710385000000045,37.17244699999999,470.609 34.71038300000004,37.17249299999999,470.521 34.71033900000004,37.172524999999986,470.356 34.71029500000004,37.172555999999986,470.374 34.710237000000035,37.172530999999985,470.387 34.71028100000004,37.172496999999986,471.529 34.710290000000036,37.172451999999986,473.645 34.710254000000035,37.17241399999998,475.747 34.71020100000003,37.17238899999998,477.936 34.71014000000003,37.172398999999984,479.792 34.71008200000003,37.172384999999984,482.765 34.71006400000003,37.172341999999986,485.897 34.710012000000035,37.17230799999999,487.498 34.709975000000036,37.17226799999999,488.409 34.70992300000004,37.17225099999999,489.211 34.70986200000004,37.17224399999999,490.683 34.709806000000036,37.172231999999994,492.462 34.70976900000004,37.172267999999995,493.837 34.70971200000004,37.172248999999994,494.879 34.70964900000004,37.172245999999994,495.315 34.70959200000004,37.172262999999994,495.717 34.70953300000004,37.172276999999994,496.736 34.70946400000004,37.172281999999996,498.172 34.70945300000004,37.172326,499.615 34.70940000000004,37.172345,502.167 34.70938500000004,37.172389,505.238 34.70934000000004,37.172361,506.609 34.70927900000004,37.172355,508.624 34.70923300000004,37.172383,509.904 34.70917600000004,37.172388000000005,512.069 34.709192000000044,37.17234200000001,513.187 34.70914500000004,37.172419000000005,513.289 34.709110000000045,37.172462,513.535 34.70906400000005,37.172493,514.297 34.70900500000005,37.172489000000006,515.126 34.70894800000005,37.172481000000005,515.632 34.70888900000005,37.17245200000001,515.915 34.70882700000005,37.17244900000001,516.397 34.708772000000046,37.172461000000006,517.138 34.70871200000005,37.172461000000006,518.009 34.70865200000005,37.172465,518.824 34.70862700000005,37.172422000000005,519.504 34.70855400000005,37.172436000000005,519.969 34.70849800000005,37.172425000000004,520.275 34.708440000000046,37.172408000000004,520.487 34.70837900000004,37.17239300000001,520.643 34.708432000000045,37.172366000000004,521.695 34.708376000000044,37.172377000000004,522.644 34.70832000000004,37.172349000000004,523.48 34.70827500000004,37.172312000000005,525.383 34.70822000000004,37.17228000000001,526.925 34.70817400000004,37.17224100000001,527.136 34.708190000000045,37.17219500000001,527.809 34.70813200000004,37.17219700000001,528.711 34.70807300000004,37.17222000000001,529.947 34.708010000000044,37.17221900000001,531.645 34.707976000000045,37.17218300000001,533.13 34.70792400000005,37.17214900000001,533.942 34.70786200000005,37.172148000000014,534.268 34.70788800000005,37.172190000000015,534.61 34.707832000000046,37.172181000000016,535.129 34.70778900000005,37.17214600000002,535.465 34.707739000000046,37.17212100000002,536.118 34.707689000000045,37.17209800000002,537.87 34.707650000000044,37.17206500000002,539.161 34.707621000000046,37.17202500000002,540.009 34.707571000000044,37.171967000000016,541.923 34.70751000000004,37.17197800000002,543.549 34.70746900000004,37.171945000000015,544.495 34.707425000000036,37.17191200000001,545.246 34.707397000000036,37.171863000000016,545.928 34.707344000000035,37.171844000000014,546.434 34.70729100000003,37.17182200000001,547.036 34.70723000000003,37.17180800000001,547.995 34.70718500000003,37.171779000000015,548.891 34.70713400000003,37.17175300000002,549.324 34.707167000000034,37.171714000000016,549.586 34.707175000000035,37.17166800000002,550.337 34.707212000000034,37.171720000000015,551.109 34.70717400000003,37.17168400000001,551.311 34.70713000000003,37.17164200000001,552.001 34.70709800000003,37.17160300000001,553.351 34.70705000000003,37.17157700000001,555.31 34.706998000000034,37.17154900000001,556.842 34.706975000000035,37.17150500000001,557.578 34.706975000000035,37.17145700000001,560.66 34.70691700000003,37.17145900000001,564.049 34.70686600000003,37.171439000000014,565.425 34.70687000000003,37.171394000000014,566.298 34.70681400000003,37.17138900000001,567.39 34.70687100000003,37.17137000000001,569.021 34.70681100000003,37.17137200000001,570.809 34.70674800000003,37.171360000000014,572.123 34.70676500000003,37.17131300000001,572.749 34.706759000000034,37.17126800000001,573.095 34.706812000000035,37.17125200000001,573.372 34.70675200000004,37.17125800000001,573.694 34.706688000000035,37.17125800000001,574.27 34.706629000000035,37.17125000000001,574.982 34.70657200000004,37.171251000000005,575.791 34.706516000000036,37.171266,576.537 34.70645100000004,37.171266,577.19 34.706390000000034,37.171272,577.992 34.706339000000035,37.171251000000005,578.763 34.70627100000004,37.17123600000001,579.509 34.70628400000004,37.17119000000001,580.305 34.70634200000004,37.17116800000001,580.932 34.706397000000045,37.17114300000001,581.312 34.706459000000045,37.17112200000001,581.875 34.70651400000005,37.17110200000001,582.827 34.70655100000005,37.17106300000001,583.913 34.70660900000005,37.17104300000001,584.915 34.70667700000005,37.171036000000015,585.814 34.70673700000005,37.17101700000001,586.53 34.70680100000005,37.171014000000014,587.163 34.70685800000005,37.171000000000014,587.635 34.706915000000045,37.170980000000014,587.996 34.70697600000005,37.17098700000001,588.209 34.707027000000046,37.170966000000014,588.51 34.70707600000004,37.170943000000015,588.864 34.70714100000004,37.17094800000002,589.143 34.707213000000046,37.170952000000014,589.46 34.70726200000004,37.17093000000001,589.772 34.70731600000004,37.17091700000001,590.088 34.707377000000044,37.17091800000001,590.59 34.70743700000004,37.170930000000006,591.279 34.707498000000044,37.170944000000006,592.085 34.70756300000004,37.17094600000001,592.788 34.70762900000004,37.17094800000001,593.26 34.70768700000004,37.17094700000001,593.691 34.70775700000004,37.17095400000001,594.109 34.707818000000046,37.17094600000001,594.822 34.70787000000004,37.170967000000005,595.557 34.70793300000004,37.170967000000005,596.194 34.70799900000004,37.17094900000001,596.458 34.708070000000035,37.170930000000006,596.56 34.70814100000003,37.170922000000004,596.526 34.708194000000034,37.17090700000001,596.898 34.70825400000003,37.170902000000005,597.487 34.70831300000003,37.170892,598.063 34.70837800000003,37.170885000000006,598.956 34.70843700000003,37.170886,599.978 34.70850200000003,37.170879000000006,600.839 34.70856700000003,37.170860000000005,601.509 34.70862400000003,37.170860000000005,602.02 34.70868500000003,37.170866000000004,602.528 34.70873900000003,37.170853,603.275 34.70879900000003,37.170843,603.918 34.708862000000025,37.170834,604.49 34.70892000000003,37.170819,605.166 34.70897600000003,37.170788,605.798 34.70903000000003,37.170765,606.467 34.70907400000003,37.170729,607.573 34.709109000000026,37.170691,608.536 34.70915800000002,37.170652,609.628 34.70916500000002,37.170595999999996,610.849 34.70917600000002,37.170550999999996,611.809 34.70921000000002,37.170514,612.515 34.70923100000002,37.170463999999996,612.841 34.709234000000016,37.170418,613.271 34.709195000000015,37.170384,613.73 34.709139000000015,37.170389,614.472 34.70909300000002,37.170436,615.268 34.709032000000015,37.170462,615.69 34.70896800000001,37.170477,616.059 34.708914000000014,37.17049,616.815 34.70885400000002,37.170494,617.548 34.70880900000002,37.170524,618.25 34.70875700000002,37.170506,618.681 34.70873500000002,37.170461,619.109 34.70877800000002,37.170418000000005,619.621 34.708846000000015,37.170393000000004,621.065 34.708869000000014,37.170350000000006,621.693 34.70894000000001,37.17031800000001,623.075 34.70899600000001,37.170288000000006,623.587 34.70905500000001,37.170263000000006,624.233 34.709097000000014,37.17023100000001,625.025 34.709164000000015,37.170201000000006,625.844 34.70912300000001,37.170165000000004,626.18 34.70904500000001,37.170171,626.623 34.70895200000001,37.170176000000005,627.095 34.70887800000001,37.170221000000005,627.536 34.708815000000016,37.17022600000001,628.109 34.70875700000001,37.170229000000006,628.822 34.708689000000014,37.170227000000004,629.302 34.70860800000001,37.170264,629.649 34.70851200000001,37.170285,629.784 34.708449000000016,37.170319,630.196 34.708396000000015,37.170298,630.642 34.708317000000015,37.170321,631.114 34.708244000000015,37.170325,631.693 34.70818100000002,37.170353999999996,632.029 34.70811800000002,37.170384,632.572 34.70803700000002,37.170398,632.794 34.707979000000016,37.170406,633.245 34.70789400000002,37.170394,633.509 34.70782300000002,37.170410000000004,633.818 34.70776600000002,37.170404000000005,633.917 34.70770200000002,37.170408,633.936 34.70763700000002,37.170397,634.029 34.70754100000002,37.170411,634.361 34.70747100000002,37.170403,634.857 34.70739200000002,37.1704,635.269 34.70733100000002,37.170392,635.378 34.70728200000002,37.170416,635.394 34.70722100000002,37.170404000000005,635.567 34.70715700000002,37.170405,635.829 34.70708300000002,37.170399,636.35 34.707014000000015,37.170375,637.109 34.706930000000014,37.170362,637.426 34.706851000000015,37.170367,637.724 34.70677900000001,37.170369,638.188 34.70672300000001,37.170361,638.364 34.70665400000001,37.170353,638.456 34.706585000000004,37.170344,638.452 34.70650500000001,37.170314,638.444 34.70645400000001,37.170334,638.273 34.70639100000001,37.170320999999994,637.899 34.70633700000001,37.170334999999994,637.652 34.70626900000001,37.17034699999999,637.424 34.706223000000016,37.17037499999999,637.365 34.70614800000001,37.17038599999999,637.209 34.70608600000001,37.170399999999994,637.111 34.706015000000015,37.17041799999999,637.092 34.70596000000001,37.17042899999999,637.032 34.70589800000001,37.170427999999994,637.064 34.70583300000001,37.17045699999999,637.156 34.70576600000001,37.17048599999999,637.382 34.705689000000014,37.17050099999999,637.444 34.70563400000001,37.17051699999999,637.653 34.70556100000001,37.17053499999999,637.789 34.70548500000001,37.17054299999999,637.792 34.70541400000001,37.170546999999985,637.784 34.70533300000001,37.17054899999999,637.555 34.70524600000001,37.17053999999999,637.109 34.70517400000001,37.170543999999985,637.117 34.705110000000005,37.17053699999999,637.17 34.705029,37.17053199999999,637.138 34.704963000000006,37.17053099999999,637.132 34.704893000000006,37.17052699999999,636.984 34.70483600000001,37.17051599999999,636.72 34.704778000000005,37.170511999999995,636.582 34.704719000000004,37.170508999999996,636.311 34.704645000000006,37.170517999999994,635.997 34.704575000000006,37.170531,635.12 34.70449000000001,37.170556999999995,634.232 34.70442700000001,37.17057199999999,633.823 34.70436900000001,37.170579999999994,633.209 34.704316000000006,37.17059999999999,632.809 34.704240000000006,37.170615999999995,631.754 34.704178000000006,37.170638999999994,630.314 34.70411300000001,37.170669,629.793 34.704060000000005,37.170699,629.795 34.70404800000001,37.170747999999996,629.731 34.70407000000001,37.17079699999999,631.073 34.70412600000001,37.17078099999999,632.542 34.704071000000006,37.17079999999999,633.718 34.70403700000001,37.17075899999999,635.041 34.703998000000006,37.17071699999999,635.673 34.704018000000005,37.17067299999999,636.964 34.704058,37.17062999999999,637.809 34.704101,37.17058499999999,638.511 34.704141,37.17053499999999,638.747 34.704195,37.170501999999985,640.426 34.704248,37.17048299999998,641.553 34.704275,37.170433999999986,642.925 34.704258,37.17038299999999,643.941 34.704175000000006,37.170349999999985,645.633 34.70411500000001,37.17032899999999,646.452 34.70405800000001,37.170304999999985,647.118 34.70401100000001,37.170276999999984,647.691 34.70395200000001,37.17023399999999,648.973 34.703891000000006,37.170220999999984,649.374 34.70383700000001,37.17019099999998,650.009 34.70378300000001,37.17015499999998,650.708 34.70372900000001,37.17012299999998,651.862 34.70366800000001,37.17010399999998,652.522 34.703582000000004,37.17009899999998,653.447 34.703523000000004,37.17011299999998,654.249 34.703467,37.17012199999998,654.885 34.703406,37.17013199999998,655.767 34.703408,37.17008499999998,656.446 34.70342,37.17003599999998,657.322 34.703451,37.16999699999998,660.365 34.703503,37.16995099999998,660.867 34.703539,37.16991499999998,661.888 34.703603,37.16985899999998,663.209 34.703656,37.16983299999998,664.213 34.703698,37.16979399999998,664.721 34.703744,37.16975499999998,665.961 34.703784,37.16971499999998,667.068 34.703825,37.16967299999998,668.27 34.703891,37.16965399999998,668.736 34.703963,37.16962199999998,670.088 34.70405,37.16961099999998,671.477 34.704115,37.169589999999985,672.923 34.704174,37.16955799999999,673.426 34.704234,37.16954699999999,673.858 34.704298,37.169510999999986,674.339 34.704341,37.169476999999986,674.709 34.704397,37.16948799999999,675.325 34.704457,37.16947899999999,676.005 34.704527999999996,37.16946699999999,676.879 34.704578,37.16949799999999,677.23 34.704626,37.16953499999999,677.612 34.70469,37.16953699999999,678.068 34.704748,37.169504999999994,679.12 34.704816,37.169487999999994,680.099 34.704885000000004,37.16947,680.125 34.704953,37.169435,680.368 34.705012,37.169415,680.49 34.70508100000001,37.169407,681.081 34.70514000000001,37.169398,681.209 34.705211000000006,37.169379,682.522 34.70526100000001,37.16935,683.057 34.705313000000004,37.169308,684.094 34.705367,37.169284,685.389 34.705423,37.169253,685.861 34.705463,37.169214999999994,686.897 34.705536,37.169188999999996,687.599 34.70559,37.169146999999995,688.748 34.70564,37.169110999999994,689.724 34.705693000000004,37.169053999999996,690.767 34.705763000000005,37.16903799999999,691.589 34.705814000000004,37.169003999999994,692.65 34.70588600000001,37.16898499999999,694.109 34.70594400000001,37.16894599999999,694.926 34.70600600000001,37.16891899999999,695.606 34.70606300000001,37.168902999999986,696.389 34.70610100000001,37.16886499999998,697.17 34.70616200000001,37.16884499999998,697.972 34.706209000000015,37.168810999999984,698.988 34.706271000000015,37.16880099999998,699.98 34.706327000000016,37.16878599999998,700.369 34.70637700000002,37.16874699999998,701.315 34.706445000000016,37.16871699999998,701.918 34.70649400000001,37.16867999999998,702.48 34.70654800000001,37.16866299999998,702.531 34.70661900000001,37.16865299999998,702.909 34.70667600000001,37.16863799999998,703.225 34.70674400000001,37.16865499999998,703.623 34.70681600000001,37.16866799999998,704.297 34.70689200000001,37.168680999999985,704.662 34.70696200000001,37.168672999999984,705.464 34.70703500000001,37.168675999999984,705.85 34.70710200000001,37.168689999999984,706.362 34.70717900000001,37.16868599999999,706.911 34.70723700000001,37.168686999999984,707.627 34.707296000000014,37.16869099999998,708.22 34.707357000000016,37.168686999999984,708.842 34.707422000000015,37.168683999999985,709.313 34.70749700000002,37.168683999999985,709.809 34.707557000000016,37.16867999999999,710.219 34.70762400000002,37.168694999999985,712.009 34.707689000000016,37.168694999999985,713.119 34.707754000000016,37.16869299999998,713.892 34.70782100000002,37.168700999999984,714.214 34.70789100000002,37.168711999999985,714.69 34.70794900000002,37.16869399999999,715.092 34.70795300000002,37.16864499999999,715.271 34.70791800000002,37.16860699999999,715.747 34.70785700000002,37.16861499999999,716.08 34.70780900000002,37.16858099999999,716.452 34.70773900000002,37.16855299999999,717.073 34.70765900000002,37.16856199999999,717.609 34.70759900000002,37.16854699999999,717.917 34.707542000000025,37.16850799999999,718.398 34.70748200000003,37.16849599999999,718.518 34.707424000000024,37.16848099999999,719.117 34.707368000000024,37.16845599999999,719.449 34.70732900000002,37.168412999999994,720.115 34.707252000000025,37.16839699999999,720.967 34.70718300000002,37.16838299999999,721.746 34.707137000000024,37.168353999999994,722.332 34.707078000000024,37.168330999999995,722.855 34.70703100000002,37.16828999999999,723.467 34.70693600000002,37.16827299999999,723.738 34.70686800000002,37.16823699999999,724.509 34.70681100000002,37.16820599999999,725.316 34.70673900000002,37.16818399999999,726.006 34.70668900000002,37.16815499999999,726.664 34.70660500000002,37.16813599999999,727.258 34.70653900000002,37.16812099999999,727.96 34.70646100000002,37.16810399999999,728.666 34.70638000000002,37.16810099999999,728.958 34.70630700000002,37.16809899999999,729.517 34.70624200000002,37.16810199999999,730.193 34.70617100000002,37.16811399999999,730.756 34.70609400000002,37.16811099999999,731.118 34.70602700000002,37.168097999999986,731.459 34.70595100000002,37.16811099999999,731.909 34.70587800000002,37.16811999999999,732.221 34.70580300000002,37.16811899999999,732.456 34.70574000000002,37.16812199999999,732.774 34.70567500000002,37.16811399999999,733.178 34.70561600000002,37.16811199999999,733.36 34.705550000000024,37.168106999999985,733.896 34.70549400000002,37.16809199999999,734.778 34.70543300000002,37.16809199999999,735.347 34.705350000000024,37.168097999999986,735.843 34.705276000000026,37.16810199999998,736.496 34.705186000000026,37.168098999999984,737.088 34.705122000000024,37.168084999999984,737.539 34.70503100000003,37.16810199999998,738.009 34.70495200000003,37.16808799999998,738.319 34.704880000000024,37.16808599999998,738.69 34.70479900000002,37.16807299999998,738.776 34.704716000000026,37.168056999999976,738.952 34.70463900000003,37.16804199999998,739.284 34.70456600000003,37.168025999999976,739.29 34.70446700000003,37.16803599999998,739.222 34.70438700000003,37.16805399999998,739.121 34.704324000000035,37.168040999999974,739.197 34.70426700000004,37.16804399999997,739.14 34.70418500000004,37.168037999999974,739.172 34.70411700000004,37.168025999999976,739.153 34.70405800000004,37.168026999999974,739.109 34.70399800000004,37.168020999999975,739.017 34.70393600000004,37.168014999999976,738.898 34.703876000000044,37.16801299999997,738.618 34.703802000000046,37.168011999999976,738.559 34.70374400000004,37.168009999999974,738.421 34.70367500000004,37.168000999999975,738.467 34.70360400000004,37.16798599999998,738.899 34.70353300000004,37.16797099999998,740.048 34.703476000000045,37.16795699999998,740.454 34.70340700000004,37.16793799999998,741.617 34.70334000000004,37.167921999999976,742.319 34.70328800000004,37.16789499999997,743.18 34.703222000000046,37.16789299999997,743.909 34.70315100000005,37.16788499999997,744.226 34.70309100000005,37.16787299999997,744.242 34.70304200000005,37.167902999999974,744.287 34.70298300000005,37.167924999999975,744.519 34.702940000000055,37.16789299999998,745.121 34.70294400000005,37.16784799999998,745.457 34.70298700000005,37.167882999999975,746.399 34.70303300000005,37.16784799999998,747.358 34.70305000000005,37.16779899999998,747.844 34.70311700000005,37.16778699999998,748.057 34.70319900000005,37.167774999999985,748.919 34.70325500000005,37.16775699999999,749.56 34.70331100000005,37.167743999999985,750.009 34.70337000000005,37.167726999999985,750.626 34.70345700000005,37.167723999999986,751.124 34.70353300000005,37.16773199999999,751.488 34.70359900000005,37.167735999999984,751.648 34.703664000000046,37.167732999999984,752.62 34.703735000000044,37.167718999999984,753.156 34.70381500000004,37.16773099999998,753.558 34.70388000000004,37.16773199999998,754.037 34.70395500000004,37.16771399999998,754.313 34.704028000000044,37.16771199999998,754.816 34.704095000000045,37.16771199999998,755.338 34.70417600000005,37.16769899999998,755.719 34.70424000000005,37.16770499999998,756.009 34.70431300000005,37.167702999999975,756.32 34.70437400000005,37.16771899999998,756.628 34.70444200000005,37.167707999999976,757.075 34.70451000000005,37.16769899999998,757.313 34.704587000000046,37.16771199999998,758.015 34.70464600000005,37.16769299999998,758.831 34.70471800000005,37.167676999999976,759.483 34.70478100000005,37.167660999999974,759.922 34.70486200000005,37.16765699999998,760.488 34.70493300000005,37.16763399999998,761.011 34.70499900000004,37.16760599999998,761.653 34.70507500000004,37.16759399999998,762.024 34.70514100000004,37.16757199999998,763.109 34.70520900000004,37.16756299999998,763.808 34.70526900000004,37.16755899999998,764.462 34.70532500000004,37.167537999999986,764.722 34.70539800000004,37.167521999999984,765.117 34.70546000000004,37.167507999999984,765.379 34.70552500000004,37.167515999999985,765.485 34.70558600000004,37.16750399999999,765.637 34.70564300000004,37.167467999999985,766.036 34.705711000000036,37.16744499999999,766.522 34.70579100000003,37.16745199999998,767.155 34.70586000000004,37.167439999999985,767.627 34.70592900000004,37.167431999999984,768.278 34.705998000000044,37.167397999999984,768.909 34.706071000000044,37.16736599999999,769.226 34.706147000000044,37.16735999999999,769.842 34.70622100000004,37.16733899999999,770.368 34.70628700000004,37.167303999999994,770.746 34.706353000000036,37.167280999999996,771.228 34.70643600000003,37.16726799999999,772.334 34.70650100000003,37.167252999999995,772.886 34.70657900000003,37.16723699999999,773.185 34.706638000000034,37.16722899999999,773.471 34.706694000000034,37.16722399999999,773.834 34.706756000000034,37.16722799999999,774.116 34.706817000000036,37.16721699999999,774.467 34.70687600000004,37.16721299999999,774.709 34.70693700000004,37.16721399999999,775.017 34.70701900000004,37.167217999999984,775.307 34.70708000000004,37.167211999999985,775.955 34.70714100000004,37.16720799999999,776.767 34.70720300000004,37.16720199999999,777.619 34.70726600000004,37.16719299999999,778.395 34.70732700000004,37.16719099999999,778.847 34.70738100000004,37.167163999999985,779.466 34.70736400000004,37.16711699999998,780.152 34.70730400000004,37.16708999999998,780.525 34.70724800000004,37.16710799999998,781.027 34.70718600000004,37.16709999999998,781.678 34.70711900000004,37.16709399999998,781.909 34.70704900000004,37.16708699999998,782.711 34.70697600000004,37.16706099999998,783.183 34.70689200000004,37.167059999999985,784.262 34.70682200000004,37.167039999999986,785.079 34.70673400000004,37.167017999999985,785.891 34.70664400000004,37.16700999999998,786.357 34.70658400000004,37.16700999999998,786.989 34.706496000000044,37.16701099999998,787.168 34.70641300000005,37.16700799999998,787.794 34.706346000000046,37.166992999999984,788.367 34.706279000000045,37.166983999999985,789.159 34.706203000000045,37.16697999999999,789.96 34.706130000000044,37.16697899999999,790.609 34.70604900000004,37.16698999999999,791.226 34.70597100000004,37.16698099999999,791.706 34.70591100000004,37.16694799999999,792.089 34.705848000000046,37.16695099999999,792.666 34.70576600000005,37.16696399999999,793.338 34.705699000000045,37.166937999999995,793.924 34.70563000000004,37.16695299999999,794.596 34.70554300000004,37.16695099999999,795.155 34.70546100000004,37.16696299999999,795.841 34.70540000000004,37.16695999999999,796.134 34.70533000000004,37.16693799999999,796.746 34.70524800000004,37.16692599999999,797.397 34.70518300000004,37.16692499999999,798.009 34.70511600000004,37.16690899999999,798.808 34.70504200000004,37.16689499999999,799.553 34.70496700000004,37.16688099999999,800.252 34.70489900000004,37.16687499999999,801.035 34.70482300000004,37.16686099999999,801.347 34.70474700000004,37.16684399999999,802.063 34.70468000000004,37.16683399999999,802.775 34.70461200000004,37.16680799999999,803.454 34.70454400000004,37.16678999999999,804.12 34.70448200000004,37.16676699999999,804.733 34.70441000000004,37.16674499999999,805.165 34.70434300000004,37.16673899999999,805.636 34.70426900000004,37.16673099999999,805.809 34.70421000000004,37.16671099999999,806.416 34.70415000000004,37.16669399999999,806.988 34.704070000000044,37.16666599999999,807.446 34.70401200000004,37.166650999999995,808.048 34.70393700000004,37.16665499999999,808.71 34.70387100000004,37.166656999999994,809.496 34.70377600000004,37.166650999999995,810.048 34.70370900000004,37.166624999999996,810.387 34.70364200000004,37.166594999999994,810.993 34.70356800000004,37.166574999999995,811.526 34.70350200000004,37.166585999999995,812.038 34.703417000000044,37.16656999999999,812.619 34.703352000000045,37.16654599999999,813.209 34.703296000000044,37.16653899999999,813.826 34.703208000000046,37.166549999999994,814.433 34.70314800000005,37.16653399999999,814.778 34.70308000000005,37.16652899999999,815.495 34.70301000000005,37.16652999999999,816.177 34.70292000000005,37.166516999999985,816.873 34.70285000000005,37.16651599999999,817.435 34.70276300000005,37.16651899999999,818.094 34.70269800000005,37.16651499999999,818.61 34.702631000000046,37.16652599999999,819.213 34.70255500000005,37.16652499999999,819.545 34.70249500000005,37.16651999999999,819.926 34.70243000000005,37.166501999999994,820.509 34.70236900000005,37.166481999999995,820.81 34.70230900000005,37.16647699999999,821.464 34.70223900000005,37.16647199999999,822.143 34.70217400000005,37.16646299999999,823.342 34.702102000000046,37.16646299999999,823.724 34.70202000000005,37.166472999999996,824.71 34.701953000000046,37.166509,825.442 34.701880000000045,37.16655,826.151 34.701821000000045,37.166579,826.537 34.701768000000044,37.166618,826.87 34.701714000000045,37.166646,827.142 34.701638000000045,37.166676,827.513 34.70157200000005,37.166699,827.909 34.70152900000005,37.166734,828.311 34.701477000000054,37.166756,828.665 34.70141600000005,37.166796,828.915 34.70135400000005,37.166816,829.192 34.701291000000055,37.166829,829.624 34.70123000000005,37.16685,830.27 34.70117700000005,37.166872,830.582 34.70110900000005,37.166899,831.291 34.70102800000005,37.166928,832.257 34.70095800000005,37.166947,832.79 34.70087400000005,37.166967,833.282 34.70081200000005,37.166975,833.843 34.70073400000005,37.166992,834.409 34.700678000000046,37.166984,834.707 34.700603000000044,37.166986,835.243 34.700540000000046,37.167003,835.713 34.700467000000046,37.167006,836.359 34.70037300000005,37.167,836.951 34.70031100000005,37.166997,837.467 34.70024500000005,37.167004,837.829 34.70018400000005,37.166976999999996,838.388 34.70012400000005,37.16696399999999,838.534 34.70004600000005,37.16694799999999,838.837 34.69996900000005,37.16692299999999,839.299 34.69989600000005,37.16689599999999,839.92 34.69981800000005,37.16686699999999,840.409 34.69976000000005,37.16685999999999,841.217 34.69970300000005,37.166847999999995,842.325 34.69965500000005,37.16681499999999,843.283 34.69963500000005,37.16677099999999,843.66 34.69968600000005,37.16674999999999,844.392 34.69974500000005,37.166771999999995,844.668 34.69981700000005,37.166771999999995,845.36 34.699875000000056,37.16678399999999,845.969 34.69995800000005,37.166796999999995,846.555 34.70002300000005,37.166807999999996,847.128 34.70008600000005,37.166796,847.76 34.70016500000005,37.166802999999994,848.251 34.70023500000005,37.166802,848.709 34.70030400000005,37.166788999999994,848.924 34.700385000000054,37.166746999999994,849.431 34.700447000000054,37.166723999999995,849.996 34.700514000000055,37.166698999999994,850.627 34.70058800000005,37.166672999999996,851.399 34.700652000000055,37.166658,852.115 34.70069900000006,37.16663,852.867 34.700764000000056,37.166602999999995,853.416 34.700810000000054,37.166557,853.782 34.70086700000005,37.166512999999995,854.285 34.70093400000005,37.166495999999995,854.747 34.70098300000005,37.166464,855.148 34.70103600000005,37.166394999999994,855.509 34.70110900000005,37.166352999999994,855.924 34.70117100000005,37.16631699999999,856.304 34.701198000000055,37.16627499999999,856.369 34.70125300000006,37.16623799999999,856.332 34.701310000000056,37.16621299999999,856.654 34.70137300000005,37.166180999999995,857.02 34.70141600000005,37.166146999999995,857.672 34.701463000000054,37.16610299999999,858.121 34.701527000000056,37.16606099999999,858.727 34.70157400000006,37.16602499999999,859.26 34.70162500000006,37.16599399999999,860.092 34.70167700000005,37.16595299999999,860.643 34.70175700000005,37.16591899999999,861.409 34.70181300000005,37.165899999999986,861.717 34.70186200000005,37.16586799999999,862.298 34.70193200000005,37.16585099999999,862.818 34.70199000000005,37.16584599999999,863.137 34.70206600000005,37.16582899999999,863.789 34.70212600000005,37.16579999999999,864.465 34.702209000000046,37.165792999999994,865.157 34.702271000000046,37.165761999999994,865.816 34.70234100000005,37.16573699999999,866.362 34.70240500000005,37.16571799999999,866.855 34.70248300000005,37.16567999999999,867.057 34.70254800000005,37.16565699999999,867.638 34.70261400000005,37.16565099999999,868.409 34.702674000000044,37.16561199999999,869.118 34.70272800000004,37.16557799999999,869.744 34.70280400000004,37.16554899999999,870.263 34.70288300000004,37.16552999999999,870.827 34.702967000000044,37.16550399999999,871.419 34.703043000000044,37.16548699999999,871.745 34.70311200000005,37.165457999999994,872.397 34.703186000000045,37.16543399999999,872.776 34.70326600000004,37.16540999999999,873.162 34.70334000000004,37.165396999999984,873.595 34.70342700000004,37.165385999999984,874.197 34.70348900000004,37.165376999999985,874.468 34.70354700000004,37.16537299999999,874.609 34.70360400000004,37.16536799999999,874.811 34.70367800000004,37.165351999999984,875.383 34.70373800000004,37.16534799999999,875.962 34.703795000000035,37.165339999999986,876.332 34.703865000000036,37.16532999999998,876.724 34.703933000000035,37.16532999999998,877.22 34.70399100000004,37.16531599999998,877.862 34.704048000000036,37.165300999999985,878.191 34.704124000000036,37.16529399999999,879.017 34.70418800000004,37.16528999999999,879.46 34.70425700000004,37.16528999999999,880.072 34.70431100000004,37.16530699999999,880.433 34.70439000000004,37.16531399999999,880.709 34.70444400000004,37.16533099999999,880.903 34.704507000000035,37.16533899999999,881.421 34.70456500000004,37.165359999999986,881.811 34.70463300000004,37.16536199999999,882.169 34.704696000000034,37.165393999999985,882.251 34.70477900000003,37.16538699999999,883.137 34.70484900000003,37.16535199999999,883.499 34.70489500000003,37.165319999999994,884.198 34.70495300000003,37.16532899999999,885.454 34.70500200000003,37.165350999999994,886.317 34.70502600000003,37.16530699999999,886.759 34.70504000000003,37.165254999999995,887.26 34.70504100000003,37.16520499999999,888.609 34.70503600000003,37.165158999999996,889.917 34.70501100000003,37.165116999999995,890.561 34.705001000000024,37.16506999999999,890.981 34.704950000000025,37.165037999999996,891.085 34.704911000000024,37.164989999999996,891.047 34.70486200000003,37.164964,891.063 34.704860000000025,37.164918,891.015 34.704809000000026,37.164939,890.934 34.704815000000025,37.164887,890.84 34.70477900000002,37.164849,890.483 34.704747000000026,37.164812,889.935 34.70469500000003,37.164781999999995,889.176 34.70463500000003,37.164767,888.109 34.70457600000003,37.16475,887.416 34.70451200000003,37.164746,886.888 34.70444500000003,37.164744,886.246 34.70439300000003,37.164724,885.785 34.70433400000003,37.164714,885.157 34.704271000000034,37.164699,884.473 34.70422200000004,37.164674999999995,883.745 34.70417000000004,37.164649999999995,883.194 34.70412300000004,37.16462299999999,882.46 34.704068000000035,37.16460099999999,881.343 34.704043000000034,37.16455899999999,880.115 34.703989000000036,37.16453599999999,878.886 34.70394500000003,37.16450699999999,877.309 34.70390000000003,37.16446499999999,875.714 34.70387200000003,37.16442299999999,874.522 34.703820000000036,37.164376999999995,873.742 34.70376800000004,37.164351999999994,873.175 34.70374700000004,37.16430999999999,872.877 34.703738000000044,37.16425499999999,872.883 34.70370500000004,37.16421299999999,872.865 34.703653000000045,37.16417699999999,872.614 34.70360700000005,37.16414299999999,872.64 34.70357000000005,37.164101999999986,872.663 34.70352100000005,37.16407499999998,872.515 34.70347100000005,37.16402799999998,871.696 34.70341500000005,37.16400099999998,871.109 34.70337000000005,37.16397199999998,870.221 34.70334000000005,37.16391899999998,869.529 34.703315000000046,37.16386899999998,869.547 34.703296000000044,37.16381799999998,869.544 34.70329500000005,37.163756999999976,869.766 34.703287000000046,37.163703999999974,870.172 34.703293000000045,37.163641999999975,870.474 34.70330500000004,37.163596999999974,870.443 34.70334800000004,37.16355299999997,870.429 34.70337900000004,37.163509999999974,870.412 34.70337000000004,37.163463999999976,870.314 34.703380000000045,37.163407999999976,869.095 34.70334200000004,37.16335599999998,868.709 34.70330900000004,37.16331599999998,868.621 34.70325900000004,37.16328499999998,868.501 34.703215000000036,37.16323799999998,868.539 34.703193000000034,37.16318899999998,868.454 34.70318000000003,37.16313799999998,868.026 34.70319100000003,37.16309299999998,867.392 34.70319100000003,37.16309299999998,895.2251764892144 34.70322417898658,37.16302902387238,894.8503674551616 34.70343969774282,37.162613457971105,894.272520006449 34.70343969774282,37.162613457971105,894.272520006449 34.70348040335605,37.16257820332513,893.5877998531803 34.70386246010284,37.16224730853496,887.0747203089775 34.70424451684963,37.16191641374479,880.4732808284235 34.70424451684963,37.16191641374479,880.4732808284235 34.70438095523869,37.16178049125269,878.3869013485506 34.704733420632124,37.16142935859142,872.2931310957772 34.70505084921921,37.161290307334994,864.0760631666533 34.70554530837353,37.16107370691067,853.2232883695517 34.70554530837353,37.16107370691067,853.2232883695517 34.705728230041004,37.16099758837842,849.485096131824 34.70622838402645,37.16078946110845,841.4987774521119 34.7067285380119,37.16058133383848,833.9145187365758 34.7067285380119,37.16058133383848,833.9145187365758 34.70681188896904,37.16045475350772,836.5884392757911 34.70681188896904,37.16045475350772,836.5884392757911 34.70681188896904,37.16045475350772,836.5884392757911 34.70690976543318,37.160294932509316,843.511404921674 34.70712540969535,37.160173795573854,847.6255864605779 34.70712540969535,37.160173795573854,847.6255864605779 34.70738844937631,37.160398425562875,832.9341198835457 34.70738844937631,37.160398425562875,832.9341198835457 34.70738844937631,37.160398425562875,832.9341198835457 34.70747370087544,37.16042441441802,830.6771656304962 34.70800069049238,37.160585066804856,821.9307346574178 34.70800069049238,37.160585066804856,821.9307346574178 34.70835790018552,37.16065734740894,818.7799483479708 34.70835790018552,37.16065734740894,818.7799483479708 34.70838273574093,37.16067991961998,817.861028593777 34.70875473008397,37.16101801291703,801.9628748710272 34.709126724426994,37.161356106214086,785.2959911771126 34.709126724426994,37.161356106214086,785.2959911771126 34.709294409871404,37.16167824609107,776.0038596109961 34.709294409871404,37.16167824609107,776.0038596109961 34.709463820788386,37.16193710662128,767.8033570205624 34.709463820788386,37.16193710662128,767.8033570205624 34.709823370678976,37.16201769149393,757.760779617502 34.709823370678976,37.16201769149393,757.760779617502 34.710002736231644,37.16220403815848,747.3897848414367 34.710002736231644,37.16220403815848,747.3897848414367 34.71030561372024,37.16235028682398,733.505639302476 34.71030561372024,37.16235028682398,733.505639302476 34.71080129131991,37.16236472375856,716.270807615016 34.71080129131991,37.16236472375856,716.270807615016 34.71105228817146,37.16226817805365,710.1137008649954 34.71105228817146,37.16226817805365,710.1137008649954 34.71138084802021,37.16199478684801,705.0829584525504 34.71138084802021,37.16199478684801,705.0829584525504 34.71175367555995,37.16174621114072,697.9691020035406 34.71201787377109,37.161755499440815,690.5038844083443 34.71201787377109,37.161755499440815,690.5038844083443 34.71201787377109,37.161755499440815,690.5038844083443 34.71235014210626,37.16174249776098,681.787996988822 34.712479576777866,37.16181800531788,676.3745056706255 34.712479576777866,37.16181800531788,676.3745056706255 34.71249192869524,37.16192196709649,673.3753391436542 34.71249192869524,37.16192196709649,673.3753391436542 34.71249192869524,37.16192196709649,673.3753391436542 34.71273489516642,37.162026199571415,665.227075196896 34.71283101324124,37.16211257535937,661.410309588072 34.71283101324124,37.16211257535937,661.410309588072 34.71289882887024,37.162214469640155,657.9462285822214 34.71316321387556,37.162611713171856,645.2157876146266 34.71316321387556,37.162611713171856,645.2157876146266 34.71316321387556,37.162611713171856,645.2157876146266 34.713378263890036,37.162734116921825,639.1208291348553 34.71383742180518,37.162995463803284,626.2785445092682 34.71383742180518,37.162995463803284,626.2785445092682 34.71403160981612,37.1631727235349,619.4626664407558 34.714438540764576,37.163353704627696,608.2066614179963 34.714438540764576,37.163353704627696,608.2066614179963 34.714438540764576,37.163353704627696,608.2066614179963 34.71445784889244,37.16351463207869,604.9219851182318 34.714651760521406,37.16369023532887,598.793031840772 34.714651760521406,37.16369023532887,598.793031840772 34.71472751787866,37.16394809014449,594.8413734981262 34.71472751787866,37.16394809014449,594.8413734981262 34.71472751787866,37.16394809014449,594.8413734981262 34.7147839729962,37.16412924166933,592.1789662126464 34.71490350147616,37.16428609686926,588.6621840736367 34.71490350147616,37.16428609686926,588.6621840736367 34.71490350147616,37.16428609686926,588.6621840736367 34.715088559055545,37.16444490823157,583.3029376136365 34.715088559055545,37.16444490823157,583.3029376136365 34.71516787753052,37.16443151916745,582.1250332125474 34.71521809661425,37.16435258827538,582.2859714500613 34.71521809661425,37.16435258827538,582.2859714500613 34.71521809661425,37.16435258827538,582.2859714500613 34.715287952419885,37.164179546046014,582.3883970901503 34.71540954685071,37.16396520711261,581.2411378400873 34.71540954685071,37.16396520711261,581.2411378400873 34.71540954685071,37.16396520711261,581.2411378400873 34.71550617719305,37.16386142645071,579.9135279455272 34.71555862328563,37.16371359613824,579.655267762321 34.71555862328563,37.16371359613824,579.655267762321 34.71561531648888,37.16348746720091,580.0397095762203 34.71561531648888,37.16348746720091,580.0397095762203 34.71561531648888,37.16348746720091,580.0397095762203 34.715614510117206,37.163410320284044,580.9570471681658 34.71573550465254,37.163295338481305,579.9378268707084 34.71573550465254,37.163295338481305,579.9378268707084 34.71588220880537,37.16314303232468,578.5332145009756 34.71588220880537,37.16314303232468,578.5332145009756 34.71588220880537,37.16314303232468,578.5332145009756 34.71602824520218,37.16292631530989,577.3226341863166 34.71602398911014,37.16276363985128,578.934501389519 34.71602398911014,37.16276363985128,578.934501389519 34.71602398911014,37.16276363985128,578.934501389519 34.71605712741177,37.16268326217774,579.298925586511 34.716093283149576,37.162608443047134,579.5081498299264 34.716093283149576,37.162608443047134,579.5081498299264 34.716093283149576,37.162608443047134,579.5081498299264 34.71605335679712,37.16246736770208,582.5475050055428 34.71590545812816,37.16232010265921,588.4012069288057 34.71590545812816,37.16232010265921,588.4012069288057 34.71584429552371,37.16223508036293,591.2542050583436 34.71584429552371,37.16223508036293,591.2542050583436 34.71589326883151,37.162053139136546,592.7342048640369 34.71589326883151,37.162053139136546,592.7342048640369 34.71615727259339,37.16179549378964,588.5117329028907 34.71615727259339,37.16179549378964,588.5117329028907 34.71615727259339,37.16179549378964,588.5117329028907 34.716534938569225,37.161616647985,579.3163917831151 34.716534938569225,37.161616647985,579.3163917831151 34.716641389678216,37.1615445385486,576.8846167192007 34.716641389678216,37.16141092382364,577.548019050993 34.716641389678216,37.16141092382364,577.548019050993 34.716601959445455,37.16127836648302,579.425738062338 34.716601959445455,37.16127836648302,579.425738062338 34.71671516033453,37.16090276235329,581.8158720141282 34.71671516033453,37.16090276235329,581.8158720141282 34.71671516033453,37.16090276235329,581.8158720141282 34.716762051462986,37.16084894873188,582.7382794630248 34.717083880671936,37.16047960818118,578.673691660347 34.71740587099339,37.16026293967347,576.3546268015489 34.71740587099339,37.16026293967347,576.3546268015489 34.71740587099339,37.16026293967347,576.3546268015489 34.71768244921324,37.16014248201964,574.703811480641 34.71798051231275,37.160059766637275,571.2642517500103 34.71798051231275,37.160059766637275,571.2642517500103 34.71822401205981,37.160034285029056,567.0737879528441 34.71822401205981,37.160034285029056,567.0737879528441 34.71822401205981,37.160034285029056,567.0737879528441 34.718473652949086,37.15999848185635,562.1115144458838 34.71862743323652,37.16003486838129,556.6370730716745 34.71862743323652,37.16003486838129,556.6370730716745 34.718625531942564,37.16015002652817,554.048834184517 34.718625531942564,37.16015002652817,554.048834184517 34.71849146097534,37.16025836803695,555.0323471125924 34.71849146097534,37.16025836803695,555.0323471125924 34.71849146097534,37.16025836803695,555.0323471125924 34.718524217226445,37.160331464017375,551.050008834527 34.71860842028482,37.16034852239683,549.0773321332421 34.71860842028482,37.16034852239683,549.0773321332421 34.71871486193811,37.16032138886601,546.4730483289349 34.71871486193811,37.16032138886601,546.4730483289349 34.71871486193811,37.16032138886601,546.4730483289349 34.71887840419936,37.16024245596711,545.2273932671808 34.71891833139824,37.160166694140486,545.5277426855876 34.71891833139824,37.160166694140486,545.5277426855876 34.71894304823482,37.1601060846245,545.9803440337083 34.71894304823482,37.1601060846245,545.9803440337083 34.71892783787408,37.160013655018886,548.1049364215237 34.71892783787408,37.160013655018886,548.1049364215237 34.71900769227025,37.159959106346605,546.6243296171083 34.71900769227025,37.159959106346605,546.6243296171083 34.719112141525216,37.1599971256761,542.8021732157797 34.719112141525216,37.1599971256761,542.8021732157797 34.719112141525216,37.1599971256761,542.8021732157797 34.719142684227535,37.159980319723715,542.1500246751664 34.719192117902224,37.159998502613746,540.3891396410754 34.719192117902224,37.159998502613746,540.3891396410754 34.71925105805275,37.160059112216004,537.7942796536117 34.71925105805275,37.160059112216004,537.7942796536117 34.719372740943214,37.160078810326354,534.0545766865673 34.719372740943214,37.160078810326354,534.0545766865673 34.71944341257597,37.16003665480987,532.5617210874337 34.71944341257597,37.16003665480987,532.5617210874337 34.71944341257597,37.16003665480987,532.5617210874337 34.719451170774846,37.15998289569448,532.894929071284 34.719416217942694,37.15993744685932,534.3915974698966 34.719416217942694,37.15993744685932,534.3915974698966 34.71943277454724,37.15982015941552,535.2293178460104 34.71943277454724,37.15982015941552,535.2293178460104 34.71952204137017,37.159681277526204,534.0425775322617 34.71952204137017,37.159681277526204,534.0425775322617 34.719581805462155,37.1596145735418,532.9074558777941 34.719581805462155,37.1596145735418,532.9074558777941 34.719581805462155,37.1596145735418,532.9074558777941 34.71966448468595,37.15950124113418,531.7888325204779 34.719769343184,37.159397147936616,530.4347857567416 34.719769343184,37.159397147936616,530.4347857567416 34.71984160003922,37.15927220574851,530.5328804209696 34.71984160003922,37.15927220574851,530.5328804209696 34.71984160003922,37.15927220574851,530.5328804209696 34.71986868281283,37.1592124188097,530.8532516814516 34.71980435292335,37.159140614185915,533.3213331030772 34.71980435292335,37.159140614185915,533.3213331030772 34.71980435292335,37.159140614185915,533.3213331030772 34.71980435292335,37.159046783256045,534.701702656962 34.71980435292335,37.159046783256045,534.701702656962 34.71980067367724,37.15900573218762,535.3678116053414 34.71984326368096,37.15898426683363,534.9608619803332 34.71984326368096,37.15898426683363,534.9608619803332 34.71984326368096,37.15898426683363,534.9608619803332 34.7199901548226,37.158985206645355,532.4585944545667 34.7199901548226,37.158985206645355,532.4585944545667 34.72009317369759,37.158985206645355,530.7325353622969 34.720188834080375,37.1590365204912,527.9757469620888 34.720188834080375,37.1590365204912,527.9757469620888 34.720188834080375,37.1590365204912,527.9757469620888 34.720312088806,37.15902772383353,525.9985363589497 34.720312088806,37.15902772383353,525.9985363589497 34.72035991899813,37.158991071086405,526.5021595535972 34.720387513339546,37.158958816653836,527.1301683429534 34.720387513339546,37.158958816653836,527.1301683429534 34.72037095673349,37.15892069776142,528.2725092834937 34.72037095673349,37.15892069776142,528.2725092834937 34.720350720884284,37.158834197125486,530.7445494886506 34.720350720884284,37.158834197125486,530.7445494886506 34.720350720884284,37.158834197125486,530.7445494886506 34.720358079375075,37.15879461205596,531.7792854551229 34.72043902277633,37.158778484799825,531.770570258853 34.72043902277633,37.158778484799825,531.770570258853 34.72050524919604,37.15876235753956,531.9154425533492 34.72050524919604,37.15876235753956,531.9154425533492 34.72062482467561,37.15878728148523,530.7023257771983 34.72062482467561,37.15878728148523,530.7023257771983 34.72092836243138,37.15887818051192,526.9930232628017 34.72092836243138,37.15887818051192,526.9930232628017 34.72112152282142,37.15895001998834,523.3809749107631 34.72112152282142,37.15895001998834,523.3809749107631 34.72151707829511,37.159064206126956,514.6917625673202 34.72151707829511,37.159064206126956,514.6917625673202 34.72151707829511,37.159064206126956,514.6917625673202 34.7219780888195,37.15916491013651,504.92613094777437 34.72230063014783,37.15915782326799,501.4707824018794 34.72230063014783,37.15915782326799,501.4707824018794 34.72266982385008,37.159131704344986,497.0444932864239 34.72266982385008,37.159131704344986,497.0444932864239 34.72266982385008,37.159131704344986,497.0444932864239 34.72301583010196,37.15913618856432,491.6435204441939 34.72330388017332,37.15923245078261,484.519892847765 34.72330388017332,37.15923245078261,484.519892847765 34.72330388017332,37.15923245078261,484.519892847765 34.72359632140595,37.15940819800218,475.5174996423076 34.7238024090131,37.15942120875441,472.49588337368414 34.7238024090131,37.15942120875441,472.49588337368414 34.7238024090131,37.15942120875441,472.49588337368414 34.724042964735105,37.15918181859236,476.47116980077783 34.72429699648163,37.159102565126645,474.8442123832185 34.72429699648163,37.159102565126645,474.8442123832185 34.72459934859094,37.15905702285879,469.9967263550499 34.72459934859094,37.15905702285879,469.9967263550499 34.7248726619253,37.159049230681546,464.5927591476597 34.7248726619253,37.159049230681546,464.5927591476597 34.7248726619253,37.159049230681546,464.5927591476597 34.72498892564632,37.15898609089234,464.0250505612366 34.72545518157199,37.15873287948121,458.1408188710464 34.72545930589802,37.15872904637606,458.08874564643577 34.725826583684324,37.158387702272336,453.0474997305578 34.725826583684324,37.158387702272336,453.0474997305578 34.725826583684324,37.158387702272336,453.0474997305578 34.72604921395063,37.15817301043273,449.9934052391876 34.72617395593892,37.15793684501372,449.24362481480966 34.72617395593892,37.15793684501372,449.24362481480966 34.7261803265401,37.15790935104288,449.37704711018023 34.72628278451549,37.157467167250886,451.019093385355 34.72628278451549,37.157467167250886,451.019093385355 34.72628278451549,37.157467167250886,451.019093385355 34.72631518317356,37.15725485162704,451.8453717465291 34.726383297943215,37.156808480367474,453.11427817347976 34.72645141271286,37.1563621091079,453.90524749967403 34.72645141271286,37.1563621091079,453.90524749967403 34.72644558395518,37.15603484976248,456.0500470152819 34.72644558395518,37.15603484976248,456.0500470152819 34.72647304406087,37.15591151050975,455.8361274146779 34.72657784330076,37.15586118674008,452.5663325707468 34.72657784330076,37.15586118674008,452.5663325707468 34.72657784330076,37.15586118674008,452.5663325707468 34.72669428216369,37.1557031462379,448.51627437635386 34.72669581943174,37.155528303868294,448.10695120887874 34.72669581943174,37.155528303868294,448.10695120887874 34.72669581943174,37.155528303868294,448.10695120887874 34.72669707941247,37.15551982740609,448.04250265861975 34.72676345481984,37.155073289915585,444.78193298756827 34.72682983022722,37.15462675242509,439.4889497057332 34.72682983022722,37.15462675242509,439.4889497057332 34.72695038040058,37.15431738731695,433.9073517030109 34.72698588005208,37.15427207840344,432.7117793459624 34.72728471023032,37.15389067548446,428.47731149703435 34.72728471023032,37.15389067548446,428.47731149703435 34.72728471023032,37.15389067548446,428.47731149703435 34.72758288096149,37.153513081537376,426.72525694924497 34.72788339446919,37.15313252077247,431.6287698535416 34.72789922233264,37.152887949420204,436.717692866805 34.72789922233264,37.152887949420204,436.717692866805 34.72789922233264,37.152887949420204,436.717692866805 34.727839960934745,37.15276321480265,439.6837529233079 34.72754345995605,37.1526522065204,443.66342004104587 34.72754345995605,37.1526522065204,443.66342004104587 34.727578769725795,37.152507926778185,446.7940328730282 34.727578769725795,37.152507926778185,446.7940328730282 34.72785034533467,37.15251138971264,445.3474059747535 34.72785034533467,37.15251138971264,445.3474059747535 34.72785034533467,37.15251138971264,445.3474059747535 34.728166377503584,37.15253179018816,442.62600873839176 34.728526701872255,37.15246632184362,438.95327601391 34.728526701872255,37.15246632184362,438.95327601391 34.728526701872255,37.15246632184362,438.95327601391 34.72866603628455,37.1523232026454,440.2944966841428 34.72901189572298,37.151967948514624,443.55623141043 34.72905901935797,37.15188103919865,444.6852131933913 34.72928282675582,37.151468275033466,446.5647720365708 34.72928282675582,37.151468275033466,446.5647720365708 34.72928282675582,37.151468275033466,446.5647720365708 34.729265511369306,37.15112109776466,452.5242241320208 34.72940676239028,37.15080888270842,453.13669741889606 34.72940676239028,37.15080888270842,453.13669741889606 34.72940676239028,37.15080888270842,453.13669741889606 34.729452492865754,37.15071356069725,453.11034164940963 34.72965398723531,37.15029355962908,452.578940897948 34.7299294531648,37.149951048674694,448.91703894911024 34.7299294531648,37.149951048674694,448.91703894911024 34.7299294531648,37.149951048674694,448.91703894911024 34.73021960612442,37.14974497077675,444.75501141240204 34.73021960612442,37.14974497077675,444.75501141240204 34.73038301742184,37.14953856257257,445.81939328953194 34.73038301742184,37.14953856257257,445.81939328953194 34.73038815400429,37.149433426629486,450.98355250349283 34.73036010567094,37.14923711340755,461.71588011805574 34.73036010567094,37.14923711340755,461.71588011805574 34.73036010567094,37.14923711340755,461.71588011805574 34.730293922135616,37.14911837630591,469.33471293965044 34.730293922135616,37.14911837630591,469.33471293965044 34.73038407134868,37.14901497060191,472.32689362117156 34.730527952258285,37.14897599313524,470.94665778169554 34.730527952258285,37.14897599313524,470.94665778169554 34.730527952258285,37.14897599313524,470.94665778169554 34.73072258513065,37.14893612041696,468.5541401548242 34.73084467682935,37.14898061336325,463.34152705584336 34.73084467682935,37.14898061336325,463.34152705584336 34.73084467682935,37.14898061336325,463.34152705584336 34.73095456693767,37.14898628569746,460.4541129268663 34.7311121405958,37.148966145291695,458.10714406210536 34.7311121405958,37.148966145291695,458.10714406210536 34.731125614194035,37.148943726532345,458.985281431218 34.731369337531476,37.14853819456137,477.391335116816 34.731369337531476,37.14853819456137,477.391335116816 34.731369337531476,37.14853819456137,477.391335116816 34.73149783104887,37.14838882004912,482.9744760200854 34.73154287576291,37.148298296089806,487.208187773589 34.731750864373424,37.14788031247252,500.4630546820856 34.731750864373424,37.14788031247252,500.4630546820856 34.731750864373424,37.14788031247252,500.4630546820856 34.732100729081594,37.147739561384924,493.99145425225373 34.73228422455648,37.147719040214795,489.38438757234263 34.73228422455648,37.147719040214795,489.38438757234263 34.73234731869559,37.14770961149135,487.89728761189707 34.732901791333404,37.147626751668994,474.17968280074524 34.732901791333404,37.147626751668994,474.17968280074524 34.732901791333404,37.147626751668994,474.17968280074524 34.733116610485126,37.14753101603428,471.75777790796263 34.733250586996036,37.14734661808265,473.4305583182702 34.733250586996036,37.14734661808265,473.4305583182702 34.73339794768694,37.147047501808714,476.6763970704984 34.73339794768694,37.147047501808714,476.6763970704984 34.73339794768694,37.147047501808714,476.6763970704984 34.73344285737494,37.14693797487517,477.982416594304 34.73361106586495,37.146843626412064,475.93207173964583 34.73361106586495,37.146843626412064,475.93207173964583 34.73398623741838,37.14667144072068,471.2131004677068 34.73398623741838,37.14667144072068,471.2131004677068 34.73398623741838,37.14667144072068,471.2131004677068 34.7340680857335,37.14666623278235,470.3097946149305 34.734105661750874,37.14674322955763,468.29134593601333 34.734105661750874,37.14674322955763,468.29134593601333 34.7341794422571,37.146937996213396,463.5689736502254 34.7341794422571,37.146937996213396,463.5689736502254 34.7341794422571,37.146937996213396,463.5689736502254 34.734210397676804,37.147053322572475,461.03981636203383 34.734262607323416,37.14712042861434,459.2794381650636 34.734262607323416,37.14712042861434,459.2794381650636 34.734389639347114,37.14715185548131,457.55239692977875 34.734389639347114,37.14715185548131,457.55239692977875 34.73452972596195,37.14721035056067,455.4074818808597 34.73452972596195,37.14721035056067,455.4074818808597 34.73452972596195,37.14721035056067,455.4074818808597 34.734606270371735,37.14724743360659,454.20338485003504 34.73508834359646,37.14748098094961,446.7025431453727 34.73508834359646,37.14748098094961,446.7025431453727 34.735519726476355,37.14745403754715,445.5832385908955 34.735519726476355,37.14745403754715,445.5832385908955 34.73559736565713,37.14740966715517,446.26542933904665 34.73566392031765,37.14740696226504,446.09606298459744 34.73566392031765,37.14740696226504,446.09606298459744 34.735748909650795,37.1475174194925,443.04489635008014 34.735748909650795,37.1475174194925,443.04489635008014 34.73585685141984,37.147622813670864,439.98776816732754 34.73585685141984,37.147622813670864,439.98776816732754 34.735984270739976,37.147706917446286,438.84356185507573 34.735984270739976,37.147706917446286,438.84356185507573 34.73612701487184,37.14759042368074,443.0024408962121 34.73612701487184,37.14759042368074,443.0024408962121 34.73623622118603,37.14768733054403,441.5037342094864 34.73623622118603,37.14768733054403,441.5037342094864 34.73630948148886,37.147786369623375,439.72156348959646 34.73630948148886,37.147786369623375,439.72156348959646 34.73630948148886,37.147786369623375,439.72156348959646 34.73648534166591,37.14775128368143,442.0859614189567 34.73660723070611,37.14775924454129,442.9591119081822 34.73660723070611,37.14775924454129,442.9591119081822 34.73685897357677,37.1478005588243,444.0793291859839 34.73685897357677,37.1478005588243,444.0793291859839 34.737082037273154,37.14788362874607,443.58831080970344 34.737082037273154,37.14788362874607,443.58831080970344 34.73726080325412,37.1479963893279,442.0713733717841 34.73726080325412,37.1479963893279,442.0713733717841 34.73773480316211,37.14803389914137,444.345710383449 34.73773480316211,37.14803389914137,444.345710383449 34.73773480316211,37.14803389914137,444.345710383449 34.738026420065964,37.14787584934149,447.29020163980374 34.7384929270436,37.147623013057014,451.53167622420636 34.73895943402124,37.14737017677254,455.3642121662388 34.73895943402124,37.14737017677254,455.3642121662388 34.73937037208242,37.14732613120296,451.7996406893333 34.73937037208242,37.14732613120296,451.7996406893333 34.7394565302907,37.14726984169408,451.8286234485694 34.73989282822316,37.146984796347496,448.56151049246637 34.74006353312561,37.146650391729366,448.4030958966125 34.74006353312561,37.146650391729366,448.4030958966125 34.74038302429878,37.146576054558324,442.37763436213186 34.74038302429878,37.146576054558324,442.37763436213186 34.74038302429878,37.146576054558324,442.37763436213186 34.74060496369148,37.14642971018884,438.70717495884844 34.74062530276814,37.146192952808775,439.6270004346044 34.74062530276814,37.146192952808775,439.6270004346044 34.74062530276814,37.146192952808775,439.6270004346044 34.74043292164703,37.14613010021134,443.6051771972102 34.740156481284714,37.146002488277205,449.19762575061225 34.740156481284714,37.146002488277205,449.19762575061225 34.740156481284714,37.146002488277205,449.19762575061225 34.73986419907675,37.14573937240998,454.8237178668859 34.73986419907675,37.14573937240998,454.8237178668859 34.73979523362229,37.14554438875855,458.6036633482906 34.73983444433338,37.145378280802774,460.4961783721108 34.73983444433338,37.145378280802774,460.4961783721108 34.73983444433338,37.145378280802774,460.4961783721108 34.74010501701355,37.14527430347245,458.80809120427875 34.74011756142177,37.14527408611975,458.6639834118133 34.74068154380336,37.14526431418878,452.3992077285837 34.74068154380336,37.14526431418878,452.3992077285837 34.74068154380336,37.14526431418878,452.3992077285837 34.74107207310439,37.14510221949486,452.7130521357596 34.74150163084005,37.145101334052384,449.0213623730941 34.74150163084005,37.145101334052384,449.0213623730941 34.74150163084005,37.145101334052384,449.0213623730941 34.741772934600306,37.14541038441652,439.1278254263815 34.741772934600306,37.14541038441652,439.1278254263815 34.741764147828256,37.14562111859168,433.83175583544704 34.741745409148905,37.14607053051594,426.92935855444574 34.74179580092106,37.1461977545821,425.10685151536114 34.74196564174678,37.146626551576595,419.65316365240216 34.74213548257251,37.1470553485711,416.69095507755486 34.74230532339823,37.1474841455656,416.07408463650364                             
                        </coordinates>
                    </LineString>
                </Placemark>
                                        
        </Folder>
                
        <LookAt>
            <longitude>34.734397432703</longitude>            
            <latitude>37.175637167026</latitude>             
            <altitude>0</altitude>               
            <heading>0</heading>               
            <tilt>45</tilt>
            <range>4254</range>                    
            <altitudeMode>clampToGround</altitudeMode> 
        </LookAt>
    </Document>
</kml>