<?xml version="1.0" encoding="UTF-8"?>
<gpx creator="StravaGPX" version="1.1" xmlns="http://www.topografix.com/GPX/1/1" xmlns:xsi="http://www.w3.org/2001/XMLSchema-instance" xsi:schemaLocation="http://www.topografix.com/GPX/1/1 http://www.topografix.com/GPX/1/1/gpx.xsd">
 <metadata>
  <name>Kayageçit Ultra </name>
  <author>
   <name>limit sensin</name>
   <link href="https://www.strava.com/athletes/149391419"/>
  </author>
  <copyright author="OpenStreetMap contributors">
   <year>2020</year>
   <license>https://www.openstreetmap.org/copyright</license>
  </copyright>
  <link href="https://www.strava.com/routes/3441655324125052582"/>
 </metadata>
 <trk>
  <name>Kayageçit Ultra </name>
  <link href="https://www.strava.com/routes/3441655324125052582"/>
  <type>trail_running</type>
  <trkseg>
   <trkpt lat="37.14752" lon="34.74226">
    <ele>419.76</ele>
   </trkpt>
   <trkpt lat="37.14786" lon="34.74183">
    <ele>428.72</ele>
   </trkpt>
   <trkpt lat="37.147980000000004" lon="34.74174">
    <ele>430.05</ele>
   </trkpt>
   <trkpt lat="37.14804" lon="34.74175">
    <ele>431.26000000000005</ele>
   </trkpt>
   <trkpt lat="37.148270000000004" lon="34.74203">
    <ele>435.1</ele>
   </trkpt>
   <trkpt lat="37.14855" lon="34.74213">
    <ele>437.22</ele>
   </trkpt>
   <trkpt lat="37.14866" lon="34.742290000000004">
    <ele>438.85</ele>
   </trkpt>
   <trkpt lat="37.14889" lon="34.74242">
    <ele>439.39000000000004</ele>
   </trkpt>
   <trkpt lat="37.14913" lon="34.74246">
    <ele>439.96000000000004</ele>
   </trkpt>
   <trkpt lat="37.14929" lon="34.742670000000004">
    <ele>440.34</ele>
   </trkpt>
   <trkpt lat="37.149350000000005" lon="34.742720000000006">
    <ele>440.34</ele>
   </trkpt>
   <trkpt lat="37.14954" lon="34.7428">
    <ele>441.65000000000003</ele>
   </trkpt>
   <trkpt lat="37.14999" lon="34.743030000000005">
    <ele>446.93000000000006</ele>
   </trkpt>
   <trkpt lat="37.150490000000005" lon="34.743480000000005">
    <ele>452.48</ele>
   </trkpt>
   <trkpt lat="37.15072" lon="34.743610000000004">
    <ele>454.28000000000003</ele>
   </trkpt>
   <trkpt lat="37.151120000000006" lon="34.74374">
    <ele>454.28000000000003</ele>
   </trkpt>
   <trkpt lat="37.15126" lon="34.74373">
    <ele>454.28000000000003</ele>
   </trkpt>
   <trkpt lat="37.151430000000005" lon="34.74367">
    <ele>454.28000000000003</ele>
   </trkpt>
   <trkpt lat="37.151630000000004" lon="34.743550000000006">
    <ele>474.71000000000004</ele>
   </trkpt>
   <trkpt lat="37.151770000000006" lon="34.74353">
    <ele>474.71000000000004</ele>
   </trkpt>
   <trkpt lat="37.15214" lon="34.74371">
    <ele>474.71000000000004</ele>
   </trkpt>
   <trkpt lat="37.151990000000005" lon="34.744330000000005">
    <ele>474.84000000000003</ele>
   </trkpt>
   <trkpt lat="37.15194" lon="34.744620000000005">
    <ele>473.6</ele>
   </trkpt>
   <trkpt lat="37.15176" lon="34.74497">
    <ele>472.76</ele>
   </trkpt>
   <trkpt lat="37.151500000000006" lon="34.745250000000006">
    <ele>468.93</ele>
   </trkpt>
   <trkpt lat="37.15115" lon="34.745490000000004">
    <ele>464.45000000000005</ele>
   </trkpt>
   <trkpt lat="37.15106" lon="34.745670000000004">
    <ele>462.96000000000004</ele>
   </trkpt>
   <trkpt lat="37.150890000000004" lon="34.74584">
    <ele>461.53000000000003</ele>
   </trkpt>
   <trkpt lat="37.15066" lon="34.74602">
    <ele>459.82000000000005</ele>
   </trkpt>
   <trkpt lat="37.15052" lon="34.74607">
    <ele>458.47</ele>
   </trkpt>
   <trkpt lat="37.15032" lon="34.74627">
    <ele>456.31000000000006</ele>
   </trkpt>
   <trkpt lat="37.150020000000005" lon="34.74647">
    <ele>453.69000000000005</ele>
   </trkpt>
   <trkpt lat="37.15006" lon="34.74656">
    <ele>455.49000000000007</ele>
   </trkpt>
   <trkpt lat="37.15007000000001" lon="34.746660000000006">
    <ele>456.65000000000003</ele>
   </trkpt>
   <trkpt lat="37.150020000000005" lon="34.74678">
    <ele>458.0</ele>
   </trkpt>
   <trkpt lat="37.14974" lon="34.746900000000004">
    <ele>459.58000000000004</ele>
   </trkpt>
   <trkpt lat="37.14963" lon="34.74703">
    <ele>460.76000000000005</ele>
   </trkpt>
   <trkpt lat="37.149330000000006" lon="34.747530000000005">
    <ele>465.70000000000005</ele>
   </trkpt>
   <trkpt lat="37.14932" lon="34.74768">
    <ele>468.29</ele>
   </trkpt>
   <trkpt lat="37.14941" lon="34.747840000000004">
    <ele>469.0</ele>
   </trkpt>
   <trkpt lat="37.14952" lon="34.74795">
    <ele>468.04</ele>
   </trkpt>
   <trkpt lat="37.149730000000005" lon="34.748050000000006">
    <ele>464.59000000000003</ele>
   </trkpt>
   <trkpt lat="37.149640000000005" lon="34.74833">
    <ele>461.41</ele>
   </trkpt>
   <trkpt lat="37.149820000000005" lon="34.74846">
    <ele>461.87000000000006</ele>
   </trkpt>
   <trkpt lat="37.14996" lon="34.748720000000006">
    <ele>459.92</ele>
   </trkpt>
   <trkpt lat="37.15003" lon="34.74882">
    <ele>458.21000000000004</ele>
   </trkpt>
   <trkpt lat="37.150650000000006" lon="34.74918">
    <ele>459.8</ele>
   </trkpt>
   <trkpt lat="37.1509" lon="34.749480000000005">
    <ele>457.46000000000004</ele>
   </trkpt>
   <trkpt lat="37.15106" lon="34.74963">
    <ele>457.23</ele>
   </trkpt>
   <trkpt lat="37.15131" lon="34.74996">
    <ele>453.54</ele>
   </trkpt>
   <trkpt lat="37.15142" lon="34.75001">
    <ele>457.02000000000004</ele>
   </trkpt>
   <trkpt lat="37.1516" lon="34.750280000000004">
    <ele>458.35</ele>
   </trkpt>
   <trkpt lat="37.15166" lon="34.7505">
    <ele>456.90000000000003</ele>
   </trkpt>
   <trkpt lat="37.151680000000006" lon="34.750750000000004">
    <ele>455.34000000000003</ele>
   </trkpt>
   <trkpt lat="37.1516" lon="34.75083">
    <ele>448.96000000000004</ele>
   </trkpt>
   <trkpt lat="37.151500000000006" lon="34.75113">
    <ele>437.79</ele>
   </trkpt>
   <trkpt lat="37.15146" lon="34.751450000000006">
    <ele>435.2300000000001</ele>
   </trkpt>
   <trkpt lat="37.15155" lon="34.75166">
    <ele>438.39000000000004</ele>
   </trkpt>
   <trkpt lat="37.15213" lon="34.75236">
    <ele>451.76000000000005</ele>
   </trkpt>
   <trkpt lat="37.152550000000005" lon="34.752720000000004">
    <ele>458.61</ele>
   </trkpt>
   <trkpt lat="37.152620000000006" lon="34.75321">
    <ele>460.66</ele>
   </trkpt>
   <trkpt lat="37.152890000000006" lon="34.75352">
    <ele>461.49</ele>
   </trkpt>
   <trkpt lat="37.15352" lon="34.753730000000004">
    <ele>463.01000000000005</ele>
   </trkpt>
   <trkpt lat="37.153880000813075" lon="34.75418499776214">
    <ele>459.32000000000005</ele>
   </trkpt>
   <trkpt lat="37.15424" lon="34.75464">
    <ele>455.38000000000005</ele>
   </trkpt>
   <trkpt lat="37.15449" lon="34.75477">
    <ele>451.33000000000004</ele>
   </trkpt>
   <trkpt lat="37.154880000000006" lon="34.75484">
    <ele>448.33000000000004</ele>
   </trkpt>
   <trkpt lat="37.155350000000006" lon="34.75486">
    <ele>450.83000000000004</ele>
   </trkpt>
   <trkpt lat="37.155660000000005" lon="34.75491">
    <ele>459.59000000000003</ele>
   </trkpt>
   <trkpt lat="37.156310000000005" lon="34.75558">
    <ele>478.91</ele>
   </trkpt>
   <trkpt lat="37.15655" lon="34.7558">
    <ele>483.80000000000007</ele>
   </trkpt>
   <trkpt lat="37.15677" lon="34.756040000000006">
    <ele>482.1</ele>
   </trkpt>
   <trkpt lat="37.1572" lon="34.75643">
    <ele>474.33000000000004</ele>
   </trkpt>
   <trkpt lat="37.157410000000006" lon="34.756800000000005">
    <ele>464.9200000000001</ele>
   </trkpt>
   <trkpt lat="37.157540000000004" lon="34.757070000000006">
    <ele>460.58000000000004</ele>
   </trkpt>
   <trkpt lat="37.157700000000006" lon="34.757310000000004">
    <ele>460.78000000000003</ele>
   </trkpt>
   <trkpt lat="37.15796" lon="34.75746">
    <ele>468.58000000000004</ele>
   </trkpt>
   <trkpt lat="37.15805" lon="34.75755">
    <ele>470.93</ele>
   </trkpt>
   <trkpt lat="37.15798" lon="34.757760000000005">
    <ele>467.5</ele>
   </trkpt>
   <trkpt lat="37.15773" lon="34.757960000000004">
    <ele>460.3</ele>
   </trkpt>
   <trkpt lat="37.157610000000005" lon="34.758100000000006">
    <ele>458.76000000000005</ele>
   </trkpt>
   <trkpt lat="37.15755" lon="34.7582">
    <ele>459.25000000000006</ele>
   </trkpt>
   <trkpt lat="37.15746" lon="34.7582">
    <ele>458.94</ele>
   </trkpt>
   <trkpt lat="37.15742" lon="34.758100000000006">
    <ele>458.23</ele>
   </trkpt>
   <trkpt lat="37.157410000000006" lon="34.75784">
    <ele>456.43000000000006</ele>
   </trkpt>
   <trkpt lat="37.157320000000006" lon="34.757690000000004">
    <ele>457.39</ele>
   </trkpt>
   <trkpt lat="37.15726" lon="34.75755">
    <ele>458.76000000000005</ele>
   </trkpt>
   <trkpt lat="37.15724" lon="34.75721">
    <ele>460.06</ele>
   </trkpt>
   <trkpt lat="37.15691" lon="34.75755">
    <ele>471.46000000000004</ele>
   </trkpt>
   <trkpt lat="37.15693" lon="34.757760000000005">
    <ele>469.87000000000006</ele>
   </trkpt>
   <trkpt lat="37.15692" lon="34.758050000000004">
    <ele>472.43</ele>
   </trkpt>
   <trkpt lat="37.15688" lon="34.758190000000006">
    <ele>474.91</ele>
   </trkpt>
   <trkpt lat="37.156870000000005" lon="34.75837">
    <ele>476.53000000000003</ele>
   </trkpt>
   <trkpt lat="37.156940000000006" lon="34.75847">
    <ele>474.98</ele>
   </trkpt>
   <trkpt lat="37.157090000000004" lon="34.75853">
    <ele>470.51000000000005</ele>
   </trkpt>
   <trkpt lat="37.15719" lon="34.758590000000005">
    <ele>468.11</ele>
   </trkpt>
   <trkpt lat="37.15739000000001" lon="34.75929">
    <ele>483.46000000000004</ele>
   </trkpt>
   <trkpt lat="37.157500000000006" lon="34.75954">
    <ele>489.03000000000003</ele>
   </trkpt>
   <trkpt lat="37.15728" lon="34.75936">
    <ele>485.50000000000006</ele>
   </trkpt>
   <trkpt lat="37.157030000000006" lon="34.758990000000004">
    <ele>481.08000000000004</ele>
   </trkpt>
   <trkpt lat="37.15681" lon="34.759060000000005">
    <ele>490.59000000000003</ele>
   </trkpt>
   <trkpt lat="37.156580000000005" lon="34.75893">
    <ele>497.86</ele>
   </trkpt>
   <trkpt lat="37.1565" lon="34.75869">
    <ele>497.16</ele>
   </trkpt>
   <trkpt lat="37.15641" lon="34.758520000000004">
    <ele>499.41</ele>
   </trkpt>
   <trkpt lat="37.15635" lon="34.758320000000005">
    <ele>499.70000000000005</ele>
   </trkpt>
   <trkpt lat="37.15626" lon="34.75817">
    <ele>504.25000000000006</ele>
   </trkpt>
   <trkpt lat="37.15597" lon="34.758280000000006">
    <ele>515.6</ele>
   </trkpt>
   <trkpt lat="37.15589000000001" lon="34.75815">
    <ele>518.75</ele>
   </trkpt>
   <trkpt lat="37.155860000000004" lon="34.757920000000006">
    <ele>519.6700000000001</ele>
   </trkpt>
   <trkpt lat="37.15589000000001" lon="34.75777">
    <ele>518.29</ele>
   </trkpt>
   <trkpt lat="37.15558" lon="34.75808">
    <ele>529.1600000000001</ele>
   </trkpt>
   <trkpt lat="37.155550000000005" lon="34.75826">
    <ele>531.1700000000001</ele>
   </trkpt>
   <trkpt lat="37.15556" lon="34.758610000000004">
    <ele>531.99</ele>
   </trkpt>
   <trkpt lat="37.15561" lon="34.75874">
    <ele>531.85</ele>
   </trkpt>
   <trkpt lat="37.15588" lon="34.75864">
    <ele>521.2800000000001</ele>
   </trkpt>
   <trkpt lat="37.15601" lon="34.759040000000006">
    <ele>522.51</ele>
   </trkpt>
   <trkpt lat="37.156040000000004" lon="34.759440000000005">
    <ele>530.2600000000001</ele>
   </trkpt>
   <trkpt lat="37.1563" lon="34.759660000000004">
    <ele>527.6</ele>
   </trkpt>
   <trkpt lat="37.15652" lon="34.76001">
    <ele>527.6500000000001</ele>
   </trkpt>
   <trkpt lat="37.15681" lon="34.760270000000006">
    <ele>524.66</ele>
   </trkpt>
   <trkpt lat="37.15664" lon="34.760630000000006">
    <ele>540.01</ele>
   </trkpt>
   <trkpt lat="37.1565" lon="34.76113">
    <ele>552.35</ele>
   </trkpt>
   <trkpt lat="37.15655" lon="34.761480000000006">
    <ele>554.0200000000001</ele>
   </trkpt>
   <trkpt lat="37.1567" lon="34.76176">
    <ele>556.97</ele>
   </trkpt>
   <trkpt lat="37.15635" lon="34.76127">
    <ele>555.6300000000001</ele>
   </trkpt>
   <trkpt lat="37.15623" lon="34.76071">
    <ele>553.61</ele>
   </trkpt>
   <trkpt lat="37.15619" lon="34.760250000000006">
    <ele>546.35</ele>
   </trkpt>
   <trkpt lat="37.156090000000006" lon="34.760740000000006">
    <ele>556.9300000000001</ele>
   </trkpt>
   <trkpt lat="37.155930000000005" lon="34.761660000000006">
    <ele>565.85</ele>
   </trkpt>
   <trkpt lat="37.15597" lon="34.76214">
    <ele>569.61</ele>
   </trkpt>
   <trkpt lat="37.15596" lon="34.7625">
    <ele>577.33</ele>
   </trkpt>
   <trkpt lat="37.15603" lon="34.762890000000006">
    <ele>584.94</ele>
   </trkpt>
   <trkpt lat="37.155950000000004" lon="34.763020000000004">
    <ele>590.0200000000001</ele>
   </trkpt>
   <trkpt lat="37.156040000000004" lon="34.76314">
    <ele>591.1899999999999</ele>
   </trkpt>
   <trkpt lat="37.1561" lon="34.76353">
    <ele>599.62</ele>
   </trkpt>
   <trkpt lat="37.15616" lon="34.7637">
    <ele>603.48</ele>
   </trkpt>
   <trkpt lat="37.15644" lon="34.763920000000006">
    <ele>608.48</ele>
   </trkpt>
   <trkpt lat="37.156980000000004" lon="34.764050000000005">
    <ele>613.45</ele>
   </trkpt>
   <trkpt lat="37.15719" lon="34.76406">
    <ele>616.08</ele>
   </trkpt>
   <trkpt lat="37.157300000000006" lon="34.76399">
    <ele>616.87</ele>
   </trkpt>
   <trkpt lat="37.15735" lon="34.763830000000006">
    <ele>615.96</ele>
   </trkpt>
   <trkpt lat="37.15731" lon="34.763630000000006">
    <ele>612.53</ele>
   </trkpt>
   <trkpt lat="37.15731" lon="34.76346">
    <ele>609.85</ele>
   </trkpt>
   <trkpt lat="37.1574" lon="34.76328">
    <ele>608.35</ele>
   </trkpt>
   <trkpt lat="37.157500000000006" lon="34.763180000000006">
    <ele>607.97</ele>
   </trkpt>
   <trkpt lat="37.15769" lon="34.76301">
    <ele>606.82</ele>
   </trkpt>
   <trkpt lat="37.15773" lon="34.76283">
    <ele>602.11</ele>
   </trkpt>
   <trkpt lat="37.15782" lon="34.762690000000006">
    <ele>598.37</ele>
   </trkpt>
   <trkpt lat="37.157990000000005" lon="34.76261">
    <ele>595.07</ele>
   </trkpt>
   <trkpt lat="37.158120000000004" lon="34.762660000000004">
    <ele>595.6600000000001</ele>
   </trkpt>
   <trkpt lat="37.15822" lon="34.762800000000006">
    <ele>598.87</ele>
   </trkpt>
   <trkpt lat="37.15836" lon="34.76285">
    <ele>599.84</ele>
   </trkpt>
   <trkpt lat="37.158860000000004" lon="34.76297">
    <ele>598.71</ele>
   </trkpt>
   <trkpt lat="37.15905" lon="34.76306">
    <ele>600.71</ele>
   </trkpt>
   <trkpt lat="37.159150000000004" lon="34.76315">
    <ele>603.31</ele>
   </trkpt>
   <trkpt lat="37.15925" lon="34.76348">
    <ele>610.75</ele>
   </trkpt>
   <trkpt lat="37.15943" lon="34.76368">
    <ele>617.33</ele>
   </trkpt>
   <trkpt lat="37.15973" lon="34.763920000000006">
    <ele>626.57</ele>
   </trkpt>
   <trkpt lat="37.1602" lon="34.76418">
    <ele>637.1</ele>
   </trkpt>
   <trkpt lat="37.160230000000006" lon="34.76402">
    <ele>636.7400000000001</ele>
   </trkpt>
   <trkpt lat="37.160250000000005" lon="34.763650000000005">
    <ele>636.41</ele>
   </trkpt>
   <trkpt lat="37.160450000000004" lon="34.76359">
    <ele>642.87</ele>
   </trkpt>
   <trkpt lat="37.16031" lon="34.76279">
    <ele>620.7</ele>
   </trkpt>
   <trkpt lat="37.16031" lon="34.76278">
    <ele>620.7</ele>
   </trkpt>
   <trkpt lat="37.16043500222705" lon="34.763504998910854">
    <ele>623.1600000000001</ele>
   </trkpt>
   <trkpt lat="37.160560000000004" lon="34.764230000000005">
    <ele>624.5</ele>
   </trkpt>
   <trkpt lat="37.16057" lon="34.76451">
    <ele>625.77</ele>
   </trkpt>
   <trkpt lat="37.160520000000005" lon="34.76476">
    <ele>627.3700000000001</ele>
   </trkpt>
   <trkpt lat="37.160450000000004" lon="34.764950000000006">
    <ele>629.19</ele>
   </trkpt>
   <trkpt lat="37.160340000000005" lon="34.76503">
    <ele>630.38</ele>
   </trkpt>
   <trkpt lat="37.16024" lon="34.76503">
    <ele>630.82</ele>
   </trkpt>
   <trkpt lat="37.16013" lon="34.76496">
    <ele>630.75</ele>
   </trkpt>
   <trkpt lat="37.159960000000005" lon="34.76465">
    <ele>629.23</ele>
   </trkpt>
   <trkpt lat="37.15984" lon="34.76449">
    <ele>628.7600000000001</ele>
   </trkpt>
   <trkpt lat="37.15948" lon="34.764300000000006">
    <ele>629.51</ele>
   </trkpt>
   <trkpt lat="37.159310000000005" lon="34.764300000000006">
    <ele>632.26</ele>
   </trkpt>
   <trkpt lat="37.15916" lon="34.76435">
    <ele>634.27</ele>
   </trkpt>
   <trkpt lat="37.158950000000004" lon="34.764610000000005">
    <ele>636.2500000000001</ele>
   </trkpt>
   <trkpt lat="37.159110000000005" lon="34.76476">
    <ele>646.5600000000001</ele>
   </trkpt>
   <trkpt lat="37.159220000000005" lon="34.764770000000006">
    <ele>645.78</ele>
   </trkpt>
   <trkpt lat="37.15926" lon="34.76503">
    <ele>653.34</ele>
   </trkpt>
   <trkpt lat="37.15936" lon="34.765080000000005">
    <ele>654.33</ele>
   </trkpt>
   <trkpt lat="37.15946" lon="34.76505">
    <ele>652.7400000000001</ele>
   </trkpt>
   <trkpt lat="37.15959" lon="34.76514">
    <ele>654.8600000000001</ele>
   </trkpt>
   <trkpt lat="37.15968" lon="34.76545">
    <ele>661.6899999999999</ele>
   </trkpt>
   <trkpt lat="37.159740000000006" lon="34.76559">
    <ele>664.3500000000001</ele>
   </trkpt>
   <trkpt lat="37.15973" lon="34.76594">
    <ele>672.8000000000001</ele>
   </trkpt>
   <trkpt lat="37.160030000000006" lon="34.766470000000005">
    <ele>679.6500000000001</ele>
   </trkpt>
   <trkpt lat="37.16011" lon="34.76671">
    <ele>683.76</ele>
   </trkpt>
   <trkpt lat="37.1608" lon="34.76729">
    <ele>684.7500000000001</ele>
   </trkpt>
   <trkpt lat="37.16127" lon="34.767700000000005">
    <ele>690.5400000000001</ele>
   </trkpt>
   <trkpt lat="37.16158" lon="34.76813">
    <ele>701.5100000000001</ele>
   </trkpt>
   <trkpt lat="37.16181" lon="34.76829">
    <ele>708.4800000000001</ele>
   </trkpt>
   <trkpt lat="37.16189" lon="34.76838">
    <ele>711.77</ele>
   </trkpt>
   <trkpt lat="37.16228" lon="34.768620000000006">
    <ele>722.0500000000001</ele>
   </trkpt>
   <trkpt lat="37.16239" lon="34.76861">
    <ele>724.0200000000001</ele>
   </trkpt>
   <trkpt lat="37.162530000000004" lon="34.768260000000005">
    <ele>723.1200000000001</ele>
   </trkpt>
   <trkpt lat="37.16264" lon="34.76771">
    <ele>719.9000000000001</ele>
   </trkpt>
   <trkpt lat="37.1627" lon="34.7676">
    <ele>718.87</ele>
   </trkpt>
   <trkpt lat="37.162760000000006" lon="34.76769">
    <ele>718.87</ele>
   </trkpt>
   <trkpt lat="37.162910000000004" lon="34.768040000000006">
    <ele>724.38</ele>
   </trkpt>
   <trkpt lat="37.163000000000004" lon="34.76843">
    <ele>729.2400000000001</ele>
   </trkpt>
   <trkpt lat="37.16315" lon="34.768660000000004">
    <ele>732.44</ele>
   </trkpt>
   <trkpt lat="37.16331" lon="34.76899">
    <ele>737.62</ele>
   </trkpt>
   <trkpt lat="37.16349" lon="34.76924">
    <ele>741.0000000000001</ele>
   </trkpt>
   <trkpt lat="37.16368000000001" lon="34.76959">
    <ele>746.8100000000001</ele>
   </trkpt>
   <trkpt lat="37.163850000000004" lon="34.76979">
    <ele>750.3900000000001</ele>
   </trkpt>
   <trkpt lat="37.164170000000006" lon="34.76935">
    <ele>748.19</ele>
   </trkpt>
   <trkpt lat="37.16433" lon="34.769200000000005">
    <ele>748.19</ele>
   </trkpt>
   <trkpt lat="37.16447" lon="34.769130000000004">
    <ele>748.19</ele>
   </trkpt>
   <trkpt lat="37.16478" lon="34.769040000000004">
    <ele>748.19</ele>
   </trkpt>
   <trkpt lat="37.16557" lon="34.768510000000006">
    <ele>748.19</ele>
   </trkpt>
   <trkpt lat="37.16574" lon="34.76843">
    <ele>739.6100000000001</ele>
   </trkpt>
   <trkpt lat="37.165820000000004" lon="34.768420000000006">
    <ele>739.6100000000001</ele>
   </trkpt>
   <trkpt lat="37.166090000000004" lon="34.76854">
    <ele>739.6100000000001</ele>
   </trkpt>
   <trkpt lat="37.16617" lon="34.76854">
    <ele>739.6100000000001</ele>
   </trkpt>
   <trkpt lat="37.16635" lon="34.768460000000005">
    <ele>739.6100000000001</ele>
   </trkpt>
   <trkpt lat="37.166470000000004" lon="34.768440000000005">
    <ele>739.6100000000001</ele>
   </trkpt>
   <trkpt lat="37.167060000000006" lon="34.76863">
    <ele>739.6100000000001</ele>
   </trkpt>
   <trkpt lat="37.167390000000005" lon="34.76878">
    <ele>739.6100000000001</ele>
   </trkpt>
   <trkpt lat="37.16756" lon="34.768840000000004">
    <ele>739.6100000000001</ele>
   </trkpt>
   <trkpt lat="37.16818" lon="34.768930000000005">
    <ele>743.3700000000001</ele>
   </trkpt>
   <trkpt lat="37.16852" lon="34.76894">
    <ele>745.97</ele>
   </trkpt>
   <trkpt lat="37.16883" lon="34.768890000000006">
    <ele>748.1000000000001</ele>
   </trkpt>
   <trkpt lat="37.16921" lon="34.76877">
    <ele>749.35</ele>
   </trkpt>
   <trkpt lat="37.169410000000006" lon="34.768660000000004">
    <ele>748.84</ele>
   </trkpt>
   <trkpt lat="37.1698" lon="34.768330000000006">
    <ele>746.71</ele>
   </trkpt>
   <trkpt lat="37.17016" lon="34.76812">
    <ele>747.24</ele>
   </trkpt>
   <trkpt lat="37.170595000429515" lon="34.767900001152086">
    <ele>749.84</ele>
   </trkpt>
   <trkpt lat="37.17103" lon="34.767680000000006">
    <ele>750.84</ele>
   </trkpt>
   <trkpt lat="37.17154000015456" lon="34.76747500139248">
    <ele>751.1000000000001</ele>
   </trkpt>
   <trkpt lat="37.172050000000006" lon="34.76727">
    <ele>756.34</ele>
   </trkpt>
   <trkpt lat="37.172430000000006" lon="34.767250000000004">
    <ele>761.1600000000001</ele>
   </trkpt>
   <trkpt lat="37.17269" lon="34.76727">
    <ele>762.96</ele>
   </trkpt>
   <trkpt lat="37.173010000000005" lon="34.76733">
    <ele>763.8800000000001</ele>
   </trkpt>
   <trkpt lat="37.173280000000005" lon="34.767430000000004">
    <ele>764.41</ele>
   </trkpt>
   <trkpt lat="37.173390000000005" lon="34.767430000000004">
    <ele>765.6200000000001</ele>
   </trkpt>
   <trkpt lat="37.173500000000004" lon="34.767360000000004">
    <ele>766.8100000000001</ele>
   </trkpt>
   <trkpt lat="37.173750000000005" lon="34.76711">
    <ele>770.47</ele>
   </trkpt>
   <trkpt lat="37.173860000000005" lon="34.76709">
    <ele>770.8900000000001</ele>
   </trkpt>
   <trkpt lat="37.17394" lon="34.767120000000006">
    <ele>770.5600000000001</ele>
   </trkpt>
   <trkpt lat="37.174170000000004" lon="34.76728">
    <ele>768.7400000000001</ele>
   </trkpt>
   <trkpt lat="37.17443" lon="34.76737">
    <ele>766.6200000000001</ele>
   </trkpt>
   <trkpt lat="37.17494000000001" lon="34.76769">
    <ele>762.9800000000001</ele>
   </trkpt>
   <trkpt lat="37.17504" lon="34.767680000000006">
    <ele>761.83</ele>
   </trkpt>
   <trkpt lat="37.17531" lon="34.767900000000004">
    <ele>761.4000000000001</ele>
   </trkpt>
   <trkpt lat="37.17504" lon="34.767680000000006">
    <ele>761.83</ele>
   </trkpt>
   <trkpt lat="37.174600000000005" lon="34.766780000000004">
    <ele>749.5400000000001</ele>
   </trkpt>
   <trkpt lat="37.174240000000005" lon="34.76621">
    <ele>742.32</ele>
   </trkpt>
   <trkpt lat="37.174" lon="34.76596">
    <ele>739.69</ele>
   </trkpt>
   <trkpt lat="37.17374" lon="34.765640000000005">
    <ele>736.57</ele>
   </trkpt>
   <trkpt lat="37.17358" lon="34.76549">
    <ele>734.83</ele>
   </trkpt>
   <trkpt lat="37.17354" lon="34.765420000000006">
    <ele>734.36</ele>
   </trkpt>
   <trkpt lat="37.17353" lon="34.765370000000004">
    <ele>733.83</ele>
   </trkpt>
   <trkpt lat="37.1739" lon="34.765010000000004">
    <ele>728.1</ele>
   </trkpt>
   <trkpt lat="37.17399" lon="34.764970000000005">
    <ele>727.23</ele>
   </trkpt>
   <trkpt lat="37.174510000000005" lon="34.764900000000004">
    <ele>727.32</ele>
   </trkpt>
   <trkpt lat="37.17463" lon="34.76476">
    <ele>726.72</ele>
   </trkpt>
   <trkpt lat="37.17481" lon="34.764790000000005">
    <ele>724.0600000000001</ele>
   </trkpt>
   <trkpt lat="37.17495" lon="34.76484">
    <ele>721.1800000000001</ele>
   </trkpt>
   <trkpt lat="37.17512" lon="34.76473">
    <ele>718.6800000000001</ele>
   </trkpt>
   <trkpt lat="37.17524" lon="34.764300000000006">
    <ele>714.5400000000001</ele>
   </trkpt>
   <trkpt lat="37.17535" lon="34.764100000000006">
    <ele>710.8800000000001</ele>
   </trkpt>
   <trkpt lat="37.17577" lon="34.76404">
    <ele>700.19</ele>
   </trkpt>
   <trkpt lat="37.17586" lon="34.76444">
    <ele>698.5300000000001</ele>
   </trkpt>
   <trkpt lat="37.176120000000004" lon="34.764990000000004">
    <ele>696.91</ele>
   </trkpt>
   <trkpt lat="37.17649" lon="34.76516">
    <ele>687.33</ele>
   </trkpt>
   <trkpt lat="37.177240000000005" lon="34.76512">
    <ele>669.66</ele>
   </trkpt>
   <trkpt lat="37.17765" lon="34.765">
    <ele>662.7</ele>
   </trkpt>
   <trkpt lat="37.17804000207197" lon="34.76431000343557">
    <ele>648.08</ele>
   </trkpt>
   <trkpt lat="37.178430000000006" lon="34.76362">
    <ele>648.08</ele>
   </trkpt>
   <trkpt lat="37.17817" lon="34.76288">
    <ele>641.4300000000001</ele>
   </trkpt>
   <trkpt lat="37.17817" lon="34.76234">
    <ele>625.2800000000001</ele>
   </trkpt>
   <trkpt lat="37.178430000000006" lon="34.762100000000004">
    <ele>625.2800000000001</ele>
   </trkpt>
   <trkpt lat="37.17895" lon="34.76216">
    <ele>622.87</ele>
   </trkpt>
   <trkpt lat="37.17922" lon="34.76191">
    <ele>620.11</ele>
   </trkpt>
   <trkpt lat="37.17935000000001" lon="34.761610000000005">
    <ele>617.45</ele>
   </trkpt>
   <trkpt lat="37.17931" lon="34.76138">
    <ele>615.53</ele>
   </trkpt>
   <trkpt lat="37.17918" lon="34.761160000000004">
    <ele>615.53</ele>
   </trkpt>
   <trkpt lat="37.179080000000006" lon="34.7609">
    <ele>612.0600000000001</ele>
   </trkpt>
   <trkpt lat="37.178760000000004" lon="34.76055">
    <ele>610.0000000000001</ele>
   </trkpt>
   <trkpt lat="37.17841" lon="34.759840000000004">
    <ele>603.75</ele>
   </trkpt>
   <trkpt lat="37.17819" lon="34.759220000000006">
    <ele>600.1800000000001</ele>
   </trkpt>
   <trkpt lat="37.17815" lon="34.75891">
    <ele>599.7</ele>
   </trkpt>
   <trkpt lat="37.17772" lon="34.75831">
    <ele>596.37</ele>
   </trkpt>
   <trkpt lat="37.177620000000005" lon="34.75833">
    <ele>595.96</ele>
   </trkpt>
   <trkpt lat="37.17733500085837" lon="34.757889998409446">
    <ele>591.86</ele>
   </trkpt>
   <trkpt lat="37.17705" lon="34.757450000000006">
    <ele>580.0200000000001</ele>
   </trkpt>
   <trkpt lat="37.17671" lon="34.756870000000006">
    <ele>577.5400000000001</ele>
   </trkpt>
   <trkpt lat="37.176730000000006" lon="34.75645">
    <ele>569.8000000000001</ele>
   </trkpt>
   <trkpt lat="37.17692" lon="34.75634">
    <ele>566.28</ele>
   </trkpt>
   <trkpt lat="37.17723" lon="34.756370000000004">
    <ele>566.1700000000001</ele>
   </trkpt>
   <trkpt lat="37.177310000000006" lon="34.75654">
    <ele>569.6300000000001</ele>
   </trkpt>
   <trkpt lat="37.17792" lon="34.756840000000004">
    <ele>578.2700000000001</ele>
   </trkpt>
   <trkpt lat="37.178360000000005" lon="34.756820000000005">
    <ele>580.4100000000001</ele>
   </trkpt>
   <trkpt lat="37.178920000000005" lon="34.756620000000005">
    <ele>575.44</ele>
   </trkpt>
   <trkpt lat="37.17927" lon="34.756640000000004">
    <ele>574.25</ele>
   </trkpt>
   <trkpt lat="37.17956" lon="34.75714">
    <ele>576.19</ele>
   </trkpt>
   <trkpt lat="37.17963" lon="34.75735">
    <ele>577.22</ele>
   </trkpt>
   <trkpt lat="37.17962" lon="34.75753">
    <ele>578.99</ele>
   </trkpt>
   <trkpt lat="37.179680000000005" lon="34.75764">
    <ele>579.35</ele>
   </trkpt>
   <trkpt lat="37.179860000000005" lon="34.757580000000004">
    <ele>577.85</ele>
   </trkpt>
   <trkpt lat="37.18003" lon="34.757600000000004">
    <ele>577.6</ele>
   </trkpt>
   <trkpt lat="37.180240000000005" lon="34.7577">
    <ele>577.6300000000001</ele>
   </trkpt>
   <trkpt lat="37.18048" lon="34.758320000000005">
    <ele>580.32</ele>
   </trkpt>
   <trkpt lat="37.18075" lon="34.7582">
    <ele>578.0000000000001</ele>
   </trkpt>
   <trkpt lat="37.18095" lon="34.758320000000005">
    <ele>577.89</ele>
   </trkpt>
   <trkpt lat="37.18104" lon="34.75856">
    <ele>579.74</ele>
   </trkpt>
   <trkpt lat="37.181270000000005" lon="34.75876">
    <ele>581.07</ele>
   </trkpt>
   <trkpt lat="37.18148" lon="34.759">
    <ele>583.2700000000001</ele>
   </trkpt>
   <trkpt lat="37.181470000000004" lon="34.759150000000005">
    <ele>584.64</ele>
   </trkpt>
   <trkpt lat="37.18182" lon="34.759080000000004">
    <ele>585.75</ele>
   </trkpt>
   <trkpt lat="37.182080000000006" lon="34.75927">
    <ele>587.32</ele>
   </trkpt>
   <trkpt lat="37.18234" lon="34.759420000000006">
    <ele>589.1700000000001</ele>
   </trkpt>
   <trkpt lat="37.18269" lon="34.75959">
    <ele>590.0600000000001</ele>
   </trkpt>
   <trkpt lat="37.182990000000004" lon="34.759820000000005">
    <ele>588.4</ele>
   </trkpt>
   <trkpt lat="37.18321" lon="34.760220000000004">
    <ele>588.33</ele>
   </trkpt>
   <trkpt lat="37.183260000000004" lon="34.76057">
    <ele>592.57</ele>
   </trkpt>
   <trkpt lat="37.18338" lon="34.76062">
    <ele>593.55</ele>
   </trkpt>
   <trkpt lat="37.183580000000006" lon="34.76032">
    <ele>591.1800000000001</ele>
   </trkpt>
   <trkpt lat="37.183710000000005" lon="34.760290000000005">
    <ele>592.3000000000001</ele>
   </trkpt>
   <trkpt lat="37.183930000000004" lon="34.760310000000004">
    <ele>594.98</ele>
   </trkpt>
   <trkpt lat="37.18424" lon="34.760130000000004">
    <ele>597.11</ele>
   </trkpt>
   <trkpt lat="37.184490000000004" lon="34.75996">
    <ele>599.09</ele>
   </trkpt>
   <trkpt lat="37.1848" lon="34.759660000000004">
    <ele>601.89</ele>
   </trkpt>
   <trkpt lat="37.18513" lon="34.75943">
    <ele>603.34</ele>
   </trkpt>
   <trkpt lat="37.185445001276584" lon="34.75888500222384">
    <ele>602.8100000000001</ele>
   </trkpt>
   <trkpt lat="37.18576" lon="34.758340000000004">
    <ele>605.46</ele>
   </trkpt>
   <trkpt lat="37.18591" lon="34.75799">
    <ele>607.22</ele>
   </trkpt>
   <trkpt lat="37.186" lon="34.757740000000005">
    <ele>607.8</ele>
   </trkpt>
   <trkpt lat="37.18619" lon="34.757490000000004">
    <ele>610.44</ele>
   </trkpt>
   <trkpt lat="37.186280000000004" lon="34.757220000000004">
    <ele>612.71</ele>
   </trkpt>
   <trkpt lat="37.18641" lon="34.75659">
    <ele>613.1</ele>
   </trkpt>
   <trkpt lat="37.186640000000004" lon="34.75565">
    <ele>616.5200000000001</ele>
   </trkpt>
   <trkpt lat="37.18659" lon="34.755320000000005">
    <ele>616.33</ele>
   </trkpt>
   <trkpt lat="37.186600000000006" lon="34.755100000000006">
    <ele>616.9</ele>
   </trkpt>
   <trkpt lat="37.18667000000001" lon="34.75488">
    <ele>619.83</ele>
   </trkpt>
   <trkpt lat="37.18659" lon="34.75461">
    <ele>619.84</ele>
   </trkpt>
   <trkpt lat="37.186820000000004" lon="34.753620000000005">
    <ele>631.9200000000001</ele>
   </trkpt>
   <trkpt lat="37.18674" lon="34.75264">
    <ele>628.0</ele>
   </trkpt>
   <trkpt lat="37.18677" lon="34.752430000000004">
    <ele>627.5</ele>
   </trkpt>
   <trkpt lat="37.186890000000005" lon="34.75208">
    <ele>627.57</ele>
   </trkpt>
   <trkpt lat="37.18697" lon="34.75166">
    <ele>624.53</ele>
   </trkpt>
   <trkpt lat="37.187050000000006" lon="34.75137">
    <ele>624.8900000000001</ele>
   </trkpt>
   <trkpt lat="37.18719" lon="34.75106">
    <ele>627.0</ele>
   </trkpt>
   <trkpt lat="37.18724" lon="34.7507">
    <ele>629.56</ele>
   </trkpt>
   <trkpt lat="37.18733" lon="34.750510000000006">
    <ele>633.05</ele>
   </trkpt>
   <trkpt lat="37.187430000000006" lon="34.750400000000006">
    <ele>634.96</ele>
   </trkpt>
   <trkpt lat="37.18798" lon="34.750420000000005">
    <ele>637.7</ele>
   </trkpt>
   <trkpt lat="37.18816" lon="34.750330000000005">
    <ele>639.93</ele>
   </trkpt>
   <trkpt lat="37.18831" lon="34.75027">
    <ele>641.5200000000001</ele>
   </trkpt>
   <trkpt lat="37.18856" lon="34.750370000000004">
    <ele>642.45</ele>
   </trkpt>
   <trkpt lat="37.18887" lon="34.750280000000004">
    <ele>644.37</ele>
   </trkpt>
   <trkpt lat="37.18959" lon="34.74989">
    <ele>647.97</ele>
   </trkpt>
   <trkpt lat="37.18977" lon="34.74972">
    <ele>650.49</ele>
   </trkpt>
   <trkpt lat="37.19015" lon="34.74965">
    <ele>650.15</ele>
   </trkpt>
   <trkpt lat="37.190310000000004" lon="34.749480000000005">
    <ele>650.9200000000001</ele>
   </trkpt>
   <trkpt lat="37.190630000000006" lon="34.74925">
    <ele>654.44</ele>
   </trkpt>
   <trkpt lat="37.190830000000005" lon="34.749190000000006">
    <ele>657.81</ele>
   </trkpt>
   <trkpt lat="37.191140000000004" lon="34.74918">
    <ele>661.3</ele>
   </trkpt>
   <trkpt lat="37.19173" lon="34.749120000000005">
    <ele>661.6700000000001</ele>
   </trkpt>
   <trkpt lat="37.1925" lon="34.74927">
    <ele>653.81</ele>
   </trkpt>
   <trkpt lat="37.193310000000004" lon="34.74908">
    <ele>650.37</ele>
   </trkpt>
   <trkpt lat="37.19382" lon="34.748920000000005">
    <ele>654.51</ele>
   </trkpt>
   <trkpt lat="37.19455" lon="34.74906">
    <ele>665.59</ele>
   </trkpt>
   <trkpt lat="37.194900000000004" lon="34.748960000000004">
    <ele>667.95</ele>
   </trkpt>
   <trkpt lat="37.19532" lon="34.748900000000006">
    <ele>667.12</ele>
   </trkpt>
   <trkpt lat="37.195870000000006" lon="34.74853">
    <ele>666.36</ele>
   </trkpt>
   <trkpt lat="37.196490000000004" lon="34.747930000000004">
    <ele>675.2800000000001</ele>
   </trkpt>
   <trkpt lat="37.19662" lon="34.74777">
    <ele>678.47</ele>
   </trkpt>
   <trkpt lat="37.196870000000004" lon="34.74761">
    <ele>684.07</ele>
   </trkpt>
   <trkpt lat="37.19715" lon="34.74768">
    <ele>686.7</ele>
   </trkpt>
   <trkpt lat="37.197300000000006" lon="34.74795">
    <ele>683.74</ele>
   </trkpt>
   <trkpt lat="37.197430000000004" lon="34.748090000000005">
    <ele>684.01</ele>
   </trkpt>
   <trkpt lat="37.197790000000005" lon="34.74819">
    <ele>690.11</ele>
   </trkpt>
   <trkpt lat="37.19798" lon="34.748160000000006">
    <ele>693.3000000000001</ele>
   </trkpt>
   <trkpt lat="37.197970000000005" lon="34.74815">
    <ele>693.3000000000001</ele>
   </trkpt>
   <trkpt lat="37.19774" lon="34.747800000000005">
    <ele>694.35</ele>
   </trkpt>
   <trkpt lat="37.197430000000004" lon="34.74757">
    <ele>692.79</ele>
   </trkpt>
   <trkpt lat="37.19717" lon="34.74729">
    <ele>694.69</ele>
   </trkpt>
   <trkpt lat="37.196850000000005" lon="34.74716">
    <ele>693.71</ele>
   </trkpt>
   <trkpt lat="37.19655" lon="34.746930000000006">
    <ele>699.1500000000001</ele>
   </trkpt>
   <trkpt lat="37.1963" lon="34.74694">
    <ele>700.71</ele>
   </trkpt>
   <trkpt lat="37.19604" lon="34.74727">
    <ele>692.2</ele>
   </trkpt>
   <trkpt lat="37.195870000000006" lon="34.74705">
    <ele>704.08</ele>
   </trkpt>
   <trkpt lat="37.19606" lon="34.74653">
    <ele>717.8100000000001</ele>
   </trkpt>
   <trkpt lat="37.19628" lon="34.746410000000004">
    <ele>720.53</ele>
   </trkpt>
   <trkpt lat="37.196600000000004" lon="34.7464">
    <ele>721.53</ele>
   </trkpt>
   <trkpt lat="37.19699" lon="34.74663">
    <ele>712.9200000000001</ele>
   </trkpt>
   <trkpt lat="37.19737000000001" lon="34.74663">
    <ele>714.5600000000001</ele>
   </trkpt>
   <trkpt lat="37.197700000000005" lon="34.746390000000005">
    <ele>720.87</ele>
   </trkpt>
   <trkpt lat="37.197140000000005" lon="34.74627">
    <ele>726.5500000000001</ele>
   </trkpt>
   <trkpt lat="37.19697" lon="34.74602">
    <ele>735.0600000000001</ele>
   </trkpt>
   <trkpt lat="37.196450000000006" lon="34.74551">
    <ele>759.6700000000001</ele>
   </trkpt>
   <trkpt lat="37.19662" lon="34.74548">
    <ele>763.22</ele>
   </trkpt>
   <trkpt lat="37.196870000000004" lon="34.74553">
    <ele>763.5200000000001</ele>
   </trkpt>
   <trkpt lat="37.197120000000005" lon="34.74573">
    <ele>766.6</ele>
   </trkpt>
   <trkpt lat="37.19722" lon="34.74579">
    <ele>767.1600000000001</ele>
   </trkpt>
   <trkpt lat="37.197250000000004" lon="34.74579">
    <ele>767.1600000000001</ele>
   </trkpt>
   <trkpt lat="37.197320000000005" lon="34.74575">
    <ele>767.84</ele>
   </trkpt>
   <trkpt lat="37.1974" lon="34.74564">
    <ele>769.0100000000001</ele>
   </trkpt>
   <trkpt lat="37.19744" lon="34.74548">
    <ele>770.0100000000001</ele>
   </trkpt>
   <trkpt lat="37.19756" lon="34.74477">
    <ele>772.9200000000001</ele>
   </trkpt>
   <trkpt lat="37.19767" lon="34.744330000000005">
    <ele>776.8000000000001</ele>
   </trkpt>
   <trkpt lat="37.19769" lon="34.74322">
    <ele>782.22</ele>
   </trkpt>
   <trkpt lat="37.19782" lon="34.7428">
    <ele>784.57</ele>
   </trkpt>
   <trkpt lat="37.197950000000006" lon="34.742540000000005">
    <ele>786.7</ele>
   </trkpt>
   <trkpt lat="37.19798" lon="34.74239">
    <ele>787.6500000000001</ele>
   </trkpt>
   <trkpt lat="37.197970000000005" lon="34.74226">
    <ele>788.1400000000001</ele>
   </trkpt>
   <trkpt lat="37.19787" lon="34.741890000000005">
    <ele>789.2600000000001</ele>
   </trkpt>
   <trkpt lat="37.19778" lon="34.74119">
    <ele>791.7700000000001</ele>
   </trkpt>
   <trkpt lat="37.19767" lon="34.74056">
    <ele>793.86</ele>
   </trkpt>
   <trkpt lat="37.197680000000005" lon="34.74035">
    <ele>795.0800000000002</ele>
   </trkpt>
   <trkpt lat="37.19771" lon="34.74022">
    <ele>795.63</ele>
   </trkpt>
   <trkpt lat="37.1978" lon="34.73998">
    <ele>796.64</ele>
   </trkpt>
   <trkpt lat="37.19791" lon="34.73982">
    <ele>798.03</ele>
   </trkpt>
   <trkpt lat="37.19823" lon="34.739540000000005">
    <ele>799.3800000000001</ele>
   </trkpt>
   <trkpt lat="37.19836" lon="34.73951">
    <ele>799.5300000000001</ele>
   </trkpt>
   <trkpt lat="37.19859" lon="34.739560000000004">
    <ele>801.1</ele>
   </trkpt>
   <trkpt lat="37.19868" lon="34.73951">
    <ele>801.7500000000001</ele>
   </trkpt>
   <trkpt lat="37.19874" lon="34.73944">
    <ele>802.83</ele>
   </trkpt>
   <trkpt lat="37.19895" lon="34.73906">
    <ele>804.7</ele>
   </trkpt>
   <trkpt lat="37.19903" lon="34.73888">
    <ele>806.1</ele>
   </trkpt>
   <trkpt lat="37.19905" lon="34.738690000000005">
    <ele>807.6200000000001</ele>
   </trkpt>
   <trkpt lat="37.199020000000004" lon="34.73816">
    <ele>809.6500000000001</ele>
   </trkpt>
   <trkpt lat="37.19905" lon="34.73798">
    <ele>810.32</ele>
   </trkpt>
   <trkpt lat="37.19915" lon="34.73778">
    <ele>811.59</ele>
   </trkpt>
   <trkpt lat="37.199540000000006" lon="34.73762">
    <ele>812.47</ele>
   </trkpt>
   <trkpt lat="37.1991" lon="34.73718">
    <ele>817.4500000000002</ele>
   </trkpt>
   <trkpt lat="37.198660000000004" lon="34.736380000000004">
    <ele>834.69</ele>
   </trkpt>
   <trkpt lat="37.1982" lon="34.735890000000005">
    <ele>848.83</ele>
   </trkpt>
   <trkpt lat="37.198080000000004" lon="34.7357">
    <ele>853.2900000000001</ele>
   </trkpt>
   <trkpt lat="37.19802" lon="34.73565">
    <ele>853.2900000000001</ele>
   </trkpt>
   <trkpt lat="37.19798" lon="34.73565">
    <ele>854.98</ele>
   </trkpt>
   <trkpt lat="37.19792" lon="34.73572">
    <ele>854.98</ele>
   </trkpt>
   <trkpt lat="37.197750000000006" lon="34.73624">
    <ele>864.26</ele>
   </trkpt>
   <trkpt lat="37.197680000000005" lon="34.73639">
    <ele>864.8800000000001</ele>
   </trkpt>
   <trkpt lat="37.197430000000004" lon="34.73659">
    <ele>871.4900000000001</ele>
   </trkpt>
   <trkpt lat="37.19729" lon="34.73677">
    <ele>873.77</ele>
   </trkpt>
   <trkpt lat="37.196795000042016" lon="34.736975001399905">
    <ele>882.21</ele>
   </trkpt>
   <trkpt lat="37.1963" lon="34.73718">
    <ele>894.21</ele>
   </trkpt>
   <trkpt lat="37.19585" lon="34.73637">
    <ele>909.5900000000001</ele>
   </trkpt>
   <trkpt lat="37.195820000000005" lon="34.736270000000005">
    <ele>910.44</ele>
   </trkpt>
   <trkpt lat="37.19581" lon="34.7361">
    <ele>914.45</ele>
   </trkpt>
   <trkpt lat="37.19583" lon="34.73555">
    <ele>922.7400000000001</ele>
   </trkpt>
   <trkpt lat="37.195890000000006" lon="34.73534">
    <ele>924.4100000000001</ele>
   </trkpt>
   <trkpt lat="37.19615" lon="34.73496">
    <ele>930.0600000000001</ele>
   </trkpt>
   <trkpt lat="37.19628" lon="34.73471">
    <ele>931.9300000000001</ele>
   </trkpt>
   <trkpt lat="37.19635" lon="34.73454">
    <ele>933.64</ele>
   </trkpt>
   <trkpt lat="37.19641" lon="34.734300000000005">
    <ele>935.4100000000001</ele>
   </trkpt>
   <trkpt lat="37.19643000000001" lon="34.73373">
    <ele>938.03</ele>
   </trkpt>
   <trkpt lat="37.19641" lon="34.73355">
    <ele>938.6500000000001</ele>
   </trkpt>
   <trkpt lat="37.19637" lon="34.73335">
    <ele>939.6600000000001</ele>
   </trkpt>
   <trkpt lat="37.19621" lon="34.733000000000004">
    <ele>945.4300000000001</ele>
   </trkpt>
   <trkpt lat="37.19619" lon="34.732850000000006">
    <ele>946.6600000000001</ele>
   </trkpt>
   <trkpt lat="37.19621" lon="34.732780000000005">
    <ele>948.12</ele>
   </trkpt>
   <trkpt lat="37.19624" lon="34.73274">
    <ele>948.12</ele>
   </trkpt>
   <trkpt lat="37.196310000000004" lon="34.7327">
    <ele>948.6700000000001</ele>
   </trkpt>
   <trkpt lat="37.19659" lon="34.732620000000004">
    <ele>952.07</ele>
   </trkpt>
   <trkpt lat="37.19671" lon="34.73256">
    <ele>952.86</ele>
   </trkpt>
   <trkpt lat="37.19677" lon="34.732510000000005">
    <ele>953.2300000000001</ele>
   </trkpt>
   <trkpt lat="37.196810000000006" lon="34.73243">
    <ele>954.32</ele>
   </trkpt>
   <trkpt lat="37.19682" lon="34.7323">
    <ele>955.9200000000001</ele>
   </trkpt>
   <trkpt lat="37.1968" lon="34.73214">
    <ele>958.74</ele>
   </trkpt>
   <trkpt lat="37.19666" lon="34.731550000000006">
    <ele>969.46</ele>
   </trkpt>
   <trkpt lat="37.19657" lon="34.731440000000006">
    <ele>972.0000000000001</ele>
   </trkpt>
   <trkpt lat="37.1965" lon="34.73138">
    <ele>972.64</ele>
   </trkpt>
   <trkpt lat="37.196400000000004" lon="34.73133">
    <ele>974.34</ele>
   </trkpt>
   <trkpt lat="37.196290000000005" lon="34.73131">
    <ele>976.5100000000001</ele>
   </trkpt>
   <trkpt lat="37.19596000000001" lon="34.731570000000005">
    <ele>984.35</ele>
   </trkpt>
   <trkpt lat="37.195890000000006" lon="34.73147">
    <ele>984.35</ele>
   </trkpt>
   <trkpt lat="37.195870000000006" lon="34.73134">
    <ele>988.1200000000001</ele>
   </trkpt>
   <trkpt lat="37.195870000000006" lon="34.73091">
    <ele>996.0000000000001</ele>
   </trkpt>
   <trkpt lat="37.195910000000005" lon="34.730540000000005">
    <ele>1000.01</ele>
   </trkpt>
   <trkpt lat="37.19601" lon="34.73022">
    <ele>1005.3400000000001</ele>
   </trkpt>
   <trkpt lat="37.195980000000006" lon="34.7301">
    <ele>1001.6400000000001</ele>
   </trkpt>
   <trkpt lat="37.196070000000006" lon="34.730000000000004">
    <ele>1000.27</ele>
   </trkpt>
   <trkpt lat="37.195890000000006" lon="34.729820000000004">
    <ele>999.1800000000001</ele>
   </trkpt>
   <trkpt lat="37.19594" lon="34.72966">
    <ele>995.5800000000002</ele>
   </trkpt>
   <trkpt lat="37.195800000000006" lon="34.729470000000006">
    <ele>993.3700000000001</ele>
   </trkpt>
   <trkpt lat="37.195750000000004" lon="34.729350000000004">
    <ele>987.7300000000001</ele>
   </trkpt>
   <trkpt lat="37.19572" lon="34.729200000000006">
    <ele>987.7300000000001</ele>
   </trkpt>
   <trkpt lat="37.19565" lon="34.7291">
    <ele>984.45</ele>
   </trkpt>
   <trkpt lat="37.195440000000005" lon="34.72898">
    <ele>982.7500000000001</ele>
   </trkpt>
   <trkpt lat="37.195350000000005" lon="34.728880000000004">
    <ele>980.8000000000001</ele>
   </trkpt>
   <trkpt lat="37.195440000000005" lon="34.728790000000004">
    <ele>977.1</ele>
   </trkpt>
   <trkpt lat="37.19559" lon="34.728790000000004">
    <ele>975.9200000000001</ele>
   </trkpt>
   <trkpt lat="37.19577" lon="34.728820000000006">
    <ele>975.0000000000001</ele>
   </trkpt>
   <trkpt lat="37.196000000000005" lon="34.7289">
    <ele>974.0200000000001</ele>
   </trkpt>
   <trkpt lat="37.19608" lon="34.72885">
    <ele>969.13</ele>
   </trkpt>
   <trkpt lat="37.196290000000005" lon="34.72946">
    <ele>958.25</ele>
   </trkpt>
   <trkpt lat="37.19644" lon="34.729620000000004">
    <ele>958.25</ele>
   </trkpt>
   <trkpt lat="37.19673" lon="34.72974">
    <ele>958.25</ele>
   </trkpt>
   <trkpt lat="37.19711" lon="34.730070000000005">
    <ele>958.25</ele>
   </trkpt>
   <trkpt lat="37.19747" lon="34.73033">
    <ele>986.01</ele>
   </trkpt>
   <trkpt lat="37.19789500020133" lon="34.730524998921226">
    <ele>986.01</ele>
   </trkpt>
   <trkpt lat="37.19832" lon="34.730720000000005">
    <ele>986.01</ele>
   </trkpt>
   <trkpt lat="37.198730000000005" lon="34.731080000000006">
    <ele>986.01</ele>
   </trkpt>
   <trkpt lat="37.198910000000005" lon="34.73109">
    <ele>986.01</ele>
   </trkpt>
   <trkpt lat="37.19926" lon="34.731030000000004">
    <ele>986.01</ele>
   </trkpt>
   <trkpt lat="37.19986" lon="34.730610000000006">
    <ele>986.01</ele>
   </trkpt>
   <trkpt lat="37.200320000000005" lon="34.7301">
    <ele>986.01</ele>
   </trkpt>
   <trkpt lat="37.200860000000006" lon="34.729580000000006">
    <ele>1002.27</ele>
   </trkpt>
   <trkpt lat="37.20103" lon="34.7291">
    <ele>1002.27</ele>
   </trkpt>
   <trkpt lat="37.201040000000006" lon="34.72889">
    <ele>1002.27</ele>
   </trkpt>
   <trkpt lat="37.200970000000005" lon="34.728500000000004">
    <ele>1002.27</ele>
   </trkpt>
   <trkpt lat="37.20098" lon="34.72838">
    <ele>1002.27</ele>
   </trkpt>
   <trkpt lat="37.201220000000006" lon="34.72795">
    <ele>1002.27</ele>
   </trkpt>
   <trkpt lat="37.20143" lon="34.72787">
    <ele>1002.27</ele>
   </trkpt>
   <trkpt lat="37.2019" lon="34.727790000000006">
    <ele>1002.27</ele>
   </trkpt>
   <trkpt lat="37.202090000000005" lon="34.72768">
    <ele>1015.4300000000001</ele>
   </trkpt>
   <trkpt lat="37.20257" lon="34.727320000000006">
    <ele>1015.4300000000001</ele>
   </trkpt>
   <trkpt lat="37.20264" lon="34.72722">
    <ele>1015.4300000000001</ele>
   </trkpt>
   <trkpt lat="37.20235" lon="34.72683">
    <ele>1015.46</ele>
   </trkpt>
   <trkpt lat="37.202290000000005" lon="34.726600000000005">
    <ele>1015.46</ele>
   </trkpt>
   <trkpt lat="37.202270000000006" lon="34.726060000000004">
    <ele>1015.46</ele>
   </trkpt>
   <trkpt lat="37.202220000000004" lon="34.72583">
    <ele>980.6700000000001</ele>
   </trkpt>
   <trkpt lat="37.20214" lon="34.7256">
    <ele>980.6700000000001</ele>
   </trkpt>
   <trkpt lat="37.202040000000004" lon="34.7254">
    <ele>980.6700000000001</ele>
   </trkpt>
   <trkpt lat="37.20165" lon="34.725">
    <ele>980.6700000000001</ele>
   </trkpt>
   <trkpt lat="37.201530000000005" lon="34.72475">
    <ele>980.6700000000001</ele>
   </trkpt>
   <trkpt lat="37.20152" lon="34.72464">
    <ele>980.6700000000001</ele>
   </trkpt>
   <trkpt lat="37.20176" lon="34.72404">
    <ele>957.85</ele>
   </trkpt>
   <trkpt lat="37.20187" lon="34.72345">
    <ele>957.85</ele>
   </trkpt>
   <trkpt lat="37.201800000000006" lon="34.72325">
    <ele>962.5600000000001</ele>
   </trkpt>
   <trkpt lat="37.20177" lon="34.723130000000005">
    <ele>959.5100000000001</ele>
   </trkpt>
   <trkpt lat="37.20183" lon="34.723040000000005">
    <ele>956.07</ele>
   </trkpt>
   <trkpt lat="37.2017" lon="34.72289">
    <ele>951.6000000000001</ele>
   </trkpt>
   <trkpt lat="37.201460000000004" lon="34.72288">
    <ele>951.6000000000001</ele>
   </trkpt>
   <trkpt lat="37.201460000000004" lon="34.72301">
    <ele>951.6000000000001</ele>
   </trkpt>
   <trkpt lat="37.20152" lon="34.72323">
    <ele>951.6000000000001</ele>
   </trkpt>
   <trkpt lat="37.2015" lon="34.72334">
    <ele>951.6000000000001</ele>
   </trkpt>
   <trkpt lat="37.20141" lon="34.72343">
    <ele>951.6000000000001</ele>
   </trkpt>
   <trkpt lat="37.20118" lon="34.72355">
    <ele>951.6000000000001</ele>
   </trkpt>
   <trkpt lat="37.20112" lon="34.72354">
    <ele>951.6000000000001</ele>
   </trkpt>
   <trkpt lat="37.201080000000005" lon="34.72348">
    <ele>951.6000000000001</ele>
   </trkpt>
   <trkpt lat="37.201040000000006" lon="34.72332">
    <ele>951.6000000000001</ele>
   </trkpt>
   <trkpt lat="37.201" lon="34.723240000000004">
    <ele>951.6000000000001</ele>
   </trkpt>
   <trkpt lat="37.20049" lon="34.722660000000005">
    <ele>901.02</ele>
   </trkpt>
   <trkpt lat="37.200030000000005" lon="34.72204">
    <ele>901.02</ele>
   </trkpt>
   <trkpt lat="37.19991" lon="34.72191">
    <ele>901.02</ele>
   </trkpt>
   <trkpt lat="37.19981000000001" lon="34.72185">
    <ele>901.02</ele>
   </trkpt>
   <trkpt lat="37.19932" lon="34.72166">
    <ele>901.02</ele>
   </trkpt>
   <trkpt lat="37.199130000000004" lon="34.72164">
    <ele>901.02</ele>
   </trkpt>
   <trkpt lat="37.19895" lon="34.721680000000006">
    <ele>901.02</ele>
   </trkpt>
   <trkpt lat="37.1984650000829" lon="34.72152499899838">
    <ele>901.02</ele>
   </trkpt>
   <trkpt lat="37.19798" lon="34.72137">
    <ele>901.02</ele>
   </trkpt>
   <trkpt lat="37.197340000000004" lon="34.720980000000004">
    <ele>901.02</ele>
   </trkpt>
   <trkpt lat="37.19693" lon="34.72079">
    <ele>901.02</ele>
   </trkpt>
   <trkpt lat="37.196760000000005" lon="34.72068">
    <ele>901.02</ele>
   </trkpt>
   <trkpt lat="37.19628" lon="34.72017">
    <ele>823.09</ele>
   </trkpt>
   <trkpt lat="37.19592" lon="34.719710000000006">
    <ele>823.09</ele>
   </trkpt>
   <trkpt lat="37.196020000000004" lon="34.71938">
    <ele>823.09</ele>
   </trkpt>
   <trkpt lat="37.19615" lon="34.719150000000006">
    <ele>823.09</ele>
   </trkpt>
   <trkpt lat="37.196400000000004" lon="34.718810000000005">
    <ele>823.09</ele>
   </trkpt>
   <trkpt lat="37.19644" lon="34.71869">
    <ele>823.09</ele>
   </trkpt>
   <trkpt lat="37.196470000000005" lon="34.718450000000004">
    <ele>823.09</ele>
   </trkpt>
   <trkpt lat="37.19644" lon="34.718340000000005">
    <ele>823.09</ele>
   </trkpt>
   <trkpt lat="37.196250000000006" lon="34.718120000000006">
    <ele>823.09</ele>
   </trkpt>
   <trkpt lat="37.19617" lon="34.71797">
    <ele>823.09</ele>
   </trkpt>
   <trkpt lat="37.195980000000006" lon="34.717110000000005">
    <ele>820.74</ele>
   </trkpt>
   <trkpt lat="37.195930000000004" lon="34.71679">
    <ele>820.74</ele>
   </trkpt>
   <trkpt lat="37.1959" lon="34.716300000000004">
    <ele>820.74</ele>
   </trkpt>
   <trkpt lat="37.195780000000006" lon="34.71582">
    <ele>820.9300000000001</ele>
   </trkpt>
   <trkpt lat="37.195780000000006" lon="34.715680000000006">
    <ele>820.9300000000001</ele>
   </trkpt>
   <trkpt lat="37.19579" lon="34.71562">
    <ele>820.9300000000001</ele>
   </trkpt>
   <trkpt lat="37.19586" lon="34.71549">
    <ele>820.9300000000001</ele>
   </trkpt>
   <trkpt lat="37.19606" lon="34.71524">
    <ele>820.9300000000001</ele>
   </trkpt>
   <trkpt lat="37.196090000000005" lon="34.714870000000005">
    <ele>821.23</ele>
   </trkpt>
   <trkpt lat="37.19603" lon="34.71406">
    <ele>821.23</ele>
   </trkpt>
   <trkpt lat="37.196220000000004" lon="34.713890000000006">
    <ele>821.23</ele>
   </trkpt>
   <trkpt lat="37.19644" lon="34.713730000000005">
    <ele>821.23</ele>
   </trkpt>
   <trkpt lat="37.196720000000006" lon="34.713570000000004">
    <ele>821.23</ele>
   </trkpt>
   <trkpt lat="37.197" lon="34.71349">
    <ele>821.23</ele>
   </trkpt>
   <trkpt lat="37.197100000000006" lon="34.713440000000006">
    <ele>821.23</ele>
   </trkpt>
   <trkpt lat="37.19736" lon="34.713240000000006">
    <ele>821.23</ele>
   </trkpt>
   <trkpt lat="37.19773" lon="34.71303">
    <ele>821.23</ele>
   </trkpt>
   <trkpt lat="37.198010000000004" lon="34.71293">
    <ele>821.23</ele>
   </trkpt>
   <trkpt lat="37.1983" lon="34.71293">
    <ele>760.87</ele>
   </trkpt>
   <trkpt lat="37.19854" lon="34.713">
    <ele>760.87</ele>
   </trkpt>
   <trkpt lat="37.19887000000001" lon="34.71325">
    <ele>760.87</ele>
   </trkpt>
   <trkpt lat="37.19903" lon="34.71331">
    <ele>760.87</ele>
   </trkpt>
   <trkpt lat="37.19926" lon="34.71331">
    <ele>760.87</ele>
   </trkpt>
   <trkpt lat="37.199670000000005" lon="34.71323">
    <ele>760.87</ele>
   </trkpt>
   <trkpt lat="37.19982" lon="34.71316">
    <ele>760.87</ele>
   </trkpt>
   <trkpt lat="37.200390000000006" lon="34.71262">
    <ele>760.87</ele>
   </trkpt>
   <trkpt lat="37.200480000000006" lon="34.712610000000005">
    <ele>760.87</ele>
   </trkpt>
   <trkpt lat="37.20087" lon="34.71224">
    <ele>732.35</ele>
   </trkpt>
   <trkpt lat="37.20084000000001" lon="34.71199">
    <ele>732.35</ele>
   </trkpt>
   <trkpt lat="37.20087" lon="34.711710000000004">
    <ele>732.35</ele>
   </trkpt>
   <trkpt lat="37.20096" lon="34.711450000000006">
    <ele>732.35</ele>
   </trkpt>
   <trkpt lat="37.201190000000004" lon="34.71115">
    <ele>732.35</ele>
   </trkpt>
   <trkpt lat="37.20127" lon="34.711020000000005">
    <ele>732.35</ele>
   </trkpt>
   <trkpt lat="37.20141" lon="34.71065">
    <ele>732.35</ele>
   </trkpt>
   <trkpt lat="37.20154" lon="34.71045">
    <ele>732.35</ele>
   </trkpt>
   <trkpt lat="37.201600000000006" lon="34.710390000000004">
    <ele>704.64</ele>
   </trkpt>
   <trkpt lat="37.201660000000004" lon="34.710420000000006">
    <ele>704.64</ele>
   </trkpt>
   <trkpt lat="37.20167" lon="34.710530000000006">
    <ele>704.64</ele>
   </trkpt>
   <trkpt lat="37.201600000000006" lon="34.71074">
    <ele>704.64</ele>
   </trkpt>
   <trkpt lat="37.20158" lon="34.71096">
    <ele>704.64</ele>
   </trkpt>
   <trkpt lat="37.20159" lon="34.71163">
    <ele>704.64</ele>
   </trkpt>
   <trkpt lat="37.201640000000005" lon="34.711710000000004">
    <ele>704.64</ele>
   </trkpt>
   <trkpt lat="37.20183" lon="34.7119">
    <ele>704.64</ele>
   </trkpt>
   <trkpt lat="37.20197" lon="34.71209">
    <ele>704.64</ele>
   </trkpt>
   <trkpt lat="37.202040000000004" lon="34.71213">
    <ele>704.64</ele>
   </trkpt>
   <trkpt lat="37.20208" lon="34.71211">
    <ele>704.64</ele>
   </trkpt>
   <trkpt lat="37.2021" lon="34.7121">
    <ele>704.64</ele>
   </trkpt>
   <trkpt lat="37.20217" lon="34.71197">
    <ele>704.64</ele>
   </trkpt>
   <trkpt lat="37.20217" lon="34.71181">
    <ele>704.64</ele>
   </trkpt>
   <trkpt lat="37.20214" lon="34.711670000000005">
    <ele>704.64</ele>
   </trkpt>
   <trkpt lat="37.20205" lon="34.71148">
    <ele>704.64</ele>
   </trkpt>
   <trkpt lat="37.20203" lon="34.71134">
    <ele>704.64</ele>
   </trkpt>
   <trkpt lat="37.20206" lon="34.71121">
    <ele>704.64</ele>
   </trkpt>
   <trkpt lat="37.20225000000001" lon="34.710730000000005">
    <ele>704.64</ele>
   </trkpt>
   <trkpt lat="37.202420000000004" lon="34.710240000000006">
    <ele>704.64</ele>
   </trkpt>
   <trkpt lat="37.20257" lon="34.71">
    <ele>704.64</ele>
   </trkpt>
   <trkpt lat="37.202650000000006" lon="34.709830000000004">
    <ele>704.64</ele>
   </trkpt>
   <trkpt lat="37.202690000000004" lon="34.709500000000006">
    <ele>672.1</ele>
   </trkpt>
   <trkpt lat="37.20272000000001" lon="34.70942">
    <ele>672.1</ele>
   </trkpt>
   <trkpt lat="37.203100000000006" lon="34.70908">
    <ele>672.1</ele>
   </trkpt>
   <trkpt lat="37.203300000000006" lon="34.70875">
    <ele>672.1</ele>
   </trkpt>
   <trkpt lat="37.203410000000005" lon="34.70863">
    <ele>672.1</ele>
   </trkpt>
   <trkpt lat="37.20374" lon="34.708380000000005">
    <ele>672.1</ele>
   </trkpt>
   <trkpt lat="37.20393" lon="34.70803">
    <ele>672.1</ele>
   </trkpt>
   <trkpt lat="37.20396" lon="34.707800000000006">
    <ele>672.1</ele>
   </trkpt>
   <trkpt lat="37.204010000000004" lon="34.707570000000004">
    <ele>672.1</ele>
   </trkpt>
   <trkpt lat="37.204150000000006" lon="34.70713">
    <ele>667.54</ele>
   </trkpt>
   <trkpt lat="37.20423" lon="34.706950000000006">
    <ele>667.54</ele>
   </trkpt>
   <trkpt lat="37.20425" lon="34.706880000000005">
    <ele>667.54</ele>
   </trkpt>
   <trkpt lat="37.20427" lon="34.705830000000006">
    <ele>667.54</ele>
   </trkpt>
   <trkpt lat="37.2043" lon="34.70561">
    <ele>667.54</ele>
   </trkpt>
   <trkpt lat="37.20429" lon="34.705450000000006">
    <ele>667.54</ele>
   </trkpt>
   <trkpt lat="37.20425" lon="34.705400000000004">
    <ele>667.54</ele>
   </trkpt>
   <trkpt lat="37.204190000000004" lon="34.705400000000004">
    <ele>667.54</ele>
   </trkpt>
   <trkpt lat="37.204040000000006" lon="34.70544">
    <ele>667.54</ele>
   </trkpt>
   <trkpt lat="37.20353" lon="34.705450000000006">
    <ele>667.54</ele>
   </trkpt>
   <trkpt lat="37.20333" lon="34.705470000000005">
    <ele>667.54</ele>
   </trkpt>
   <trkpt lat="37.20322" lon="34.70552">
    <ele>672.47</ele>
   </trkpt>
   <trkpt lat="37.203140000000005" lon="34.70561">
    <ele>672.47</ele>
   </trkpt>
   <trkpt lat="37.203100000000006" lon="34.70575">
    <ele>672.47</ele>
   </trkpt>
   <trkpt lat="37.20309" lon="34.70599">
    <ele>672.47</ele>
   </trkpt>
   <trkpt lat="37.20302" lon="34.70646">
    <ele>672.47</ele>
   </trkpt>
   <trkpt lat="37.202980000000004" lon="34.70651">
    <ele>672.47</ele>
   </trkpt>
   <trkpt lat="37.20281" lon="34.70662">
    <ele>672.47</ele>
   </trkpt>
   <trkpt lat="37.20277" lon="34.70671">
    <ele>672.47</ele>
   </trkpt>
   <trkpt lat="37.202740000000006" lon="34.70698">
    <ele>672.47</ele>
   </trkpt>
   <trkpt lat="37.2027" lon="34.70703">
    <ele>672.47</ele>
   </trkpt>
   <trkpt lat="37.20252" lon="34.70705">
    <ele>672.47</ele>
   </trkpt>
   <trkpt lat="37.20243" lon="34.70711">
    <ele>672.47</ele>
   </trkpt>
   <trkpt lat="37.202290000000005" lon="34.70727">
    <ele>672.47</ele>
   </trkpt>
   <trkpt lat="37.2021" lon="34.707370000000004">
    <ele>672.47</ele>
   </trkpt>
   <trkpt lat="37.2021" lon="34.707260000000005">
    <ele>672.47</ele>
   </trkpt>
   <trkpt lat="37.202220000000004" lon="34.706860000000006">
    <ele>672.47</ele>
   </trkpt>
   <trkpt lat="37.2023" lon="34.706450000000004">
    <ele>672.47</ele>
   </trkpt>
   <trkpt lat="37.202310000000004" lon="34.706230000000005">
    <ele>672.47</ele>
   </trkpt>
   <trkpt lat="37.20228" lon="34.70584">
    <ele>672.47</ele>
   </trkpt>
   <trkpt lat="37.20223" lon="34.70568">
    <ele>672.47</ele>
   </trkpt>
   <trkpt lat="37.20223" lon="34.705560000000006">
    <ele>672.47</ele>
   </trkpt>
   <trkpt lat="37.20228" lon="34.70523">
    <ele>672.47</ele>
   </trkpt>
   <trkpt lat="37.202290000000005" lon="34.70501">
    <ele>672.47</ele>
   </trkpt>
   <trkpt lat="37.20224" lon="34.70454">
    <ele>672.47</ele>
   </trkpt>
   <trkpt lat="37.20226" lon="34.703630000000004">
    <ele>622.2</ele>
   </trkpt>
   <trkpt lat="37.202290000000005" lon="34.703520000000005">
    <ele>622.2</ele>
   </trkpt>
   <trkpt lat="37.20239" lon="34.70329">
    <ele>622.2</ele>
   </trkpt>
   <trkpt lat="37.20243" lon="34.703070000000004">
    <ele>622.2</ele>
   </trkpt>
   <trkpt lat="37.202560000000005" lon="34.70266">
    <ele>622.2</ele>
   </trkpt>
   <trkpt lat="37.20264" lon="34.702000000000005">
    <ele>622.2</ele>
   </trkpt>
   <trkpt lat="37.20272000000001" lon="34.70158">
    <ele>622.2</ele>
   </trkpt>
   <trkpt lat="37.20272000000001" lon="34.70159">
    <ele>622.2</ele>
   </trkpt>
   <trkpt lat="37.202890000000004" lon="34.701150000000005">
    <ele>622.2</ele>
   </trkpt>
   <trkpt lat="37.20295" lon="34.70111">
    <ele>622.2</ele>
   </trkpt>
   <trkpt lat="37.20299" lon="34.701130000000006">
    <ele>622.2</ele>
   </trkpt>
   <trkpt lat="37.203160000000004" lon="34.70159">
    <ele>622.2</ele>
   </trkpt>
   <trkpt lat="37.20331" lon="34.701930000000004">
    <ele>622.2</ele>
   </trkpt>
   <trkpt lat="37.20337" lon="34.702000000000005">
    <ele>622.2</ele>
   </trkpt>
   <trkpt lat="37.20342" lon="34.702000000000005">
    <ele>622.2</ele>
   </trkpt>
   <trkpt lat="37.20364" lon="34.701660000000004">
    <ele>622.2</ele>
   </trkpt>
   <trkpt lat="37.20376" lon="34.70159">
    <ele>622.2</ele>
   </trkpt>
   <trkpt lat="37.203790000000005" lon="34.70152">
    <ele>622.2</ele>
   </trkpt>
   <trkpt lat="37.203790000000005" lon="34.7014">
    <ele>622.2</ele>
   </trkpt>
   <trkpt lat="37.20373" lon="34.701130000000006">
    <ele>577.6</ele>
   </trkpt>
   <trkpt lat="37.203700000000005" lon="34.700810000000004">
    <ele>577.6</ele>
   </trkpt>
   <trkpt lat="37.20371" lon="34.70062">
    <ele>577.6</ele>
   </trkpt>
   <trkpt lat="37.20375000000001" lon="34.700520000000004">
    <ele>577.6</ele>
   </trkpt>
   <trkpt lat="37.2038" lon="34.700500000000005">
    <ele>577.6</ele>
   </trkpt>
   <trkpt lat="37.203880000000005" lon="34.70056">
    <ele>577.6</ele>
   </trkpt>
   <trkpt lat="37.203950000000006" lon="34.700660000000006">
    <ele>577.6</ele>
   </trkpt>
   <trkpt lat="37.20414" lon="34.701040000000006">
    <ele>577.6</ele>
   </trkpt>
   <trkpt lat="37.20418" lon="34.701190000000004">
    <ele>577.6</ele>
   </trkpt>
   <trkpt lat="37.20418" lon="34.70176">
    <ele>577.6</ele>
   </trkpt>
   <trkpt lat="37.204150000000006" lon="34.70226">
    <ele>577.6</ele>
   </trkpt>
   <trkpt lat="37.2042" lon="34.702310000000004">
    <ele>577.6</ele>
   </trkpt>
   <trkpt lat="37.20427" lon="34.7023">
    <ele>577.6</ele>
   </trkpt>
   <trkpt lat="37.20449" lon="34.702110000000005">
    <ele>577.6</ele>
   </trkpt>
   <trkpt lat="37.20459" lon="34.70205">
    <ele>577.6</ele>
   </trkpt>
   <trkpt lat="37.20485" lon="34.70199">
    <ele>577.6</ele>
   </trkpt>
   <trkpt lat="37.205090000000006" lon="34.70179">
    <ele>577.6</ele>
   </trkpt>
   <trkpt lat="37.20526" lon="34.70177">
    <ele>577.6</ele>
   </trkpt>
   <trkpt lat="37.20557" lon="34.70183">
    <ele>590.33</ele>
   </trkpt>
   <trkpt lat="37.20581" lon="34.70194">
    <ele>590.33</ele>
   </trkpt>
   <trkpt lat="37.205870000000004" lon="34.7019">
    <ele>590.33</ele>
   </trkpt>
   <trkpt lat="37.2059" lon="34.70183">
    <ele>590.33</ele>
   </trkpt>
   <trkpt lat="37.20591" lon="34.7017">
    <ele>590.33</ele>
   </trkpt>
   <trkpt lat="37.20606" lon="34.70118">
    <ele>590.33</ele>
   </trkpt>
   <trkpt lat="37.20619000000001" lon="34.70102">
    <ele>590.33</ele>
   </trkpt>
   <trkpt lat="37.20619000000001" lon="34.701010000000004">
    <ele>590.35</ele>
   </trkpt>
   <trkpt lat="37.206050000000005" lon="34.70065">
    <ele>590.35</ele>
   </trkpt>
   <trkpt lat="37.205870000000004" lon="34.70008">
    <ele>590.35</ele>
   </trkpt>
   <trkpt lat="37.20575" lon="34.69988">
    <ele>590.35</ele>
   </trkpt>
   <trkpt lat="37.205670000000005" lon="34.69979">
    <ele>590.35</ele>
   </trkpt>
   <trkpt lat="37.205490000000005" lon="34.69968">
    <ele>590.35</ele>
   </trkpt>
   <trkpt lat="37.20535" lon="34.69957">
    <ele>590.35</ele>
   </trkpt>
   <trkpt lat="37.20526" lon="34.69941">
    <ele>590.35</ele>
   </trkpt>
   <trkpt lat="37.205220000000004" lon="34.69919">
    <ele>590.35</ele>
   </trkpt>
   <trkpt lat="37.205220000000004" lon="34.699070000000006">
    <ele>590.35</ele>
   </trkpt>
   <trkpt lat="37.20534" lon="34.698730000000005">
    <ele>590.35</ele>
   </trkpt>
   <trkpt lat="37.20534" lon="34.69861">
    <ele>590.35</ele>
   </trkpt>
   <trkpt lat="37.205290000000005" lon="34.69849">
    <ele>590.35</ele>
   </trkpt>
   <trkpt lat="37.205130000000004" lon="34.698260000000005">
    <ele>590.35</ele>
   </trkpt>
   <trkpt lat="37.204860000000004" lon="34.69802">
    <ele>590.35</ele>
   </trkpt>
   <trkpt lat="37.20479" lon="34.697880000000005">
    <ele>566.3000000000001</ele>
   </trkpt>
   <trkpt lat="37.20467" lon="34.69776">
    <ele>566.3000000000001</ele>
   </trkpt>
   <trkpt lat="37.20461" lon="34.69767">
    <ele>566.3000000000001</ele>
   </trkpt>
   <trkpt lat="37.204570000000004" lon="34.69753">
    <ele>566.3000000000001</ele>
   </trkpt>
   <trkpt lat="37.204480000000004" lon="34.69733">
    <ele>566.3000000000001</ele>
   </trkpt>
   <trkpt lat="37.204330000000006" lon="34.697070000000004">
    <ele>566.3000000000001</ele>
   </trkpt>
   <trkpt lat="37.20431" lon="34.69695">
    <ele>566.3000000000001</ele>
   </trkpt>
   <trkpt lat="37.20432" lon="34.696670000000005">
    <ele>566.3000000000001</ele>
   </trkpt>
   <trkpt lat="37.204240000000006" lon="34.6963">
    <ele>566.3000000000001</ele>
   </trkpt>
   <trkpt lat="37.20427" lon="34.69614">
    <ele>566.3000000000001</ele>
   </trkpt>
   <trkpt lat="37.204390000000004" lon="34.69592">
    <ele>566.3000000000001</ele>
   </trkpt>
   <trkpt lat="37.20443" lon="34.69581">
    <ele>566.3000000000001</ele>
   </trkpt>
   <trkpt lat="37.20443" lon="34.695660000000004">
    <ele>566.3000000000001</ele>
   </trkpt>
   <trkpt lat="37.20432" lon="34.695280000000004">
    <ele>566.3000000000001</ele>
   </trkpt>
   <trkpt lat="37.20432" lon="34.69487">
    <ele>566.3000000000001</ele>
   </trkpt>
   <trkpt lat="37.20427" lon="34.69471">
    <ele>566.3000000000001</ele>
   </trkpt>
   <trkpt lat="37.20421" lon="34.694630000000004">
    <ele>566.3000000000001</ele>
   </trkpt>
   <trkpt lat="37.20411" lon="34.69456">
    <ele>566.3000000000001</ele>
   </trkpt>
   <trkpt lat="37.203520000000005" lon="34.694370000000006">
    <ele>566.83</ele>
   </trkpt>
   <trkpt lat="37.20344" lon="34.69436">
    <ele>566.83</ele>
   </trkpt>
   <trkpt lat="37.20335" lon="34.69444">
    <ele>566.83</ele>
   </trkpt>
   <trkpt lat="37.20329" lon="34.69455">
    <ele>566.83</ele>
   </trkpt>
   <trkpt lat="37.203230000000005" lon="34.694590000000005">
    <ele>566.83</ele>
   </trkpt>
   <trkpt lat="37.2032" lon="34.69454">
    <ele>566.83</ele>
   </trkpt>
   <trkpt lat="37.2032" lon="34.69444">
    <ele>566.83</ele>
   </trkpt>
   <trkpt lat="37.20326" lon="34.694230000000005">
    <ele>566.83</ele>
   </trkpt>
   <trkpt lat="37.20327" lon="34.694">
    <ele>566.83</ele>
   </trkpt>
   <trkpt lat="37.203250000000004" lon="34.69371">
    <ele>566.83</ele>
   </trkpt>
   <trkpt lat="37.20326" lon="34.693560000000005">
    <ele>566.83</ele>
   </trkpt>
   <trkpt lat="37.203320000000005" lon="34.693470000000005">
    <ele>566.83</ele>
   </trkpt>
   <trkpt lat="37.203450000000004" lon="34.693400000000004">
    <ele>566.83</ele>
   </trkpt>
   <trkpt lat="37.20349" lon="34.69335">
    <ele>566.83</ele>
   </trkpt>
   <trkpt lat="37.20346" lon="34.69328">
    <ele>566.83</ele>
   </trkpt>
   <trkpt lat="37.203410000000005" lon="34.693250000000006">
    <ele>566.83</ele>
   </trkpt>
   <trkpt lat="37.203300000000006" lon="34.693270000000005">
    <ele>608.5500000000001</ele>
   </trkpt>
   <trkpt lat="37.203140000000005" lon="34.69337">
    <ele>608.5500000000001</ele>
   </trkpt>
   <trkpt lat="37.20309" lon="34.69348">
    <ele>608.5500000000001</ele>
   </trkpt>
   <trkpt lat="37.203" lon="34.69406">
    <ele>608.5500000000001</ele>
   </trkpt>
   <trkpt lat="37.20295" lon="34.694160000000004">
    <ele>608.5500000000001</ele>
   </trkpt>
   <trkpt lat="37.2029" lon="34.69417">
    <ele>608.5500000000001</ele>
   </trkpt>
   <trkpt lat="37.202870000000004" lon="34.69413">
    <ele>608.5500000000001</ele>
   </trkpt>
   <trkpt lat="37.20286" lon="34.69373">
    <ele>608.5500000000001</ele>
   </trkpt>
   <trkpt lat="37.202740000000006" lon="34.69301">
    <ele>608.5500000000001</ele>
   </trkpt>
   <trkpt lat="37.202760000000005" lon="34.692910000000005">
    <ele>609.7300000000001</ele>
   </trkpt>
   <trkpt lat="37.20281" lon="34.69283">
    <ele>610.7900000000001</ele>
   </trkpt>
   <trkpt lat="37.202960000000004" lon="34.6927">
    <ele>612.2700000000001</ele>
   </trkpt>
   <trkpt lat="37.20308" lon="34.69234">
    <ele>617.58</ele>
   </trkpt>
   <trkpt lat="37.20308" lon="34.6918">
    <ele>620.58</ele>
   </trkpt>
   <trkpt lat="37.202980000000004" lon="34.69156">
    <ele>621.0500000000001</ele>
   </trkpt>
   <trkpt lat="37.20295" lon="34.69142">
    <ele>621.86</ele>
   </trkpt>
   <trkpt lat="37.202920000000006" lon="34.69071">
    <ele>624.8800000000001</ele>
   </trkpt>
   <trkpt lat="37.203" lon="34.69052">
    <ele>626.41</ele>
   </trkpt>
   <trkpt lat="37.203030000000005" lon="34.69032">
    <ele>628.05</ele>
   </trkpt>
   <trkpt lat="37.203070000000004" lon="34.69021">
    <ele>628.9800000000001</ele>
   </trkpt>
   <trkpt lat="37.203120000000006" lon="34.690200000000004">
    <ele>629.5200000000001</ele>
   </trkpt>
   <trkpt lat="37.203190000000006" lon="34.69023">
    <ele>631.2800000000001</ele>
   </trkpt>
   <trkpt lat="37.203250000000004" lon="34.690470000000005">
    <ele>632.83</ele>
   </trkpt>
   <trkpt lat="37.203320000000005" lon="34.6906">
    <ele>635.08</ele>
   </trkpt>
   <trkpt lat="37.203660000000006" lon="34.69099">
    <ele>640.41</ele>
   </trkpt>
   <trkpt lat="37.20376" lon="34.691190000000006">
    <ele>644.95</ele>
   </trkpt>
   <trkpt lat="37.20384" lon="34.691250000000004">
    <ele>645.6700000000001</ele>
   </trkpt>
   <trkpt lat="37.203920000000004" lon="34.691230000000004">
    <ele>646.96</ele>
   </trkpt>
   <trkpt lat="37.203950000000006" lon="34.69117">
    <ele>647.51</ele>
   </trkpt>
   <trkpt lat="37.203920000000004" lon="34.69106">
    <ele>649.0400000000001</ele>
   </trkpt>
   <trkpt lat="37.20369" lon="34.69068">
    <ele>652.9100000000001</ele>
   </trkpt>
   <trkpt lat="37.203570000000006" lon="34.69032">
    <ele>658.83</ele>
   </trkpt>
   <trkpt lat="37.203540000000004" lon="34.68999">
    <ele>659.86</ele>
   </trkpt>
   <trkpt lat="37.203450000000004" lon="34.68954">
    <ele>663.7900000000001</ele>
   </trkpt>
   <trkpt lat="37.203450000000004" lon="34.68938">
    <ele>664.2900000000001</ele>
   </trkpt>
   <trkpt lat="37.203630000000004" lon="34.68878">
    <ele>666.88</ele>
   </trkpt>
   <trkpt lat="37.203680000000006" lon="34.68842">
    <ele>670.78</ele>
   </trkpt>
   <trkpt lat="37.203660000000006" lon="34.68791">
    <ele>672.9000000000001</ele>
   </trkpt>
   <trkpt lat="37.20367" lon="34.68762">
    <ele>674.91</ele>
   </trkpt>
   <trkpt lat="37.20371" lon="34.687340000000006">
    <ele>675.94</ele>
   </trkpt>
   <trkpt lat="37.20387" lon="34.686870000000006">
    <ele>679.47</ele>
   </trkpt>
   <trkpt lat="37.203920000000004" lon="34.686620000000005">
    <ele>681.2800000000001</ele>
   </trkpt>
   <trkpt lat="37.203970000000005" lon="34.68585">
    <ele>687.7</ele>
   </trkpt>
   <trkpt lat="37.20414" lon="34.685190000000006">
    <ele>693.4300000000001</ele>
   </trkpt>
   <trkpt lat="37.204130000000006" lon="34.68504">
    <ele>695.8100000000001</ele>
   </trkpt>
   <trkpt lat="37.203660000000006" lon="34.68432">
    <ele>702.67</ele>
   </trkpt>
   <trkpt lat="37.20344" lon="34.683840000000004">
    <ele>706.88</ele>
   </trkpt>
   <trkpt lat="37.203390000000006" lon="34.683530000000005">
    <ele>708.9000000000001</ele>
   </trkpt>
   <trkpt lat="37.203450000000004" lon="34.68323">
    <ele>710.3000000000001</ele>
   </trkpt>
   <trkpt lat="37.203390000000006" lon="34.683080000000004">
    <ele>710.96</ele>
   </trkpt>
   <trkpt lat="37.20328000000001" lon="34.68305">
    <ele>711.61</ele>
   </trkpt>
   <trkpt lat="37.203100000000006" lon="34.683080000000004">
    <ele>714.44</ele>
   </trkpt>
   <trkpt lat="37.202920000000006" lon="34.682990000000004">
    <ele>716.1800000000001</ele>
   </trkpt>
   <trkpt lat="37.202540000000006" lon="34.682570000000005">
    <ele>720.72</ele>
   </trkpt>
   <trkpt lat="37.202270000000006" lon="34.682170000000006">
    <ele>724.7600000000001</ele>
   </trkpt>
   <trkpt lat="37.2021" lon="34.681810000000006">
    <ele>728.5600000000001</ele>
   </trkpt>
   <trkpt lat="37.20201" lon="34.68169">
    <ele>729.72</ele>
   </trkpt>
   <trkpt lat="37.201890000000006" lon="34.6817">
    <ele>730.75</ele>
   </trkpt>
   <trkpt lat="37.20181" lon="34.681830000000005">
    <ele>731.38</ele>
   </trkpt>
   <trkpt lat="37.20172" lon="34.682550000000006">
    <ele>735.53</ele>
   </trkpt>
   <trkpt lat="37.201710000000006" lon="34.68316">
    <ele>741.1800000000001</ele>
   </trkpt>
   <trkpt lat="37.20183" lon="34.68385">
    <ele>745.6100000000001</ele>
   </trkpt>
   <trkpt lat="37.20183" lon="34.684110000000004">
    <ele>746.3400000000001</ele>
   </trkpt>
   <trkpt lat="37.201750000000004" lon="34.68448">
    <ele>747.1500000000001</ele>
   </trkpt>
   <trkpt lat="37.2017" lon="34.6852">
    <ele>749.4200000000001</ele>
   </trkpt>
   <trkpt lat="37.201570000000004" lon="34.68574">
    <ele>752.3700000000001</ele>
   </trkpt>
   <trkpt lat="37.201530000000005" lon="34.686060000000005">
    <ele>754.56</ele>
   </trkpt>
   <trkpt lat="37.20149" lon="34.68694">
    <ele>762.3700000000001</ele>
   </trkpt>
   <trkpt lat="37.201420000000006" lon="34.687250000000006">
    <ele>764.1300000000001</ele>
   </trkpt>
   <trkpt lat="37.2013" lon="34.687450000000005">
    <ele>765.3000000000001</ele>
   </trkpt>
   <trkpt lat="37.201260000000005" lon="34.68757">
    <ele>765.3000000000001</ele>
   </trkpt>
   <trkpt lat="37.20127" lon="34.687670000000004">
    <ele>765.3000000000001</ele>
   </trkpt>
   <trkpt lat="37.20138" lon="34.68798">
    <ele>765.3000000000001</ele>
   </trkpt>
   <trkpt lat="37.20141" lon="34.68862">
    <ele>765.3000000000001</ele>
   </trkpt>
   <trkpt lat="37.2014" lon="34.6891">
    <ele>784.22</ele>
   </trkpt>
   <trkpt lat="37.201260000000005" lon="34.69008">
    <ele>784.22</ele>
   </trkpt>
   <trkpt lat="37.201150000000005" lon="34.69053">
    <ele>784.22</ele>
   </trkpt>
   <trkpt lat="37.201080000000005" lon="34.6906">
    <ele>784.22</ele>
   </trkpt>
   <trkpt lat="37.20107" lon="34.69061">
    <ele>784.22</ele>
   </trkpt>
   <trkpt lat="37.20073" lon="34.69068">
    <ele>784.22</ele>
   </trkpt>
   <trkpt lat="37.200570000000006" lon="34.690780000000004">
    <ele>784.22</ele>
   </trkpt>
   <trkpt lat="37.20017" lon="34.691230000000004">
    <ele>784.22</ele>
   </trkpt>
   <trkpt lat="37.19957" lon="34.69173">
    <ele>784.22</ele>
   </trkpt>
   <trkpt lat="37.19924" lon="34.69216">
    <ele>784.22</ele>
   </trkpt>
   <trkpt lat="37.19899" lon="34.692310000000006">
    <ele>784.22</ele>
   </trkpt>
   <trkpt lat="37.19886" lon="34.69234">
    <ele>784.22</ele>
   </trkpt>
   <trkpt lat="37.198750000000004" lon="34.692310000000006">
    <ele>784.22</ele>
   </trkpt>
   <trkpt lat="37.19858" lon="34.69221">
    <ele>784.22</ele>
   </trkpt>
   <trkpt lat="37.198460000000004" lon="34.69223">
    <ele>784.22</ele>
   </trkpt>
   <trkpt lat="37.1983" lon="34.69234">
    <ele>829.82</ele>
   </trkpt>
   <trkpt lat="37.19787" lon="34.69247">
    <ele>829.82</ele>
   </trkpt>
   <trkpt lat="37.19733499995877" lon="34.69248000007165">
    <ele>829.82</ele>
   </trkpt>
   <trkpt lat="37.1968" lon="34.69249">
    <ele>829.82</ele>
   </trkpt>
   <trkpt lat="37.19673" lon="34.69257">
    <ele>829.82</ele>
   </trkpt>
   <trkpt lat="37.196690000000004" lon="34.69265">
    <ele>829.82</ele>
   </trkpt>
   <trkpt lat="37.196720000000006" lon="34.69276">
    <ele>829.82</ele>
   </trkpt>
   <trkpt lat="37.19686" lon="34.69296">
    <ele>829.82</ele>
   </trkpt>
   <trkpt lat="37.19721500053014" lon="34.69335999795872">
    <ele>829.82</ele>
   </trkpt>
   <trkpt lat="37.197570000000006" lon="34.693760000000005">
    <ele>829.82</ele>
   </trkpt>
   <trkpt lat="37.197570000000006" lon="34.69384">
    <ele>829.82</ele>
   </trkpt>
   <trkpt lat="37.197520000000004" lon="34.69391">
    <ele>830.32</ele>
   </trkpt>
   <trkpt lat="37.19697000000776" lon="34.69381999934001">
    <ele>834.32</ele>
   </trkpt>
   <trkpt lat="37.19642" lon="34.69373">
    <ele>838.7800000000001</ele>
   </trkpt>
   <trkpt lat="37.196020000000004" lon="34.69371">
    <ele>842.28</ele>
   </trkpt>
   <trkpt lat="37.195550000000004" lon="34.693580000000004">
    <ele>844.22</ele>
   </trkpt>
   <trkpt lat="37.194950000000006" lon="34.693470000000005">
    <ele>850.0900000000001</ele>
   </trkpt>
   <trkpt lat="37.194140000000004" lon="34.693110000000004">
    <ele>856.99</ele>
   </trkpt>
   <trkpt lat="37.19413" lon="34.6931">
    <ele>856.99</ele>
   </trkpt>
   <trkpt lat="37.193920000000006" lon="34.692980000000006">
    <ele>858.26</ele>
   </trkpt>
   <trkpt lat="37.19371" lon="34.69277">
    <ele>860.2700000000001</ele>
   </trkpt>
   <trkpt lat="37.19330000133357" lon="34.69222999721013">
    <ele>866.1</ele>
   </trkpt>
   <trkpt lat="37.192890000000006" lon="34.69169">
    <ele>870.72</ele>
   </trkpt>
   <trkpt lat="37.192710000000005" lon="34.691520000000004">
    <ele>873.26</ele>
   </trkpt>
   <trkpt lat="37.192440000000005" lon="34.691320000000005">
    <ele>876.8100000000001</ele>
   </trkpt>
   <trkpt lat="37.1922" lon="34.690920000000006">
    <ele>878.2800000000001</ele>
   </trkpt>
   <trkpt lat="37.19196" lon="34.69041">
    <ele>882.3000000000001</ele>
   </trkpt>
   <trkpt lat="37.19178" lon="34.68988">
    <ele>884.1500000000001</ele>
   </trkpt>
   <trkpt lat="37.191660000000006" lon="34.68966">
    <ele>886.97</ele>
   </trkpt>
   <trkpt lat="37.19115" lon="34.68921">
    <ele>891.1300000000001</ele>
   </trkpt>
   <trkpt lat="37.191100000000006" lon="34.689060000000005">
    <ele>891.6</ele>
   </trkpt>
   <trkpt lat="37.191100000000006" lon="34.688860000000005">
    <ele>891.6</ele>
   </trkpt>
   <trkpt lat="37.19116" lon="34.68838">
    <ele>891.6</ele>
   </trkpt>
   <trkpt lat="37.191120000000005" lon="34.68816">
    <ele>891.6</ele>
   </trkpt>
   <trkpt lat="37.191" lon="34.68791">
    <ele>891.6</ele>
   </trkpt>
   <trkpt lat="37.19095" lon="34.68773">
    <ele>891.6</ele>
   </trkpt>
   <trkpt lat="37.190960000000004" lon="34.68755">
    <ele>891.6</ele>
   </trkpt>
   <trkpt lat="37.19104" lon="34.68742">
    <ele>891.6</ele>
   </trkpt>
   <trkpt lat="37.191190000000006" lon="34.68732">
    <ele>891.6</ele>
   </trkpt>
   <trkpt lat="37.19174" lon="34.68704">
    <ele>891.6</ele>
   </trkpt>
   <trkpt lat="37.1921" lon="34.68692">
    <ele>891.6</ele>
   </trkpt>
   <trkpt lat="37.19223" lon="34.68681">
    <ele>891.6</ele>
   </trkpt>
   <trkpt lat="37.192280000000004" lon="34.686690000000006">
    <ele>891.6</ele>
   </trkpt>
   <trkpt lat="37.19243" lon="34.68618">
    <ele>891.6</ele>
   </trkpt>
   <trkpt lat="37.192600000000006" lon="34.68585">
    <ele>891.6</ele>
   </trkpt>
   <trkpt lat="37.192660000000004" lon="34.68569">
    <ele>907.2</ele>
   </trkpt>
   <trkpt lat="37.192640000000004" lon="34.685460000000006">
    <ele>907.2</ele>
   </trkpt>
   <trkpt lat="37.19258" lon="34.68529">
    <ele>907.2</ele>
   </trkpt>
   <trkpt lat="37.192260000000005" lon="34.68484">
    <ele>907.2</ele>
   </trkpt>
   <trkpt lat="37.19221" lon="34.68469">
    <ele>907.2</ele>
   </trkpt>
   <trkpt lat="37.19221" lon="34.68455">
    <ele>907.2</ele>
   </trkpt>
   <trkpt lat="37.19227" lon="34.68444">
    <ele>907.2</ele>
   </trkpt>
   <trkpt lat="37.19248" lon="34.684180000000005">
    <ele>907.2</ele>
   </trkpt>
   <trkpt lat="37.19252" lon="34.684050000000006">
    <ele>907.2</ele>
   </trkpt>
   <trkpt lat="37.19258" lon="34.68368">
    <ele>907.2</ele>
   </trkpt>
   <trkpt lat="37.192640000000004" lon="34.68356">
    <ele>907.2</ele>
   </trkpt>
   <trkpt lat="37.193090000000005" lon="34.6832">
    <ele>907.2</ele>
   </trkpt>
   <trkpt lat="37.193180000000005" lon="34.683110000000006">
    <ele>907.2</ele>
   </trkpt>
   <trkpt lat="37.193220000000004" lon="34.683">
    <ele>907.2</ele>
   </trkpt>
   <trkpt lat="37.19321" lon="34.682770000000005">
    <ele>907.2</ele>
   </trkpt>
   <trkpt lat="37.193180000000005" lon="34.68256">
    <ele>907.2</ele>
   </trkpt>
   <trkpt lat="37.19301" lon="34.68222">
    <ele>907.2</ele>
   </trkpt>
   <trkpt lat="37.192890000000006" lon="34.68209">
    <ele>907.2</ele>
   </trkpt>
   <trkpt lat="37.192710000000005" lon="34.681960000000004">
    <ele>907.2</ele>
   </trkpt>
   <trkpt lat="37.19259" lon="34.681850000000004">
    <ele>907.2</ele>
   </trkpt>
   <trkpt lat="37.192460000000004" lon="34.681650000000005">
    <ele>907.2</ele>
   </trkpt>
   <trkpt lat="37.19218500214095" lon="34.680939997472436">
    <ele>910.61</ele>
   </trkpt>
   <trkpt lat="37.19191" lon="34.68023">
    <ele>910.61</ele>
   </trkpt>
   <trkpt lat="37.19158" lon="34.679990000000004">
    <ele>910.61</ele>
   </trkpt>
   <trkpt lat="37.19149" lon="34.679880000000004">
    <ele>910.61</ele>
   </trkpt>
   <trkpt lat="37.191410000000005" lon="34.679730000000006">
    <ele>910.61</ele>
   </trkpt>
   <trkpt lat="37.19138" lon="34.67951">
    <ele>910.61</ele>
   </trkpt>
   <trkpt lat="37.19131" lon="34.67931">
    <ele>910.61</ele>
   </trkpt>
   <trkpt lat="37.191230000000004" lon="34.67918">
    <ele>910.61</ele>
   </trkpt>
   <trkpt lat="37.191010000000006" lon="34.679080000000006">
    <ele>910.61</ele>
   </trkpt>
   <trkpt lat="37.190540000000006" lon="34.679010000000005">
    <ele>910.61</ele>
   </trkpt>
   <trkpt lat="37.190220000000004" lon="34.67884">
    <ele>897.63</ele>
   </trkpt>
   <trkpt lat="37.189960000000006" lon="34.67878">
    <ele>897.63</ele>
   </trkpt>
   <trkpt lat="37.189530000000005" lon="34.67879">
    <ele>897.63</ele>
   </trkpt>
   <trkpt lat="37.189370000000004" lon="34.67873">
    <ele>897.63</ele>
   </trkpt>
   <trkpt lat="37.1892" lon="34.678580000000004">
    <ele>897.63</ele>
   </trkpt>
   <trkpt lat="37.188840000000006" lon="34.6781">
    <ele>897.63</ele>
   </trkpt>
   <trkpt lat="37.188390000000005" lon="34.67741">
    <ele>897.63</ele>
   </trkpt>
   <trkpt lat="37.18831" lon="34.67716">
    <ele>897.63</ele>
   </trkpt>
   <trkpt lat="37.188280000000006" lon="34.67685">
    <ele>897.63</ele>
   </trkpt>
   <trkpt lat="37.18827" lon="34.676520000000004">
    <ele>897.63</ele>
   </trkpt>
   <trkpt lat="37.188210000000005" lon="34.67613">
    <ele>882.96</ele>
   </trkpt>
   <trkpt lat="37.187990000000006" lon="34.67537">
    <ele>882.96</ele>
   </trkpt>
   <trkpt lat="37.18793" lon="34.675090000000004">
    <ele>882.96</ele>
   </trkpt>
   <trkpt lat="37.18793" lon="34.675540000000005">
    <ele>882.96</ele>
   </trkpt>
   <trkpt lat="37.18797" lon="34.67607">
    <ele>882.96</ele>
   </trkpt>
   <trkpt lat="37.18789" lon="34.676480000000005">
    <ele>882.96</ele>
   </trkpt>
   <trkpt lat="37.187760000000004" lon="34.67696">
    <ele>867.2700000000001</ele>
   </trkpt>
   <trkpt lat="37.18773" lon="34.67718">
    <ele>867.2700000000001</ele>
   </trkpt>
   <trkpt lat="37.187740000000005" lon="34.67752">
    <ele>867.2700000000001</ele>
   </trkpt>
   <trkpt lat="37.18777" lon="34.677730000000004">
    <ele>867.2700000000001</ele>
   </trkpt>
   <trkpt lat="37.18791" lon="34.678050000000006">
    <ele>867.2700000000001</ele>
   </trkpt>
   <trkpt lat="37.188280000000006" lon="34.678990000000006">
    <ele>859.9000000000001</ele>
   </trkpt>
   <trkpt lat="37.188280000000006" lon="34.67909">
    <ele>859.9000000000001</ele>
   </trkpt>
   <trkpt lat="37.188280000000006" lon="34.679100000000005">
    <ele>859.8800000000001</ele>
   </trkpt>
   <trkpt lat="37.187670000000004" lon="34.6784">
    <ele>859.8800000000001</ele>
   </trkpt>
   <trkpt lat="37.187360000000005" lon="34.67795">
    <ele>859.8800000000001</ele>
   </trkpt>
   <trkpt lat="37.18712" lon="34.6775">
    <ele>859.8800000000001</ele>
   </trkpt>
   <trkpt lat="37.18679" lon="34.67718">
    <ele>859.8800000000001</ele>
   </trkpt>
   <trkpt lat="37.18657" lon="34.676700000000004">
    <ele>859.8800000000001</ele>
   </trkpt>
   <trkpt lat="37.186530000000005" lon="34.67649">
    <ele>859.8800000000001</ele>
   </trkpt>
   <trkpt lat="37.18656" lon="34.67633">
    <ele>859.8800000000001</ele>
   </trkpt>
   <trkpt lat="37.18668" lon="34.676120000000004">
    <ele>814.12</ele>
   </trkpt>
   <trkpt lat="37.186820000000004" lon="34.67573">
    <ele>814.12</ele>
   </trkpt>
   <trkpt lat="37.1869" lon="34.67539">
    <ele>814.12</ele>
   </trkpt>
   <trkpt lat="37.18694" lon="34.67512">
    <ele>814.12</ele>
   </trkpt>
   <trkpt lat="37.18695" lon="34.67488">
    <ele>814.12</ele>
   </trkpt>
   <trkpt lat="37.186930000000004" lon="34.674780000000005">
    <ele>814.12</ele>
   </trkpt>
   <trkpt lat="37.18688" lon="34.67468">
    <ele>814.12</ele>
   </trkpt>
   <trkpt lat="37.186820000000004" lon="34.674620000000004">
    <ele>814.12</ele>
   </trkpt>
   <trkpt lat="37.18676" lon="34.674600000000005">
    <ele>814.12</ele>
   </trkpt>
   <trkpt lat="37.18672" lon="34.67461">
    <ele>814.12</ele>
   </trkpt>
   <trkpt lat="37.18668" lon="34.67465">
    <ele>814.12</ele>
   </trkpt>
   <trkpt lat="37.18654" lon="34.67513">
    <ele>814.12</ele>
   </trkpt>
   <trkpt lat="37.186330000000005" lon="34.67539">
    <ele>814.12</ele>
   </trkpt>
   <trkpt lat="37.18620000000001" lon="34.6756">
    <ele>814.12</ele>
   </trkpt>
   <trkpt lat="37.186080000000004" lon="34.67564">
    <ele>814.12</ele>
   </trkpt>
   <trkpt lat="37.18576" lon="34.6756">
    <ele>814.12</ele>
   </trkpt>
   <trkpt lat="37.18571" lon="34.675560000000004">
    <ele>814.12</ele>
   </trkpt>
   <trkpt lat="37.1854700021458" lon="34.67483999761443">
    <ele>814.12</ele>
   </trkpt>
   <trkpt lat="37.185230000000004" lon="34.67412">
    <ele>814.0</ele>
   </trkpt>
   <trkpt lat="37.18497" lon="34.67419">
    <ele>812.42</ele>
   </trkpt>
   <trkpt lat="37.18498" lon="34.67457">
    <ele>811.39</ele>
   </trkpt>
   <trkpt lat="37.185140000000004" lon="34.675180000000005">
    <ele>812.6700000000001</ele>
   </trkpt>
   <trkpt lat="37.18531" lon="34.675380000000004">
    <ele>812.6200000000001</ele>
   </trkpt>
   <trkpt lat="37.18531" lon="34.675790000000006">
    <ele>814.71</ele>
   </trkpt>
   <trkpt lat="37.185230000000004" lon="34.676320000000004">
    <ele>814.71</ele>
   </trkpt>
   <trkpt lat="37.18517000000001" lon="34.67645">
    <ele>814.71</ele>
   </trkpt>
   <trkpt lat="37.185" lon="34.67662">
    <ele>814.71</ele>
   </trkpt>
   <trkpt lat="37.18495" lon="34.676700000000004">
    <ele>814.71</ele>
   </trkpt>
   <trkpt lat="37.184920000000005" lon="34.67681">
    <ele>814.71</ele>
   </trkpt>
   <trkpt lat="37.184830000000005" lon="34.67743">
    <ele>814.71</ele>
   </trkpt>
   <trkpt lat="37.1848" lon="34.677550000000004">
    <ele>814.71</ele>
   </trkpt>
   <trkpt lat="37.18462" lon="34.677910000000004">
    <ele>814.71</ele>
   </trkpt>
   <trkpt lat="37.184540000000005" lon="34.6783">
    <ele>821.08</ele>
   </trkpt>
   <trkpt lat="37.184520000000006" lon="34.678540000000005">
    <ele>821.08</ele>
   </trkpt>
   <trkpt lat="37.184250000000006" lon="34.678960000000004">
    <ele>821.08</ele>
   </trkpt>
   <trkpt lat="37.18397" lon="34.679280000000006">
    <ele>821.08</ele>
   </trkpt>
   <trkpt lat="37.183820000000004" lon="34.67942">
    <ele>821.08</ele>
   </trkpt>
   <trkpt lat="37.183670000000006" lon="34.679520000000004">
    <ele>821.08</ele>
   </trkpt>
   <trkpt lat="37.18352" lon="34.679550000000006">
    <ele>821.08</ele>
   </trkpt>
   <trkpt lat="37.183440000000004" lon="34.679520000000004">
    <ele>821.08</ele>
   </trkpt>
   <trkpt lat="37.18316" lon="34.679300000000005">
    <ele>821.08</ele>
   </trkpt>
   <trkpt lat="37.183060000000005" lon="34.679140000000004">
    <ele>821.08</ele>
   </trkpt>
   <trkpt lat="37.182770000000005" lon="34.679410000000004">
    <ele>822.2700000000001</ele>
   </trkpt>
   <trkpt lat="37.18245" lon="34.679860000000005">
    <ele>821.27</ele>
   </trkpt>
   <trkpt lat="37.18238" lon="34.6801">
    <ele>819.7200000000001</ele>
   </trkpt>
   <trkpt lat="37.182550000000006" lon="34.68052">
    <ele>810.32</ele>
   </trkpt>
   <trkpt lat="37.182170000000006" lon="34.68117">
    <ele>813.5000000000001</ele>
   </trkpt>
   <trkpt lat="37.18207" lon="34.681400000000004">
    <ele>816.33</ele>
   </trkpt>
   <trkpt lat="37.181990000000006" lon="34.682100000000005">
    <ele>808.25</ele>
   </trkpt>
   <trkpt lat="37.18175" lon="34.68301">
    <ele>808.25</ele>
   </trkpt>
   <trkpt lat="37.18164" lon="34.683260000000004">
    <ele>808.25</ele>
   </trkpt>
   <trkpt lat="37.181580000000004" lon="34.683490000000006">
    <ele>808.25</ele>
   </trkpt>
   <trkpt lat="37.181650000000005" lon="34.68397">
    <ele>808.25</ele>
   </trkpt>
   <trkpt lat="37.18162" lon="34.685">
    <ele>808.25</ele>
   </trkpt>
   <trkpt lat="37.18164" lon="34.685950000000005">
    <ele>808.25</ele>
   </trkpt>
   <trkpt lat="37.181630000000006" lon="34.686040000000006">
    <ele>808.25</ele>
   </trkpt>
   <trkpt lat="37.181560000000005" lon="34.686240000000005">
    <ele>808.25</ele>
   </trkpt>
   <trkpt lat="37.18144" lon="34.68636">
    <ele>808.25</ele>
   </trkpt>
   <trkpt lat="37.18115" lon="34.686530000000005">
    <ele>808.25</ele>
   </trkpt>
   <trkpt lat="37.18106" lon="34.686600000000006">
    <ele>808.25</ele>
   </trkpt>
   <trkpt lat="37.18092" lon="34.68676">
    <ele>808.25</ele>
   </trkpt>
   <trkpt lat="37.18084" lon="34.686890000000005">
    <ele>808.25</ele>
   </trkpt>
   <trkpt lat="37.180640000000004" lon="34.687020000000004">
    <ele>808.25</ele>
   </trkpt>
   <trkpt lat="37.18048" lon="34.687090000000005">
    <ele>808.25</ele>
   </trkpt>
   <trkpt lat="37.18036" lon="34.68719">
    <ele>808.25</ele>
   </trkpt>
   <trkpt lat="37.180330000000005" lon="34.68723">
    <ele>808.25</ele>
   </trkpt>
   <trkpt lat="37.18029000000001" lon="34.68735">
    <ele>808.25</ele>
   </trkpt>
   <trkpt lat="37.180220000000006" lon="34.68798">
    <ele>748.7900000000001</ele>
   </trkpt>
   <trkpt lat="37.180170000000004" lon="34.688050000000004">
    <ele>748.7900000000001</ele>
   </trkpt>
   <trkpt lat="37.180080000000004" lon="34.68813">
    <ele>748.7900000000001</ele>
   </trkpt>
   <trkpt lat="37.17994" lon="34.68815">
    <ele>748.7900000000001</ele>
   </trkpt>
   <trkpt lat="37.17978" lon="34.68807">
    <ele>748.7900000000001</ele>
   </trkpt>
   <trkpt lat="37.17967" lon="34.68793">
    <ele>748.7900000000001</ele>
   </trkpt>
   <trkpt lat="37.179500000000004" lon="34.687650000000005">
    <ele>748.7900000000001</ele>
   </trkpt>
   <trkpt lat="37.179280000000006" lon="34.68739">
    <ele>748.7900000000001</ele>
   </trkpt>
   <trkpt lat="37.17911" lon="34.68726">
    <ele>748.7900000000001</ele>
   </trkpt>
   <trkpt lat="37.179050000000004" lon="34.68724">
    <ele>748.7900000000001</ele>
   </trkpt>
   <trkpt lat="37.179" lon="34.6873">
    <ele>748.7900000000001</ele>
   </trkpt>
   <trkpt lat="37.179" lon="34.68744">
    <ele>748.7900000000001</ele>
   </trkpt>
   <trkpt lat="37.179050000000004" lon="34.68777">
    <ele>748.7900000000001</ele>
   </trkpt>
   <trkpt lat="37.17916" lon="34.68827">
    <ele>748.7900000000001</ele>
   </trkpt>
   <trkpt lat="37.179230000000004" lon="34.689060000000005">
    <ele>748.7900000000001</ele>
   </trkpt>
   <trkpt lat="37.17927" lon="34.68929">
    <ele>748.7900000000001</ele>
   </trkpt>
   <trkpt lat="37.179320000000004" lon="34.68939">
    <ele>748.7900000000001</ele>
   </trkpt>
   <trkpt lat="37.1794" lon="34.68943">
    <ele>748.7900000000001</ele>
   </trkpt>
   <trkpt lat="37.179550000000006" lon="34.68941">
    <ele>748.7900000000001</ele>
   </trkpt>
   <trkpt lat="37.179610000000004" lon="34.68943">
    <ele>748.7900000000001</ele>
   </trkpt>
   <trkpt lat="37.17983" lon="34.68988">
    <ele>748.7900000000001</ele>
   </trkpt>
   <trkpt lat="37.179930000000006" lon="34.690200000000004">
    <ele>748.7900000000001</ele>
   </trkpt>
   <trkpt lat="37.179930000000006" lon="34.690560000000005">
    <ele>748.7900000000001</ele>
   </trkpt>
   <trkpt lat="37.17989" lon="34.69088">
    <ele>748.7900000000001</ele>
   </trkpt>
   <trkpt lat="37.17976" lon="34.691210000000005">
    <ele>748.7900000000001</ele>
   </trkpt>
   <trkpt lat="37.17965" lon="34.691390000000006">
    <ele>748.7900000000001</ele>
   </trkpt>
   <trkpt lat="37.179550000000006" lon="34.69145">
    <ele>748.7900000000001</ele>
   </trkpt>
   <trkpt lat="37.179480000000005" lon="34.69145">
    <ele>748.7900000000001</ele>
   </trkpt>
   <trkpt lat="37.17938" lon="34.691410000000005">
    <ele>748.7900000000001</ele>
   </trkpt>
   <trkpt lat="37.17902" lon="34.69111">
    <ele>748.7900000000001</ele>
   </trkpt>
   <trkpt lat="37.17871" lon="34.69077">
    <ele>748.7900000000001</ele>
   </trkpt>
   <trkpt lat="37.17866" lon="34.69075">
    <ele>748.7900000000001</ele>
   </trkpt>
   <trkpt lat="37.178610000000006" lon="34.690870000000004">
    <ele>748.7900000000001</ele>
   </trkpt>
   <trkpt lat="37.178540000000005" lon="34.69164">
    <ele>714.8100000000001</ele>
   </trkpt>
   <trkpt lat="37.17855" lon="34.69221">
    <ele>714.8100000000001</ele>
   </trkpt>
   <trkpt lat="37.17848" lon="34.692690000000006">
    <ele>714.8100000000001</ele>
   </trkpt>
   <trkpt lat="37.17846" lon="34.69348">
    <ele>714.8100000000001</ele>
   </trkpt>
   <trkpt lat="37.17844" lon="34.69371">
    <ele>714.8100000000001</ele>
   </trkpt>
   <trkpt lat="37.1783" lon="34.69409">
    <ele>714.8100000000001</ele>
   </trkpt>
   <trkpt lat="37.178290000000004" lon="34.694100000000006">
    <ele>714.8100000000001</ele>
   </trkpt>
   <trkpt lat="37.17798500097992" lon="34.69460500219054">
    <ele>714.8100000000001</ele>
   </trkpt>
   <trkpt lat="37.17768" lon="34.69511">
    <ele>714.8100000000001</ele>
   </trkpt>
   <trkpt lat="37.17757" lon="34.695220000000006">
    <ele>714.8100000000001</ele>
   </trkpt>
   <trkpt lat="37.177510000000005" lon="34.695220000000006">
    <ele>714.8100000000001</ele>
   </trkpt>
   <trkpt lat="37.17743" lon="34.695190000000004">
    <ele>714.8100000000001</ele>
   </trkpt>
   <trkpt lat="37.177110000000006" lon="34.69493">
    <ele>714.8100000000001</ele>
   </trkpt>
   <trkpt lat="37.176880000000004" lon="34.69478">
    <ele>690.0500000000001</ele>
   </trkpt>
   <trkpt lat="37.176730000000006" lon="34.69473">
    <ele>690.0500000000001</ele>
   </trkpt>
   <trkpt lat="37.176500000000004" lon="34.69471">
    <ele>690.0500000000001</ele>
   </trkpt>
   <trkpt lat="37.176390000000005" lon="34.694660000000006">
    <ele>690.0500000000001</ele>
   </trkpt>
   <trkpt lat="37.17609" lon="34.694280000000006">
    <ele>690.0500000000001</ele>
   </trkpt>
   <trkpt lat="37.17586" lon="34.693940000000005">
    <ele>690.0500000000001</ele>
   </trkpt>
   <trkpt lat="37.17555" lon="34.69335">
    <ele>690.0500000000001</ele>
   </trkpt>
   <trkpt lat="37.175470000000004" lon="34.69312">
    <ele>690.0500000000001</ele>
   </trkpt>
   <trkpt lat="37.175450000000005" lon="34.692710000000005">
    <ele>690.0500000000001</ele>
   </trkpt>
   <trkpt lat="37.17537" lon="34.692600000000006">
    <ele>690.0500000000001</ele>
   </trkpt>
   <trkpt lat="37.17528" lon="34.692620000000005">
    <ele>690.0500000000001</ele>
   </trkpt>
   <trkpt lat="37.17501" lon="34.692820000000005">
    <ele>690.0500000000001</ele>
   </trkpt>
   <trkpt lat="37.17484" lon="34.69315">
    <ele>698.4</ele>
   </trkpt>
   <trkpt lat="37.17481" lon="34.69355">
    <ele>698.4</ele>
   </trkpt>
   <trkpt lat="37.17443" lon="34.694280000000006">
    <ele>698.4</ele>
   </trkpt>
   <trkpt lat="37.17428" lon="34.694390000000006">
    <ele>698.4</ele>
   </trkpt>
   <trkpt lat="37.17421" lon="34.69447">
    <ele>698.4</ele>
   </trkpt>
   <trkpt lat="37.17421" lon="34.694570000000006">
    <ele>698.4</ele>
   </trkpt>
   <trkpt lat="37.17441" lon="34.69511">
    <ele>698.4</ele>
   </trkpt>
   <trkpt lat="37.174420000000005" lon="34.695280000000004">
    <ele>698.4</ele>
   </trkpt>
   <trkpt lat="37.174350000000004" lon="34.69548">
    <ele>698.4</ele>
   </trkpt>
   <trkpt lat="37.174130000000005" lon="34.69583">
    <ele>698.4</ele>
   </trkpt>
   <trkpt lat="37.174080000000004" lon="34.69596">
    <ele>698.4</ele>
   </trkpt>
   <trkpt lat="37.17412" lon="34.696130000000004">
    <ele>698.4</ele>
   </trkpt>
   <trkpt lat="37.174290000000006" lon="34.69644">
    <ele>708.1800000000001</ele>
   </trkpt>
   <trkpt lat="37.17436" lon="34.69652">
    <ele>708.1800000000001</ele>
   </trkpt>
   <trkpt lat="37.17445" lon="34.696720000000006">
    <ele>708.1800000000001</ele>
   </trkpt>
   <trkpt lat="37.174510000000005" lon="34.69702">
    <ele>708.1800000000001</ele>
   </trkpt>
   <trkpt lat="37.1745" lon="34.6972">
    <ele>708.1800000000001</ele>
   </trkpt>
   <trkpt lat="37.17446" lon="34.69722">
    <ele>708.1800000000001</ele>
   </trkpt>
   <trkpt lat="37.174400000000006" lon="34.697210000000005">
    <ele>708.1800000000001</ele>
   </trkpt>
   <trkpt lat="37.174" lon="34.69697">
    <ele>708.1800000000001</ele>
   </trkpt>
   <trkpt lat="37.1739" lon="34.69688">
    <ele>708.1800000000001</ele>
   </trkpt>
   <trkpt lat="37.173750000000005" lon="34.69746">
    <ele>708.1800000000001</ele>
   </trkpt>
   <trkpt lat="37.17379000226414" lon="34.69819499950749">
    <ele>708.1800000000001</ele>
   </trkpt>
   <trkpt lat="37.17383" lon="34.698930000000004">
    <ele>708.1800000000001</ele>
   </trkpt>
   <trkpt lat="37.17383" lon="34.6993">
    <ele>708.1800000000001</ele>
   </trkpt>
   <trkpt lat="37.173790000000004" lon="34.70015">
    <ele>681.82</ele>
   </trkpt>
   <trkpt lat="37.17381" lon="34.70051">
    <ele>681.82</ele>
   </trkpt>
   <trkpt lat="37.173750000000005" lon="34.700900000000004">
    <ele>681.82</ele>
   </trkpt>
   <trkpt lat="37.174060000000004" lon="34.70165">
    <ele>681.82</ele>
   </trkpt>
   <trkpt lat="37.174240000000005" lon="34.701950000000004">
    <ele>681.82</ele>
   </trkpt>
   <trkpt lat="37.17441" lon="34.702630000000006">
    <ele>669.85</ele>
   </trkpt>
   <trkpt lat="37.17452" lon="34.70286">
    <ele>669.85</ele>
   </trkpt>
   <trkpt lat="37.17472" lon="34.702980000000004">
    <ele>669.85</ele>
   </trkpt>
   <trkpt lat="37.17479" lon="34.70309">
    <ele>669.85</ele>
   </trkpt>
   <trkpt lat="37.17474" lon="34.703120000000006">
    <ele>669.85</ele>
   </trkpt>
   <trkpt lat="37.17434" lon="34.70311">
    <ele>669.85</ele>
   </trkpt>
   <trkpt lat="37.174240000000005" lon="34.70306">
    <ele>669.85</ele>
   </trkpt>
   <trkpt lat="37.174060000000004" lon="34.702890000000004">
    <ele>669.85</ele>
   </trkpt>
   <trkpt lat="37.17398" lon="34.70279">
    <ele>669.85</ele>
   </trkpt>
   <trkpt lat="37.17372" lon="34.70228">
    <ele>669.85</ele>
   </trkpt>
   <trkpt lat="37.17372" lon="34.70223">
    <ele>669.85</ele>
   </trkpt>
   <trkpt lat="37.17363" lon="34.702110000000005">
    <ele>669.85</ele>
   </trkpt>
   <trkpt lat="37.17331" lon="34.70176">
    <ele>669.85</ele>
   </trkpt>
   <trkpt lat="37.17287" lon="34.7015">
    <ele>638.17</ele>
   </trkpt>
   <trkpt lat="37.1726" lon="34.701280000000004">
    <ele>638.17</ele>
   </trkpt>
   <trkpt lat="37.17215" lon="34.70082">
    <ele>638.17</ele>
   </trkpt>
   <trkpt lat="37.17201" lon="34.70058">
    <ele>638.17</ele>
   </trkpt>
   <trkpt lat="37.17195" lon="34.70033">
    <ele>638.17</ele>
   </trkpt>
   <trkpt lat="37.17188" lon="34.69988">
    <ele>638.17</ele>
   </trkpt>
   <trkpt lat="37.17177" lon="34.69964">
    <ele>638.17</ele>
   </trkpt>
   <trkpt lat="37.171760000000006" lon="34.699650000000005">
    <ele>638.17</ele>
   </trkpt>
   <trkpt lat="37.171760000000006" lon="34.69964">
    <ele>638.17</ele>
   </trkpt>
   <trkpt lat="37.171730000000004" lon="34.6997">
    <ele>638.17</ele>
   </trkpt>
   <trkpt lat="37.171580000000006" lon="34.700250000000004">
    <ele>638.17</ele>
   </trkpt>
   <trkpt lat="37.17152" lon="34.70084">
    <ele>638.17</ele>
   </trkpt>
   <trkpt lat="37.17141" lon="34.701190000000004">
    <ele>638.17</ele>
   </trkpt>
   <trkpt lat="37.17139" lon="34.70131">
    <ele>638.17</ele>
   </trkpt>
   <trkpt lat="37.171420000000005" lon="34.701460000000004">
    <ele>638.17</ele>
   </trkpt>
   <trkpt lat="37.17154" lon="34.701820000000005">
    <ele>638.17</ele>
   </trkpt>
   <trkpt lat="37.17152" lon="34.702540000000006">
    <ele>607.46</ele>
   </trkpt>
   <trkpt lat="37.17156" lon="34.70297">
    <ele>607.46</ele>
   </trkpt>
   <trkpt lat="37.17155" lon="34.70306">
    <ele>607.46</ele>
   </trkpt>
   <trkpt lat="37.17152" lon="34.70315">
    <ele>607.46</ele>
   </trkpt>
   <trkpt lat="37.171420000000005" lon="34.70327">
    <ele>607.46</ele>
   </trkpt>
   <trkpt lat="37.17112" lon="34.70344">
    <ele>607.46</ele>
   </trkpt>
   <trkpt lat="37.170930000000006" lon="34.703680000000006">
    <ele>607.46</ele>
   </trkpt>
   <trkpt lat="37.17067" lon="34.704060000000005">
    <ele>607.46</ele>
   </trkpt>
   <trkpt lat="37.17062" lon="34.70416">
    <ele>607.46</ele>
   </trkpt>
   <trkpt lat="37.17056" lon="34.70434">
    <ele>607.46</ele>
   </trkpt>
   <trkpt lat="37.17038" lon="34.70425">
    <ele>620.0100000000001</ele>
   </trkpt>
   <trkpt lat="37.170320000000004" lon="34.70411">
    <ele>624.72</ele>
   </trkpt>
   <trkpt lat="37.170100000000005" lon="34.703660000000006">
    <ele>641.22</ele>
   </trkpt>
   <trkpt lat="37.17013" lon="34.7034">
    <ele>646.6400000000001</ele>
   </trkpt>
   <trkpt lat="37.170030000000004" lon="34.70342">
    <ele>650.6400000000001</ele>
   </trkpt>
   <trkpt lat="37.169850000000004" lon="34.7036">
    <ele>656.59</ele>
   </trkpt>
   <trkpt lat="37.16971" lon="34.70378">
    <ele>664.2800000000001</ele>
   </trkpt>
   <trkpt lat="37.169650000000004" lon="34.70389">
    <ele>664.6200000000001</ele>
   </trkpt>
   <trkpt lat="37.169610000000006" lon="34.70405">
    <ele>666.8000000000001</ele>
   </trkpt>
   <trkpt lat="37.16951" lon="34.70429">
    <ele>671.0500000000001</ele>
   </trkpt>
   <trkpt lat="37.169470000000004" lon="34.70445">
    <ele>672.4300000000001</ele>
   </trkpt>
   <trkpt lat="37.16949" lon="34.704570000000004">
    <ele>670.0200000000001</ele>
   </trkpt>
   <trkpt lat="37.16953" lon="34.70469">
    <ele>667.88</ele>
   </trkpt>
   <trkpt lat="37.169430000000006" lon="34.704950000000004">
    <ele>675.6200000000001</ele>
   </trkpt>
   <trkpt lat="37.16937" lon="34.70521">
    <ele>680.7700000000001</ele>
   </trkpt>
   <trkpt lat="37.16903000000001" lon="34.705760000000005">
    <ele>700.2600000000001</ele>
   </trkpt>
   <trkpt lat="37.16881" lon="34.7062">
    <ele>713.96</ele>
   </trkpt>
   <trkpt lat="37.168780000000005" lon="34.706320000000005">
    <ele>714.58</ele>
   </trkpt>
   <trkpt lat="37.16866" lon="34.706540000000004">
    <ele>717.94</ele>
   </trkpt>
   <trkpt lat="37.16863" lon="34.70667">
    <ele>719.6</ele>
   </trkpt>
   <trkpt lat="37.16866" lon="34.706810000000004">
    <ele>718.8500000000001</ele>
   </trkpt>
   <trkpt lat="37.168690000000005" lon="34.707100000000004">
    <ele>720.08</ele>
   </trkpt>
   <trkpt lat="37.16868" lon="34.70749">
    <ele>718.4200000000001</ele>
   </trkpt>
   <trkpt lat="37.168710000000004" lon="34.707890000000006">
    <ele>714.99</ele>
   </trkpt>
   <trkpt lat="37.168600000000005" lon="34.707910000000005">
    <ele>719.3900000000001</ele>
   </trkpt>
   <trkpt lat="37.16856000000001" lon="34.70765">
    <ele>721.62</ele>
   </trkpt>
   <trkpt lat="37.1685" lon="34.70754">
    <ele>724.84</ele>
   </trkpt>
   <trkpt lat="37.16848" lon="34.707420000000006">
    <ele>726.8000000000001</ele>
   </trkpt>
   <trkpt lat="37.16841" lon="34.70732">
    <ele>729.7900000000001</ele>
   </trkpt>
   <trkpt lat="37.168380000000006" lon="34.70718">
    <ele>731.7800000000001</ele>
   </trkpt>
   <trkpt lat="37.168150000000004" lon="34.706680000000006">
    <ele>739.5500000000001</ele>
   </trkpt>
   <trkpt lat="37.16812" lon="34.70653">
    <ele>741.01</ele>
   </trkpt>
   <trkpt lat="37.1681" lon="34.70638">
    <ele>742.95</ele>
   </trkpt>
   <trkpt lat="37.168110000000006" lon="34.7058">
    <ele>743.1600000000001</ele>
   </trkpt>
   <trkpt lat="37.16809000000001" lon="34.70543">
    <ele>743.7600000000001</ele>
   </trkpt>
   <trkpt lat="37.1681" lon="34.705270000000006">
    <ele>743.85</ele>
   </trkpt>
   <trkpt lat="37.16808" lon="34.70512">
    <ele>743.85</ele>
   </trkpt>
   <trkpt lat="37.16808" lon="34.704950000000004">
    <ele>744.3100000000001</ele>
   </trkpt>
   <trkpt lat="37.168040000000005" lon="34.70463">
    <ele>749.0500000000001</ele>
   </trkpt>
   <trkpt lat="37.16803" lon="34.70418">
    <ele>749.09</ele>
   </trkpt>
   <trkpt lat="37.168000000000006" lon="34.70367">
    <ele>750.2200000000001</ele>
   </trkpt>
   <trkpt lat="37.167930000000005" lon="34.7034">
    <ele>751.32</ele>
   </trkpt>
   <trkpt lat="37.16789" lon="34.70328">
    <ele>752.3000000000001</ele>
   </trkpt>
   <trkpt lat="37.167880000000004" lon="34.70315">
    <ele>751.44</ele>
   </trkpt>
   <trkpt lat="37.16792" lon="34.702980000000004">
    <ele>748.71</ele>
   </trkpt>
   <trkpt lat="37.167790000000004" lon="34.703050000000005">
    <ele>755.51</ele>
   </trkpt>
   <trkpt lat="37.16772" lon="34.703450000000004">
    <ele>761.9300000000001</ele>
   </trkpt>
   <trkpt lat="37.167730000000006" lon="34.703590000000005">
    <ele>762.9200000000001</ele>
   </trkpt>
   <trkpt lat="37.16771" lon="34.70373">
    <ele>763.75</ele>
   </trkpt>
   <trkpt lat="37.167730000000006" lon="34.703880000000005">
    <ele>764.39</ele>
   </trkpt>
   <trkpt lat="37.16769" lon="34.704170000000005">
    <ele>766.63</ele>
   </trkpt>
   <trkpt lat="37.16771" lon="34.70458">
    <ele>765.21</ele>
   </trkpt>
   <trkpt lat="37.16765" lon="34.704860000000004">
    <ele>768.4200000000001</ele>
   </trkpt>
   <trkpt lat="37.167570000000005" lon="34.70514">
    <ele>771.72</ele>
   </trkpt>
   <trkpt lat="37.167550000000006" lon="34.70526">
    <ele>773.4300000000001</ele>
   </trkpt>
   <trkpt lat="37.16752" lon="34.70539">
    <ele>775.0400000000001</ele>
   </trkpt>
   <trkpt lat="37.16751" lon="34.70552">
    <ele>774.58</ele>
   </trkpt>
   <trkpt lat="37.167460000000005" lon="34.70564">
    <ele>775.8900000000001</ele>
   </trkpt>
   <trkpt lat="37.16743" lon="34.705920000000006">
    <ele>776.8100000000001</ele>
   </trkpt>
   <trkpt lat="37.16736" lon="34.706070000000004">
    <ele>779.19</ele>
   </trkpt>
   <trkpt lat="37.16733" lon="34.70622">
    <ele>779.2</ele>
   </trkpt>
   <trkpt lat="37.167280000000005" lon="34.70635">
    <ele>780.3500000000001</ele>
   </trkpt>
   <trkpt lat="37.16722" lon="34.706630000000004">
    <ele>776.85</ele>
   </trkpt>
   <trkpt lat="37.1672" lon="34.70714">
    <ele>770.0300000000001</ele>
   </trkpt>
   <trkpt lat="37.16716" lon="34.707370000000004">
    <ele>767.8000000000001</ele>
   </trkpt>
   <trkpt lat="37.16709" lon="34.707300000000004">
    <ele>770.4300000000001</ele>
   </trkpt>
   <trkpt lat="37.167100000000005" lon="34.70718">
    <ele>771.83</ele>
   </trkpt>
   <trkpt lat="37.167080000000006" lon="34.707040000000006">
    <ele>775.9200000000001</ele>
   </trkpt>
   <trkpt lat="37.167010000000005" lon="34.70673">
    <ele>784.21</ele>
   </trkpt>
   <trkpt lat="37.167" lon="34.706410000000005">
    <ele>790.7900000000001</ele>
   </trkpt>
   <trkpt lat="37.16698" lon="34.70627">
    <ele>795.9100000000001</ele>
   </trkpt>
   <trkpt lat="37.16698" lon="34.70597">
    <ele>800.82</ele>
   </trkpt>
   <trkpt lat="37.16695" lon="34.70584">
    <ele>803.7900000000001</ele>
   </trkpt>
   <trkpt lat="37.16693" lon="34.705690000000004">
    <ele>805.0</ele>
   </trkpt>
   <trkpt lat="37.16696" lon="34.70539">
    <ele>804.34</ele>
   </trkpt>
   <trkpt lat="37.166830000000004" lon="34.70468">
    <ele>814.4100000000001</ele>
   </trkpt>
   <trkpt lat="37.166740000000004" lon="34.70441">
    <ele>819.35</ele>
   </trkpt>
   <trkpt lat="37.16673" lon="34.704260000000005">
    <ele>819.2900000000001</ele>
   </trkpt>
   <trkpt lat="37.166650000000004" lon="34.704010000000004">
    <ele>823.25</ele>
   </trkpt>
   <trkpt lat="37.166650000000004" lon="34.70387">
    <ele>823.4200000000001</ele>
   </trkpt>
   <trkpt lat="37.16662" lon="34.703700000000005">
    <ele>825.32</ele>
   </trkpt>
   <trkpt lat="37.16657" lon="34.70356">
    <ele>828.4200000000001</ele>
   </trkpt>
   <trkpt lat="37.16657" lon="34.703410000000005">
    <ele>827.52</ele>
   </trkpt>
   <trkpt lat="37.16653" lon="34.70329">
    <ele>828.4800000000001</ele>
   </trkpt>
   <trkpt lat="37.16651" lon="34.702850000000005">
    <ele>827.0400000000001</ele>
   </trkpt>
   <trkpt lat="37.166520000000006" lon="34.70255">
    <ele>827.4300000000001</ele>
   </trkpt>
   <trkpt lat="37.16646" lon="34.70217">
    <ele>832.9399999999999</ele>
   </trkpt>
   <trkpt lat="37.166470000000004" lon="34.70201">
    <ele>833.2700000000001</ele>
   </trkpt>
   <trkpt lat="37.166790000000006" lon="34.70141">
    <ele>824.22</ele>
   </trkpt>
   <trkpt lat="37.166920000000005" lon="34.70102">
    <ele>822.4100000000001</ele>
   </trkpt>
   <trkpt lat="37.166990000000006" lon="34.70073">
    <ele>823.69</ele>
   </trkpt>
   <trkpt lat="37.16698" lon="34.7006">
    <ele>825.6800000000001</ele>
   </trkpt>
   <trkpt lat="37.167" lon="34.70046">
    <ele>827.58</ele>
   </trkpt>
   <trkpt lat="37.166970000000006" lon="34.70018">
    <ele>830.76</ele>
   </trkpt>
   <trkpt lat="37.16686" lon="34.699760000000005">
    <ele>853.01</ele>
   </trkpt>
   <trkpt lat="37.166810000000005" lon="34.69966">
    <ele>858.4</ele>
   </trkpt>
   <trkpt lat="37.16677" lon="34.69981">
    <ele>859.7300000000001</ele>
   </trkpt>
   <trkpt lat="37.166790000000006" lon="34.69995">
    <ele>853.9200000000001</ele>
   </trkpt>
   <trkpt lat="37.1668" lon="34.700230000000005">
    <ele>847.3100000000001</ele>
   </trkpt>
   <trkpt lat="37.166650000000004" lon="34.70065">
    <ele>852.4</ele>
   </trkpt>
   <trkpt lat="37.1666" lon="34.70076">
    <ele>855.57</ele>
   </trkpt>
   <trkpt lat="37.16651" lon="34.700860000000006">
    <ele>858.83</ele>
   </trkpt>
   <trkpt lat="37.16646" lon="34.70098">
    <ele>860.26</ele>
   </trkpt>
   <trkpt lat="37.166270000000004" lon="34.701190000000004">
    <ele>866.84</ele>
   </trkpt>
   <trkpt lat="37.166140000000006" lon="34.70141">
    <ele>868.5100000000001</ele>
   </trkpt>
   <trkpt lat="37.16599" lon="34.701620000000005">
    <ele>870.1800000000001</ele>
   </trkpt>
   <trkpt lat="37.16586" lon="34.70186">
    <ele>872.07</ele>
   </trkpt>
   <trkpt lat="37.16584" lon="34.70199">
    <ele>871.44</ele>
   </trkpt>
   <trkpt lat="37.165760000000006" lon="34.702270000000006">
    <ele>871.7</ele>
   </trkpt>
   <trkpt lat="37.16561" lon="34.702670000000005">
    <ele>879.71</ele>
   </trkpt>
   <trkpt lat="37.16554" lon="34.7028">
    <ele>883.83</ele>
   </trkpt>
   <trkpt lat="37.16541" lon="34.70326">
    <ele>892.21</ele>
   </trkpt>
   <trkpt lat="37.165290000000006" lon="34.70418">
    <ele>895.34</ele>
   </trkpt>
   <trkpt lat="37.165330000000004" lon="34.704440000000005">
    <ele>893.6100000000001</ele>
   </trkpt>
   <trkpt lat="37.16539" lon="34.70469">
    <ele>890.6500000000001</ele>
   </trkpt>
   <trkpt lat="37.165350000000004" lon="34.704840000000004">
    <ele>890.1000000000001</ele>
   </trkpt>
   <trkpt lat="37.165350000000004" lon="34.705000000000005">
    <ele>886.8800000000001</ele>
   </trkpt>
   <trkpt lat="37.16525" lon="34.70503">
    <ele>887.33</ele>
   </trkpt>
   <trkpt lat="37.165150000000004" lon="34.70503">
    <ele>889.2500000000001</ele>
   </trkpt>
   <trkpt lat="37.16507" lon="34.705000000000005">
    <ele>889.1700000000001</ele>
   </trkpt>
   <trkpt lat="37.16499" lon="34.704910000000005">
    <ele>891.26</ele>
   </trkpt>
   <trkpt lat="37.164930000000005" lon="34.704800000000006">
    <ele>894.3700000000001</ele>
   </trkpt>
   <trkpt lat="37.164840000000005" lon="34.70477">
    <ele>894.46</ele>
   </trkpt>
   <trkpt lat="37.16478" lon="34.70469">
    <ele>894.6</ele>
   </trkpt>
   <trkpt lat="37.16471000000001" lon="34.704330000000006">
    <ele>901.78</ele>
   </trkpt>
   <trkpt lat="37.164620000000006" lon="34.70412">
    <ele>904.84</ele>
   </trkpt>
   <trkpt lat="37.164500000000004" lon="34.70394">
    <ele>907.72</ele>
   </trkpt>
   <trkpt lat="37.16442" lon="34.70387">
    <ele>908.7700000000001</ele>
   </trkpt>
   <trkpt lat="37.164350000000006" lon="34.70376">
    <ele>908.75</ele>
   </trkpt>
   <trkpt lat="37.16425" lon="34.70373">
    <ele>908.0600000000001</ele>
   </trkpt>
   <trkpt lat="37.164100000000005" lon="34.703570000000006">
    <ele>907.6800000000001</ele>
   </trkpt>
   <trkpt lat="37.163970000000006" lon="34.70337">
    <ele>909.12</ele>
   </trkpt>
   <trkpt lat="37.16386" lon="34.70331">
    <ele>908.22</ele>
   </trkpt>
   <trkpt lat="37.16364" lon="34.70329">
    <ele>901.44</ele>
   </trkpt>
   <trkpt lat="37.16355" lon="34.703340000000004">
    <ele>896.6200000000001</ele>
   </trkpt>
   <trkpt lat="37.16346" lon="34.70337">
    <ele>893.23</ele>
   </trkpt>
   <trkpt lat="37.16335" lon="34.703340000000004">
    <ele>891.8800000000001</ele>
   </trkpt>
   <trkpt lat="37.16328" lon="34.703250000000004">
    <ele>893.75</ele>
   </trkpt>
   <trkpt lat="37.163180000000004" lon="34.70319">
    <ele>894.12</ele>
   </trkpt>
   <trkpt lat="37.163090000000004" lon="34.70319">
    <ele>895.3700000000001</ele>
   </trkpt>
   <trkpt lat="37.16261" lon="34.70344">
    <ele>886.33</ele>
   </trkpt>
   <trkpt lat="37.16263" lon="34.70402">
    <ele>864.32</ele>
   </trkpt>
   <trkpt lat="37.16203" lon="34.70434">
    <ele>859.08</ele>
   </trkpt>
   <trkpt lat="37.16178" lon="34.70438">
    <ele>860.25</ele>
   </trkpt>
   <trkpt lat="37.16142" lon="34.704730000000005">
    <ele>856.2</ele>
   </trkpt>
   <trkpt lat="37.16100000413742" lon="34.70572500557975">
    <ele>835.5</ele>
   </trkpt>
   <trkpt lat="37.16058" lon="34.706720000000004">
    <ele>821.35</ele>
   </trkpt>
   <trkpt lat="37.16029" lon="34.70691">
    <ele>827.64</ele>
   </trkpt>
   <trkpt lat="37.16017" lon="34.70712">
    <ele>827.9900000000001</ele>
   </trkpt>
   <trkpt lat="37.16039" lon="34.70738">
    <ele>814.6000000000001</ele>
   </trkpt>
   <trkpt lat="37.16058" lon="34.708000000000006">
    <ele>803.9300000000001</ele>
   </trkpt>
   <trkpt lat="37.160650000000004" lon="34.70835">
    <ele>798.6</ele>
   </trkpt>
   <trkpt lat="37.160560000000004" lon="34.70918">
    <ele>789.3000000000001</ele>
   </trkpt>
   <trkpt lat="37.160180000000004" lon="34.709920000000004">
    <ele>785.82</ele>
   </trkpt>
   <trkpt lat="37.159960000000005" lon="34.710460000000005">
    <ele>784.39</ele>
   </trkpt>
   <trkpt lat="37.159890000000004" lon="34.71078">
    <ele>780.3100000000001</ele>
   </trkpt>
   <trkpt lat="37.15981" lon="34.71107">
    <ele>774.6700000000001</ele>
   </trkpt>
   <trkpt lat="37.159510000000004" lon="34.71137">
    <ele>779.1</ele>
   </trkpt>
   <trkpt lat="37.159400000000005" lon="34.711510000000004">
    <ele>779.85</ele>
   </trkpt>
   <trkpt lat="37.1595" lon="34.71146">
    <ele>775.58</ele>
   </trkpt>
   <trkpt lat="37.159620000000004" lon="34.711450000000006">
    <ele>770.1300000000001</ele>
   </trkpt>
   <trkpt lat="37.15981" lon="34.71132">
    <ele>765.5200000000001</ele>
   </trkpt>
   <trkpt lat="37.159940000000006" lon="34.71117">
    <ele>764.32</ele>
   </trkpt>
   <trkpt lat="37.160050000000005" lon="34.71103">
    <ele>765.97</ele>
   </trkpt>
   <trkpt lat="37.16017" lon="34.710800000000006">
    <ele>768.02</ele>
   </trkpt>
   <trkpt lat="37.160410000000006" lon="34.71061">
    <ele>766.6500000000001</ele>
   </trkpt>
   <trkpt lat="37.1608" lon="34.7106">
    <ele>756.08</ele>
   </trkpt>
   <trkpt lat="37.161210000000004" lon="34.710660000000004">
    <ele>741.82</ele>
   </trkpt>
   <trkpt lat="37.16149" lon="34.710660000000004">
    <ele>733.3000000000001</ele>
   </trkpt>
   <trkpt lat="37.16171000000001" lon="34.710570000000004">
    <ele>729.4100000000001</ele>
   </trkpt>
   <trkpt lat="37.16179" lon="34.71036">
    <ele>733.83</ele>
   </trkpt>
   <trkpt lat="37.1621" lon="34.70984">
    <ele>744.35</ele>
   </trkpt>
   <trkpt lat="37.16237" lon="34.7098">
    <ele>739.71</ele>
   </trkpt>
   <trkpt lat="37.162420000000004" lon="34.71025">
    <ele>722.9100000000001</ele>
   </trkpt>
   <trkpt lat="37.162380000000006" lon="34.71078">
    <ele>719.2900000000001</ele>
   </trkpt>
   <trkpt lat="37.16232" lon="34.71096">
    <ele>716.0300000000001</ele>
   </trkpt>
   <trkpt lat="37.162310000000005" lon="34.710980000000006">
    <ele>716.0300000000001</ele>
   </trkpt>
   <trkpt lat="37.161750000000005" lon="34.711670000000005">
    <ele>702.03</ele>
   </trkpt>
   <trkpt lat="37.16142" lon="34.711850000000005">
    <ele>699.67</ele>
   </trkpt>
   <trkpt lat="37.16127" lon="34.71195">
    <ele>696.9300000000001</ele>
   </trkpt>
   <trkpt lat="37.160830000000004" lon="34.71264">
    <ele>690.12</ele>
   </trkpt>
   <trkpt lat="37.160320000000006" lon="34.71313">
    <ele>684.46</ele>
   </trkpt>
   <trkpt lat="37.15963000145095" lon="34.7137250054622">
    <ele>687.82</ele>
   </trkpt>
   <trkpt lat="37.15894" lon="34.71432">
    <ele>689.6800000000001</ele>
   </trkpt>
   <trkpt lat="37.158910000000006" lon="34.71439">
    <ele>689.69</ele>
   </trkpt>
   <trkpt lat="37.15889" lon="34.7145">
    <ele>689.73</ele>
   </trkpt>
   <trkpt lat="37.15887" lon="34.715030000000006">
    <ele>688.64</ele>
   </trkpt>
   <trkpt lat="37.158820000000006" lon="34.71519">
    <ele>687.57</ele>
   </trkpt>
   <trkpt lat="37.158730000000006" lon="34.715320000000006">
    <ele>686.19</ele>
   </trkpt>
   <trkpt lat="37.158550000000005" lon="34.71549">
    <ele>684.1100000000001</ele>
   </trkpt>
   <trkpt lat="37.15813" lon="34.715790000000005">
    <ele>677.76</ele>
   </trkpt>
   <trkpt lat="37.15787" lon="34.71607">
    <ele>676.8000000000001</ele>
   </trkpt>
   <trkpt lat="37.15762" lon="34.716240000000006">
    <ele>675.7700000000001</ele>
   </trkpt>
   <trkpt lat="37.15704" lon="34.71674">
    <ele>670.49</ele>
   </trkpt>
   <trkpt lat="37.15713" lon="34.71678">
    <ele>669.12</ele>
   </trkpt>
   <trkpt lat="37.1574" lon="34.71679">
    <ele>665.0600000000001</ele>
   </trkpt>
   <trkpt lat="37.15742" lon="34.716750000000005">
    <ele>665.0600000000001</ele>
   </trkpt>
   <trkpt lat="37.15766" lon="34.71661">
    <ele>658.5500000000001</ele>
   </trkpt>
   <trkpt lat="37.15823" lon="34.7164">
    <ele>650.0300000000001</ele>
   </trkpt>
   <trkpt lat="37.15834" lon="34.71638">
    <ele>647.9100000000001</ele>
   </trkpt>
   <trkpt lat="37.15856" lon="34.71638">
    <ele>644.48</ele>
   </trkpt>
   <trkpt lat="37.15869" lon="34.716350000000006">
    <ele>643.38</ele>
   </trkpt>
   <trkpt lat="37.15907" lon="34.716100000000004">
    <ele>640.3100000000001</ele>
   </trkpt>
   <trkpt lat="37.15927000000001" lon="34.71587">
    <ele>636.95</ele>
   </trkpt>
   <trkpt lat="37.1595" lon="34.71575">
    <ele>634.94</ele>
   </trkpt>
   <trkpt lat="37.15966" lon="34.71553">
    <ele>633.7100000000002</ele>
   </trkpt>
   <trkpt lat="37.159710000000004" lon="34.71549">
    <ele>633.59</ele>
   </trkpt>
   <trkpt lat="37.159850000000006" lon="34.715450000000004">
    <ele>633.34</ele>
   </trkpt>
   <trkpt lat="37.16002" lon="34.715450000000004">
    <ele>632.56</ele>
   </trkpt>
   <trkpt lat="37.160320000000006" lon="34.715340000000005">
    <ele>629.5200000000001</ele>
   </trkpt>
   <trkpt lat="37.160940000000004" lon="34.71506">
    <ele>628.2700000000001</ele>
   </trkpt>
   <trkpt lat="37.161190000000005" lon="34.71497">
    <ele>624.41</ele>
   </trkpt>
   <trkpt lat="37.16147" lon="34.71477">
    <ele>623.2700000000001</ele>
   </trkpt>
   <trkpt lat="37.16156" lon="34.714760000000005">
    <ele>623.23</ele>
   </trkpt>
   <trkpt lat="37.16194" lon="34.71484">
    <ele>622.0</ele>
   </trkpt>
   <trkpt lat="37.162060000000004" lon="34.71484">
    <ele>621.3100000000001</ele>
   </trkpt>
   <trkpt lat="37.16277" lon="34.71446">
    <ele>613.82</ele>
   </trkpt>
   <trkpt lat="37.16288" lon="34.71444">
    <ele>612.33</ele>
   </trkpt>
   <trkpt lat="37.1632" lon="34.71445">
    <ele>609.09</ele>
   </trkpt>
   <trkpt lat="37.163410000000006" lon="34.714380000000006">
    <ele>605.0600000000001</ele>
   </trkpt>
   <trkpt lat="37.163470000000004" lon="34.71441">
    <ele>605.0600000000001</ele>
   </trkpt>
   <trkpt lat="37.16357" lon="34.71453">
    <ele>602.99</ele>
   </trkpt>
   <trkpt lat="37.16369" lon="34.71464">
    <ele>602.44</ele>
   </trkpt>
   <trkpt lat="37.16416" lon="34.714780000000005">
    <ele>595.59</ele>
   </trkpt>
   <trkpt lat="37.164350000000006" lon="34.714980000000004">
    <ele>591.2900000000001</ele>
   </trkpt>
   <trkpt lat="37.164410000000004" lon="34.71508">
    <ele>590.13</ele>
   </trkpt>
   <trkpt lat="37.164410000000004" lon="34.71513">
    <ele>590.13</ele>
   </trkpt>
   <trkpt lat="37.164390000000004" lon="34.71517">
    <ele>588.0200000000001</ele>
   </trkpt>
   <trkpt lat="37.16433" lon="34.715210000000006">
    <ele>588.0200000000001</ele>
   </trkpt>
   <trkpt lat="37.163790000000006" lon="34.715500000000006">
    <ele>583.62</ele>
   </trkpt>
   <trkpt lat="37.16367" lon="34.71555">
    <ele>583.1500000000001</ele>
   </trkpt>
   <trkpt lat="37.163430000000005" lon="34.715590000000006">
    <ele>581.44</ele>
   </trkpt>
   <trkpt lat="37.163270000000004" lon="34.715720000000005">
    <ele>581.21</ele>
   </trkpt>
   <trkpt lat="37.163520000000005" lon="34.716150000000006">
    <ele>573.33</ele>
   </trkpt>
   <trkpt lat="37.16351" lon="34.7167">
    <ele>562.62</ele>
   </trkpt>
   <trkpt lat="37.16337" lon="34.71717">
    <ele>552.36</ele>
   </trkpt>
   <trkpt lat="37.1636" lon="34.71759">
    <ele>541.52</ele>
   </trkpt>
   <trkpt lat="37.16398" lon="34.71786">
    <ele>531.08</ele>
   </trkpt>
   <trkpt lat="37.164260000000006" lon="34.717670000000005">
    <ele>531.33</ele>
   </trkpt>
   <trkpt lat="37.16469" lon="34.717270000000006">
    <ele>533.73</ele>
   </trkpt>
   <trkpt lat="37.164970000000004" lon="34.71703">
    <ele>531.63</ele>
   </trkpt>
   <trkpt lat="37.16518000000001" lon="34.71698">
    <ele>523.54</ele>
   </trkpt>
   <trkpt lat="37.16557" lon="34.717200000000005">
    <ele>496.54</ele>
   </trkpt>
   <trkpt lat="37.165690000000005" lon="34.717040000000004">
    <ele>489.47</ele>
   </trkpt>
   <trkpt lat="37.165530000000004" lon="34.71672">
    <ele>504.73</ele>
   </trkpt>
   <trkpt lat="37.165380000000006" lon="34.71623">
    <ele>517.0100000000001</ele>
   </trkpt>
   <trkpt lat="37.1653" lon="34.71585">
    <ele>525.2800000000001</ele>
   </trkpt>
   <trkpt lat="37.16528" lon="34.71558">
    <ele>526.02</ele>
   </trkpt>
   <trkpt lat="37.16536" lon="34.71528">
    <ele>521.22</ele>
   </trkpt>
   <trkpt lat="37.16536" lon="34.714650000000006">
    <ele>533.72</ele>
   </trkpt>
   <trkpt lat="37.16545" lon="34.7143">
    <ele>539.0</ele>
   </trkpt>
   <trkpt lat="37.16566" lon="34.71396">
    <ele>542.66</ele>
   </trkpt>
   <trkpt lat="37.16586" lon="34.713570000000004">
    <ele>546.36</ele>
   </trkpt>
   <trkpt lat="37.165960000000005" lon="34.713300000000004">
    <ele>551.3800000000001</ele>
   </trkpt>
   <trkpt lat="37.16604" lon="34.71273">
    <ele>572.45</ele>
   </trkpt>
   <trkpt lat="37.166050000000006" lon="34.71244">
    <ele>579.1400000000001</ele>
   </trkpt>
   <trkpt lat="37.166160000000005" lon="34.71231">
    <ele>580.7500000000001</ele>
   </trkpt>
   <trkpt lat="37.166610000000006" lon="34.71229">
    <ele>585.71</ele>
   </trkpt>
   <trkpt lat="37.166830000000004" lon="34.71238">
    <ele>576.0</ele>
   </trkpt>
   <trkpt lat="37.16714" lon="34.712450000000004">
    <ele>577.4</ele>
   </trkpt>
   <trkpt lat="37.16747" lon="34.71273">
    <ele>563.34</ele>
   </trkpt>
   <trkpt lat="37.167640000000006" lon="34.713010000000004">
    <ele>551.44</ele>
   </trkpt>
   <trkpt lat="37.1677" lon="34.71332">
    <ele>534.2300000000001</ele>
   </trkpt>
   <trkpt lat="37.167570000000005" lon="34.713080000000005">
    <ele>542.97</ele>
   </trkpt>
   <trkpt lat="37.16736" lon="34.71291">
    <ele>547.4100000000001</ele>
   </trkpt>
   <trkpt lat="37.16707" lon="34.712900000000005">
    <ele>539.58</ele>
   </trkpt>
   <trkpt lat="37.16668" lon="34.712830000000004">
    <ele>544.5300000000001</ele>
   </trkpt>
   <trkpt lat="37.16658" lon="34.712830000000004">
    <ele>546.49</ele>
   </trkpt>
   <trkpt lat="37.166410000000006" lon="34.7136">
    <ele>513.0100000000001</ele>
   </trkpt>
   <trkpt lat="37.166720000000005" lon="34.71318">
    <ele>523.23</ele>
   </trkpt>
   <trkpt lat="37.16691" lon="34.713420000000006">
    <ele>509.4700000000001</ele>
   </trkpt>
   <trkpt lat="37.16715000000001" lon="34.71396">
    <ele>493.11</ele>
   </trkpt>
   <trkpt lat="37.166830000000004" lon="34.71419">
    <ele>484.65000000000003</ele>
   </trkpt>
   <trkpt lat="37.16668" lon="34.71434">
    <ele>481.47</ele>
   </trkpt>
   <trkpt lat="37.16673" lon="34.71466">
    <ele>471.71000000000004</ele>
   </trkpt>
   <trkpt lat="37.16684" lon="34.714960000000005">
    <ele>464.35</ele>
   </trkpt>
   <trkpt lat="37.16648" lon="34.715340000000005">
    <ele>456.72</ele>
   </trkpt>
   <trkpt lat="37.166230000000006" lon="34.71549">
    <ele>460.19000000000005</ele>
   </trkpt>
   <trkpt lat="37.166070000000005" lon="34.71578">
    <ele>463.34000000000003</ele>
   </trkpt>
   <trkpt lat="37.16619" lon="34.71631">
    <ele>458.93000000000006</ele>
   </trkpt>
   <trkpt lat="37.16657" lon="34.716710000000006">
    <ele>444.27000000000004</ele>
   </trkpt>
   <trkpt lat="37.16653" lon="34.71719">
    <ele>445.05000000000007</ele>
   </trkpt>
   <trkpt lat="37.166540000000005" lon="34.717470000000006">
    <ele>444.8</ele>
   </trkpt>
   <trkpt lat="37.166500000000006" lon="34.71763">
    <ele>446.74</ele>
   </trkpt>
   <trkpt lat="37.166000000000004" lon="34.717870000000005">
    <ele>463.76000000000005</ele>
   </trkpt>
   <trkpt lat="37.165690000000005" lon="34.71804">
    <ele>474.80000000000007</ele>
   </trkpt>
   <trkpt lat="37.16519" lon="34.717890000000004">
    <ele>499.68000000000006</ele>
   </trkpt>
   <trkpt lat="37.16487" lon="34.717940000000006">
    <ele>508.09000000000003</ele>
   </trkpt>
   <trkpt lat="37.16471000000001" lon="34.718300000000006">
    <ele>501.02000000000004</ele>
   </trkpt>
   <trkpt lat="37.164880000000004" lon="34.718650000000004">
    <ele>485.89000000000004</ele>
   </trkpt>
   <trkpt lat="37.16467" lon="34.71905">
    <ele>477.63000000000005</ele>
   </trkpt>
   <trkpt lat="37.164410000000004" lon="34.719390000000004">
    <ele>469.80000000000007</ele>
   </trkpt>
   <trkpt lat="37.16438" lon="34.71951">
    <ele>465.38</ele>
   </trkpt>
   <trkpt lat="37.16368000000001" lon="34.720200000000006">
    <ele>448.3</ele>
   </trkpt>
   <trkpt lat="37.163920000000005" lon="34.720490000000005">
    <ele>439.66</ele>
   </trkpt>
   <trkpt lat="37.16414" lon="34.720400000000005">
    <ele>439.87</ele>
   </trkpt>
   <trkpt lat="37.164530000000006" lon="34.720290000000006">
    <ele>441.08000000000004</ele>
   </trkpt>
   <trkpt lat="37.164970000000004" lon="34.72014">
    <ele>440.34</ele>
   </trkpt>
   <trkpt lat="37.165560000000006" lon="34.72012">
    <ele>436.05</ele>
   </trkpt>
   <trkpt lat="37.165620000000004" lon="34.72025">
    <ele>435.32000000000005</ele>
   </trkpt>
   <trkpt lat="37.165140000283834" lon="34.72037000070628">
    <ele>437.96</ele>
   </trkpt>
   <trkpt lat="37.164660000000005" lon="34.720490000000005">
    <ele>437.96</ele>
   </trkpt>
   <trkpt lat="37.16433" lon="34.720870000000005">
    <ele>436.79</ele>
   </trkpt>
   <trkpt lat="37.16395" lon="34.721210000000006">
    <ele>439.18</ele>
   </trkpt>
   <trkpt lat="37.163450000000005" lon="34.72126">
    <ele>439.83000000000004</ele>
   </trkpt>
   <trkpt lat="37.1629" lon="34.721410000000006">
    <ele>439.65000000000003</ele>
   </trkpt>
   <trkpt lat="37.16223" lon="34.72167">
    <ele>436.72</ele>
   </trkpt>
   <trkpt lat="37.16176" lon="34.722100000000005">
    <ele>433.91</ele>
   </trkpt>
   <trkpt lat="37.161350000000006" lon="34.72252">
    <ele>429.95000000000005</ele>
   </trkpt>
   <trkpt lat="37.160900000000005" lon="34.722730000000006">
    <ele>431.83000000000004</ele>
   </trkpt>
   <trkpt lat="37.160700000000006" lon="34.72294">
    <ele>431.83000000000004</ele>
   </trkpt>
   <trkpt lat="37.16046" lon="34.72325">
    <ele>432.28000000000003</ele>
   </trkpt>
   <trkpt lat="37.16033" lon="34.72375">
    <ele>431.56000000000006</ele>
   </trkpt>
   <trkpt lat="37.16044" lon="34.724250000000005">
    <ele>429.25</ele>
   </trkpt>
   <trkpt lat="37.160040001080326" lon="34.72474000250501">
    <ele>432.86</ele>
   </trkpt>
   <trkpt lat="37.15964" lon="34.72523">
    <ele>432.86</ele>
   </trkpt>
   <trkpt lat="37.15957" lon="34.72547">
    <ele>431.89000000000004</ele>
   </trkpt>
   <trkpt lat="37.159290000000006" lon="34.72605">
    <ele>430.67</ele>
   </trkpt>
   <trkpt lat="37.15923" lon="34.72643">
    <ele>428.93</ele>
   </trkpt>
   <trkpt lat="37.159000000000006" lon="34.72702">
    <ele>432.40000000000003</ele>
   </trkpt>
   <trkpt lat="37.158640000000005" lon="34.72713">
    <ele>432.83000000000004</ele>
   </trkpt>
   <trkpt lat="37.15804" lon="34.727160000000005">
    <ele>437.8</ele>
   </trkpt>
   <trkpt lat="37.15749" lon="34.72726">
    <ele>440.02000000000004</ele>
   </trkpt>
   <trkpt lat="37.156850000000006" lon="34.727160000000005">
    <ele>447.45</ele>
   </trkpt>
   <trkpt lat="37.156650000000006" lon="34.72699">
    <ele>452.78000000000003</ele>
   </trkpt>
   <trkpt lat="37.15598" lon="34.726850000000006">
    <ele>456.96000000000004</ele>
   </trkpt>
   <trkpt lat="37.155800000000006" lon="34.726560000000006">
    <ele>464.37000000000006</ele>
   </trkpt>
   <trkpt lat="37.15572" lon="34.72665">
    <ele>426.92</ele>
   </trkpt>
   <trkpt lat="37.15536" lon="34.72673">
    <ele>424.21000000000004</ele>
   </trkpt>
   <trkpt lat="37.15469" lon="34.72684">
    <ele>423.14</ele>
   </trkpt>
   <trkpt lat="37.154250000000005" lon="34.726980000000005">
    <ele>422.07000000000005</ele>
   </trkpt>
   <trkpt lat="37.15363" lon="34.72744">
    <ele>419.13000000000005</ele>
   </trkpt>
   <trkpt lat="37.1529" lon="34.72795">
    <ele>426.1</ele>
   </trkpt>
   <trkpt lat="37.15278" lon="34.727880000000006">
    <ele>429.66</ele>
   </trkpt>
   <trkpt lat="37.152640000000005" lon="34.72753">
    <ele>432.46</ele>
   </trkpt>
   <trkpt lat="37.15252" lon="34.72757">
    <ele>432.20000000000005</ele>
   </trkpt>
   <trkpt lat="37.15249" lon="34.727610000000006">
    <ele>432.06000000000006</ele>
   </trkpt>
   <trkpt lat="37.152530000000006" lon="34.72789">
    <ele>430.40000000000003</ele>
   </trkpt>
   <trkpt lat="37.15251000000001" lon="34.72834">
    <ele>429.51000000000005</ele>
   </trkpt>
   <trkpt lat="37.15247" lon="34.728550000000006">
    <ele>430.45000000000005</ele>
   </trkpt>
   <trkpt lat="37.1524" lon="34.72869">
    <ele>432.08</ele>
   </trkpt>
   <trkpt lat="37.15169" lon="34.72917">
    <ele>433.84000000000003</ele>
   </trkpt>
   <trkpt lat="37.150870000000005" lon="34.72932">
    <ele>430.05</ele>
   </trkpt>
   <trkpt lat="37.150420000000004" lon="34.729580000000006">
    <ele>430.54</ele>
   </trkpt>
   <trkpt lat="37.14994" lon="34.73013">
    <ele>432.98</ele>
   </trkpt>
   <trkpt lat="37.14925" lon="34.73059">
    <ele>440.93</ele>
   </trkpt>
   <trkpt lat="37.14876" lon="34.73138">
    <ele>437.55000000000007</ele>
   </trkpt>
   <trkpt lat="37.1486" lon="34.731440000000006">
    <ele>437.76000000000005</ele>
   </trkpt>
   <trkpt lat="37.14804" lon="34.731770000000004">
    <ele>442.82000000000005</ele>
   </trkpt>
   <trkpt lat="37.147780000000004" lon="34.73218">
    <ele>447.96000000000004</ele>
   </trkpt>
   <trkpt lat="37.147690000000004" lon="34.73284">
    <ele>456.57000000000005</ele>
   </trkpt>
   <trkpt lat="37.14744" lon="34.73321">
    <ele>462.73</ele>
   </trkpt>
   <trkpt lat="37.14723" lon="34.73331">
    <ele>466.02000000000004</ele>
   </trkpt>
   <trkpt lat="37.146910000000005" lon="34.7334">
    <ele>470.0</ele>
   </trkpt>
   <trkpt lat="37.14674" lon="34.73386">
    <ele>471.58000000000004</ele>
   </trkpt>
   <trkpt lat="37.146640000000005" lon="34.734010000000005">
    <ele>473.53000000000003</ele>
   </trkpt>
   <trkpt lat="37.14674" lon="34.734100000000005">
    <ele>460.32000000000005</ele>
   </trkpt>
   <trkpt lat="37.14705" lon="34.7342">
    <ele>450.89</ele>
   </trkpt>
   <trkpt lat="37.14715" lon="34.73438">
    <ele>447.35</ele>
   </trkpt>
   <trkpt lat="37.14748" lon="34.73508">
    <ele>438.03000000000003</ele>
   </trkpt>
   <trkpt lat="37.147450000000006" lon="34.73552">
    <ele>436.39000000000004</ele>
   </trkpt>
   <trkpt lat="37.147400000000005" lon="34.73566">
    <ele>436.50000000000006</ele>
   </trkpt>
   <trkpt lat="37.14762" lon="34.735850000000006">
    <ele>432.51000000000005</ele>
   </trkpt>
   <trkpt lat="37.1477" lon="34.735980000000005">
    <ele>430.94000000000005</ele>
   </trkpt>
   <trkpt lat="37.14759" lon="34.73612">
    <ele>432.76000000000005</ele>
   </trkpt>
   <trkpt lat="37.14768" lon="34.736230000000006">
    <ele>431.37</ele>
   </trkpt>
   <trkpt lat="37.147780000000004" lon="34.7363">
    <ele>430.28000000000003</ele>
   </trkpt>
   <trkpt lat="37.14775" lon="34.73648">
    <ele>430.75</ele>
   </trkpt>
   <trkpt lat="37.147800000000004" lon="34.736850000000004">
    <ele>431.02</ele>
   </trkpt>
   <trkpt lat="37.14788" lon="34.737080000000006">
    <ele>430.62000000000006</ele>
   </trkpt>
   <trkpt lat="37.14799" lon="34.737260000000006">
    <ele>429.24</ele>
   </trkpt>
   <trkpt lat="37.148030000000006" lon="34.737730000000006">
    <ele>428.35</ele>
   </trkpt>
   <trkpt lat="37.14804" lon="34.73814">
    <ele>426.54</ele>
   </trkpt>
   <trkpt lat="37.14797" lon="34.73872">
    <ele>425.14</ele>
   </trkpt>
   <trkpt lat="37.14737" lon="34.73895">
    <ele>437.00000000000006</ele>
   </trkpt>
   <trkpt lat="37.147540000000006" lon="34.73901">
    <ele>431.65000000000003</ele>
   </trkpt>
   <trkpt lat="37.146980000000006" lon="34.73989">
    <ele>434.00000000000006</ele>
   </trkpt>
   <trkpt lat="37.14665" lon="34.74006">
    <ele>439.75</ele>
   </trkpt>
   <trkpt lat="37.146570000000004" lon="34.74038">
    <ele>435.72</ele>
   </trkpt>
   <trkpt lat="37.14643" lon="34.7406">
    <ele>434.15000000000003</ele>
   </trkpt>
   <trkpt lat="37.146190000000004" lon="34.74062">
    <ele>437.69</ele>
   </trkpt>
   <trkpt lat="37.14613000000001" lon="34.74043">
    <ele>443.64000000000004</ele>
   </trkpt>
   <trkpt lat="37.14613000000001" lon="34.740100000000005">
    <ele>450.82000000000005</ele>
   </trkpt>
   <trkpt lat="37.146060000000006" lon="34.740100000000005">
    <ele>454.58000000000004</ele>
   </trkpt>
   <trkpt lat="37.145630000000004" lon="34.7398">
    <ele>447.88000000000005</ele>
   </trkpt>
   <trkpt lat="37.14547" lon="34.739830000000005">
    <ele>446.78000000000003</ele>
   </trkpt>
   <trkpt lat="37.1454" lon="34.739940000000004">
    <ele>445.3</ele>
   </trkpt>
   <trkpt lat="37.145340000000004" lon="34.740170000000006">
    <ele>444.44000000000005</ele>
   </trkpt>
   <trkpt lat="37.145340000000004" lon="34.74058">
    <ele>439.77000000000004</ele>
   </trkpt>
   <trkpt lat="37.14529" lon="34.74085">
    <ele>438.83000000000004</ele>
   </trkpt>
   <trkpt lat="37.14515" lon="34.74139">
    <ele>434.38000000000005</ele>
   </trkpt>
   <trkpt lat="37.145140000000005" lon="34.741510000000005">
    <ele>433.59000000000003</ele>
   </trkpt>
   <trkpt lat="37.145210000000006" lon="34.741670000000006">
    <ele>432.31</ele>
   </trkpt>
   <trkpt lat="37.145430000000005" lon="34.741780000000006">
    <ele>429.68000000000006</ele>
   </trkpt>
   <trkpt lat="37.14605" lon="34.741780000000006">
    <ele>419.98</ele>
   </trkpt>
   <trkpt lat="37.14627" lon="34.74181">
    <ele>419.05</ele>
   </trkpt>
   <trkpt lat="37.146875000198946" lon="34.742049998063074">
    <ele>416.01000000000005</ele>
   </trkpt>
   <trkpt lat="37.14748" lon="34.742290000000004">
    <ele>418.87</ele>
   </trkpt>
  </trkseg>
 </trk>
</gpx>
